{
"type": "FeatureCollection",
"name": "bus_stops",
"crs": { "type": "name", "properties": { "name": "urn:ogc:def:crs:OGC:1.3:CRS84" } },
"features": [
{ "type": "Feature", "properties": { "osm_element": "relation", "osm_id": 19899074, "name": "Mebel do'koni", "name_ru": "Мебельный магазин", "highway": "bus_stop", "public_transport": "stop_position", "bus": "yes", "stop_role": "platform", "operator": null, "district_name": "Yunusabad district", "district_assignment": "within" }, "geometry": { "type": "Point", "coordinates": [ 69.2850919, 41.3670611 ] } },
{ "type": "Feature", "properties": { "osm_element": "way", "osm_id": 142019164, "name": "Toshkent vokzali", "name_ru": "Вокзал \"Ташкент\"", "highway": "bus_stop", "public_transport": "platform", "bus": null, "stop_role": "platform", "operator": null, "district_name": "Mirabad district", "district_assignment": "within" }, "geometry": { "type": "Point", "coordinates": [ 69.2841818, 41.2901632 ] } },
{ "type": "Feature", "properties": { "osm_element": "way", "osm_id": 142019167, "name": null, "name_ru": null, "highway": "bus_stop", "public_transport": "platform", "bus": null, "stop_role": "platform", "operator": null, "district_name": "Mirabad district", "district_assignment": "within" }, "geometry": { "type": "Point", "coordinates": [ 69.2842641, 41.2900863 ] } },
{ "type": "Feature", "properties": { "osm_element": "way", "osm_id": 142019168, "name": null, "name_ru": null, "highway": "bus_stop", "public_transport": "platform", "bus": null, "stop_role": "platform", "operator": null, "district_name": "Mirabad district", "district_assignment": "within" }, "geometry": { "type": "Point", "coordinates": [ 69.2843465, 41.2900094 ] } },
{ "type": "Feature", "properties": { "osm_element": "way", "osm_id": 142019170, "name": "Toshkent vokzali", "name_ru": "Вокзал \"Ташкент\"", "highway": "bus_stop", "public_transport": "platform", "bus": null, "stop_role": "platform", "operator": null, "district_name": "Mirabad district", "district_assignment": "within" }, "geometry": { "type": "Point", "coordinates": [ 69.2843053, 41.2900478 ] } },
{ "type": "Feature", "properties": { "osm_element": "way", "osm_id": 142019174, "name": "Toshkent vokzali", "name_ru": "Вокзал \"Ташкент\"", "highway": "bus_stop", "public_transport": "platform", "bus": null, "stop_role": "platform", "operator": null, "district_name": "Mirabad district", "district_assignment": "within" }, "geometry": { "type": "Point", "coordinates": [ 69.2842229, 41.2901248 ] } },
{ "type": "Feature", "properties": { "osm_element": "way", "osm_id": 143443682, "name": "Toshkent vokzali", "name_ru": "Вокзал \"Ташкент\"", "highway": "bus_stop", "public_transport": "platform", "bus": "yes", "stop_role": "platform", "operator": null, "district_name": "Mirabad district", "district_assignment": "within" }, "geometry": { "type": "Point", "coordinates": [ 69.2853307, 41.2920252 ] } },
{ "type": "Feature", "properties": { "osm_element": "way", "osm_id": 165497304, "name": null, "name_ru": null, "highway": "footway", "public_transport": "platform", "bus": "yes", "stop_role": "platform", "operator": null, "district_name": "Almazar district", "district_assignment": "within" }, "geometry": { "type": "Point", "coordinates": [ 69.2280128, 41.3503044 ] } },
{ "type": "Feature", "properties": { "osm_element": "way", "osm_id": 169221349, "name": "Авиагородок", "name_ru": "Авиагородок", "highway": "bus_stop", "public_transport": "platform", "bus": "yes", "stop_role": "platform", "operator": null, "district_name": "Sergeli district", "district_assignment": "within" }, "geometry": { "type": "Point", "coordinates": [ 69.276192, 41.2698858 ] } },
{ "type": "Feature", "properties": { "osm_element": "way", "osm_id": 176991318, "name": "Avliyo-Ota ko'chasi", "name_ru": "Улица Авлиёота", "highway": "bus_stop", "public_transport": "platform", "bus": null, "stop_role": "platform", "operator": null, "district_name": "Mirabad district", "district_assignment": "within" }, "geometry": { "type": "Point", "coordinates": [ 69.2819777, 41.288382 ] } },
{ "type": "Feature", "properties": { "osm_element": "node", "osm_id": 245256269, "name": null, "name_ru": null, "highway": "bus_stop", "public_transport": "platform", "bus": "yes", "stop_role": "platform", "operator": null, "district_name": "Yangi Toshkent Tumani", "district_assignment": "within" }, "geometry": { "type": "Point", "coordinates": [ 69.409698, 41.2535906 ] } },
{ "type": "Feature", "properties": { "osm_element": "node", "osm_id": 245511451, "name": null, "name_ru": null, "highway": "bus_stop", "public_transport": "stop_position", "bus": "yes", "stop_role": "platform", "operator": null, "district_name": "Mirzo Ulugbek district", "district_assignment": "within" }, "geometry": { "type": "Point", "coordinates": [ 69.3141701, 41.3273136 ] } },
{ "type": "Feature", "properties": { "osm_element": "node", "osm_id": 245834019, "name": "Olmazor metro bekati", "name_ru": "Станция метро \"Алмазар\"", "highway": "bus_stop", "public_transport": "stop_position", "bus": "yes", "stop_role": "platform", "operator": null, "district_name": "Chilanzar district", "district_assignment": "within" }, "geometry": { "type": "Point", "coordinates": [ 69.1970417, 41.2543139 ] } },
{ "type": "Feature", "properties": { "osm_element": "node", "osm_id": 245846715, "name": "Serquyosh ko'chasi", "name_ru": "Улица Серкуёш", "highway": "bus_stop", "public_transport": "stop_position", "bus": "yes", "stop_role": "platform", "operator": null, "district_name": "Chilanzar district", "district_assignment": "within" }, "geometry": { "type": "Point", "coordinates": [ 69.2135455, 41.259078 ] } },
{ "type": "Feature", "properties": { "osm_element": "node", "osm_id": 245846936, "name": "Doʻmbirobod koʻchasi", "name_ru": "Улица Домбрабад", "highway": "bus_stop", "public_transport": "stop_position", "bus": "yes", "stop_role": "platform", "operator": null, "district_name": "Chilanzar district", "district_assignment": "within" }, "geometry": { "type": "Point", "coordinates": [ 69.2028196, 41.2543362 ] } },
{ "type": "Feature", "properties": { "osm_element": "node", "osm_id": 245847523, "name": "Tabassum kafesi", "name_ru": "Кафе \"Табассум\"", "highway": "bus_stop", "public_transport": "stop_position", "bus": "yes", "stop_role": "platform", "operator": null, "district_name": "Sergeli district", "district_assignment": "within" }, "geometry": { "type": "Point", "coordinates": [ 69.2172569, 41.25283 ] } },
{ "type": "Feature", "properties": { "osm_element": "node", "osm_id": 246193227, "name": "Yo'l Patrul Xizmati posti", "name_ru": "Пост ГАИ", "highway": "bus_stop", "public_transport": "stop_position", "bus": "yes", "stop_role": "platform", "operator": null, "district_name": "Shaykhantakhur district", "district_assignment": "within" }, "geometry": { "type": "Point", "coordinates": [ 69.1648092, 41.3456788 ] } },
{ "type": "Feature", "properties": { "osm_element": "node", "osm_id": 246193558, "name": "Ibn Sino 1 dahasi", "name_ru": "Массив \"Ибн Сино\"-1", "highway": "bus_stop", "public_transport": "stop_position", "bus": "yes", "stop_role": "platform", "operator": null, "district_name": "Shaykhantakhur district", "district_assignment": "within" }, "geometry": { "type": "Point", "coordinates": [ 69.1636365, 41.3346558 ] } },
{ "type": "Feature", "properties": { "osm_element": "way", "osm_id": 301028492, "name": "Qumariq mahallasi", "name_ru": "Махалля Кумарык", "highway": "bus_stop", "public_transport": "platform", "bus": null, "stop_role": "platform", "operator": null, "district_name": "Sergeli district", "district_assignment": "within" }, "geometry": { "type": "Point", "coordinates": [ 69.2580372, 41.2492117 ] } },
{ "type": "Feature", "properties": { "osm_element": "node", "osm_id": 304264782, "name": "Chilonzor dahasi 24-mavze", "name_ru": "Массив Чиланзар, квартал 24", "highway": "bus_stop", "public_transport": "stop_position", "bus": "yes", "stop_role": "platform", "operator": null, "district_name": "Uchtepa district", "district_assignment": "within" }, "geometry": { "type": "Point", "coordinates": [ 69.1812994, 41.2821699 ] } },
{ "type": "Feature", "properties": { "osm_element": "node", "osm_id": 355219838, "name": "Beshyog'och maydoni", "name_ru": "Площадь Бешагач", "highway": "bus_stop", "public_transport": "stop_position", "bus": "yes", "stop_role": "platform", "operator": null, "district_name": "Chilanzar district", "district_assignment": "within" }, "geometry": { "type": "Point", "coordinates": [ 69.2474971, 41.30375 ] } },
{ "type": "Feature", "properties": { "osm_element": "node", "osm_id": 355223814, "name": "1-sonli shahar shifoxonasi", "name_ru": "Городская больница №1", "highway": "bus_stop", "public_transport": "stop_position", "bus": "yes", "stop_role": "platform", "operator": null, "district_name": "Shaykhantakhur district", "district_assignment": "within" }, "geometry": { "type": "Point", "coordinates": [ 69.2215844, 41.3219187 ] } },
{ "type": "Feature", "properties": { "osm_element": "node", "osm_id": 355224727, "name": "Dadil ko'chasi", "name_ru": "Улица Дадил", "highway": "bus_stop", "public_transport": "stop_position", "bus": "yes", "stop_role": "platform", "operator": null, "district_name": "Uchtepa district", "district_assignment": "within" }, "geometry": { "type": "Point", "coordinates": [ 69.18747, 41.3151664 ] } },
{ "type": "Feature", "properties": { "osm_element": "node", "osm_id": 355228231, "name": "Журжоний", "name_ru": "Журжоний", "highway": "bus_stop", "public_transport": null, "bus": null, "stop_role": "platform", "operator": null, "district_name": "Uchtepa district", "district_assignment": "within" }, "geometry": { "type": "Point", "coordinates": [ 69.173802, 41.2988165 ] } },
{ "type": "Feature", "properties": { "osm_element": "node", "osm_id": 357893831, "name": "Bahor ko'chasi", "name_ru": "Улица Бахор", "highway": "bus_stop", "public_transport": "stop_position", "bus": "yes", "stop_role": "platform", "operator": null, "district_name": "Shaykhantakhur district", "district_assignment": "within" }, "geometry": { "type": "Point", "coordinates": [ 69.2638205, 41.3342282 ] } },
{ "type": "Feature", "properties": { "osm_element": "way", "osm_id": 359264588, "name": "Temiryo'lchilar poliklinikasi", "name_ru": "Железнодорожная поликлиника", "highway": "bus_stop", "public_transport": "platform", "bus": null, "stop_role": "platform", "operator": null, "district_name": "Mirabad district", "district_assignment": "within" }, "geometry": { "type": "Point", "coordinates": [ 69.2842329, 41.2878175 ] } },
{ "type": "Feature", "properties": { "osm_element": "node", "osm_id": 359363939, "name": "Litsey", "name_ru": "Лицей", "highway": "bus_stop", "public_transport": "stop_position", "bus": "yes", "stop_role": "platform", "operator": null, "district_name": "Mirzo Ulugbek district", "district_assignment": "within" }, "geometry": { "type": "Point", "coordinates": [ 69.3737714, 41.3406687 ] } },
{ "type": "Feature", "properties": { "osm_element": "node", "osm_id": 359466328, "name": "Toshkent MUM", "name_ru": "ЦУМ \"Ташкент\"", "highway": "bus_stop", "public_transport": "stop_position", "bus": "yes", "stop_role": "platform", "operator": null, "district_name": "Mirabad district", "district_assignment": "within" }, "geometry": { "type": "Point", "coordinates": [ 69.2703395, 41.3081147 ] } },
{ "type": "Feature", "properties": { "osm_element": "node", "osm_id": 359535529, "name": "Площадь Джами", "name_ru": "Площаль Джами", "highway": "bus_stop", "public_transport": "platform", "bus": "yes", "stop_role": "platform", "operator": null, "district_name": "Almazar district", "district_assignment": "within" }, "geometry": { "type": "Point", "coordinates": [ 69.2530415, 41.3546321 ] } },
{ "type": "Feature", "properties": { "osm_element": "node", "osm_id": 359934165, "name": "Diadora do'koni", "name_ru": "Магазин Диадора", "highway": "bus_stop", "public_transport": "stop_position", "bus": "yes", "stop_role": "platform", "operator": null, "district_name": "Mirzo Ulugbek district", "district_assignment": "within" }, "geometry": { "type": "Point", "coordinates": [ 69.3867653, 41.3588433 ] } },
{ "type": "Feature", "properties": { "osm_element": "node", "osm_id": 360213842, "name": "Onuks zavodi", "name_ru": "Завод \"Оникс\"", "highway": "bus_stop", "public_transport": "stop_position", "bus": "yes", "stop_role": "platform", "operator": null, "district_name": "Almazar district", "district_assignment": "within" }, "geometry": { "type": "Point", "coordinates": [ 69.2486198, 41.3560239 ] } },
{ "type": "Feature", "properties": { "osm_element": "node", "osm_id": 360332857, "name": "Chingeldi qabristoni", "name_ru": null, "highway": "bus_stop", "public_transport": "stop_position", "bus": "yes", "stop_role": "platform", "operator": null, "district_name": "Yashnabad district", "district_assignment": "within" }, "geometry": { "type": "Point", "coordinates": [ 69.4513954, 41.334483 ] } },
{ "type": "Feature", "properties": { "osm_element": "node", "osm_id": 361152119, "name": "Masjid bekati", "name_ru": "Остановка Мечет", "highway": "bus_stop", "public_transport": "stop_position", "bus": "yes", "stop_role": "platform", "operator": null, "district_name": "Yunusabad district", "district_assignment": "within" }, "geometry": { "type": "Point", "coordinates": [ 69.2924637, 41.3511185 ] } },
{ "type": "Feature", "properties": { "osm_element": "node", "osm_id": 367917082, "name": "10-ARZ", "name_ru": "АРЗ-10", "highway": "bus_stop", "public_transport": "stop_position", "bus": "yes", "stop_role": "platform", "operator": null, "district_name": "Almazar district", "district_assignment": "within" }, "geometry": { "type": "Point", "coordinates": [ 69.2290774, 41.3648743 ] } },
{ "type": "Feature", "properties": { "osm_element": "node", "osm_id": 376471670, "name": "Feruza dahasi", "name_ru": "Массив Феруза", "highway": "bus_stop", "public_transport": "stop_position", "bus": "yes", "stop_role": "platform", "operator": null, "district_name": "Mirzo Ulugbek district", "district_assignment": "within" }, "geometry": { "type": "Point", "coordinates": [ 69.3672671, 41.3618085 ] } },
{ "type": "Feature", "properties": { "osm_element": "node", "osm_id": 378073253, "name": "Sovutkichlar kombinati", "name_ru": "Хладокомбинат", "highway": "bus_stop", "public_transport": "stop_position", "bus": "yes", "stop_role": "platform", "operator": null, "district_name": "Yashnabad district", "district_assignment": "within" }, "geometry": { "type": "Point", "coordinates": [ 69.3200622, 41.2771681 ] } },
{ "type": "Feature", "properties": { "osm_element": "way", "osm_id": 410155709, "name": "Aloqa ko‘chasi", "name_ru": "Улица Алока", "highway": "bus_stop", "public_transport": "platform", "bus": null, "stop_role": "platform", "operator": null, "district_name": "Almazar district", "district_assignment": "within" }, "geometry": { "type": "Point", "coordinates": [ 69.2137147, 41.3355301 ] } },
{ "type": "Feature", "properties": { "osm_element": "way", "osm_id": 435420027, "name": "G‘uncha kinoteatri", "name_ru": "Кинотеатр Гунча", "highway": "bus_stop", "public_transport": "platform", "bus": null, "stop_role": "platform", "operator": null, "district_name": "Almazar district", "district_assignment": "within" }, "geometry": { "type": "Point", "coordinates": [ 69.221412, 41.3311801 ] } },
{ "type": "Feature", "properties": { "osm_element": "node", "osm_id": 564648038, "name": "Novza metro bekati", "name_ru": "Станция метро \"Новза\"", "highway": "bus_stop", "public_transport": "stop_position", "bus": "yes", "stop_role": "platform", "operator": null, "district_name": "Chilanzar district", "district_assignment": "within" }, "geometry": { "type": "Point", "coordinates": [ 69.2242194, 41.2913734 ] } },
{ "type": "Feature", "properties": { "osm_element": "node", "osm_id": 564648044, "name": "173-sonli maktab", "name_ru": "Школа №173", "highway": "bus_stop", "public_transport": "stop_position", "bus": "yes", "stop_role": "platform", "operator": null, "district_name": "Chilanzar district", "district_assignment": "within" }, "geometry": { "type": "Point", "coordinates": [ 69.2208673, 41.2935002 ] } },
{ "type": "Feature", "properties": { "osm_element": "way", "osm_id": 592305220, "name": "Беруний метроси-1", "name_ru": "метро Беруний", "highway": "bus_stop", "public_transport": "platform", "bus": "yes", "stop_role": "platform", "operator": null, "district_name": "Shaykhantakhur district", "district_assignment": "within" }, "geometry": { "type": "Point", "coordinates": [ 69.2054282, 41.3455368 ] } },
{ "type": "Feature", "properties": { "osm_element": "node", "osm_id": 661184731, "name": "Fidoyilar hiyoboni", "name_ru": "Музей геологии", "highway": "bus_stop", "public_transport": "stop_position", "bus": "yes", "stop_role": "platform", "operator": null, "district_name": "Mirabad district", "district_assignment": "within" }, "geometry": { "type": "Point", "coordinates": [ 69.2758013, 41.3006923 ] } },
{ "type": "Feature", "properties": { "osm_element": "way", "osm_id": 838372826, "name": "Chorsu Savdo Markazi", "name_ru": "Торговый центр Чорсу", "highway": "bus_stop", "public_transport": "platform", "bus": null, "stop_role": "platform", "operator": null, "district_name": "Shaykhantakhur district", "district_assignment": "within" }, "geometry": { "type": "Point", "coordinates": [ 69.2354662, 41.3233264 ] } },
{ "type": "Feature", "properties": { "osm_element": "way", "osm_id": 838372830, "name": "Chorsu Savdo Markazi", "name_ru": "Торговый центр Чорсу", "highway": "bus_stop", "public_transport": "platform", "bus": null, "stop_role": "platform", "operator": null, "district_name": "Shaykhantakhur district", "district_assignment": "within" }, "geometry": { "type": "Point", "coordinates": [ 69.235418, 41.3232782 ] } },
{ "type": "Feature", "properties": { "osm_element": "node", "osm_id": 845838895, "name": "Mirzo Ulug'bek shox ko'chasi", "name_ru": "проспект Мирзо Улугбека", "highway": "bus_stop", "public_transport": "stop_position", "bus": "yes", "stop_role": "platform", "operator": null, "district_name": "Yashnabad district", "district_assignment": "within" }, "geometry": { "type": "Point", "coordinates": [ 69.3060457, 41.3058297 ] } },
{ "type": "Feature", "properties": { "osm_element": "way", "osm_id": 865981440, "name": null, "name_ru": null, "highway": "bus_stop", "public_transport": "platform", "bus": null, "stop_role": "platform", "operator": null, "district_name": "Mirabad district", "district_assignment": "within" }, "geometry": { "type": "Point", "coordinates": [ 69.2843876, 41.2899709 ] } },
{ "type": "Feature", "properties": { "osm_element": "node", "osm_id": 913628237, "name": "Elektroapparat", "name_ru": "Электроаппарат", "highway": "bus_stop", "public_transport": "stop_position", "bus": "yes", "stop_role": "platform", "operator": null, "district_name": "Mirabad district", "district_assignment": "within" }, "geometry": { "type": "Point", "coordinates": [ 69.3066756, 41.2790381 ] } },
{ "type": "Feature", "properties": { "osm_element": "node", "osm_id": 914197240, "name": "Oybek metrosi", "name_ru": "Станция метро \"Айбек\"", "highway": "bus_stop", "public_transport": "stop_position", "bus": "yes", "stop_role": "platform", "operator": null, "district_name": "Mirabad district", "district_assignment": "within" }, "geometry": { "type": "Point", "coordinates": [ 69.2722785, 41.2981645 ] } },
{ "type": "Feature", "properties": { "osm_element": "node", "osm_id": 914197243, "name": "Oybek metrosi", "name_ru": "Станция метро \"Айбек\"", "highway": "bus_stop", "public_transport": "stop_position", "bus": "yes", "stop_role": "platform", "operator": null, "district_name": "Mirabad district", "district_assignment": "within" }, "geometry": { "type": "Point", "coordinates": [ 69.2727434, 41.2993579 ] } },
{ "type": "Feature", "properties": { "osm_element": "way", "osm_id": 924332933, "name": "Yunusobod mavzesi 2-daha", "name_ru": "Массив \"Юнусабад\", квартал 2", "highway": null, "public_transport": "platform", "bus": "yes", "stop_role": "platform", "operator": null, "district_name": "Yunusabad district", "district_assignment": "within" }, "geometry": { "type": "Point", "coordinates": [ 69.2896006, 41.3593422 ] } },
{ "type": "Feature", "properties": { "osm_element": "node", "osm_id": 949514913, "name": "A. Navoiy jamoa xo'jaligi", "name_ru": "Фермерское хозяйство им. А. Навои", "highway": "bus_stop", "public_transport": "stop_position", "bus": "yes", "stop_role": "platform", "operator": null, "district_name": "Sergeli district", "district_assignment": "within" }, "geometry": { "type": "Point", "coordinates": [ 69.2145112, 41.2393561 ] } },
{ "type": "Feature", "properties": { "osm_element": "node", "osm_id": 956173479, "name": "Avliyo-Ota ko'chasi", "name_ru": "Улица Авлиёота", "highway": "bus_stop", "public_transport": "stop_position", "bus": "yes", "stop_role": "platform", "operator": null, "district_name": "Mirabad district", "district_assignment": "within" }, "geometry": { "type": "Point", "coordinates": [ 69.2818766, 41.2884275 ] } },
{ "type": "Feature", "properties": { "osm_element": "node", "osm_id": 956660898, "name": "Aliyev ko'chasi", "name_ru": "Улица Гейдара Алиева", "highway": "bus_stop", "public_transport": "stop_position", "bus": "yes", "stop_role": "platform", "operator": null, "district_name": "Mirabad district", "district_assignment": "within" }, "geometry": { "type": "Point", "coordinates": [ 69.2738742, 41.2768531 ] } },
{ "type": "Feature", "properties": { "osm_element": "node", "osm_id": 956855187, "name": "Serquyosh ko'chasi", "name_ru": "Улица Серкуёш", "highway": "bus_stop", "public_transport": "stop_position", "bus": "yes", "stop_role": "platform", "operator": null, "district_name": "Chilanzar district", "district_assignment": "within" }, "geometry": { "type": "Point", "coordinates": [ 69.2134811, 41.2591969 ] } },
{ "type": "Feature", "properties": { "osm_element": "node", "osm_id": 961961150, "name": "Uspenskiy Nomidagi Maktab", "name_ru": "Музыкальный лицей им. Успенского", "highway": "bus_stop", "public_transport": "stop_position", "bus": "yes", "stop_role": "platform", "operator": null, "district_name": "Yashnabad district", "district_assignment": "within" }, "geometry": { "type": "Point", "coordinates": [ 69.2934337, 41.3071502 ] } },
{ "type": "Feature", "properties": { "osm_element": "node", "osm_id": 961964910, "name": "Bozor", "name_ru": "Рынок (Дубовая)", "highway": "bus_stop", "public_transport": "stop_position", "bus": "yes", "stop_role": "platform", "operator": null, "district_name": "Yashnabad district", "district_assignment": "within" }, "geometry": { "type": "Point", "coordinates": [ 69.3355335, 41.2950674 ] } },
{ "type": "Feature", "properties": { "osm_element": "node", "osm_id": 961964914, "name": null, "name_ru": null, "highway": "bus_stop", "public_transport": null, "bus": null, "stop_role": "platform", "operator": null, "district_name": "Yashnabad district", "district_assignment": "within" }, "geometry": { "type": "Point", "coordinates": [ 69.3420428, 41.2991122 ] } },
{ "type": "Feature", "properties": { "osm_element": "node", "osm_id": 961964919, "name": null, "name_ru": null, "highway": "bus_stop", "public_transport": "platform", "bus": "yes", "stop_role": "platform", "operator": null, "district_name": "Yashnabad district", "district_assignment": "within" }, "geometry": { "type": "Point", "coordinates": [ 69.3413643, 41.2955681 ] } },
{ "type": "Feature", "properties": { "osm_element": "node", "osm_id": 961964938, "name": "Mashinasozlar metro bekati", "name_ru": "Станция метро \"Машинасозлар\"", "highway": "bus_stop", "public_transport": "stop_position", "bus": "yes", "stop_role": "platform", "operator": null, "district_name": "Yashnabad district", "district_assignment": "within" }, "geometry": { "type": "Point", "coordinates": [ 69.3054677, 41.2990683 ] } },
{ "type": "Feature", "properties": { "osm_element": "node", "osm_id": 964653114, "name": "Toʻqimachilik kombinati", "name_ru": "Текстильный комбинат", "highway": "bus_stop", "public_transport": "stop_position", "bus": "yes", "stop_role": "platform", "operator": null, "district_name": "Yakkasaray district", "district_assignment": "within" }, "geometry": { "type": "Point", "coordinates": [ 69.2451163, 41.2740823 ] } },
{ "type": "Feature", "properties": { "osm_element": "node", "osm_id": 968823113, "name": "Yuqori Chirchiq koʻchasi", "name_ru": "ПМК № 3", "highway": "bus_stop", "public_transport": "stop_position", "bus": "yes", "stop_role": "platform", "operator": null, "district_name": "Bektemir district", "district_assignment": "within" }, "geometry": { "type": "Point", "coordinates": [ 69.3456125, 41.2322963 ] } },
{ "type": "Feature", "properties": { "osm_element": "node", "osm_id": 978574241, "name": "Shohsanam ko'chasi", "name_ru": "Улица Шохсанам", "highway": "bus_stop", "public_transport": "stop_position", "bus": "yes", "stop_role": "platform", "operator": null, "district_name": "Yashnabad district", "district_assignment": "within" }, "geometry": { "type": "Point", "coordinates": [ 69.3647905, 41.2683846 ] } },
{ "type": "Feature", "properties": { "osm_element": "node", "osm_id": 988621302, "name": "Yunusobod hokimiyati", "name_ru": "Юнусабадский хокимият", "highway": "bus_stop", "public_transport": "stop_position", "bus": "yes", "stop_role": "platform", "operator": null, "district_name": "Yunusabad district", "district_assignment": "within" }, "geometry": { "type": "Point", "coordinates": [ 69.2834977, 41.3283084 ] } },
{ "type": "Feature", "properties": { "osm_element": "node", "osm_id": 1012079437, "name": "Teplovoz deposi", "name_ru": "Тепловозное депо", "highway": "bus_stop", "public_transport": "stop_position", "bus": "yes", "stop_role": "platform", "operator": null, "district_name": "Mirabad district", "district_assignment": "within" }, "geometry": { "type": "Point", "coordinates": [ 69.2994338, 41.2914294 ] } },
{ "type": "Feature", "properties": { "osm_element": "node", "osm_id": 1019851937, "name": "Бинокор", "name_ru": null, "highway": "bus_stop", "public_transport": null, "bus": null, "stop_role": "platform", "operator": null, "district_name": "Yangikhayot district", "district_assignment": "within" }, "geometry": { "type": "Point", "coordinates": [ 69.2471741, 41.179027 ] } },
{ "type": "Feature", "properties": { "osm_element": "node", "osm_id": 1037210899, "name": "Olimpiya savdo markazi", "name_ru": "Торговый центр Олимпия", "highway": "bus_stop", "public_transport": "stop_position", "bus": "yes", "stop_role": "platform", "operator": null, "district_name": "Mirabad district", "district_assignment": "within" }, "geometry": { "type": "Point", "coordinates": [ 69.3083289, 41.2525842 ] } },
{ "type": "Feature", "properties": { "osm_element": "node", "osm_id": 1037210900, "name": "Olimpiya savdo markazi", "name_ru": "Торговый центр Олимпия", "highway": "bus_stop", "public_transport": "stop_position", "bus": "yes", "stop_role": "platform", "operator": null, "district_name": "Mirabad district", "district_assignment": "within" }, "geometry": { "type": "Point", "coordinates": [ 69.3084921, 41.2524602 ] } },
{ "type": "Feature", "properties": { "osm_element": "node", "osm_id": 1096162261, "name": "Остановка", "name_ru": null, "highway": "bus_stop", "public_transport": null, "bus": null, "stop_role": "platform", "operator": null, "district_name": "Yashnabad district", "district_assignment": "within" }, "geometry": { "type": "Point", "coordinates": [ 69.3626787, 41.3209366 ] } },
{ "type": "Feature", "properties": { "osm_element": "node", "osm_id": 1106258027, "name": "Politologiya instituti", "name_ru": "Институт Политологии", "highway": "bus_stop", "public_transport": "stop_position", "bus": "yes", "stop_role": "platform", "operator": null, "district_name": "Mirzo Ulugbek district", "district_assignment": "within" }, "geometry": { "type": "Point", "coordinates": [ 69.3245069, 41.3246657 ] } },
{ "type": "Feature", "properties": { "osm_element": "node", "osm_id": 1107328516, "name": "Aviasozlar ko'chasi", "name_ru": "Автостанция \"Авиасозлар\"", "highway": "bus_stop", "public_transport": "stop_position", "bus": "yes", "stop_role": "platform", "operator": null, "district_name": "Yashnabad district", "district_assignment": "within" }, "geometry": { "type": "Point", "coordinates": [ 69.3501802, 41.2819307 ] } },
{ "type": "Feature", "properties": { "osm_element": "node", "osm_id": 1112688622, "name": "Zavod ko'chasi", "name_ru": "Улица Заводская", "highway": "bus_stop", "public_transport": "stop_position", "bus": "yes", "stop_role": "platform", "operator": null, "district_name": "Yangikhayot district", "district_assignment": "within" }, "geometry": { "type": "Point", "coordinates": [ 69.2303669, 41.1862624 ] } },
{ "type": "Feature", "properties": { "osm_element": "node", "osm_id": 1140496282, "name": "Geofiziklar qorgoni", "name_ru": "поселок Геофизиков", "highway": "bus_stop", "public_transport": "stop_position", "bus": "yes", "stop_role": "platform", "operator": null, "district_name": "Mirzo Ulugbek district", "district_assignment": "within" }, "geometry": { "type": "Point", "coordinates": [ 69.3896228, 41.340918 ] } },
{ "type": "Feature", "properties": { "osm_element": "node", "osm_id": 1141952770, "name": "Tantana ko'chasi", "name_ru": "Улица Тантана", "highway": "bus_stop", "public_transport": "stop_position", "bus": "yes", "stop_role": "platform", "operator": null, "district_name": "Mirzo Ulugbek district", "district_assignment": "within" }, "geometry": { "type": "Point", "coordinates": [ 69.3766101, 41.3555267 ] } },
{ "type": "Feature", "properties": { "osm_element": "node", "osm_id": 1146993735, "name": null, "name_ru": null, "highway": "bus_stop", "public_transport": null, "bus": null, "stop_role": "platform", "operator": null, "district_name": "Mirzo Ulugbek district", "district_assignment": "within" }, "geometry": { "type": "Point", "coordinates": [ 69.334823, 41.3502291 ] } },
{ "type": "Feature", "properties": { "osm_element": "node", "osm_id": 1158828191, "name": "153-sonli dorixona", "name_ru": "Аптека № 153", "highway": "bus_stop", "public_transport": "stop_position", "bus": "yes", "stop_role": "platform", "operator": null, "district_name": "Chilanzar district", "district_assignment": "within" }, "geometry": { "type": "Point", "coordinates": [ 69.1635101, 41.2615987 ] } },
{ "type": "Feature", "properties": { "osm_element": "node", "osm_id": 1178940485, "name": "Махалля \"Дилбулак\"", "name_ru": null, "highway": "bus_stop", "public_transport": "stop_position", "bus": "yes", "stop_role": "platform", "operator": "3,9т,12,32,45,69,79", "district_name": "Yakkasaray district", "district_assignment": "within" }, "geometry": { "type": "Point", "coordinates": [ 69.2459103, 41.2685376 ] } },
{ "type": "Feature", "properties": { "osm_element": "node", "osm_id": 1178947720, "name": "Mirobod bozori", "name_ru": "Мирабадский рынок", "highway": "bus_stop", "public_transport": "stop_position", "bus": "yes", "stop_role": "platform", "operator": null, "district_name": "Mirabad district", "district_assignment": "within" }, "geometry": { "type": "Point", "coordinates": [ 69.276616, 41.2909555 ] } },
{ "type": "Feature", "properties": { "osm_element": "node", "osm_id": 1184247809, "name": "Kichik Beshyogʻoch koʻchasi", "name_ru": "улица Кичик Бешагач", "highway": "bus_stop", "public_transport": "stop_position", "bus": "yes", "stop_role": "platform", "operator": null, "district_name": "Yakkasaray district", "district_assignment": "within" }, "geometry": { "type": "Point", "coordinates": [ 69.2722632, 41.2776503 ] } },
{ "type": "Feature", "properties": { "osm_element": "node", "osm_id": 1184248378, "name": "Kichik Beshyogʻoch koʻchasi", "name_ru": "улица Кичик Бешагач", "highway": "bus_stop", "public_transport": "stop_position", "bus": "yes", "stop_role": "platform", "operator": null, "district_name": "Mirabad district", "district_assignment": "within" }, "geometry": { "type": "Point", "coordinates": [ 69.2728888, 41.2780752 ] } },
{ "type": "Feature", "properties": { "osm_element": "node", "osm_id": 1184253525, "name": "Boshliq dahasi", "name_ru": "Массив \"Башлык\"", "highway": "bus_stop", "public_transport": "stop_position", "bus": "yes", "stop_role": "platform", "operator": null, "district_name": "Yakkasaray district", "district_assignment": "within" }, "geometry": { "type": "Point", "coordinates": [ 69.2519269, 41.2682333 ] } },
{ "type": "Feature", "properties": { "osm_element": "node", "osm_id": 1184253747, "name": "Boshliq dahasi", "name_ru": "Массив \"Башлык\"", "highway": "bus_stop", "public_transport": "stop_position", "bus": "yes", "stop_role": "platform", "operator": null, "district_name": "Yakkasaray district", "district_assignment": "within" }, "geometry": { "type": "Point", "coordinates": [ 69.2526824, 41.2684247 ] } },
{ "type": "Feature", "properties": { "osm_element": "node", "osm_id": 1184272036, "name": "83-sonli maktab", "name_ru": "Школа № 83", "highway": "bus_stop", "public_transport": "stop_position", "bus": "yes", "stop_role": "platform", "operator": null, "district_name": "Mirabad district", "district_assignment": "within" }, "geometry": { "type": "Point", "coordinates": [ 69.2769492, 41.2825617 ] } },
{ "type": "Feature", "properties": { "osm_element": "node", "osm_id": 1184272038, "name": "83-sonli maktab", "name_ru": "Школа № 83", "highway": "bus_stop", "public_transport": "stop_position", "bus": "yes", "stop_role": "platform", "operator": null, "district_name": "Mirabad district", "district_assignment": "within" }, "geometry": { "type": "Point", "coordinates": [ 69.2764451, 41.2822962 ] } },
{ "type": "Feature", "properties": { "osm_element": "way", "osm_id": 1190754471, "name": "Авиагородок", "name_ru": "Авиагородок", "highway": "bus_stop", "public_transport": "platform", "bus": "yes", "stop_role": "platform", "operator": null, "district_name": "Sergeli district", "district_assignment": "within" }, "geometry": { "type": "Point", "coordinates": [ 69.2767764, 41.2698463 ] } },
{ "type": "Feature", "properties": { "osm_element": "node", "osm_id": 1192364478, "name": "Oloy bozori", "name_ru": "Алайский базар", "highway": "bus_stop", "public_transport": "stop_position", "bus": "yes", "stop_role": "platform", "operator": null, "district_name": "Yunusabad district", "district_assignment": "within" }, "geometry": { "type": "Point", "coordinates": [ 69.2819612, 41.3195924 ] } },
{ "type": "Feature", "properties": { "osm_element": "node", "osm_id": 1195144711, "name": "Bayot 1-tor ko'chasi", "name_ru": "Улица Баёт", "highway": "bus_stop", "public_transport": "stop_position", "bus": "yes", "stop_role": "platform", "operator": null, "district_name": "Uchtepa district", "district_assignment": "within" }, "geometry": { "type": "Point", "coordinates": [ 69.1331074, 41.2748092 ] } },
{ "type": "Feature", "properties": { "osm_element": "node", "osm_id": 1195144715, "name": "O'rikzor mavzesi", "name_ru": "Массив \"Урикзор\"", "highway": "bus_stop", "public_transport": "stop_position", "bus": "yes", "stop_role": "platform", "operator": null, "district_name": "Uchtepa district", "district_assignment": "within" }, "geometry": { "type": "Point", "coordinates": [ 69.1314579, 41.2729183 ] } },
{ "type": "Feature", "properties": { "osm_element": "node", "osm_id": 1195348594, "name": "Kichik halqa yoʻli", "name_ru": "Путепровод", "highway": "bus_stop", "public_transport": "stop_position", "bus": "yes", "stop_role": "platform", "operator": null, "district_name": "Uchtepa district", "district_assignment": "within" }, "geometry": { "type": "Point", "coordinates": [ 69.1926848, 41.3175841 ] } },
{ "type": "Feature", "properties": { "osm_element": "node", "osm_id": 1195377450, "name": "Табассум магазин", "name_ru": "Табассум магазин", "highway": "bus_stop", "public_transport": null, "bus": null, "stop_role": "platform", "operator": null, "district_name": "Almazar district", "district_assignment": "within" }, "geometry": { "type": "Point", "coordinates": [ 69.2225841, 41.3553417 ] } },
{ "type": "Feature", "properties": { "osm_element": "node", "osm_id": 1196664981, "name": "Shofayziy ko'chasi", "name_ru": "Шофайз улица", "highway": "bus_stop", "public_transport": "stop_position", "bus": "yes", "stop_role": "platform", "operator": null, "district_name": "Shaykhantakhur district", "district_assignment": "within" }, "geometry": { "type": "Point", "coordinates": [ 69.1964979, 41.3190764 ] } },
{ "type": "Feature", "properties": { "osm_element": "node", "osm_id": 1213224933, "name": "12-sonli mavze", "name_ru": "Жилгородок № 12", "highway": "bus_stop", "public_transport": "stop_position", "bus": "yes", "stop_role": "platform", "operator": null, "district_name": "Mirzo Ulugbek district", "district_assignment": "within" }, "geometry": { "type": "Point", "coordinates": [ 69.3735178, 41.3544293 ] } },
{ "type": "Feature", "properties": { "osm_element": "node", "osm_id": 1224559577, "name": "Janubiy vokzal", "name_ru": "Южный вокзал", "highway": "bus_stop", "public_transport": "stop_position", "bus": "yes", "stop_role": "platform", "operator": null, "district_name": "Yakkasaray district", "district_assignment": "within" }, "geometry": { "type": "Point", "coordinates": [ 69.2236289, 41.2595845 ] } },
{ "type": "Feature", "properties": { "osm_element": "node", "osm_id": 1224559581, "name": "Bogʻiboʻston koʻchasi", "name_ru": "ул. Богибустан", "highway": "bus_stop", "public_transport": "stop_position", "bus": "yes", "stop_role": "platform", "operator": null, "district_name": "Yakkasaray district", "district_assignment": "within" }, "geometry": { "type": "Point", "coordinates": [ 69.2229124, 41.2628482 ] } },
{ "type": "Feature", "properties": { "osm_element": "node", "osm_id": 1234628289, "name": "Aviasozlar bozori", "name_ru": "Рынок \"Авиасозлар\"", "highway": "bus_stop", "public_transport": "stop_position", "bus": "yes", "stop_role": "platform", "operator": null, "district_name": "Yashnabad district", "district_assignment": "within" }, "geometry": { "type": "Point", "coordinates": [ 69.3457564, 41.285926 ] } },
{ "type": "Feature", "properties": { "osm_element": "node", "osm_id": 1234628359, "name": "Aviasozlar bozori", "name_ru": "Рынок \"Авиасозлар\"", "highway": "bus_stop", "public_transport": "stop_position", "bus": "yes", "stop_role": "platform", "operator": null, "district_name": "Yashnabad district", "district_assignment": "within" }, "geometry": { "type": "Point", "coordinates": [ 69.3472316, 41.2864597 ] } },
{ "type": "Feature", "properties": { "osm_element": "node", "osm_id": 1234628376, "name": "Aviasozlar bozori", "name_ru": "Рынок \"Авиасозлар\" (Кадышева)", "highway": "bus_stop", "public_transport": "stop_position", "bus": "yes", "stop_role": "platform", "operator": null, "district_name": "Yashnabad district", "district_assignment": "within" }, "geometry": { "type": "Point", "coordinates": [ 69.3460353, 41.2865143 ] } },
{ "type": "Feature", "properties": { "osm_element": "node", "osm_id": 1234628383, "name": "Aviasozlar bozori", "name_ru": "Рынок \"Авиасозлар\"", "highway": "bus_stop", "public_transport": "stop_position", "bus": "yes", "stop_role": "platform", "operator": null, "district_name": "Yashnabad district", "district_assignment": "within" }, "geometry": { "type": "Point", "coordinates": [ 69.3472689, 41.2854898 ] } },
{ "type": "Feature", "properties": { "osm_element": "node", "osm_id": 1235719271, "name": "Uchxoz", "name_ru": "Массив \"Учхоз\"", "highway": "bus_stop", "public_transport": "stop_position", "bus": "yes", "stop_role": "platform", "operator": null, "district_name": "Yashnabad district", "district_assignment": "within" }, "geometry": { "type": "Point", "coordinates": [ 69.4225715, 41.3319618 ] } },
{ "type": "Feature", "properties": { "osm_element": "node", "osm_id": 1244324295, "name": "Temiryo'chilar kolleji", "name_ru": "Железнодорожный Колледж", "highway": "bus_stop", "public_transport": "stop_position", "bus": "yes", "stop_role": "platform", "operator": null, "district_name": "Mirabad district", "district_assignment": "within" }, "geometry": { "type": "Point", "coordinates": [ 69.2769361, 41.2802574 ] } },
{ "type": "Feature", "properties": { "osm_element": "node", "osm_id": 1255474861, "name": null, "name_ru": null, "highway": "bus_stop", "public_transport": null, "bus": null, "stop_role": "platform", "operator": null, "district_name": "Yangikhayot district", "district_assignment": "within" }, "geometry": { "type": "Point", "coordinates": [ 69.2599878, 41.1854514 ] } },
{ "type": "Feature", "properties": { "osm_element": "node", "osm_id": 1255474894, "name": null, "name_ru": null, "highway": "bus_stop", "public_transport": null, "bus": null, "stop_role": "platform", "operator": null, "district_name": "Yangikhayot district", "district_assignment": "within" }, "geometry": { "type": "Point", "coordinates": [ 69.2601663, 41.1854339 ] } },
{ "type": "Feature", "properties": { "osm_element": "node", "osm_id": 1264496092, "name": "204-son maktab", "name_ru": "Школа 204", "highway": "bus_stop", "public_transport": "stop_position", "bus": "yes", "stop_role": "platform", "operator": null, "district_name": "Yashnabad district", "district_assignment": "within" }, "geometry": { "type": "Point", "coordinates": [ 69.3439342, 41.294595 ] } },
{ "type": "Feature", "properties": { "osm_element": "node", "osm_id": 1270880814, "name": "Dunyo supermarketi", "name_ru": "Супермаркет Дунё", "highway": "bus_stop", "public_transport": "stop_position", "bus": "yes", "stop_role": "platform", "operator": null, "district_name": "Mirzo Ulugbek district", "district_assignment": "within" }, "geometry": { "type": "Point", "coordinates": [ 69.2867962, 41.3131758 ] } },
{ "type": "Feature", "properties": { "osm_element": "node", "osm_id": 1270880815, "name": "Dunyo supermarketi", "name_ru": "Супермаркет Дунё", "highway": "bus_stop", "public_transport": "stop_position", "bus": "yes", "stop_role": "platform", "operator": null, "district_name": "Mirzo Ulugbek district", "district_assignment": "within" }, "geometry": { "type": "Point", "coordinates": [ 69.2865811, 41.3131767 ] } },
{ "type": "Feature", "properties": { "osm_element": "node", "osm_id": 1308693146, "name": "Bozor", "name_ru": "Рынок", "highway": "bus_stop", "public_transport": "stop_position", "bus": "yes", "stop_role": "platform", "operator": null, "district_name": "Mirabad district", "district_assignment": "boundary_nearest" }, "geometry": { "type": "Point", "coordinates": [ 69.3015965, 41.2488249 ] } },
{ "type": "Feature", "properties": { "osm_element": "node", "osm_id": 1309769497, "name": "Yunusobod hokimiyati", "name_ru": "Юнусабадский хокимият", "highway": "bus_stop", "public_transport": "stop_position", "bus": "yes", "stop_role": "platform", "operator": null, "district_name": "Yunusabad district", "district_assignment": "within" }, "geometry": { "type": "Point", "coordinates": [ 69.2823481, 41.327867 ] } },
{ "type": "Feature", "properties": { "osm_element": "node", "osm_id": 1324641703, "name": null, "name_ru": null, "highway": "bus_stop", "public_transport": "stop_position", "bus": "yes", "stop_role": "platform", "operator": null, "district_name": "Yashnabad district", "district_assignment": "within" }, "geometry": { "type": "Point", "coordinates": [ 69.3341019, 41.2397041 ] } },
{ "type": "Feature", "properties": { "osm_element": "node", "osm_id": 1329549342, "name": "Qushbegi dahasi", "name_ru": "Массив \"Кушбеги\"", "highway": "bus_stop", "public_transport": "stop_position", "bus": "yes", "stop_role": "platform", "operator": "32,62,70", "district_name": "Yakkasaray district", "district_assignment": "within" }, "geometry": { "type": "Point", "coordinates": [ 69.2455357, 41.2660485 ] } },
{ "type": "Feature", "properties": { "osm_element": "node", "osm_id": 1332414546, "name": "Zargarlik zavodi", "name_ru": "Поликлиника № 35", "highway": "bus_stop", "public_transport": "stop_position", "bus": "yes", "stop_role": "platform", "operator": null, "district_name": "Chilanzar district", "district_assignment": "boundary_nearest" }, "geometry": { "type": "Point", "coordinates": [ 69.174771, 41.2703475 ] } },
{ "type": "Feature", "properties": { "osm_element": "node", "osm_id": 1332435734, "name": "Radiotexnika kolleji", "name_ru": "Радио колледж", "highway": "bus_stop", "public_transport": "stop_position", "bus": "yes", "stop_role": "platform", "operator": null, "district_name": "Chilanzar district", "district_assignment": "within" }, "geometry": { "type": "Point", "coordinates": [ 69.1861187, 41.2655969 ] } },
{ "type": "Feature", "properties": { "osm_element": "way", "osm_id": 1445290597, "name": "Chorsu Mehmonxonasi", "name_ru": "Гостиница Чорсу", "highway": "bus_stop", "public_transport": "platform", "bus": null, "stop_role": "platform", "operator": null, "district_name": "Shaykhantakhur district", "district_assignment": "within" }, "geometry": { "type": "Point", "coordinates": [ 69.2355051, 41.3218439 ] } },
{ "type": "Feature", "properties": { "osm_element": "node", "osm_id": 1449301832, "name": "Hayvonot bog'i", "name_ru": "Зоопарк", "highway": "bus_stop", "public_transport": "stop_position", "bus": "yes", "stop_role": "platform", "operator": null, "district_name": "Yunusabad district", "district_assignment": "within" }, "geometry": { "type": "Point", "coordinates": [ 69.3102329, 41.3452306 ] } },
{ "type": "Feature", "properties": { "osm_element": "node", "osm_id": 1449301855, "name": "O'zbekqishloqmash zavodi", "name_ru": "Завод \"Узбексельмаш\"", "highway": "bus_stop", "public_transport": "stop_position", "bus": "yes", "stop_role": "platform", "operator": null, "district_name": "Yunusabad district", "district_assignment": "within" }, "geometry": { "type": "Point", "coordinates": [ 69.3005685, 41.3418033 ] } },
{ "type": "Feature", "properties": { "osm_element": "way", "osm_id": 1450035550, "name": null, "name_ru": null, "highway": "bus_stop", "public_transport": "platform", "bus": null, "stop_role": "platform", "operator": null, "district_name": "Mirabad district", "district_assignment": "within" }, "geometry": { "type": "Point", "coordinates": [ 69.2840837, 41.290192 ] } },
{ "type": "Feature", "properties": { "osm_element": "way", "osm_id": 1456526443, "name": "Novza metro bekati", "name_ru": "Станция метро \"Новза\"", "highway": "bus_stop", "public_transport": "platform", "bus": null, "stop_role": "platform", "operator": null, "district_name": "Chilanzar district", "district_assignment": "within" }, "geometry": { "type": "Point", "coordinates": [ 69.2244448, 41.2924172 ] } },
{ "type": "Feature", "properties": { "osm_element": "way", "osm_id": 1456728490, "name": "O'z Ko'rgazma savdo bekati", "name_ru": "Узкургазмасавдо", "highway": "bus_stop", "public_transport": "platform", "bus": null, "stop_role": "platform", "operator": null, "district_name": "Shaykhantakhur district", "district_assignment": "within" }, "geometry": { "type": "Point", "coordinates": [ 69.2062874, 41.3440314 ] } },
{ "type": "Feature", "properties": { "osm_element": "way", "osm_id": 1458539000, "name": "Qo'yliq markaz 3", "name_ru": "Куйлюк Ц-3", "highway": "bus_stop", "public_transport": "platform", "bus": "yes", "stop_role": "platform", "operator": null, "district_name": "Yashnabad district", "district_assignment": "within" }, "geometry": { "type": "Point", "coordinates": [ 69.3284607, 41.2420481 ] } },
{ "type": "Feature", "properties": { "osm_element": "way", "osm_id": 1458539001, "name": "Qo'yliq markaz 3", "name_ru": "Куйлюк Ц-3", "highway": "bus_stop", "public_transport": "platform", "bus": "yes", "stop_role": "platform", "operator": null, "district_name": "Mirabad district", "district_assignment": "within" }, "geometry": { "type": "Point", "coordinates": [ 69.3286274, 41.2411704 ] } },
{ "type": "Feature", "properties": { "osm_element": "way", "osm_id": 1459128934, "name": "Akademiklar shaharchasi", "name_ru": "Академгородок", "highway": null, "public_transport": "platform", "bus": "yes", "stop_role": "platform", "operator": null, "district_name": "Mirzo Ulugbek district", "district_assignment": "within" }, "geometry": { "type": "Point", "coordinates": [ 69.3383971, 41.3380254 ] } },
{ "type": "Feature", "properties": { "osm_element": "way", "osm_id": 1459128935, "name": "Akademiklar shaharchasi", "name_ru": "Академгородок", "highway": "bus_stop", "public_transport": "platform", "bus": "yes", "stop_role": "platform", "operator": null, "district_name": "Mirzo Ulugbek district", "district_assignment": "within" }, "geometry": { "type": "Point", "coordinates": [ 69.3401396, 41.3396778 ] } },
{ "type": "Feature", "properties": { "osm_element": "way", "osm_id": 1463702873, "name": "Oqlon mahallasi", "name_ru": "Махалля Аклан", "highway": "bus_stop", "public_transport": "platform", "bus": null, "stop_role": "platform", "operator": null, "district_name": "Shaykhantakhur district", "district_assignment": "within" }, "geometry": { "type": "Point", "coordinates": [ 69.2108014, 41.3220392 ] } },
{ "type": "Feature", "properties": { "osm_element": "way", "osm_id": 1463702882, "name": null, "name_ru": "Улица Кукча Дарвоза", "highway": "bus_stop", "public_transport": "platform", "bus": null, "stop_role": "platform", "operator": null, "district_name": "Shaykhantakhur district", "district_assignment": "within" }, "geometry": { "type": "Point", "coordinates": [ 69.2165441, 41.3219482 ] } },
{ "type": "Feature", "properties": { "osm_element": "node", "osm_id": 1470999632, "name": "Sergeli dahasi 5A-mavze", "name_ru": "Массив \"Сергели\", квартал 5А", "highway": "bus_stop", "public_transport": "stop_position", "bus": "yes", "stop_role": "platform", "operator": null, "district_name": "Yangikhayot district", "district_assignment": "within" }, "geometry": { "type": "Point", "coordinates": [ 69.2002823, 41.2229504 ] } },
{ "type": "Feature", "properties": { "osm_element": "way", "osm_id": 1478913631, "name": null, "name_ru": "Школа №141", "highway": "bus_stop", "public_transport": "platform", "bus": null, "stop_role": "platform", "operator": null, "district_name": "Shaykhantakhur district", "district_assignment": "within" }, "geometry": { "type": "Point", "coordinates": [ 69.2098371, 41.3163267 ] } },
{ "type": "Feature", "properties": { "osm_element": "way", "osm_id": 1478913636, "name": null, "name_ru": "Школа №141", "highway": "bus_stop", "public_transport": "platform", "bus": null, "stop_role": "platform", "operator": null, "district_name": "Shaykhantakhur district", "district_assignment": "within" }, "geometry": { "type": "Point", "coordinates": [ 69.210273, 41.317142 ] } },
{ "type": "Feature", "properties": { "osm_element": "node", "osm_id": 1480097311, "name": "Moskva kafesi", "name_ru": "Кафе Москва", "highway": "bus_stop", "public_transport": "stop_position", "bus": "yes", "stop_role": "platform", "operator": null, "district_name": "Uchtepa district", "district_assignment": "within" }, "geometry": { "type": "Point", "coordinates": [ 69.1775447, 41.2792052 ] } },
{ "type": "Feature", "properties": { "osm_element": "way", "osm_id": 1484701973, "name": "Bolalar sanatoriysi", "name_ru": "Детский санаторий", "highway": "bus_stop", "public_transport": "platform", "bus": null, "stop_role": "platform", "operator": null, "district_name": "Mirzo Ulugbek district", "district_assignment": "within" }, "geometry": { "type": "Point", "coordinates": [ 69.3808843, 41.351293 ] } },
{ "type": "Feature", "properties": { "osm_element": "way", "osm_id": 1484702000, "name": "8-Avtobus saroyi", "name_ru": "Автопарк № 8", "highway": "bus_stop", "public_transport": "platform", "bus": "yes", "stop_role": "platform", "operator": null, "district_name": "Yunusabad district", "district_assignment": "within" }, "geometry": { "type": "Point", "coordinates": [ 69.3030653, 41.3599257 ] } },
{ "type": "Feature", "properties": { "osm_element": "way", "osm_id": 1484702002, "name": "5-sonli bolalar kasalxonasi", "name_ru": "Детская инфекционная больница № 5", "highway": "bus_stop", "public_transport": "platform", "bus": "yes", "stop_role": "platform", "operator": null, "district_name": "Yunusabad district", "district_assignment": "within" }, "geometry": { "type": "Point", "coordinates": [ 69.2981932, 41.362846 ] } },
{ "type": "Feature", "properties": { "osm_element": "way", "osm_id": 1484702046, "name": "Yunusobod mavzesi 2-daha", "name_ru": "Массив \"Юнусабад\", квартал 2", "highway": null, "public_transport": "platform", "bus": "yes", "stop_role": "platform", "operator": null, "district_name": "Yunusabad district", "district_assignment": "within" }, "geometry": { "type": "Point", "coordinates": [ 69.2888821, 41.3587505 ] } },
{ "type": "Feature", "properties": { "osm_element": "way", "osm_id": 1491275184, "name": "Do'stlik metro bekati", "name_ru": "Станция метро \"Дустлик\"", "highway": "bus_stop", "public_transport": "platform", "bus": "yes", "stop_role": "platform", "operator": null, "district_name": "Yashnabad district", "district_assignment": "within" }, "geometry": { "type": "Point", "coordinates": [ 69.3217024, 41.2941287 ] } },
{ "type": "Feature", "properties": { "osm_element": "way", "osm_id": 1491275200, "name": "Do'stlik metro bekati", "name_ru": "Станция метро \"Дустлик\"", "highway": "bus_stop", "public_transport": "platform", "bus": "yes", "stop_role": "platform", "operator": null, "district_name": "Yashnabad district", "district_assignment": "within" }, "geometry": { "type": "Point", "coordinates": [ 69.32198, 41.2936576 ] } },
{ "type": "Feature", "properties": { "osm_element": "way", "osm_id": 1491275223, "name": "TashMU-1", "name_ru": "ТашМИ-1", "highway": "bus_stop", "public_transport": "platform", "bus": null, "stop_role": "platform", "operator": null, "district_name": "Yashnabad district", "district_assignment": "within" }, "geometry": { "type": "Point", "coordinates": [ 69.2989264, 41.3072461 ] } },
{ "type": "Feature", "properties": { "osm_element": "way", "osm_id": 1491294340, "name": "Markaziy telegraf", "name_ru": "Центральный телеграф", "highway": "bus_stop", "public_transport": "platform", "bus": null, "stop_role": "platform", "operator": null, "district_name": "Shaykhantakhur district", "district_assignment": "within" }, "geometry": { "type": "Point", "coordinates": [ 69.2475362, 41.3218604 ] } },
{ "type": "Feature", "properties": { "osm_element": "way", "osm_id": 1491966363, "name": "Botkin ko'chasi", "name_ru": "улица Боткина", "highway": "bus_stop", "public_transport": "platform", "bus": null, "stop_role": "platform", "operator": null, "district_name": "Yashnabad district", "district_assignment": "within" }, "geometry": { "type": "Point", "coordinates": [ 69.3103754, 41.3076017 ] } },
{ "type": "Feature", "properties": { "osm_element": "way", "osm_id": 1498277819, "name": "Qozirabod mahallasi", "name_ru": "Махалля \"Козиробод\"", "highway": "bus_stop", "public_transport": "platform", "bus": "yes", "stop_role": "platform", "operator": null, "district_name": "Chilanzar district", "district_assignment": "within" }, "geometry": { "type": "Point", "coordinates": [ 69.2170342, 41.2793647 ] } },
{ "type": "Feature", "properties": { "osm_element": "way", "osm_id": 1500859412, "name": "Tolariq ko'chasi", "name_ru": "Улица Таларык", "highway": null, "public_transport": "platform", "bus": "yes", "stop_role": "platform", "operator": null, "district_name": "Yashnabad district", "district_assignment": "within" }, "geometry": { "type": "Point", "coordinates": [ 69.320206, 41.2567842 ] } },
{ "type": "Feature", "properties": { "osm_element": "way", "osm_id": 1501132670, "name": "Xalq sudi", "name_ru": "Народный суд", "highway": "bus_stop", "public_transport": "platform", "bus": null, "stop_role": "platform", "operator": null, "district_name": "Yakkasaray district", "district_assignment": "within" }, "geometry": { "type": "Point", "coordinates": [ 69.2557197, 41.2801313 ] } },
{ "type": "Feature", "properties": { "osm_element": "way", "osm_id": 1502185517, "name": "Shirin ko'chasi", "name_ru": "Улица Ширин", "highway": "bus_stop", "public_transport": "platform", "bus": "yes", "stop_role": "platform", "operator": null, "district_name": "Uchtepa district", "district_assignment": "within" }, "geometry": { "type": "Point", "coordinates": [ 69.1704456, 41.285258 ] } },
{ "type": "Feature", "properties": { "osm_element": "way", "osm_id": 1505219691, "name": "Obirahmat mahallasi", "name_ru": "Махалля Обирахмат", "highway": "bus_stop", "public_transport": "platform", "bus": null, "stop_role": "platform", "operator": null, "district_name": "Sergeli district", "district_assignment": "within" }, "geometry": { "type": "Point", "coordinates": [ 69.2525741, 41.2524953 ] } },
{ "type": "Feature", "properties": { "osm_element": "way", "osm_id": 1505219701, "name": "Qo'yliq dahasi 7-mavze", "name_ru": "Массив Куйлюк квартал 7", "highway": null, "public_transport": "platform", "bus": "yes", "stop_role": "platform", "operator": null, "district_name": "Sergeli district", "district_assignment": "within" }, "geometry": { "type": "Point", "coordinates": [ 69.2679122, 41.2445496 ] } },
{ "type": "Feature", "properties": { "osm_element": "way", "osm_id": 1505219709, "name": "Qo'yliq dahasi 7-mavze", "name_ru": "Массив Куйлюк квартал 7", "highway": null, "public_transport": "platform", "bus": "yes", "stop_role": "platform", "operator": null, "district_name": "Sergeli district", "district_assignment": "within" }, "geometry": { "type": "Point", "coordinates": [ 69.2686169, 41.2442122 ] } },
{ "type": "Feature", "properties": { "osm_element": "way", "osm_id": 1505905633, "name": "Temiryo'lchilar poliklinikasi", "name_ru": "Железнодорожная поликлиника", "highway": null, "public_transport": "platform", "bus": "yes", "stop_role": "platform", "operator": null, "district_name": "Mirabad district", "district_assignment": "within" }, "geometry": { "type": "Point", "coordinates": [ 69.2817673, 41.2867176 ] } },
{ "type": "Feature", "properties": { "osm_element": "node", "osm_id": 1506174659, "name": "Chilonzor dahasi 19-mavze", "name_ru": "Массив Чиланзар, квартал 19", "highway": "bus_stop", "public_transport": "stop_position", "bus": "yes", "stop_role": "platform", "operator": null, "district_name": "Chilanzar district", "district_assignment": "within" }, "geometry": { "type": "Point", "coordinates": [ 69.1817332, 41.2679883 ] } },
{ "type": "Feature", "properties": { "osm_element": "node", "osm_id": 1506193879, "name": "217-sonli maktab", "name_ru": "Школа №217", "highway": "bus_stop", "public_transport": "stop_position", "bus": "yes", "stop_role": "platform", "operator": null, "district_name": "Chilanzar district", "district_assignment": "within" }, "geometry": { "type": "Point", "coordinates": [ 69.1726591, 41.2684442 ] } },
{ "type": "Feature", "properties": { "osm_element": "way", "osm_id": 1508201070, "name": "Yunusobod dehqon bozori", "name_ru": "Юнусабадский Базар", "highway": null, "public_transport": "platform", "bus": "yes", "stop_role": "platform", "operator": null, "district_name": "Yunusabad district", "district_assignment": "within" }, "geometry": { "type": "Point", "coordinates": [ 69.287999, 41.3631914 ] } },
{ "type": "Feature", "properties": { "osm_element": "way", "osm_id": 1508201093, "name": "Uzavtosanoat", "name_ru": "Узавтосаноат", "highway": "bus_stop", "public_transport": "platform", "bus": "yes", "stop_role": "platform", "operator": null, "district_name": "Mirabad district", "district_assignment": "within" }, "geometry": { "type": "Point", "coordinates": [ 69.2770019, 41.3064049 ] } },
{ "type": "Feature", "properties": { "osm_element": "node", "osm_id": 1519571300, "name": "Районное ГАИ", "name_ru": "Районное ГАИ", "highway": "bus_stop", "public_transport": "stop_position", "bus": "yes", "stop_role": "platform", "operator": null, "district_name": "Mirzo Ulugbek district", "district_assignment": "within" }, "geometry": { "type": "Point", "coordinates": [ 69.3859812, 41.344477 ] } },
{ "type": "Feature", "properties": { "osm_element": "node", "osm_id": 1519571308, "name": "Gastronom", "name_ru": "Гастроном", "highway": "bus_stop", "public_transport": "stop_position", "bus": "yes", "stop_role": "platform", "operator": null, "district_name": "Mirzo Ulugbek district", "district_assignment": "within" }, "geometry": { "type": "Point", "coordinates": [ 69.3878511, 41.3521732 ] } },
{ "type": "Feature", "properties": { "osm_element": "node", "osm_id": 1519571341, "name": "Ahmad Yugnaki mavzesi", "name_ru": "массив Ахмад Югнаки", "highway": "bus_stop", "public_transport": "stop_position", "bus": "yes", "stop_role": "platform", "operator": null, "district_name": "Mirzo Ulugbek district", "district_assignment": "within" }, "geometry": { "type": "Point", "coordinates": [ 69.3814432, 41.3446633 ] } },
{ "type": "Feature", "properties": { "osm_element": "node", "osm_id": 1522920439, "name": "Chilonzor dahasi 11-mavze", "name_ru": "Массив \"Чиланзар\", квартал 11", "highway": "bus_stop", "public_transport": "stop_position", "bus": "yes", "stop_role": "platform", "operator": null, "district_name": "Chilanzar district", "district_assignment": "boundary_nearest" }, "geometry": { "type": "Point", "coordinates": [ 69.1953879, 41.2803618 ] } },
{ "type": "Feature", "properties": { "osm_element": "node", "osm_id": 1522920570, "name": "Al Xorazmiy maydoni", "name_ru": "Площадь \"Аль-Хорезми\"", "highway": "bus_stop", "public_transport": "stop_position", "bus": "yes", "stop_role": "platform", "operator": null, "district_name": "Chilanzar district", "district_assignment": "within" }, "geometry": { "type": "Point", "coordinates": [ 69.1930757, 41.275138 ] } },
{ "type": "Feature", "properties": { "osm_element": "node", "osm_id": 1524571465, "name": "Chilonzor dahasi 18-mavze", "name_ru": "Массив \"Чиланзар\", квартал 18", "highway": "bus_stop", "public_transport": "stop_position", "bus": "yes", "stop_role": "platform", "operator": null, "district_name": "Chilanzar district", "district_assignment": "within" }, "geometry": { "type": "Point", "coordinates": [ 69.1884645, 41.2740723 ] } },
{ "type": "Feature", "properties": { "osm_element": "node", "osm_id": 1524589781, "name": "Shuhrat do'koni", "name_ru": "Магазин \"Шухрат\"", "highway": "bus_stop", "public_transport": "stop_position", "bus": "yes", "stop_role": "platform", "operator": null, "district_name": "Chilanzar district", "district_assignment": "within" }, "geometry": { "type": "Point", "coordinates": [ 69.197223, 41.2794011 ] } },
{ "type": "Feature", "properties": { "osm_element": "node", "osm_id": 1532670336, "name": "Торговый комплекс", "name_ru": "Торговый комплекс", "highway": "bus_stop", "public_transport": null, "bus": null, "stop_role": "platform", "operator": null, "district_name": "Almazar district", "district_assignment": "within" }, "geometry": { "type": "Point", "coordinates": [ 69.2146107, 41.3635253 ] } },
{ "type": "Feature", "properties": { "osm_element": "node", "osm_id": 1539317105, "name": "Sovplastital", "name_ru": "Универсам", "highway": "bus_stop", "public_transport": "stop_position", "bus": "yes", "stop_role": "platform", "operator": null, "district_name": "Shaykhantakhur district", "district_assignment": "within" }, "geometry": { "type": "Point", "coordinates": [ 69.2518234, 41.3261199 ] } },
{ "type": "Feature", "properties": { "osm_element": "node", "osm_id": 1539317107, "name": "G'afur G'ulom metrosi", "name_ru": "Станция метро \"Гафура Гуляма\"", "highway": "bus_stop", "public_transport": "stop_position", "bus": "yes", "stop_role": "platform", "operator": null, "district_name": "Shaykhantakhur district", "district_assignment": "within" }, "geometry": { "type": "Point", "coordinates": [ 69.2486865, 41.3278728 ] } },
{ "type": "Feature", "properties": { "osm_element": "node", "osm_id": 1539351121, "name": null, "name_ru": null, "highway": "bus_stop", "public_transport": null, "bus": null, "stop_role": "platform", "operator": null, "district_name": "Shaykhantakhur district", "district_assignment": "within" }, "geometry": { "type": "Point", "coordinates": [ 69.2512534, 41.3272292 ] } },
{ "type": "Feature", "properties": { "osm_element": "node", "osm_id": 1539351122, "name": "Transport agentligi", "name_ru": "Транспортное агентство", "highway": "bus_stop", "public_transport": "stop_position", "bus": "yes", "stop_role": "platform", "operator": null, "district_name": "Shaykhantakhur district", "district_assignment": "within" }, "geometry": { "type": "Point", "coordinates": [ 69.2558487, 41.3243625 ] } },
{ "type": "Feature", "properties": { "osm_element": "node", "osm_id": 1539351125, "name": "Turon mehmonxonasi", "name_ru": "Гостиница \"Турон\"", "highway": "bus_stop", "public_transport": "stop_position", "bus": "yes", "stop_role": "platform", "operator": null, "district_name": "Shaykhantakhur district", "district_assignment": "within" }, "geometry": { "type": "Point", "coordinates": [ 69.2602619, 41.3239417 ] } },
{ "type": "Feature", "properties": { "osm_element": "node", "osm_id": 1539369100, "name": "G'afur G'ulom metrosi", "name_ru": "Станция метро \"Гафура Гуляма\"", "highway": "bus_stop", "public_transport": "stop_position", "bus": "yes", "stop_role": "platform", "operator": null, "district_name": "Almazar district", "district_assignment": "boundary_nearest" }, "geometry": { "type": "Point", "coordinates": [ 69.2490626, 41.3293371 ] } },
{ "type": "Feature", "properties": { "osm_element": "node", "osm_id": 1547215269, "name": "Торговый комплекс", "name_ru": "Торговый комплекс", "highway": "bus_stop", "public_transport": null, "bus": null, "stop_role": "platform", "operator": null, "district_name": "Almazar district", "district_assignment": "within" }, "geometry": { "type": "Point", "coordinates": [ 69.2140712, 41.364062 ] } },
{ "type": "Feature", "properties": { "osm_element": "node", "osm_id": 1556076714, "name": "Toʻqimachilik kombinati", "name_ru": "Текстильный комбинат", "highway": "bus_stop", "public_transport": "stop_position", "bus": "yes", "stop_role": "platform", "operator": "3,12,32,34,45,69,79,135", "district_name": "Yakkasaray district", "district_assignment": "within" }, "geometry": { "type": "Point", "coordinates": [ 69.2451634, 41.274167 ] } },
{ "type": "Feature", "properties": { "osm_element": "node", "osm_id": 1562194442, "name": "Chilonzor metro bekati", "name_ru": "Станция метро \"Чиланзар\"", "highway": "bus_stop", "public_transport": "stop_position", "bus": "yes", "stop_role": "platform", "operator": null, "district_name": "Chilanzar district", "district_assignment": "within" }, "geometry": { "type": "Point", "coordinates": [ 69.2030351, 41.2758722 ] } },
{ "type": "Feature", "properties": { "osm_element": "node", "osm_id": 1564072267, "name": "Qushbegi dahasi", "name_ru": "Массив \"Кушбеги\"", "highway": "bus_stop", "public_transport": "stop_position", "bus": "yes", "stop_role": "platform", "operator": "3,9т,12,32,45,69,79", "district_name": "Yakkasaray district", "district_assignment": "within" }, "geometry": { "type": "Point", "coordinates": [ 69.246229, 41.2670576 ] } },
{ "type": "Feature", "properties": { "osm_element": "node", "osm_id": 1564090156, "name": "Махалля \"Дилбулак\"", "name_ru": null, "highway": "bus_stop", "public_transport": "stop_position", "bus": "yes", "stop_role": "platform", "operator": "3,9т,12,32,45,69,79", "district_name": "Yakkasaray district", "district_assignment": "within" }, "geometry": { "type": "Point", "coordinates": [ 69.2459836, 41.2686948 ] } },
{ "type": "Feature", "properties": { "osm_element": "node", "osm_id": 1567441497, "name": null, "name_ru": "Улица Авлиёота", "highway": "bus_stop", "public_transport": "platform", "bus": "yes", "stop_role": "platform", "operator": null, "district_name": "Mirabad district", "district_assignment": "within" }, "geometry": { "type": "Point", "coordinates": [ 69.2811151, 41.2894659 ] } },
{ "type": "Feature", "properties": { "osm_element": "node", "osm_id": 1569569011, "name": "Toshkent metro bekati", "name_ru": "Станция метро Ташкент", "highway": "bus_stop", "public_transport": "stop_position", "bus": "yes", "stop_role": "platform", "operator": null, "district_name": "Mirabad district", "district_assignment": "within" }, "geometry": { "type": "Point", "coordinates": [ 69.2879876, 41.2929342 ] } },
{ "type": "Feature", "properties": { "osm_element": "node", "osm_id": 1595853391, "name": "Turkiston metro bekati", "name_ru": "Станция метро \"Туркестан\"", "highway": "bus_stop", "public_transport": "stop_position", "bus": "yes", "stop_role": "platform", "operator": null, "district_name": "Yunusabad district", "district_assignment": "within" }, "geometry": { "type": "Point", "coordinates": [ 69.296382, 41.3754365 ] } },
{ "type": "Feature", "properties": { "osm_element": "node", "osm_id": 1595925268, "name": "TOEMZ", "name_ru": "ТОМЗ", "highway": "bus_stop", "public_transport": "stop_position", "bus": "yes", "stop_role": "platform", "operator": null, "district_name": "Mirzo Ulugbek district", "district_assignment": "within" }, "geometry": { "type": "Point", "coordinates": [ 69.3228308, 41.3366692 ] } },
{ "type": "Feature", "properties": { "osm_element": "node", "osm_id": 1595925269, "name": "Harbiylar gospitali", "name_ru": "Военный госпиталь", "highway": "bus_stop", "public_transport": "stop_position", "bus": "yes", "stop_role": "platform", "operator": null, "district_name": "Mirzo Ulugbek district", "district_assignment": "within" }, "geometry": { "type": "Point", "coordinates": [ 69.3306212, 41.33755 ] } },
{ "type": "Feature", "properties": { "osm_element": "node", "osm_id": 1595925271, "name": "TOEMZ", "name_ru": "ТОМЗ", "highway": "bus_stop", "public_transport": "stop_position", "bus": "yes", "stop_role": "platform", "operator": null, "district_name": "Mirzo Ulugbek district", "district_assignment": "within" }, "geometry": { "type": "Point", "coordinates": [ 69.3244106, 41.3367599 ] } },
{ "type": "Feature", "properties": { "osm_element": "node", "osm_id": 1595925272, "name": "Harbiylar gospitali", "name_ru": "Военный госпиталь", "highway": "bus_stop", "public_transport": "stop_position", "bus": "yes", "stop_role": "platform", "operator": null, "district_name": "Mirzo Ulugbek district", "district_assignment": "within" }, "geometry": { "type": "Point", "coordinates": [ 69.329339, 41.3375003 ] } },
{ "type": "Feature", "properties": { "osm_element": "node", "osm_id": 1624785264, "name": "Tibbiyot Akademiyasi", "name_ru": "Медицинская академия", "highway": "bus_stop", "public_transport": "stop_position", "bus": "yes", "stop_role": "platform", "operator": null, "district_name": "Almazar district", "district_assignment": "within" }, "geometry": { "type": "Point", "coordinates": [ 69.176934, 41.3573639 ] } },
{ "type": "Feature", "properties": { "osm_element": "node", "osm_id": 1628077813, "name": null, "name_ru": null, "highway": "bus_stop", "public_transport": "stop_position", "bus": "yes", "stop_role": "platform", "operator": null, "district_name": "Shaykhantakhur district", "district_assignment": "within" }, "geometry": { "type": "Point", "coordinates": [ 69.174431, 41.3354075 ] } },
{ "type": "Feature", "properties": { "osm_element": "node", "osm_id": 1632337664, "name": "Sag'bon ko'chasi", "name_ru": "Улица Сагбан", "highway": "bus_stop", "public_transport": "stop_position", "bus": "yes", "stop_role": "platform", "operator": null, "district_name": "Almazar district", "district_assignment": "within" }, "geometry": { "type": "Point", "coordinates": [ 69.2302591, 41.3408828 ] } },
{ "type": "Feature", "properties": { "osm_element": "node", "osm_id": 1654756097, "name": "2-sonli poliklinika", "name_ru": "Поликлиника № 2", "highway": "bus_stop", "public_transport": "stop_position", "bus": "yes", "stop_role": "platform", "operator": null, "district_name": "Mirabad district", "district_assignment": "within" }, "geometry": { "type": "Point", "coordinates": [ 69.3128273, 41.2533558 ] } },
{ "type": "Feature", "properties": { "osm_element": "node", "osm_id": 1654756109, "name": "2-sonli poliklinika", "name_ru": "Поликлиника № 2", "highway": "bus_stop", "public_transport": "stop_position", "bus": "yes", "stop_role": "platform", "operator": null, "district_name": "Mirabad district", "district_assignment": "within" }, "geometry": { "type": "Point", "coordinates": [ 69.3125547, 41.2534313 ] } },
{ "type": "Feature", "properties": { "osm_element": "node", "osm_id": 1656237186, "name": "Axborot texnologiyalari universiteti", "name_ru": "ТУИТ", "highway": "bus_stop", "public_transport": "stop_position", "bus": "yes", "stop_role": "platform", "operator": null, "district_name": "Yunusabad district", "district_assignment": "within" }, "geometry": { "type": "Point", "coordinates": [ 69.2862416, 41.3423833 ] } },
{ "type": "Feature", "properties": { "osm_element": "node", "osm_id": 1656237189, "name": "Axborot texnologiyalari universiteti", "name_ru": "ТУИТ", "highway": "bus_stop", "public_transport": "stop_position", "bus": "yes", "stop_role": "platform", "operator": null, "district_name": "Yunusabad district", "district_assignment": "within" }, "geometry": { "type": "Point", "coordinates": [ 69.2860672, 41.3426203 ] } },
{ "type": "Feature", "properties": { "osm_element": "node", "osm_id": 1762010218, "name": null, "name_ru": null, "highway": "bus_stop", "public_transport": null, "bus": null, "stop_role": "platform", "operator": null, "district_name": "Almazar district", "district_assignment": "within" }, "geometry": { "type": "Point", "coordinates": [ 69.2264355, 41.3581694 ] } },
{ "type": "Feature", "properties": { "osm_element": "node", "osm_id": 1762010219, "name": null, "name_ru": null, "highway": "bus_stop", "public_transport": "stop_position", "bus": "yes", "stop_role": "platform", "operator": null, "district_name": "Almazar district", "district_assignment": "within" }, "geometry": { "type": "Point", "coordinates": [ 69.2257766, 41.3580205 ] } },
{ "type": "Feature", "properties": { "osm_element": "node", "osm_id": 1762016213, "name": "Сагбан", "name_ru": "Сагбан", "highway": "bus_stop", "public_transport": "platform", "bus": "yes", "stop_role": "platform", "operator": null, "district_name": "Almazar district", "district_assignment": "within" }, "geometry": { "type": "Point", "coordinates": [ 69.22755, 41.3485661 ] } },
{ "type": "Feature", "properties": { "osm_element": "node", "osm_id": 1762020640, "name": "Аптека", "name_ru": null, "highway": "bus_stop", "public_transport": null, "bus": null, "stop_role": "platform", "operator": null, "district_name": "Almazar district", "district_assignment": "within" }, "geometry": { "type": "Point", "coordinates": [ 69.214952, 41.3603344 ] } },
{ "type": "Feature", "properties": { "osm_element": "node", "osm_id": 1762020642, "name": "Торговый комплекс", "name_ru": "Торговый комплекс", "highway": "bus_stop", "public_transport": null, "bus": null, "stop_role": "platform", "operator": null, "district_name": "Almazar district", "district_assignment": "within" }, "geometry": { "type": "Point", "coordinates": [ 69.2148433, 41.3643868 ] } },
{ "type": "Feature", "properties": { "osm_element": "node", "osm_id": 1764934003, "name": "Shirin ko'chasi", "name_ru": "Улица Ширин", "highway": "bus_stop", "public_transport": "stop_position", "bus": "yes", "stop_role": "platform", "operator": null, "district_name": "Uchtepa district", "district_assignment": "within" }, "geometry": { "type": "Point", "coordinates": [ 69.17072, 41.284589 ] } },
{ "type": "Feature", "properties": { "osm_element": "node", "osm_id": 1768294692, "name": "ГСКБ", "name_ru": "ГСКБ", "highway": "bus_stop", "public_transport": null, "bus": null, "stop_role": "platform", "operator": null, "district_name": "Almazar district", "district_assignment": "within" }, "geometry": { "type": "Point", "coordinates": [ 69.2264855, 41.3548577 ] } },
{ "type": "Feature", "properties": { "osm_element": "node", "osm_id": 1768304065, "name": "Талабалар бекати", "name_ru": "Талабалар бекати", "highway": "bus_stop", "public_transport": null, "bus": null, "stop_role": "platform", "operator": "Nodirbek Movlonov", "district_name": "Almazar district", "district_assignment": "within" }, "geometry": { "type": "Point", "coordinates": [ 69.2112397, 41.3517576 ] } },
{ "type": "Feature", "properties": { "osm_element": "node", "osm_id": 1768304068, "name": "Universitet shaharchasi", "name_ru": "Университетский городок", "highway": "bus_stop", "public_transport": "stop_position", "bus": "yes", "stop_role": "platform", "operator": null, "district_name": "Almazar district", "district_assignment": "within" }, "geometry": { "type": "Point", "coordinates": [ 69.2121328, 41.3516225 ] } },
{ "type": "Feature", "properties": { "osm_element": "node", "osm_id": 1768324480, "name": "Глазная больница", "name_ru": "Глазная больница", "highway": "bus_stop", "public_transport": null, "bus": null, "stop_role": "platform", "operator": null, "district_name": "Almazar district", "district_assignment": "within" }, "geometry": { "type": "Point", "coordinates": [ 69.2182221, 41.356031 ] } },
{ "type": "Feature", "properties": { "osm_element": "node", "osm_id": 1768324485, "name": "Аптека", "name_ru": null, "highway": "bus_stop", "public_transport": null, "bus": null, "stop_role": "platform", "operator": null, "district_name": "Almazar district", "district_assignment": "within" }, "geometry": { "type": "Point", "coordinates": [ 69.2146099, 41.359706 ] } },
{ "type": "Feature", "properties": { "osm_element": "node", "osm_id": 1768324490, "name": "ГСКБ", "name_ru": "ГСКБ", "highway": "bus_stop", "public_transport": "platform", "bus": "yes", "stop_role": "platform", "operator": null, "district_name": "Almazar district", "district_assignment": "within" }, "geometry": { "type": "Point", "coordinates": [ 69.2273841, 41.3552891 ] } },
{ "type": "Feature", "properties": { "osm_element": "node", "osm_id": 1768342792, "name": "AYoQSh", "name_ru": "АЗС", "highway": "bus_stop", "public_transport": "stop_position", "bus": "yes", "stop_role": "platform", "operator": null, "district_name": "Almazar district", "district_assignment": "within" }, "geometry": { "type": "Point", "coordinates": [ 69.2056155, 41.3586704 ] } },
{ "type": "Feature", "properties": { "osm_element": "node", "osm_id": 1768342805, "name": "AYoQSh", "name_ru": "АЗС", "highway": "bus_stop", "public_transport": "stop_position", "bus": "yes", "stop_role": "platform", "operator": null, "district_name": "Almazar district", "district_assignment": "within" }, "geometry": { "type": "Point", "coordinates": [ 69.2057349, 41.357449 ] } },
{ "type": "Feature", "properties": { "osm_element": "node", "osm_id": 1768342808, "name": "Madaniyat kolleji", "name_ru": "Колледж культуры", "highway": "bus_stop", "public_transport": "stop_position", "bus": "yes", "stop_role": "platform", "operator": null, "district_name": "Almazar district", "district_assignment": "within" }, "geometry": { "type": "Point", "coordinates": [ 69.2088215, 41.3551137 ] } },
{ "type": "Feature", "properties": { "osm_element": "node", "osm_id": 1768342812, "name": "IIV markaziy gospitali", "name_ru": "Госпиталь МВД", "highway": "bus_stop", "public_transport": "stop_position", "bus": "yes", "stop_role": "platform", "operator": null, "district_name": "Almazar district", "district_assignment": "within" }, "geometry": { "type": "Point", "coordinates": [ 69.2038565, 41.3611688 ] } },
{ "type": "Feature", "properties": { "osm_element": "node", "osm_id": 1768342815, "name": "Farg‘ona kafesi", "name_ru": "Кафе \"Фергана\"", "highway": "bus_stop", "public_transport": "stop_position", "bus": "yes", "stop_role": "platform", "operator": null, "district_name": "Almazar district", "district_assignment": "within" }, "geometry": { "type": "Point", "coordinates": [ 69.203853, 41.3636019 ] } },
{ "type": "Feature", "properties": { "osm_element": "node", "osm_id": 1768342818, "name": "Farg‘ona kafesi", "name_ru": "Кафе \"Фергана\"", "highway": "bus_stop", "public_transport": "stop_position", "bus": "yes", "stop_role": "platform", "operator": null, "district_name": "Almazar district", "district_assignment": "within" }, "geometry": { "type": "Point", "coordinates": [ 69.20494, 41.3639944 ] } },
{ "type": "Feature", "properties": { "osm_element": "node", "osm_id": 1768347690, "name": "Госпиталь СНБ", "name_ru": "Госпиталь СНБ", "highway": "bus_stop", "public_transport": null, "bus": null, "stop_role": "platform", "operator": null, "district_name": "Almazar district", "district_assignment": "within" }, "geometry": { "type": "Point", "coordinates": [ 69.208972, 41.3640768 ] } },
{ "type": "Feature", "properties": { "osm_element": "node", "osm_id": 1768347691, "name": "Госпиталь СГБ", "name_ru": "Госпиталь СГБ", "highway": "bus_stop", "public_transport": "platform", "bus": "yes", "stop_role": "platform", "operator": null, "district_name": "Almazar district", "district_assignment": "within" }, "geometry": { "type": "Point", "coordinates": [ 69.2096201, 41.3639748 ] } },
{ "type": "Feature", "properties": { "osm_element": "node", "osm_id": 1769306830, "name": "Абдулла Набиев", "name_ru": "Абдула Набиев", "highway": "bus_stop", "public_transport": "platform", "bus": "yes", "stop_role": "platform", "operator": null, "district_name": "Almazar district", "district_assignment": "within" }, "geometry": { "type": "Point", "coordinates": [ 69.2273916, 41.3497101 ] } },
{ "type": "Feature", "properties": { "osm_element": "node", "osm_id": 1769306831, "name": "Фарфоровый завод", "name_ru": null, "highway": "bus_stop", "public_transport": "platform", "bus": "yes", "stop_role": "platform", "operator": null, "district_name": "Almazar district", "district_assignment": "within" }, "geometry": { "type": "Point", "coordinates": [ 69.2297353, 41.3436221 ] } },
{ "type": "Feature", "properties": { "osm_element": "node", "osm_id": 1769306832, "name": "Фарфоровый завод", "name_ru": null, "highway": "bus_stop", "public_transport": "platform", "bus": "yes", "stop_role": "platform", "operator": null, "district_name": "Almazar district", "district_assignment": "within" }, "geometry": { "type": "Point", "coordinates": [ 69.2295227, 41.3442153 ] } },
{ "type": "Feature", "properties": { "osm_element": "node", "osm_id": 1769753315, "name": "Нукус кинотеатр", "name_ru": "Нукус кинотеатр", "highway": "bus_stop", "public_transport": null, "bus": null, "stop_role": "platform", "operator": null, "district_name": "Almazar district", "district_assignment": "within" }, "geometry": { "type": "Point", "coordinates": [ 69.2181398, 41.3497478 ] } },
{ "type": "Feature", "properties": { "osm_element": "node", "osm_id": 1769767716, "name": "Chimboy doʻkoni", "name_ru": "Магазин \"Чимбай\"", "highway": "bus_stop", "public_transport": "stop_position", "bus": "yes", "stop_role": "platform", "operator": null, "district_name": "Almazar district", "district_assignment": "within" }, "geometry": { "type": "Point", "coordinates": [ 69.2154462, 41.3471443 ] } },
{ "type": "Feature", "properties": { "osm_element": "node", "osm_id": 1769767719, "name": "Yotoqxonalar", "name_ru": "Общежитие", "highway": "bus_stop", "public_transport": "stop_position", "bus": "yes", "stop_role": "platform", "operator": null, "district_name": "Almazar district", "district_assignment": "within" }, "geometry": { "type": "Point", "coordinates": [ 69.2139532, 41.3497144 ] } },
{ "type": "Feature", "properties": { "osm_element": "node", "osm_id": 1769873178, "name": null, "name_ru": null, "highway": "bus_stop", "public_transport": "stop_position", "bus": "yes", "stop_role": "platform", "operator": null, "district_name": "Almazar district", "district_assignment": "within" }, "geometry": { "type": "Point", "coordinates": [ 69.2164158, 41.3478631 ] } },
{ "type": "Feature", "properties": { "osm_element": "node", "osm_id": 1770297126, "name": "Beruniy maydoni", "name_ru": "Площадь Беруни", "highway": "bus_stop", "public_transport": "stop_position", "bus": "yes", "stop_role": "platform", "operator": null, "district_name": "Almazar district", "district_assignment": "within" }, "geometry": { "type": "Point", "coordinates": [ 69.2079144, 41.33966 ] } },
{ "type": "Feature", "properties": { "osm_element": "node", "osm_id": 1770297127, "name": "Beruniy maydoni", "name_ru": "Площадь Беруни", "highway": "bus_stop", "public_transport": "platform", "bus": "yes", "stop_role": "platform", "operator": null, "district_name": "Shaykhantakhur district", "district_assignment": "within" }, "geometry": { "type": "Point", "coordinates": [ 69.2066064, 41.3387349 ] } },
{ "type": "Feature", "properties": { "osm_element": "node", "osm_id": 1770300838, "name": "Beruniy maydoni", "name_ru": "Площадь Беруни", "highway": "bus_stop", "public_transport": "stop_position", "bus": "yes", "stop_role": "platform", "operator": null, "district_name": "Almazar district", "district_assignment": "boundary_nearest" }, "geometry": { "type": "Point", "coordinates": [ 69.2066101, 41.3394738 ] } },
{ "type": "Feature", "properties": { "osm_element": "node", "osm_id": 1770308624, "name": "Standartlashtirish markazi", "name_ru": "Центр стандартизации", "highway": "bus_stop", "public_transport": "stop_position", "bus": "yes", "stop_role": "platform", "operator": null, "district_name": "Almazar district", "district_assignment": "within" }, "geometry": { "type": "Point", "coordinates": [ 69.2111472, 41.3427226 ] } },
{ "type": "Feature", "properties": { "osm_element": "node", "osm_id": 1770328550, "name": "Tinchlik metrosi", "name_ru": "метро Тинчлик", "highway": "bus_stop", "public_transport": "platform", "bus": "yes", "stop_role": "platform", "operator": null, "district_name": "Almazar district", "district_assignment": "boundary_nearest" }, "geometry": { "type": "Point", "coordinates": [ 69.2178909, 41.3330938 ] } },
{ "type": "Feature", "properties": { "osm_element": "node", "osm_id": 1770370879, "name": "Eski Juva bozori", "name_ru": "Рынок Эски Жува", "highway": "bus_stop", "public_transport": "platform", "bus": "yes", "stop_role": "platform", "operator": null, "district_name": "Almazar district", "district_assignment": "within" }, "geometry": { "type": "Point", "coordinates": [ 69.2341428, 41.3299478 ] } },
{ "type": "Feature", "properties": { "osm_element": "node", "osm_id": 1770370885, "name": "Eski Juva maydoni", "name_ru": "Старый город", "highway": "bus_stop", "public_transport": "platform", "bus": "yes", "stop_role": "platform", "operator": null, "district_name": "Almazar district", "district_assignment": "within" }, "geometry": { "type": "Point", "coordinates": [ 69.2349108, 41.3302046 ] } },
{ "type": "Feature", "properties": { "osm_element": "node", "osm_id": 1770370894, "name": "Chorsu bozori", "name_ru": "Рынок Чорсу", "highway": "bus_stop", "public_transport": "stop_position", "bus": "yes", "stop_role": "platform", "operator": null, "district_name": "Shaykhantakhur district", "district_assignment": "within" }, "geometry": { "type": "Point", "coordinates": [ 69.2323591, 41.324708 ] } },
{ "type": "Feature", "properties": { "osm_element": "node", "osm_id": 1770376150, "name": "Абдулла Набиев", "name_ru": null, "highway": "bus_stop", "public_transport": "platform", "bus": "yes", "stop_role": "platform", "operator": null, "district_name": "Almazar district", "district_assignment": "within" }, "geometry": { "type": "Point", "coordinates": [ 69.2279718, 41.3502965 ] } },
{ "type": "Feature", "properties": { "osm_element": "node", "osm_id": 1770424358, "name": null, "name_ru": null, "highway": "bus_stop", "public_transport": null, "bus": null, "stop_role": "platform", "operator": null, "district_name": "Almazar district", "district_assignment": "within" }, "geometry": { "type": "Point", "coordinates": [ 69.2305296, 41.3613446 ] } },
{ "type": "Feature", "properties": { "osm_element": "node", "osm_id": 1770559115, "name": "Eski Juva bozori", "name_ru": "Рынок \"Эски Джува\"", "highway": "bus_stop", "public_transport": "stop_position", "bus": "yes", "stop_role": "platform", "operator": null, "district_name": "Almazar district", "district_assignment": "boundary_nearest" }, "geometry": { "type": "Point", "coordinates": [ 69.2373748, 41.3290911 ] } },
{ "type": "Feature", "properties": { "osm_element": "node", "osm_id": 1770565174, "name": null, "name_ru": null, "highway": "bus_stop", "public_transport": null, "bus": null, "stop_role": "platform", "operator": null, "district_name": "Almazar district", "district_assignment": "within" }, "geometry": { "type": "Point", "coordinates": [ 69.2306061, 41.3615081 ] } },
{ "type": "Feature", "properties": { "osm_element": "node", "osm_id": 1770578265, "name": "Магазин", "name_ru": "Магазин", "highway": "bus_stop", "public_transport": null, "bus": null, "stop_role": "platform", "operator": null, "district_name": "Almazar district", "district_assignment": "within" }, "geometry": { "type": "Point", "coordinates": [ 69.2377019, 41.3616599 ] } },
{ "type": "Feature", "properties": { "osm_element": "node", "osm_id": 1770578266, "name": "Магазин", "name_ru": "Магазин", "highway": "bus_stop", "public_transport": "platform", "bus": "yes", "stop_role": "platform", "operator": null, "district_name": "Almazar district", "district_assignment": "within" }, "geometry": { "type": "Point", "coordinates": [ 69.2377545, 41.3619297 ] } },
{ "type": "Feature", "properties": { "osm_element": "node", "osm_id": 1770578268, "name": "Onuks zavodi", "name_ru": "Завод \"Оникс\"", "highway": "bus_stop", "public_transport": "stop_position", "bus": "yes", "stop_role": "platform", "operator": null, "district_name": "Almazar district", "district_assignment": "within" }, "geometry": { "type": "Point", "coordinates": [ 69.247404, 41.356245 ] } },
{ "type": "Feature", "properties": { "osm_element": "node", "osm_id": 1770578276, "name": "Taraqqiyot ko'chasi", "name_ru": "Улица Тараккиёт", "highway": "bus_stop", "public_transport": "stop_position", "bus": "yes", "stop_role": "platform", "operator": null, "district_name": "Almazar district", "district_assignment": "within" }, "geometry": { "type": "Point", "coordinates": [ 69.2388852, 41.3557379 ] } },
{ "type": "Feature", "properties": { "osm_element": "node", "osm_id": 1770578280, "name": "Taraqqiyot ko'chasi", "name_ru": "Улица Тараккиёт", "highway": "bus_stop", "public_transport": "stop_position", "bus": "yes", "stop_role": "platform", "operator": null, "district_name": "Almazar district", "district_assignment": "within" }, "geometry": { "type": "Point", "coordinates": [ 69.239479, 41.356005 ] } },
{ "type": "Feature", "properties": { "osm_element": "node", "osm_id": 1770578289, "name": "Sanepidemstansiya", "name_ru": "Санэпидемстанция", "highway": "bus_stop", "public_transport": "stop_position", "bus": "yes", "stop_role": "platform", "operator": null, "district_name": "Almazar district", "district_assignment": "within" }, "geometry": { "type": "Point", "coordinates": [ 69.2433442, 41.3568691 ] } },
{ "type": "Feature", "properties": { "osm_element": "node", "osm_id": 1770608953, "name": "Qorasaroy", "name_ru": "Карасарай", "highway": "bus_stop", "public_transport": null, "bus": null, "stop_role": "platform", "operator": null, "district_name": "Almazar district", "district_assignment": "within" }, "geometry": { "type": "Point", "coordinates": [ 69.2405986, 41.3486095 ] } },
{ "type": "Feature", "properties": { "osm_element": "node", "osm_id": 1770608956, "name": "Северный Алмазар", "name_ru": "Северный Алмазар", "highway": "bus_stop", "public_transport": null, "bus": null, "stop_role": "platform", "operator": null, "district_name": "Almazar district", "district_assignment": "within" }, "geometry": { "type": "Point", "coordinates": [ 69.2514445, 41.3481735 ] } },
{ "type": "Feature", "properties": { "osm_element": "node", "osm_id": 1770609011, "name": "Олмазор молия", "name_ru": null, "highway": "bus_stop", "public_transport": null, "bus": null, "stop_role": "platform", "operator": null, "district_name": "Almazar district", "district_assignment": "within" }, "geometry": { "type": "Point", "coordinates": [ 69.2520042, 41.3504618 ] } },
{ "type": "Feature", "properties": { "osm_element": "node", "osm_id": 1770609017, "name": null, "name_ru": null, "highway": "bus_stop", "public_transport": null, "bus": null, "stop_role": "platform", "operator": null, "district_name": "Almazar district", "district_assignment": "within" }, "geometry": { "type": "Point", "coordinates": [ 69.252669, 41.3509688 ] } },
{ "type": "Feature", "properties": { "osm_element": "node", "osm_id": 1772489907, "name": "Abdulla Qodiriy bogʻi", "name_ru": "Мечеть", "highway": "bus_stop", "public_transport": "stop_position", "bus": "yes", "stop_role": "platform", "operator": null, "district_name": "Almazar district", "district_assignment": "within" }, "geometry": { "type": "Point", "coordinates": [ 69.2428517, 41.3315337 ] } },
{ "type": "Feature", "properties": { "osm_element": "node", "osm_id": 1772489909, "name": "2-sonli tug'ruqxona", "name_ru": "Роддом № 2", "highway": "bus_stop", "public_transport": "stop_position", "bus": "yes", "stop_role": "platform", "operator": null, "district_name": "Almazar district", "district_assignment": "within" }, "geometry": { "type": "Point", "coordinates": [ 69.2414321, 41.3476893 ] } },
{ "type": "Feature", "properties": { "osm_element": "node", "osm_id": 1773345966, "name": "Монумент \"Мужества\"", "name_ru": "Монумент \"Мужества\"", "highway": "bus_stop", "public_transport": "stop_position", "bus": "yes", "stop_role": "platform", "operator": null, "district_name": "Yunusabad district", "district_assignment": "within" }, "geometry": { "type": "Point", "coordinates": [ 69.2730473, 41.3234448 ] } },
{ "type": "Feature", "properties": { "osm_element": "node", "osm_id": 1773345971, "name": "Dunyo supermarketi", "name_ru": "Супермаркет Дунё", "highway": "bus_stop", "public_transport": "stop_position", "bus": "yes", "stop_role": "platform", "operator": null, "district_name": "Mirzo Ulugbek district", "district_assignment": "within" }, "geometry": { "type": "Point", "coordinates": [ 69.2875554, 41.3144963 ] } },
{ "type": "Feature", "properties": { "osm_element": "node", "osm_id": 1773345975, "name": "Dunyo supermarketi", "name_ru": "Супермаркет Дунё", "highway": "bus_stop", "public_transport": "stop_position", "bus": "yes", "stop_role": "platform", "operator": null, "district_name": "Mirzo Ulugbek district", "district_assignment": "within" }, "geometry": { "type": "Point", "coordinates": [ 69.2874911, 41.314591 ] } },
{ "type": "Feature", "properties": { "osm_element": "node", "osm_id": 1773345981, "name": "Matonat yodgorligi", "name_ru": "Монумент \"Мужество\"", "highway": "bus_stop", "public_transport": "stop_position", "bus": "yes", "stop_role": "platform", "operator": null, "district_name": "Yunusabad district", "district_assignment": "within" }, "geometry": { "type": "Point", "coordinates": [ 69.2737592, 41.3222306 ] } },
{ "type": "Feature", "properties": { "osm_element": "node", "osm_id": 1773345991, "name": null, "name_ru": null, "highway": "bus_stop", "public_transport": "platform", "bus": "yes", "stop_role": "platform", "operator": null, "district_name": "Yunusabad district", "district_assignment": "within" }, "geometry": { "type": "Point", "coordinates": [ 69.2742127, 41.3281069 ] } },
{ "type": "Feature", "properties": { "osm_element": "node", "osm_id": 1773345996, "name": null, "name_ru": null, "highway": "bus_stop", "public_transport": "stop_position", "bus": "yes", "stop_role": "platform", "operator": null, "district_name": "Yunusabad district", "district_assignment": "within" }, "geometry": { "type": "Point", "coordinates": [ 69.2752679, 41.3284873 ] } },
{ "type": "Feature", "properties": { "osm_element": "node", "osm_id": 1773345998, "name": null, "name_ru": null, "highway": "bus_stop", "public_transport": "platform", "bus": "yes", "stop_role": "platform", "operator": null, "district_name": "Yunusabad district", "district_assignment": "within" }, "geometry": { "type": "Point", "coordinates": [ 69.2747604, 41.3290316 ] } },
{ "type": "Feature", "properties": { "osm_element": "node", "osm_id": 1775870448, "name": "Инфекционная больница", "name_ru": "Инфекционная больница", "highway": "bus_stop", "public_transport": null, "bus": null, "stop_role": "platform", "operator": null, "district_name": "Almazar district", "district_assignment": "within" }, "geometry": { "type": "Point", "coordinates": [ 69.2623108, 41.3444861 ] } },
{ "type": "Feature", "properties": { "osm_element": "node", "osm_id": 1775870449, "name": "Инфекционная больница", "name_ru": "Инфекционная больница", "highway": "bus_stop", "public_transport": null, "bus": null, "stop_role": "platform", "operator": null, "district_name": "Almazar district", "district_assignment": "within" }, "geometry": { "type": "Point", "coordinates": [ 69.2609894, 41.3454913 ] } },
{ "type": "Feature", "properties": { "osm_element": "node", "osm_id": 1775870451, "name": "ШПО Малика", "name_ru": "ШПО Малика", "highway": "bus_stop", "public_transport": null, "bus": null, "stop_role": "platform", "operator": null, "district_name": "Yunusabad district", "district_assignment": "within" }, "geometry": { "type": "Point", "coordinates": [ 69.2694229, 41.3405454 ] } },
{ "type": "Feature", "properties": { "osm_element": "node", "osm_id": 1775892806, "name": "Санаторий Семашко", "name_ru": "Санаторий Семашко", "highway": "bus_stop", "public_transport": null, "bus": null, "stop_role": "platform", "operator": null, "district_name": "Yunusabad district", "district_assignment": "within" }, "geometry": { "type": "Point", "coordinates": [ 69.2780178, 41.3357488 ] } },
{ "type": "Feature", "properties": { "osm_element": "node", "osm_id": 1795353623, "name": null, "name_ru": null, "highway": "bus_stop", "public_transport": null, "bus": null, "stop_role": "platform", "operator": null, "district_name": "Mirzo Ulugbek district", "district_assignment": "within" }, "geometry": { "type": "Point", "coordinates": [ 69.3342219, 41.3503125 ] } },
{ "type": "Feature", "properties": { "osm_element": "node", "osm_id": 1802464087, "name": "Yunusobod dehqon bozori", "name_ru": "Юнусабадский Базар", "highway": "bus_stop", "public_transport": "stop_position", "bus": "yes", "stop_role": "platform", "operator": null, "district_name": "Yunusabad district", "district_assignment": "within" }, "geometry": { "type": "Point", "coordinates": [ 69.2881543, 41.3632356 ] } },
{ "type": "Feature", "properties": { "osm_element": "node", "osm_id": 1802464110, "name": "Universam", "name_ru": "Универсам", "highway": "bus_stop", "public_transport": "stop_position", "bus": "yes", "stop_role": "platform", "operator": null, "district_name": "Yunusabad district", "district_assignment": "within" }, "geometry": { "type": "Point", "coordinates": [ 69.2872361, 41.3649697 ] } },
{ "type": "Feature", "properties": { "osm_element": "node", "osm_id": 1803889223, "name": "Saodat savdo markazi", "name_ru": "Торговый центр \"Саодат\"", "highway": "bus_stop", "public_transport": "stop_position", "bus": "yes", "stop_role": "platform", "operator": null, "district_name": "Yakkasaray district", "district_assignment": "within" }, "geometry": { "type": "Point", "coordinates": [ 69.2532443, 41.2864248 ] } },
{ "type": "Feature", "properties": { "osm_element": "node", "osm_id": 1819768329, "name": "Janubiy vokzal", "name_ru": "Южный вокзал", "highway": "bus_stop", "public_transport": "stop_position", "bus": "yes", "stop_role": "platform", "operator": null, "district_name": "Yakkasaray district", "district_assignment": "within" }, "geometry": { "type": "Point", "coordinates": [ 69.224524, 41.2591999 ] } },
{ "type": "Feature", "properties": { "osm_element": "node", "osm_id": 1819768455, "name": "Janubiy vokzal", "name_ru": "Южный вокзал", "highway": "bus_stop", "public_transport": "stop_position", "bus": "yes", "stop_role": "platform", "operator": null, "district_name": "Yakkasaray district", "district_assignment": "within" }, "geometry": { "type": "Point", "coordinates": [ 69.2244457, 41.2592912 ] } },
{ "type": "Feature", "properties": { "osm_element": "node", "osm_id": 1819768737, "name": "Janubiy vokzal", "name_ru": "Южный вокзал", "highway": "bus_stop", "public_transport": "stop_position", "bus": "yes", "stop_role": "platform", "operator": null, "district_name": "Yakkasaray district", "district_assignment": "within" }, "geometry": { "type": "Point", "coordinates": [ 69.2246027, 41.2591212 ] } },
{ "type": "Feature", "properties": { "osm_element": "node", "osm_id": 1826084177, "name": null, "name_ru": null, "highway": "bus_stop", "public_transport": "platform", "bus": "yes", "stop_role": "platform", "operator": null, "district_name": "Sergeli district", "district_assignment": "within" }, "geometry": { "type": "Point", "coordinates": [ 69.2050264, 41.2261826 ] } },
{ "type": "Feature", "properties": { "osm_element": "node", "osm_id": 1826385778, "name": null, "name_ru": null, "highway": "bus_stop", "public_transport": "platform", "bus": "yes", "stop_role": "platform", "operator": null, "district_name": "Mirabad district", "district_assignment": "within" }, "geometry": { "type": "Point", "coordinates": [ 69.2818948, 41.2996833 ] } },
{ "type": "Feature", "properties": { "osm_element": "node", "osm_id": 1827331852, "name": "Ibn Sino dahasi 2-mavze", "name_ru": "Массив \"Ибн Сино\"-2", "highway": "bus_stop", "public_transport": "stop_position", "bus": "yes", "stop_role": "platform", "operator": null, "district_name": "Shaykhantakhur district", "district_assignment": "within" }, "geometry": { "type": "Point", "coordinates": [ 69.1744844, 41.3357536 ] } },
{ "type": "Feature", "properties": { "osm_element": "node", "osm_id": 1830476466, "name": "San'at muzeyi", "name_ru": "Музей искуств", "highway": "bus_stop", "public_transport": "stop_position", "bus": "yes", "stop_role": "platform", "operator": null, "district_name": "Mirabad district", "district_assignment": "within" }, "geometry": { "type": "Point", "coordinates": [ 69.279912, 41.3032499 ] } },
{ "type": "Feature", "properties": { "osm_element": "node", "osm_id": 1840724337, "name": "Xorijiy filologiya fakulteti", "name_ru": "Факультет зарубежной филологии", "highway": "bus_stop", "public_transport": "stop_position", "bus": "yes", "stop_role": "platform", "operator": null, "district_name": "Almazar district", "district_assignment": "within" }, "geometry": { "type": "Point", "coordinates": [ 69.2076844, 41.3446275 ] } },
{ "type": "Feature", "properties": { "osm_element": "node", "osm_id": 1849501250, "name": "Tinchlik metrosi", "name_ru": "метро Тинчлик", "highway": "bus_stop", "public_transport": "platform", "bus": "yes", "stop_role": "platform", "operator": null, "district_name": "Almazar district", "district_assignment": "within" }, "geometry": { "type": "Point", "coordinates": [ 69.2187234, 41.3330669 ] } },
{ "type": "Feature", "properties": { "osm_element": "node", "osm_id": 1855699610, "name": null, "name_ru": null, "highway": "bus_stop", "public_transport": "platform", "bus": "yes", "stop_role": "platform", "operator": null, "district_name": "Almazar district", "district_assignment": "within" }, "geometry": { "type": "Point", "coordinates": [ 69.2426361, 41.3510383 ] } },
{ "type": "Feature", "properties": { "osm_element": "node", "osm_id": 1860743049, "name": "Gidrometsentr", "name_ru": "Гидрометцентр", "highway": "bus_stop", "public_transport": "stop_position", "bus": "yes", "stop_role": "platform", "operator": null, "district_name": "Yunusabad district", "district_assignment": "within" }, "geometry": { "type": "Point", "coordinates": [ 69.2918826, 41.3267034 ] } },
{ "type": "Feature", "properties": { "osm_element": "node", "osm_id": 1860771182, "name": "Geologorazvedka", "name_ru": "Геологоразведка", "highway": "bus_stop", "public_transport": "stop_position", "bus": "yes", "stop_role": "platform", "operator": null, "district_name": "Yunusabad district", "district_assignment": "within" }, "geometry": { "type": "Point", "coordinates": [ 69.2846297, 41.3338842 ] } },
{ "type": "Feature", "properties": { "osm_element": "node", "osm_id": 1860773876, "name": null, "name_ru": null, "highway": "bus_stop", "public_transport": "platform", "bus": "yes", "stop_role": "platform", "operator": null, "district_name": "Yunusabad district", "district_assignment": "within" }, "geometry": { "type": "Point", "coordinates": [ 69.2834273, 41.3335778 ] } },
{ "type": "Feature", "properties": { "osm_element": "node", "osm_id": 1861718414, "name": "Mirobod bozori", "name_ru": "Мирабадский рынок", "highway": "bus_stop", "public_transport": "stop_position", "bus": "yes", "stop_role": "platform", "operator": null, "district_name": "Mirabad district", "district_assignment": "within" }, "geometry": { "type": "Point", "coordinates": [ 69.2740651, 41.290293 ] } },
{ "type": "Feature", "properties": { "osm_element": "node", "osm_id": 1864789302, "name": "Абдулла Набиев", "name_ru": "Абдула Набиев", "highway": "bus_stop", "public_transport": "platform", "bus": "yes", "stop_role": "platform", "operator": null, "district_name": "Almazar district", "district_assignment": "within" }, "geometry": { "type": "Point", "coordinates": [ 69.228536, 41.3493296 ] } },
{ "type": "Feature", "properties": { "osm_element": "node", "osm_id": 1869750014, "name": "Marg'ilon ko'chasi", "name_ru": "Улица Маргилан", "highway": "bus_stop", "public_transport": "stop_position", "bus": "yes", "stop_role": "platform", "operator": null, "district_name": "Sergeli district", "district_assignment": "within" }, "geometry": { "type": "Point", "coordinates": [ 69.2686575, 41.2683981 ] } },
{ "type": "Feature", "properties": { "osm_element": "node", "osm_id": 1869750030, "name": "Marg'ilon ko'chasi", "name_ru": "Улица Маргилан", "highway": "bus_stop", "public_transport": "stop_position", "bus": "yes", "stop_role": "platform", "operator": null, "district_name": "Sergeli district", "district_assignment": "within" }, "geometry": { "type": "Point", "coordinates": [ 69.2683456, 41.2683889 ] } },
{ "type": "Feature", "properties": { "osm_element": "node", "osm_id": 1898005007, "name": "Aviasozlar kolleji", "name_ru": "Авиалицей", "highway": "bus_stop", "public_transport": "stop_position", "bus": "yes", "stop_role": "platform", "operator": null, "district_name": "Yashnabad district", "district_assignment": "within" }, "geometry": { "type": "Point", "coordinates": [ 69.3526153, 41.2966952 ] } },
{ "type": "Feature", "properties": { "osm_element": "node", "osm_id": 1899864992, "name": "Jahon iqtisodiyoti va diplomatiya universiteti", "name_ru": "Институт экономики и дипломаnии", "highway": "bus_stop", "public_transport": "stop_position", "bus": "yes", "stop_role": "platform", "operator": null, "district_name": "Mirzo Ulugbek district", "district_assignment": "within" }, "geometry": { "type": "Point", "coordinates": [ 69.3233137, 41.3253916 ] } },
{ "type": "Feature", "properties": { "osm_element": "node", "osm_id": 1909548036, "name": "IT Park", "name_ru": "Городской архив", "highway": "bus_stop", "public_transport": "stop_position", "bus": "yes", "stop_role": "platform", "operator": null, "district_name": "Mirzo Ulugbek district", "district_assignment": "within" }, "geometry": { "type": "Point", "coordinates": [ 69.3354578, 41.3400742 ] } },
{ "type": "Feature", "properties": { "osm_element": "node", "osm_id": 1921360117, "name": "Ishchilar shaharchasi", "name_ru": "Рабочий городок", "highway": "bus_stop", "public_transport": "stop_position", "bus": "yes", "stop_role": "platform", "operator": null, "district_name": "Shaykhantakhur district", "district_assignment": "boundary_nearest" }, "geometry": { "type": "Point", "coordinates": [ 69.2703707, 41.3399484 ] } },
{ "type": "Feature", "properties": { "osm_element": "node", "osm_id": 1923570526, "name": "5-sonli Poliklinika", "name_ru": "Поликлиника № 5", "highway": null, "public_transport": "platform", "bus": "yes", "stop_role": "platform", "operator": null, "district_name": "Mirzo Ulugbek district", "district_assignment": "within" }, "geometry": { "type": "Point", "coordinates": [ 69.2922847, 41.3164632 ] } },
{ "type": "Feature", "properties": { "osm_element": "node", "osm_id": 1937645349, "name": null, "name_ru": null, "highway": "bus_stop", "public_transport": null, "bus": null, "stop_role": "platform", "operator": null, "district_name": "Shaykhantakhur district", "district_assignment": "within" }, "geometry": { "type": "Point", "coordinates": [ 69.2073106, 41.3012426 ] } },
{ "type": "Feature", "properties": { "osm_element": "node", "osm_id": 1937645350, "name": "фабрика \"Сувенир\"", "name_ru": "фабрика \"Сувенир\"", "highway": "bus_stop", "public_transport": null, "bus": null, "stop_role": "platform", "operator": null, "district_name": "Shaykhantakhur district", "district_assignment": "within" }, "geometry": { "type": "Point", "coordinates": [ 69.2058209, 41.3039952 ] } },
{ "type": "Feature", "properties": { "osm_element": "node", "osm_id": 1953113146, "name": "Chilonzor SM", "name_ru": "ТЦ Чиланзар", "highway": "bus_stop", "public_transport": "platform", "bus": null, "stop_role": "platform", "operator": null, "district_name": "Chilanzar district", "district_assignment": "within" }, "geometry": { "type": "Point", "coordinates": [ 69.2243484, 41.283876 ] } },
{ "type": "Feature", "properties": { "osm_element": "node", "osm_id": 1963089807, "name": "Madaniyat instituti", "name_ru": "Институт культуры", "highway": "bus_stop", "public_transport": "stop_position", "bus": "yes", "stop_role": "platform", "operator": null, "district_name": "Mirzo Ulugbek district", "district_assignment": "within" }, "geometry": { "type": "Point", "coordinates": [ 69.3481365, 41.3470558 ] } },
{ "type": "Feature", "properties": { "osm_element": "node", "osm_id": 1984623517, "name": "Toshkent vokzali", "name_ru": "Вокзал \"Ташкент\"", "highway": "bus_stop", "public_transport": "stop_position", "bus": "yes", "stop_role": "platform", "operator": null, "district_name": "Mirabad district", "district_assignment": "within" }, "geometry": { "type": "Point", "coordinates": [ 69.2858268, 41.2928723 ] } },
{ "type": "Feature", "properties": { "osm_element": "node", "osm_id": 1987277991, "name": null, "name_ru": null, "highway": "bus_stop", "public_transport": "stop_position", "bus": "yes", "stop_role": "platform", "operator": null, "district_name": "Mirabad district", "district_assignment": "within" }, "geometry": { "type": "Point", "coordinates": [ 69.2791921, 41.2933551 ] } },
{ "type": "Feature", "properties": { "osm_element": "node", "osm_id": 1987416601, "name": "Bobur bogʻi", "name_ru": "Парк им. Бабура", "highway": "bus_stop", "public_transport": "stop_position", "bus": "yes", "stop_role": "platform", "operator": null, "district_name": "Yakkasaray district", "district_assignment": "within" }, "geometry": { "type": "Point", "coordinates": [ 69.2574084, 41.2887932 ] } },
{ "type": "Feature", "properties": { "osm_element": "node", "osm_id": 1987416614, "name": "Bobur bogʻi", "name_ru": "Парк им. Бабура", "highway": "bus_stop", "public_transport": "stop_position", "bus": "yes", "stop_role": "platform", "operator": null, "district_name": "Yakkasaray district", "district_assignment": "within" }, "geometry": { "type": "Point", "coordinates": [ 69.2582572, 41.2895454 ] } },
{ "type": "Feature", "properties": { "osm_element": "node", "osm_id": 2003239854, "name": "Zulfiyaxonim ko'chasi", "name_ru": "Улица Зулфияхоним", "highway": "bus_stop", "public_transport": "stop_position", "bus": "yes", "stop_role": "platform", "operator": null, "district_name": "Shaykhantakhur district", "district_assignment": "within" }, "geometry": { "type": "Point", "coordinates": [ 69.2634072, 41.331823 ] } },
{ "type": "Feature", "properties": { "osm_element": "node", "osm_id": 2003239855, "name": "Zulfiyaxonim ko'chasi", "name_ru": "Улица Зулфияхоним", "highway": "bus_stop", "public_transport": "stop_position", "bus": "yes", "stop_role": "platform", "operator": null, "district_name": "Shaykhantakhur district", "district_assignment": "within" }, "geometry": { "type": "Point", "coordinates": [ 69.2635708, 41.3323651 ] } },
{ "type": "Feature", "properties": { "osm_element": "node", "osm_id": 2003239856, "name": "Yangiariq ko'chasi", "name_ru": "Улица Янгиарык", "highway": "bus_stop", "public_transport": "stop_position", "bus": "yes", "stop_role": "platform", "operator": null, "district_name": "Yunusabad district", "district_assignment": "within" }, "geometry": { "type": "Point", "coordinates": [ 69.2698815, 41.345092 ] } },
{ "type": "Feature", "properties": { "osm_element": "node", "osm_id": 2003239857, "name": null, "name_ru": null, "highway": "bus_stop", "public_transport": null, "bus": null, "stop_role": "platform", "operator": null, "district_name": "Yunusabad district", "district_assignment": "within" }, "geometry": { "type": "Point", "coordinates": [ 69.2676787, 41.3463294 ] } },
{ "type": "Feature", "properties": { "osm_element": "node", "osm_id": 2003239858, "name": null, "name_ru": null, "highway": "bus_stop", "public_transport": null, "bus": null, "stop_role": "platform", "operator": null, "district_name": "Yunusabad district", "district_assignment": "within" }, "geometry": { "type": "Point", "coordinates": [ 69.2671088, 41.3469087 ] } },
{ "type": "Feature", "properties": { "osm_element": "node", "osm_id": 2003239859, "name": null, "name_ru": null, "highway": "bus_stop", "public_transport": "platform", "bus": "yes", "stop_role": "platform", "operator": null, "district_name": "Yunusabad district", "district_assignment": "within" }, "geometry": { "type": "Point", "coordinates": [ 69.2634736, 41.3489411 ] } },
{ "type": "Feature", "properties": { "osm_element": "node", "osm_id": 2003239860, "name": null, "name_ru": null, "highway": "bus_stop", "public_transport": "platform", "bus": "yes", "stop_role": "platform", "operator": null, "district_name": "Almazar district", "district_assignment": "within" }, "geometry": { "type": "Point", "coordinates": [ 69.262485, 41.349648 ] } },
{ "type": "Feature", "properties": { "osm_element": "node", "osm_id": 2003239928, "name": null, "name_ru": null, "highway": "bus_stop", "public_transport": null, "bus": null, "stop_role": "platform", "operator": null, "district_name": "Almazar district", "district_assignment": "within" }, "geometry": { "type": "Point", "coordinates": [ 69.2424455, 41.3583578 ] } },
{ "type": "Feature", "properties": { "osm_element": "node", "osm_id": 2003239953, "name": "Qoraqamish-1/2 mavzesi", "name_ru": "Массив \"Каракамыш\" 1/2", "highway": "bus_stop", "public_transport": "stop_position", "bus": "yes", "stop_role": "platform", "operator": null, "district_name": "Almazar district", "district_assignment": "within" }, "geometry": { "type": "Point", "coordinates": [ 69.2391074, 41.3608627 ] } },
{ "type": "Feature", "properties": { "osm_element": "node", "osm_id": 2003239962, "name": null, "name_ru": null, "highway": "bus_stop", "public_transport": null, "bus": null, "stop_role": "platform", "operator": null, "district_name": "Almazar district", "district_assignment": "within" }, "geometry": { "type": "Point", "coordinates": [ 69.2420636, 41.3614241 ] } },
{ "type": "Feature", "properties": { "osm_element": "node", "osm_id": 2003239995, "name": "Toshkent o'yinchoqlar fabrikasi", "name_ru": "Фабрика \"Ташигрушка\"", "highway": "bus_stop", "public_transport": "stop_position", "bus": "yes", "stop_role": "platform", "operator": null, "district_name": "Almazar district", "district_assignment": "within" }, "geometry": { "type": "Point", "coordinates": [ 69.2403588, 41.366939 ] } },
{ "type": "Feature", "properties": { "osm_element": "node", "osm_id": 2003240012, "name": "Noraztepa tor ko'chasi", "name_ru": "Проезд Норазтепа", "highway": "bus_stop", "public_transport": "stop_position", "bus": "yes", "stop_role": "platform", "operator": null, "district_name": "Almazar district", "district_assignment": "within" }, "geometry": { "type": "Point", "coordinates": [ 69.2363489, 41.3672924 ] } },
{ "type": "Feature", "properties": { "osm_element": "node", "osm_id": 2004031974, "name": "Zargarlik zavodi", "name_ru": "Улица Заргарлик", "highway": "bus_stop", "public_transport": "stop_position", "bus": "yes", "stop_role": "platform", "operator": null, "district_name": "Uchtepa district", "district_assignment": "within" }, "geometry": { "type": "Point", "coordinates": [ 69.1768196, 41.2719658 ] } },
{ "type": "Feature", "properties": { "osm_element": "node", "osm_id": 2004230600, "name": null, "name_ru": null, "highway": "bus_stop", "public_transport": null, "bus": null, "stop_role": "platform", "operator": null, "district_name": "Almazar district", "district_assignment": "within" }, "geometry": { "type": "Point", "coordinates": [ 69.2542696, 41.3547445 ] } },
{ "type": "Feature", "properties": { "osm_element": "node", "osm_id": 2004304086, "name": "Chilonzor 1-mavzesi", "name_ru": "Чиланзар-1 (Пионерская)", "highway": "bus_stop", "public_transport": "platform", "bus": "yes", "stop_role": "platform", "operator": null, "district_name": "Chilanzar district", "district_assignment": "within" }, "geometry": { "type": "Point", "coordinates": [ 69.2339949, 41.285498 ] } },
{ "type": "Feature", "properties": { "osm_element": "node", "osm_id": 2004304133, "name": "Pedagogika texnikumi", "name_ru": "Педагогический колледж", "highway": "bus_stop", "public_transport": "stop_position", "bus": "yes", "stop_role": "platform", "operator": null, "district_name": "Chilanzar district", "district_assignment": "within" }, "geometry": { "type": "Point", "coordinates": [ 69.2122132, 41.2990254 ] } },
{ "type": "Feature", "properties": { "osm_element": "node", "osm_id": 2004766334, "name": "Samarqand Darvoza savdo markazi", "name_ru": "ТРЦ \"Самарканд-Дарвоза\"", "highway": "bus_stop", "public_transport": "stop_position", "bus": "yes", "stop_role": "platform", "operator": null, "district_name": "Shaykhantakhur district", "district_assignment": "within" }, "geometry": { "type": "Point", "coordinates": [ 69.2311938, 41.317674 ] } },
{ "type": "Feature", "properties": { "osm_element": "node", "osm_id": 2004766335, "name": "АЁҚШ", "name_ru": "АЗС", "highway": "bus_stop", "public_transport": "stop_position", "bus": "yes", "stop_role": "platform", "operator": null, "district_name": "Shaykhantakhur district", "district_assignment": "within" }, "geometry": { "type": "Point", "coordinates": [ 69.2299039, 41.3178404 ] } },
{ "type": "Feature", "properties": { "osm_element": "node", "osm_id": 2004975035, "name": "Sanitariya-epidemiologiya stansiyasi", "name_ru": "Санэпидемстанция", "highway": "bus_stop", "public_transport": "stop_position", "bus": "yes", "stop_role": "platform", "operator": null, "district_name": "Chilanzar district", "district_assignment": "within" }, "geometry": { "type": "Point", "coordinates": [ 69.2033144, 41.2964289 ] } },
{ "type": "Feature", "properties": { "osm_element": "node", "osm_id": 2004975038, "name": "Sanitariya-epidemiologiya stansiyasi", "name_ru": "Санэпидемстанция", "highway": "bus_stop", "public_transport": "stop_position", "bus": "yes", "stop_role": "platform", "operator": null, "district_name": "Chilanzar district", "district_assignment": "within" }, "geometry": { "type": "Point", "coordinates": [ 69.2011229, 41.295606 ] } },
{ "type": "Feature", "properties": { "osm_element": "node", "osm_id": 2005220404, "name": "121-sonli bolalar boʻgchasi bekati", "name_ru": "Детский сад № 121", "highway": "bus_stop", "public_transport": "stop_position", "bus": "yes", "stop_role": "platform", "operator": null, "district_name": "Yangikhayot district", "district_assignment": "within" }, "geometry": { "type": "Point", "coordinates": [ 69.2151878, 41.1955866 ] } },
{ "type": "Feature", "properties": { "osm_element": "node", "osm_id": 2005220412, "name": "37-sonli poliklinika", "name_ru": "Поликлиника № 37", "highway": "bus_stop", "public_transport": "stop_position", "bus": "yes", "stop_role": "platform", "operator": null, "district_name": "Yangikhayot district", "district_assignment": "within" }, "geometry": { "type": "Point", "coordinates": [ 69.213211, 41.1983395 ] } },
{ "type": "Feature", "properties": { "osm_element": "node", "osm_id": 2005220415, "name": "37-sonli poliklinika", "name_ru": "Поликлиника № 37", "highway": "bus_stop", "public_transport": "stop_position", "bus": "yes", "stop_role": "platform", "operator": null, "district_name": "Yangikhayot district", "district_assignment": "within" }, "geometry": { "type": "Point", "coordinates": [ 69.2127853, 41.1989323 ] } },
{ "type": "Feature", "properties": { "osm_element": "node", "osm_id": 2005220534, "name": "Litsey", "name_ru": "Лицей", "highway": "bus_stop", "public_transport": "stop_position", "bus": "yes", "stop_role": "platform", "operator": null, "district_name": "Yangikhayot district", "district_assignment": "within" }, "geometry": { "type": "Point", "coordinates": [ 69.2300606, 41.2092126 ] } },
{ "type": "Feature", "properties": { "osm_element": "node", "osm_id": 2006083386, "name": "Temiryo'lchilar san'at saroyi", "name_ru": "ДК Железнодорожников", "highway": "bus_stop", "public_transport": "stop_position", "bus": "yes", "stop_role": "platform", "operator": null, "district_name": "Mirabad district", "district_assignment": "within" }, "geometry": { "type": "Point", "coordinates": [ 69.2853417, 41.2964538 ] } },
{ "type": "Feature", "properties": { "osm_element": "node", "osm_id": 2009111632, "name": "Akademiklar shaharchasi", "name_ru": "Академгородок", "highway": "bus_stop", "public_transport": "stop_position", "bus": "yes", "stop_role": "platform", "operator": null, "district_name": "Mirzo Ulugbek district", "district_assignment": "within" }, "geometry": { "type": "Point", "coordinates": [ 69.3385447, 41.3388651 ] } },
{ "type": "Feature", "properties": { "osm_element": "node", "osm_id": 2010164557, "name": "Tuzel metro bekati", "name_ru": "Станция метро \"Тузель\"", "highway": "bus_stop", "public_transport": "stop_position", "bus": "yes", "stop_role": "platform", "operator": null, "district_name": "Yashnabad district", "district_assignment": "within" }, "geometry": { "type": "Point", "coordinates": [ 69.3560016, 41.2932642 ] } },
{ "type": "Feature", "properties": { "osm_element": "node", "osm_id": 2010164560, "name": "Do'kon", "name_ru": "Магазин", "highway": "bus_stop", "public_transport": "stop_position", "bus": "yes", "stop_role": "platform", "operator": null, "district_name": "Yashnabad district", "district_assignment": "within" }, "geometry": { "type": "Point", "coordinates": [ 69.3609947, 41.2949174 ] } },
{ "type": "Feature", "properties": { "osm_element": "node", "osm_id": 2010164565, "name": "Tuzel dahasi 3-mavze", "name_ru": "Массив \"Тузель\", квартал 3", "highway": "bus_stop", "public_transport": "stop_position", "bus": "yes", "stop_role": "platform", "operator": null, "district_name": "Yashnabad district", "district_assignment": "within" }, "geometry": { "type": "Point", "coordinates": [ 69.3649608, 41.2968367 ] } },
{ "type": "Feature", "properties": { "osm_element": "node", "osm_id": 2010164566, "name": "Tuzel dahasi 3-mavze", "name_ru": "Массив \"Тузель\", квартал 3", "highway": "bus_stop", "public_transport": "stop_position", "bus": "yes", "stop_role": "platform", "operator": null, "district_name": "Yashnabad district", "district_assignment": "within" }, "geometry": { "type": "Point", "coordinates": [ 69.3654025, 41.2970239 ] } },
{ "type": "Feature", "properties": { "osm_element": "node", "osm_id": 2010885599, "name": "Yunusobod dahasi 11-mavze", "name_ru": "Массив \"Юнусабад\", квартал 11", "highway": "bus_stop", "public_transport": "stop_position", "bus": "yes", "stop_role": "platform", "operator": null, "district_name": "Yunusabad district", "district_assignment": "within" }, "geometry": { "type": "Point", "coordinates": [ 69.2951491, 41.3734921 ] } },
{ "type": "Feature", "properties": { "osm_element": "node", "osm_id": 2011108724, "name": "Kimyo instituti", "name_ru": "Институт химии", "highway": "bus_stop", "public_transport": "stop_position", "bus": "yes", "stop_role": "platform", "operator": null, "district_name": "Mirzo Ulugbek district", "district_assignment": "within" }, "geometry": { "type": "Point", "coordinates": [ 69.3348604, 41.3344815 ] } },
{ "type": "Feature", "properties": { "osm_element": "node", "osm_id": 2011108726, "name": "Kimyo instituti", "name_ru": "Институт химии", "highway": "bus_stop", "public_transport": "stop_position", "bus": "yes", "stop_role": "platform", "operator": null, "district_name": "Mirzo Ulugbek district", "district_assignment": "within" }, "geometry": { "type": "Point", "coordinates": [ 69.3355152, 41.3348482 ] } },
{ "type": "Feature", "properties": { "osm_element": "node", "osm_id": 2011108763, "name": "Musavvirlar ko'chasi", "name_ru": "улица Художников", "highway": "bus_stop", "public_transport": "stop_position", "bus": "yes", "stop_role": "platform", "operator": null, "district_name": "Mirzo Ulugbek district", "district_assignment": "within" }, "geometry": { "type": "Point", "coordinates": [ 69.3298634, 41.329745 ] } },
{ "type": "Feature", "properties": { "osm_element": "node", "osm_id": 2011108768, "name": "Musavvirlar ko'chasi", "name_ru": "улица Художников", "highway": "bus_stop", "public_transport": "stop_position", "bus": "yes", "stop_role": "platform", "operator": null, "district_name": "Mirzo Ulugbek district", "district_assignment": "within" }, "geometry": { "type": "Point", "coordinates": [ 69.3306638, 41.3302528 ] } },
{ "type": "Feature", "properties": { "osm_element": "node", "osm_id": 2011161214, "name": "Fedorovich nomli sanatoriyasi", "name_ru": "Санаторий им. Федоровича", "highway": "bus_stop", "public_transport": "stop_position", "bus": "yes", "stop_role": "platform", "operator": null, "district_name": "Mirabad district", "district_assignment": "within" }, "geometry": { "type": "Point", "coordinates": [ 69.2828227, 41.2997528 ] } },
{ "type": "Feature", "properties": { "osm_element": "node", "osm_id": 2011945480, "name": "198-sonli maktab", "name_ru": "Школа № 198", "highway": "bus_stop", "public_transport": "stop_position", "bus": "yes", "stop_role": "platform", "operator": null, "district_name": "Yashnabad district", "district_assignment": "within" }, "geometry": { "type": "Point", "coordinates": [ 69.350933, 41.2711007 ] } },
{ "type": "Feature", "properties": { "osm_element": "node", "osm_id": 2011945481, "name": "198-sonli maktab", "name_ru": "Школа № 198", "highway": "bus_stop", "public_transport": "stop_position", "bus": "yes", "stop_role": "platform", "operator": null, "district_name": "Yashnabad district", "district_assignment": "within" }, "geometry": { "type": "Point", "coordinates": [ 69.3508832, 41.2715169 ] } },
{ "type": "Feature", "properties": { "osm_element": "node", "osm_id": 2011945497, "name": "Beshariq 2-tor ko'chasi", "name_ru": "Улица Бешарик, 2-й проезд", "highway": "bus_stop", "public_transport": "stop_position", "bus": "yes", "stop_role": "platform", "operator": null, "district_name": "Yashnabad district", "district_assignment": "within" }, "geometry": { "type": "Point", "coordinates": [ 69.3503373, 41.2880599 ] } },
{ "type": "Feature", "properties": { "osm_element": "node", "osm_id": 2011945498, "name": "Beshariq 2-tor ko'chasi", "name_ru": "Улица Бешарик, 2-й проезд", "highway": "bus_stop", "public_transport": "stop_position", "bus": "yes", "stop_role": "platform", "operator": null, "district_name": "Yashnabad district", "district_assignment": "within" }, "geometry": { "type": "Point", "coordinates": [ 69.3531116, 41.2887597 ] } },
{ "type": "Feature", "properties": { "osm_element": "node", "osm_id": 2011945500, "name": "Aviasozlar Shaharchasi 1-mavze", "name_ru": "Массив \"Авиасозлар\", квартал 1", "highway": "bus_stop", "public_transport": "stop_position", "bus": "yes", "stop_role": "platform", "operator": null, "district_name": "Yashnabad district", "district_assignment": "within" }, "geometry": { "type": "Point", "coordinates": [ 69.356667, 41.2903567 ] } },
{ "type": "Feature", "properties": { "osm_element": "node", "osm_id": 2011945517, "name": "М-в Тузель 1 кв", "name_ru": "М-в Тузель 1 кв", "highway": "bus_stop", "public_transport": null, "bus": null, "stop_role": "platform", "operator": "Конечка 111 мар-ки", "district_name": "Yashnabad district", "district_assignment": "within" }, "geometry": { "type": "Point", "coordinates": [ 69.3602058, 41.3001435 ] } },
{ "type": "Feature", "properties": { "osm_element": "node", "osm_id": 2012049659, "name": "Namangan ko'chasi", "name_ru": "Улица Наманган", "highway": "bus_stop", "public_transport": "stop_position", "bus": "yes", "stop_role": "platform", "operator": null, "district_name": "Yunusabad district", "district_assignment": "within" }, "geometry": { "type": "Point", "coordinates": [ 69.3241716, 41.350977 ] } },
{ "type": "Feature", "properties": { "osm_element": "node", "osm_id": 2012049660, "name": "Oliy Himmat ko'chasi", "name_ru": "Улица Олий Химмат", "highway": "bus_stop", "public_transport": "stop_position", "bus": "yes", "stop_role": "platform", "operator": null, "district_name": "Mirzo Ulugbek district", "district_assignment": "within" }, "geometry": { "type": "Point", "coordinates": [ 69.3311329, 41.3511121 ] } },
{ "type": "Feature", "properties": { "osm_element": "node", "osm_id": 2012049661, "name": "Oliy Himmat ko'chasi", "name_ru": "Улица Олий Химмат", "highway": "bus_stop", "public_transport": "stop_position", "bus": "yes", "stop_role": "platform", "operator": null, "district_name": "Mirzo Ulugbek district", "district_assignment": "boundary_nearest" }, "geometry": { "type": "Point", "coordinates": [ 69.3288412, 41.3512172 ] } },
{ "type": "Feature", "properties": { "osm_element": "node", "osm_id": 2012049662, "name": "Namangan ko'chasi", "name_ru": "Улица Наманган", "highway": "bus_stop", "public_transport": "stop_position", "bus": "yes", "stop_role": "platform", "operator": null, "district_name": "Yunusabad district", "district_assignment": "within" }, "geometry": { "type": "Point", "coordinates": [ 69.3248143, 41.3510722 ] } },
{ "type": "Feature", "properties": { "osm_element": "node", "osm_id": 2012067472, "name": null, "name_ru": null, "highway": "bus_stop", "public_transport": null, "bus": null, "stop_role": "platform", "operator": null, "district_name": "Mirzo Ulugbek district", "district_assignment": "within" }, "geometry": { "type": "Point", "coordinates": [ 69.3382749, 41.3481572 ] } },
{ "type": "Feature", "properties": { "osm_element": "node", "osm_id": 2012067473, "name": null, "name_ru": null, "highway": "bus_stop", "public_transport": null, "bus": null, "stop_role": "platform", "operator": null, "district_name": "Mirzo Ulugbek district", "district_assignment": "within" }, "geometry": { "type": "Point", "coordinates": [ 69.3388597, 41.3474746 ] } },
{ "type": "Feature", "properties": { "osm_element": "node", "osm_id": 2012617887, "name": null, "name_ru": null, "highway": "bus_stop", "public_transport": "stop_position", "bus": "yes", "stop_role": "platform", "operator": null, "district_name": "Mirabad district", "district_assignment": "within" }, "geometry": { "type": "Point", "coordinates": [ 69.3094759, 41.2444602 ] } },
{ "type": "Feature", "properties": { "osm_element": "node", "osm_id": 2012617890, "name": "Qo'yliq dahasi 2-mavze", "name_ru": "Массив Куйлюк квартал 2", "highway": "bus_stop", "public_transport": "stop_position", "bus": "yes", "stop_role": "platform", "operator": null, "district_name": "Mirabad district", "district_assignment": "boundary_nearest" }, "geometry": { "type": "Point", "coordinates": [ 69.3016164, 41.2517222 ] } },
{ "type": "Feature", "properties": { "osm_element": "node", "osm_id": 2012617891, "name": "Qo'yliq dahasi 2-mavze", "name_ru": "Массив Куйлюк квартал 2", "highway": "bus_stop", "public_transport": "stop_position", "bus": "yes", "stop_role": "platform", "operator": null, "district_name": "Mirabad district", "district_assignment": "within" }, "geometry": { "type": "Point", "coordinates": [ 69.3017431, 41.2519524 ] } },
{ "type": "Feature", "properties": { "osm_element": "node", "osm_id": 2012617892, "name": "Pochta", "name_ru": "Почта", "highway": "bus_stop", "public_transport": "stop_position", "bus": "yes", "stop_role": "platform", "operator": null, "district_name": "Mirabad district", "district_assignment": "within" }, "geometry": { "type": "Point", "coordinates": [ 69.3226673, 41.2519569 ] } },
{ "type": "Feature", "properties": { "osm_element": "node", "osm_id": 2012617895, "name": "Tolariq ko'chasi", "name_ru": "Улица Таларык", "highway": "bus_stop", "public_transport": "stop_position", "bus": "yes", "stop_role": "platform", "operator": null, "district_name": "Mirabad district", "district_assignment": "within" }, "geometry": { "type": "Point", "coordinates": [ 69.3208877, 41.2550688 ] } },
{ "type": "Feature", "properties": { "osm_element": "node", "osm_id": 2012617902, "name": "Tolariq ko'chasi", "name_ru": "Улица Таларык", "highway": null, "public_transport": "platform", "bus": "yes", "stop_role": "platform", "operator": null, "district_name": "Mirabad district", "district_assignment": "within" }, "geometry": { "type": "Point", "coordinates": [ 69.3194866, 41.2557208 ] } },
{ "type": "Feature", "properties": { "osm_element": "node", "osm_id": 2012617907, "name": "Tolariq ko'chasi", "name_ru": "Улица Таларык", "highway": "bus_stop", "public_transport": "stop_position", "bus": "yes", "stop_role": "platform", "operator": null, "district_name": "Mirabad district", "district_assignment": "boundary_nearest" }, "geometry": { "type": "Point", "coordinates": [ 69.3204851, 41.2561057 ] } },
{ "type": "Feature", "properties": { "osm_element": "node", "osm_id": 2012617919, "name": "Jarqo'rg'on ko'chasi", "name_ru": "Улица Джаркурганская", "highway": "bus_stop", "public_transport": "stop_position", "bus": "yes", "stop_role": "platform", "operator": null, "district_name": "Yashnabad district", "district_assignment": "within" }, "geometry": { "type": "Point", "coordinates": [ 69.3156909, 41.2666552 ] } },
{ "type": "Feature", "properties": { "osm_element": "node", "osm_id": 2018385488, "name": "Vagon deposi", "name_ru": "Вагонное депо", "highway": "bus_stop", "public_transport": "stop_position", "bus": "yes", "stop_role": "platform", "operator": null, "district_name": "Yakkasaray district", "district_assignment": "within" }, "geometry": { "type": "Point", "coordinates": [ 69.257825, 41.2690735 ] } },
{ "type": "Feature", "properties": { "osm_element": "node", "osm_id": 2021271893, "name": "завод Алгоритм", "name_ru": "завод Алгоритм", "highway": "bus_stop", "public_transport": "stop_position", "bus": "yes", "stop_role": "platform", "operator": null, "district_name": "Chilanzar district", "district_assignment": "within" }, "geometry": { "type": "Point", "coordinates": [ 69.1657979, 41.2609848 ] } },
{ "type": "Feature", "properties": { "osm_element": "node", "osm_id": 2053157855, "name": "Chilonzor dahasi 9-mavze", "name_ru": "Массив Чиланзар квартал 9", "highway": "bus_stop", "public_transport": "stop_position", "bus": "yes", "stop_role": "platform", "operator": null, "district_name": "Chilanzar district", "district_assignment": "within" }, "geometry": { "type": "Point", "coordinates": [ 69.204717, 41.2871541 ] } },
{ "type": "Feature", "properties": { "osm_element": "node", "osm_id": 2105290649, "name": null, "name_ru": null, "highway": "bus_stop", "public_transport": "stop_position", "bus": "yes", "stop_role": "platform", "operator": null, "district_name": "Shaykhantakhur district", "district_assignment": "within" }, "geometry": { "type": "Point", "coordinates": [ 69.2590548, 41.3113361 ] } },
{ "type": "Feature", "properties": { "osm_element": "node", "osm_id": 2119532803, "name": "Farhod yarmarkasi", "name_ru": "Ярмарка", "highway": "bus_stop", "public_transport": "stop_position", "bus": "yes", "stop_role": "platform", "operator": null, "district_name": "Uchtepa district", "district_assignment": "within" }, "geometry": { "type": "Point", "coordinates": [ 69.1906245, 41.2836876 ] } },
{ "type": "Feature", "properties": { "osm_element": "node", "osm_id": 2119672005, "name": "Farhod bozori", "name_ru": "Фархадский рынок", "highway": "bus_stop", "public_transport": "stop_position", "bus": "yes", "stop_role": "platform", "operator": null, "district_name": "Uchtepa district", "district_assignment": "within" }, "geometry": { "type": "Point", "coordinates": [ 69.1851245, 41.2858756 ] } },
{ "type": "Feature", "properties": { "osm_element": "node", "osm_id": 2122550310, "name": "Qashqar dahasi", "name_ru": "Массив \"Кашгар\"", "highway": "bus_stop", "public_transport": "stop_position", "bus": "yes", "stop_role": "platform", "operator": null, "district_name": "Yunusabad district", "district_assignment": "within" }, "geometry": { "type": "Point", "coordinates": [ 69.2779808, 41.3217161 ] } },
{ "type": "Feature", "properties": { "osm_element": "node", "osm_id": 2122589679, "name": "Yuridik universiteti", "name_ru": "Юридический университет", "highway": "bus_stop", "public_transport": "stop_position", "bus": "yes", "stop_role": "platform", "operator": null, "district_name": "Yunusabad district", "district_assignment": "within" }, "geometry": { "type": "Point", "coordinates": [ 69.2808057, 41.3155572 ] } },
{ "type": "Feature", "properties": { "osm_element": "node", "osm_id": 2153479144, "name": "Урикзор базар", "name_ru": "Ягиабад базар ( блошинный рынок) барохолка", "highway": "bus_stop", "public_transport": "stop_position", "bus": null, "stop_role": "platform", "operator": null, "district_name": "Yashnabad district", "district_assignment": "within" }, "geometry": { "type": "Point", "coordinates": [ 69.3571237, 41.2584605 ] } },
{ "type": "Feature", "properties": { "osm_element": "node", "osm_id": 2161388739, "name": "Aliyev ko'chasi", "name_ru": "Улица Гейдара Алиева", "highway": "bus_stop", "public_transport": "stop_position", "bus": "yes", "stop_role": "platform", "operator": null, "district_name": "Mirabad district", "district_assignment": "within" }, "geometry": { "type": "Point", "coordinates": [ 69.2743528, 41.2776048 ] } },
{ "type": "Feature", "properties": { "osm_element": "node", "osm_id": 2314999329, "name": "G'afur G'ulom metrosi", "name_ru": "Станция метро \"Гафура Гуляма\"", "highway": "bus_stop", "public_transport": "stop_position", "bus": "yes", "stop_role": "platform", "operator": null, "district_name": "Almazar district", "district_assignment": "within" }, "geometry": { "type": "Point", "coordinates": [ 69.2469916, 41.3296252 ] } },
{ "type": "Feature", "properties": { "osm_element": "node", "osm_id": 2362814892, "name": "Axborot texnologiyalari universiteti", "name_ru": "ТашИИТ", "highway": "bus_stop", "public_transport": "stop_position", "bus": "yes", "stop_role": "platform", "operator": null, "district_name": "Yunusabad district", "district_assignment": "within" }, "geometry": { "type": "Point", "coordinates": [ 69.2864393, 41.3395824 ] } },
{ "type": "Feature", "properties": { "osm_element": "node", "osm_id": 2363467811, "name": "Pedagogika texnikumi", "name_ru": "Педагогический колледж", "highway": "bus_stop", "public_transport": "stop_position", "bus": "yes", "stop_role": "platform", "operator": null, "district_name": "Chilanzar district", "district_assignment": "within" }, "geometry": { "type": "Point", "coordinates": [ 69.2120712, 41.2993227 ] } },
{ "type": "Feature", "properties": { "osm_element": "node", "osm_id": 2363468358, "name": "площадь Актепе", "name_ru": "площадь Актепе", "highway": "bus_stop", "public_transport": "stop_position", "bus": "yes", "stop_role": "platform", "operator": null, "district_name": "Chilanzar district", "district_assignment": "within" }, "geometry": { "type": "Point", "coordinates": [ 69.2092473, 41.2994763 ] } },
{ "type": "Feature", "properties": { "osm_element": "node", "osm_id": 2363470617, "name": "Oqtepa maydoni", "name_ru": "Площадь \"Актепа\"", "highway": "bus_stop", "public_transport": "stop_position", "bus": "yes", "stop_role": "platform", "operator": null, "district_name": "Shaykhantakhur district", "district_assignment": "within" }, "geometry": { "type": "Point", "coordinates": [ 69.2120115, 41.3022938 ] } },
{ "type": "Feature", "properties": { "osm_element": "node", "osm_id": 2363478517, "name": "Мебельный магазин", "name_ru": "Мебельный магазин", "highway": "bus_stop", "public_transport": "stop_position", "bus": "yes", "stop_role": "platform", "operator": null, "district_name": "Chilanzar district", "district_assignment": "within" }, "geometry": { "type": "Point", "coordinates": [ 69.2093359, 41.2992972 ] } },
{ "type": "Feature", "properties": { "osm_element": "node", "osm_id": 2363478519, "name": "Pedagogika texnikumi", "name_ru": "Педагогический колледж", "highway": "bus_stop", "public_transport": "stop_position", "bus": "yes", "stop_role": "platform", "operator": null, "district_name": "Chilanzar district", "district_assignment": "within" }, "geometry": { "type": "Point", "coordinates": [ 69.2118673, 41.3005675 ] } },
{ "type": "Feature", "properties": { "osm_element": "node", "osm_id": 2363478522, "name": "Pedagogika texnikumi", "name_ru": "Педагогический колледж", "highway": "bus_stop", "public_transport": "stop_position", "bus": "yes", "stop_role": "platform", "operator": null, "district_name": "Chilanzar district", "district_assignment": "within" }, "geometry": { "type": "Point", "coordinates": [ 69.2133003, 41.300524 ] } },
{ "type": "Feature", "properties": { "osm_element": "node", "osm_id": 2480092966, "name": "Chorsu Mehmonxonasi", "name_ru": "Гостиница Чорсу", "highway": "bus_stop", "public_transport": "stop_position", "bus": "yes", "stop_role": "platform", "operator": null, "district_name": "Shaykhantakhur district", "district_assignment": "within" }, "geometry": { "type": "Point", "coordinates": [ 69.2355224, 41.3214631 ] } },
{ "type": "Feature", "properties": { "osm_element": "node", "osm_id": 2486351118, "name": "Hadra Maydoni", "name_ru": "Площадь Хадра", "highway": "bus_stop", "public_transport": "stop_position", "bus": "yes", "stop_role": "platform", "operator": null, "district_name": "Shaykhantakhur district", "district_assignment": "within" }, "geometry": { "type": "Point", "coordinates": [ 69.2413324, 41.3222143 ] } },
{ "type": "Feature", "properties": { "osm_element": "node", "osm_id": 2488039800, "name": "Chimyon do'koni", "name_ru": "Магазин \"Чимган\"", "highway": "bus_stop", "public_transport": "platform", "bus": "yes", "stop_role": "platform", "operator": null, "district_name": "Mirzo Ulugbek district", "district_assignment": "within" }, "geometry": { "type": "Point", "coordinates": [ 69.3515647, 41.3503029 ] } },
{ "type": "Feature", "properties": { "osm_element": "node", "osm_id": 2582400320, "name": "Yunusobod tuman hokimiyati", "name_ru": "Хокимият Юнусабадско района", "highway": "bus_stop", "public_transport": "stop_position", "bus": "yes", "stop_role": "platform", "operator": null, "district_name": "Yunusabad district", "district_assignment": "within" }, "geometry": { "type": "Point", "coordinates": [ 69.2834619, 41.3290713 ] } },
{ "type": "Feature", "properties": { "osm_element": "node", "osm_id": 2639775659, "name": "Maishiy xizmat uyi", "name_ru": "Дом быта", "highway": "bus_stop", "public_transport": "stop_position", "bus": "yes", "stop_role": "platform", "operator": null, "district_name": "Yunusabad district", "district_assignment": "within" }, "geometry": { "type": "Point", "coordinates": [ 69.2969979, 41.3796813 ] } },
{ "type": "Feature", "properties": { "osm_element": "node", "osm_id": 2898505402, "name": "Chilonzor dahasi 11-mavze", "name_ru": "Массив \"Чиланзар\", квартал 11", "highway": "bus_stop", "public_transport": "stop_position", "bus": "yes", "stop_role": "platform", "operator": null, "district_name": "Uchtepa district", "district_assignment": "within" }, "geometry": { "type": "Point", "coordinates": [ 69.1936074, 41.2817734 ] } },
{ "type": "Feature", "properties": { "osm_element": "node", "osm_id": 2958137708, "name": "Jarqo'rg'on ko'chasi", "name_ru": "Улица Джаркурганская", "highway": "bus_stop", "public_transport": "stop_position", "bus": "yes", "stop_role": "platform", "operator": null, "district_name": "Mirabad district", "district_assignment": "within" }, "geometry": { "type": "Point", "coordinates": [ 69.3153416, 41.2647663 ] } },
{ "type": "Feature", "properties": { "osm_element": "node", "osm_id": 2971459204, "name": "Санаторий Семашко", "name_ru": "Санаторий Семашко", "highway": "bus_stop", "public_transport": null, "bus": null, "stop_role": "platform", "operator": null, "district_name": "Yunusabad district", "district_assignment": "within" }, "geometry": { "type": "Point", "coordinates": [ 69.2782, 41.3355133 ] } },
{ "type": "Feature", "properties": { "osm_element": "node", "osm_id": 2986747944, "name": "11-sonli tug'ruqxona", "name_ru": "Роддом №11", "highway": "bus_stop", "public_transport": "stop_position", "bus": "yes", "stop_role": "platform", "operator": null, "district_name": "Mirabad district", "district_assignment": "within" }, "geometry": { "type": "Point", "coordinates": [ 69.3004336, 41.2696666 ] } },
{ "type": "Feature", "properties": { "osm_element": "node", "osm_id": 2986747945, "name": "11-sonli tug'ruqxona", "name_ru": "Роддом №11", "highway": "bus_stop", "public_transport": "stop_position", "bus": "yes", "stop_role": "platform", "operator": null, "district_name": "Mirabad district", "district_assignment": "within" }, "geometry": { "type": "Point", "coordinates": [ 69.2993674, 41.2693954 ] } },
{ "type": "Feature", "properties": { "osm_element": "node", "osm_id": 3051433029, "name": "Obod mahallasi", "name_ru": "Махалля Обод", "highway": "bus_stop", "public_transport": "stop_position", "bus": "yes", "stop_role": "platform", "operator": null, "district_name": "Sergeli district", "district_assignment": "within" }, "geometry": { "type": "Point", "coordinates": [ 69.2650835, 41.2451009 ] } },
{ "type": "Feature", "properties": { "osm_element": "node", "osm_id": 3051433541, "name": "Mahalliy havo yo'llari aeroporti", "name_ru": "Аэропорт местных авиалиний", "highway": "bus_stop", "public_transport": "stop_position", "bus": "yes", "stop_role": "platform", "operator": null, "district_name": "Sergeli district", "district_assignment": "within" }, "geometry": { "type": "Point", "coordinates": [ 69.2677695, 41.2494181 ] } },
{ "type": "Feature", "properties": { "osm_element": "node", "osm_id": 3052510021, "name": "Obirahmat mahallasi", "name_ru": "Махалля Обирахмат", "highway": "bus_stop", "public_transport": "platform", "bus": null, "stop_role": "platform", "operator": null, "district_name": "Sergeli district", "district_assignment": "within" }, "geometry": { "type": "Point", "coordinates": [ 69.2530159, 41.2518072 ] } },
{ "type": "Feature", "properties": { "osm_element": "node", "osm_id": 3052510637, "name": "AYoQSh", "name_ru": "АЗС", "highway": "bus_stop", "public_transport": "platform", "bus": null, "stop_role": "platform", "operator": null, "district_name": "Sergeli district", "district_assignment": "within" }, "geometry": { "type": "Point", "coordinates": [ 69.2493959, 41.2554614 ] } },
{ "type": "Feature", "properties": { "osm_element": "node", "osm_id": 3060450707, "name": "Qushbegi dahasi", "name_ru": "Массив \"Кушбеги\"", "highway": "bus_stop", "public_transport": "stop_position", "bus": "yes", "stop_role": "platform", "operator": null, "district_name": "Yakkasaray district", "district_assignment": "within" }, "geometry": { "type": "Point", "coordinates": [ 69.2470112, 41.2660718 ] } },
{ "type": "Feature", "properties": { "osm_element": "node", "osm_id": 3060450720, "name": "Vagon deposi", "name_ru": "Вагонное депо", "highway": "bus_stop", "public_transport": "stop_position", "bus": "yes", "stop_role": "platform", "operator": null, "district_name": "Yakkasaray district", "district_assignment": "within" }, "geometry": { "type": "Point", "coordinates": [ 69.2574795, 41.2693388 ] } },
{ "type": "Feature", "properties": { "osm_element": "node", "osm_id": 3060450729, "name": "Qushbegi dahasi", "name_ru": "Массив \"Кушбеги\"", "highway": "bus_stop", "public_transport": "stop_position", "bus": "yes", "stop_role": "platform", "operator": "3,9т,12,32,45,69,79", "district_name": "Yakkasaray district", "district_assignment": "within" }, "geometry": { "type": "Point", "coordinates": [ 69.2461885, 41.2667001 ] } },
{ "type": "Feature", "properties": { "osm_element": "node", "osm_id": 3061879131, "name": null, "name_ru": null, "highway": "bus_stop", "public_transport": "platform", "bus": "yes", "stop_role": "platform", "operator": null, "district_name": "Shaykhantakhur district", "district_assignment": "within" }, "geometry": { "type": "Point", "coordinates": [ 69.2652759, 41.3340783 ] } },
{ "type": "Feature", "properties": { "osm_element": "node", "osm_id": 3081318081, "name": "Mahalliy havo yo'llari aeroporti", "name_ru": "Аэропорт местных авиалиний", "highway": "bus_stop", "public_transport": "stop_position", "bus": "yes", "stop_role": "platform", "operator": null, "district_name": "Sergeli district", "district_assignment": "within" }, "geometry": { "type": "Point", "coordinates": [ 69.2649057, 41.2484087 ] } },
{ "type": "Feature", "properties": { "osm_element": "node", "osm_id": 3128844308, "name": "Tantana ko'chasi", "name_ru": "Улица Тантана", "highway": "bus_stop", "public_transport": "stop_position", "bus": "yes", "stop_role": "platform", "operator": null, "district_name": "Mirzo Ulugbek district", "district_assignment": "within" }, "geometry": { "type": "Point", "coordinates": [ 69.3779289, 41.3561344 ] } },
{ "type": "Feature", "properties": { "osm_element": "node", "osm_id": 3128990947, "name": null, "name_ru": null, "highway": "bus_stop", "public_transport": "platform", "bus": "yes", "stop_role": "platform", "operator": null, "district_name": "Mirabad district", "district_assignment": "within" }, "geometry": { "type": "Point", "coordinates": [ 69.2840483, 41.2879661 ] } },
{ "type": "Feature", "properties": { "osm_element": "node", "osm_id": 3130788415, "name": "Moskva kafesi", "name_ru": "Кафе Москва", "highway": "bus_stop", "public_transport": "stop_position", "bus": "yes", "stop_role": "platform", "operator": null, "district_name": "Uchtepa district", "district_assignment": "within" }, "geometry": { "type": "Point", "coordinates": [ 69.1778953, 41.2791699 ] } },
{ "type": "Feature", "properties": { "osm_element": "node", "osm_id": 3134630396, "name": "Рабочий городок", "name_ru": null, "highway": "bus_stop", "public_transport": "station", "bus": null, "stop_role": "platform", "operator": null, "district_name": "Shaykhantakhur district", "district_assignment": "within" }, "geometry": { "type": "Point", "coordinates": [ 69.2682281, 41.3389623 ] } },
{ "type": "Feature", "properties": { "osm_element": "node", "osm_id": 3207200565, "name": "Gullola ko'chasi", "name_ru": "Улица Гуллола", "highway": "bus_stop", "public_transport": "stop_position", "bus": "yes", "stop_role": "platform", "operator": null, "district_name": "Yunusabad district", "district_assignment": "within" }, "geometry": { "type": "Point", "coordinates": [ 69.3374539, 41.3600276 ] } },
{ "type": "Feature", "properties": { "osm_element": "node", "osm_id": 3208605215, "name": null, "name_ru": null, "highway": "bus_stop", "public_transport": null, "bus": null, "stop_role": "platform", "operator": null, "district_name": "Shaykhantakhur district", "district_assignment": "within" }, "geometry": { "type": "Point", "coordinates": [ 69.2067398, 41.3021119 ] } },
{ "type": "Feature", "properties": { "osm_element": "node", "osm_id": 3359309333, "name": "Farg'ona bozori", "name_ru": "Фаргона бозори", "highway": "bus_stop", "public_transport": "stop_position", "bus": "yes", "stop_role": "platform", "operator": null, "district_name": "Mirabad district", "district_assignment": "within" }, "geometry": { "type": "Point", "coordinates": [ 69.3087614, 41.2724658 ] } },
{ "type": "Feature", "properties": { "osm_element": "node", "osm_id": 3409273377, "name": "Tez yordam markazi", "name_ru": "Центр скорой помощи", "highway": "bus_stop", "public_transport": "stop_position", "bus": "yes", "stop_role": "platform", "operator": null, "district_name": "Chilanzar district", "district_assignment": "within" }, "geometry": { "type": "Point", "coordinates": [ 69.2182104, 41.2656509 ] } },
{ "type": "Feature", "properties": { "osm_element": "node", "osm_id": 3409273378, "name": "Tez yordam markazi", "name_ru": "Центр скорой помощи", "highway": "bus_stop", "public_transport": "stop_position", "bus": "yes", "stop_role": "platform", "operator": null, "district_name": "Chilanzar district", "district_assignment": "within" }, "geometry": { "type": "Point", "coordinates": [ 69.2165168, 41.2669496 ] } },
{ "type": "Feature", "properties": { "osm_element": "node", "osm_id": 3409273380, "name": "Jarrohlik markazi", "name_ru": "Центр хирургии", "highway": "bus_stop", "public_transport": "stop_position", "bus": "yes", "stop_role": "platform", "operator": null, "district_name": "Chilanzar district", "district_assignment": "within" }, "geometry": { "type": "Point", "coordinates": [ 69.2116354, 41.2705915 ] } },
{ "type": "Feature", "properties": { "osm_element": "node", "osm_id": 3409273381, "name": "Afshona ko'chasi", "name_ru": "Улица Афшона", "highway": "bus_stop", "public_transport": "stop_position", "bus": "yes", "stop_role": "platform", "operator": null, "district_name": "Chilanzar district", "district_assignment": "within" }, "geometry": { "type": "Point", "coordinates": [ 69.2134296, 41.274236 ] } },
{ "type": "Feature", "properties": { "osm_element": "node", "osm_id": 3409273382, "name": "Afshona ko'chasi", "name_ru": "Улица Афшона", "highway": "bus_stop", "public_transport": "stop_position", "bus": "yes", "stop_role": "platform", "operator": null, "district_name": "Chilanzar district", "district_assignment": "within" }, "geometry": { "type": "Point", "coordinates": [ 69.2142846, 41.2750401 ] } },
{ "type": "Feature", "properties": { "osm_element": "node", "osm_id": 3409273384, "name": "Qozirabod mahallasi", "name_ru": "Махалля Казирабад", "highway": "bus_stop", "public_transport": "platform", "bus": "yes", "stop_role": "platform", "operator": null, "district_name": "Chilanzar district", "district_assignment": "within" }, "geometry": { "type": "Point", "coordinates": [ 69.2171506, 41.2792736 ] } },
{ "type": "Feature", "properties": { "osm_element": "node", "osm_id": 3419567849, "name": "Yunusobod dahasi 14-mavze", "name_ru": "Массив \"Юнусабад\", квартал 14", "highway": "bus_stop", "public_transport": "stop_position", "bus": "yes", "stop_role": "platform", "operator": null, "district_name": "Yunusabad district", "district_assignment": "within" }, "geometry": { "type": "Point", "coordinates": [ 69.3039127, 41.3743344 ] } },
{ "type": "Feature", "properties": { "osm_element": "node", "osm_id": 3419567850, "name": "Yunusobod dahasi 14-mavze", "name_ru": "Массив \"Юнусабад\", квартал 14", "highway": "bus_stop", "public_transport": "stop_position", "bus": "yes", "stop_role": "platform", "operator": null, "district_name": "Yunusabad district", "district_assignment": "within" }, "geometry": { "type": "Point", "coordinates": [ 69.3029936, 41.3745726 ] } },
{ "type": "Feature", "properties": { "osm_element": "node", "osm_id": 3453299468, "name": "Yuzrobod Ko'chasi", "name_ru": "Улица Юзрабат", "highway": "bus_stop", "public_transport": "stop_position", "bus": "yes", "stop_role": "platform", "operator": null, "district_name": "Mirzo Ulugbek district", "district_assignment": "within" }, "geometry": { "type": "Point", "coordinates": [ 69.3922618, 41.3629188 ] } },
{ "type": "Feature", "properties": { "osm_element": "node", "osm_id": 3453299475, "name": "Yuzrobod Ko'chasi", "name_ru": "Улица Юзрабат", "highway": "bus_stop", "public_transport": "stop_position", "bus": "yes", "stop_role": "platform", "operator": null, "district_name": "Mirzo Ulugbek district", "district_assignment": "within" }, "geometry": { "type": "Point", "coordinates": [ 69.3931524, 41.3636686 ] } },
{ "type": "Feature", "properties": { "osm_element": "node", "osm_id": 3456860702, "name": "Feruza dahasi", "name_ru": "Массив Феруза", "highway": "bus_stop", "public_transport": "platform", "bus": "yes", "stop_role": "platform", "operator": null, "district_name": "Mirzo Ulugbek district", "district_assignment": "within" }, "geometry": { "type": "Point", "coordinates": [ 69.3664965, 41.3619921 ] } },
{ "type": "Feature", "properties": { "osm_element": "node", "osm_id": 3456861102, "name": "Feruza dahasi", "name_ru": "Массив Феруза", "highway": "bus_stop", "public_transport": "platform", "bus": "yes", "stop_role": "platform", "operator": null, "district_name": "Mirzo Ulugbek district", "district_assignment": "within" }, "geometry": { "type": "Point", "coordinates": [ 69.3672466, 41.3617017 ] } },
{ "type": "Feature", "properties": { "osm_element": "node", "osm_id": 3457075097, "name": "Yunusobod dahasi 19-mavze", "name_ru": "Массив \"Юнусабад\", квартал 19", "highway": "bus_stop", "public_transport": "stop_position", "bus": "yes", "stop_role": "platform", "operator": null, "district_name": "Yunusabad district", "district_assignment": "within" }, "geometry": { "type": "Point", "coordinates": [ 69.3220681, 41.3734961 ] } },
{ "type": "Feature", "properties": { "osm_element": "node", "osm_id": 3463715090, "name": "Feruza dahasi", "name_ru": "Массив Феруза", "highway": "bus_stop", "public_transport": "stop_position", "bus": "yes", "stop_role": "platform", "operator": null, "district_name": "Mirzo Ulugbek district", "district_assignment": "within" }, "geometry": { "type": "Point", "coordinates": [ 69.3664794, 41.3619055 ] } },
{ "type": "Feature", "properties": { "osm_element": "node", "osm_id": 3480894786, "name": "2502-sonli avtokombinati", "name_ru": "Автокомбинат № 2502", "highway": "bus_stop", "public_transport": "stop_position", "bus": "yes", "stop_role": "platform", "operator": null, "district_name": "Yakkasaray district", "district_assignment": "within" }, "geometry": { "type": "Point", "coordinates": [ 69.2307751, 41.2615786 ] } },
{ "type": "Feature", "properties": { "osm_element": "node", "osm_id": 3548969118, "name": "Sergeli bozori", "name_ru": "Рынок \"Сергели\"", "highway": "bus_stop", "public_transport": "stop_position", "bus": "yes", "stop_role": "platform", "operator": null, "district_name": "Sergeli district", "district_assignment": "within" }, "geometry": { "type": "Point", "coordinates": [ 69.2195352, 41.2274586 ] } },
{ "type": "Feature", "properties": { "osm_element": "node", "osm_id": 3548969124, "name": "Sergeli bozori", "name_ru": "Рынок \"Сергели\"", "highway": "bus_stop", "public_transport": "stop_position", "bus": "yes", "stop_role": "platform", "operator": null, "district_name": "Sergeli district", "district_assignment": "within" }, "geometry": { "type": "Point", "coordinates": [ 69.2189771, 41.2280641 ] } },
{ "type": "Feature", "properties": { "osm_element": "node", "osm_id": 3609108987, "name": "Chilonzor dahasi 24-mavze", "name_ru": "Массив Чиланзар, квартал 24", "highway": "bus_stop", "public_transport": "platform", "bus": "yes", "stop_role": "platform", "operator": null, "district_name": "Uchtepa district", "district_assignment": "within" }, "geometry": { "type": "Point", "coordinates": [ 69.1800937, 41.2823867 ] } },
{ "type": "Feature", "properties": { "osm_element": "node", "osm_id": 3614216140, "name": "Riyoziy mavzesi", "name_ru": "Массив \"Риёзи\"", "highway": "bus_stop", "public_transport": "stop_position", "bus": "yes", "stop_role": "platform", "operator": null, "district_name": "Yashnabad district", "district_assignment": "within" }, "geometry": { "type": "Point", "coordinates": [ 69.3257209, 41.3101862 ] } },
{ "type": "Feature", "properties": { "osm_element": "node", "osm_id": 3614216141, "name": null, "name_ru": "Завод шампанских вин", "highway": "bus_stop", "public_transport": "stop_position", "bus": "yes", "stop_role": "platform", "operator": null, "district_name": "Yashnabad district", "district_assignment": "within" }, "geometry": { "type": "Point", "coordinates": [ 69.3218856, 41.3103288 ] } },
{ "type": "Feature", "properties": { "osm_element": "node", "osm_id": 3614216142, "name": "Oltintepa ko'chasi", "name_ru": "Улица Олтинтепа", "highway": "bus_stop", "public_transport": "stop_position", "bus": "yes", "stop_role": "platform", "operator": null, "district_name": "Yashnabad district", "district_assignment": "within" }, "geometry": { "type": "Point", "coordinates": [ 69.3298209, 41.3122699 ] } },
{ "type": "Feature", "properties": { "osm_element": "node", "osm_id": 3614216145, "name": "Sultonali Mashxadi ko'chasi", "name_ru": "Улица Султонали Машхади", "highway": "bus_stop", "public_transport": "platform", "bus": "1.16.18.21.30.44.80.96.14", "stop_role": "platform", "operator": null, "district_name": "Yashnabad district", "district_assignment": "within" }, "geometry": { "type": "Point", "coordinates": [ 69.3133939, 41.3124703 ] } },
{ "type": "Feature", "properties": { "osm_element": "node", "osm_id": 3614216149, "name": "Oltintepa 5-o'tish ko'chasi", "name_ru": "Олтинтепа 5-й проезд", "highway": "bus_stop", "public_transport": null, "bus": null, "stop_role": "platform", "operator": null, "district_name": "Mirzo Ulugbek district", "district_assignment": "within" }, "geometry": { "type": "Point", "coordinates": [ 69.3339545, 41.3142126 ] } },
{ "type": "Feature", "properties": { "osm_element": "node", "osm_id": 3614216150, "name": "Lomonosov ko'chasi", "name_ru": "Улица Ломоносова", "highway": "bus_stop", "public_transport": "stop_position", "bus": "yes", "stop_role": "platform", "operator": null, "district_name": "Mirzo Ulugbek district", "district_assignment": "within" }, "geometry": { "type": "Point", "coordinates": [ 69.3387834, 41.3175164 ] } },
{ "type": "Feature", "properties": { "osm_element": "node", "osm_id": 3614216151, "name": "Lomonosov ko'chasi", "name_ru": "Улица Ломоносова", "highway": "bus_stop", "public_transport": "stop_position", "bus": "yes", "stop_role": "platform", "operator": null, "district_name": "Mirzo Ulugbek district", "district_assignment": "within" }, "geometry": { "type": "Point", "coordinates": [ 69.3395625, 41.318018 ] } },
{ "type": "Feature", "properties": { "osm_element": "node", "osm_id": 3661432949, "name": "G'ayratiy ko'chasi", "name_ru": "Гайратий улица", "highway": "bus_stop", "public_transport": "stop_position", "bus": "yes", "stop_role": "platform", "operator": null, "district_name": "Yunusabad district", "district_assignment": "within" }, "geometry": { "type": "Point", "coordinates": [ 69.2725138, 41.3576268 ] } },
{ "type": "Feature", "properties": { "osm_element": "node", "osm_id": 3667581702, "name": "Yunusobod dahasi 4-mavze", "name_ru": "Массив Юнусабад квартал 4", "highway": "bus_stop", "public_transport": "stop_position", "bus": "yes", "stop_role": "platform", "operator": null, "district_name": "Yunusabad district", "district_assignment": "within" }, "geometry": { "type": "Point", "coordinates": [ 69.2789588, 41.35999 ] } },
{ "type": "Feature", "properties": { "osm_element": "node", "osm_id": 3667640839, "name": null, "name_ru": null, "highway": "bus_stop", "public_transport": null, "bus": null, "stop_role": "platform", "operator": null, "district_name": "Almazar district", "district_assignment": "within" }, "geometry": { "type": "Point", "coordinates": [ 69.2505618, 41.3318647 ] } },
{ "type": "Feature", "properties": { "osm_element": "node", "osm_id": 3667640840, "name": null, "name_ru": null, "highway": "bus_stop", "public_transport": "platform", "bus": "yes", "stop_role": "platform", "operator": null, "district_name": "Almazar district", "district_assignment": "boundary_nearest" }, "geometry": { "type": "Point", "coordinates": [ 69.2519816, 41.3324509 ] } },
{ "type": "Feature", "properties": { "osm_element": "node", "osm_id": 3667640856, "name": "Yunusobod dahasi 4-mavze", "name_ru": "Массив Юнусабад квартал 4", "highway": "bus_stop", "public_transport": "stop_position", "bus": "yes", "stop_role": "platform", "operator": null, "district_name": "Yunusabad district", "district_assignment": "within" }, "geometry": { "type": "Point", "coordinates": [ 69.2774729, 41.359982 ] } },
{ "type": "Feature", "properties": { "osm_element": "node", "osm_id": 3701516619, "name": "O'tish yo'li", "name_ru": "Путепровод", "highway": "bus_stop", "public_transport": "stop_position", "bus": "yes", "stop_role": "platform", "operator": null, "district_name": "Yunusabad district", "district_assignment": "within" }, "geometry": { "type": "Point", "coordinates": [ 69.2666726, 41.3528177 ] } },
{ "type": "Feature", "properties": { "osm_element": "node", "osm_id": 3701516621, "name": "O'tish yo'li", "name_ru": "Путепровод", "highway": "bus_stop", "public_transport": "stop_position", "bus": "yes", "stop_role": "platform", "operator": null, "district_name": "Almazar district", "district_assignment": "within" }, "geometry": { "type": "Point", "coordinates": [ 69.2671534, 41.3535043 ] } },
{ "type": "Feature", "properties": { "osm_element": "node", "osm_id": 3709141358, "name": "Bobur maydoni", "name_ru": "Площадь им. Бобура", "highway": "bus_stop", "public_transport": "platform", "bus": null, "stop_role": "platform", "operator": null, "district_name": "Yakkasaray district", "district_assignment": "within" }, "geometry": { "type": "Point", "coordinates": [ 69.2504594, 41.2926214 ] } },
{ "type": "Feature", "properties": { "osm_element": "node", "osm_id": 3803065391, "name": null, "name_ru": null, "highway": "bus_stop", "public_transport": "stop_position", "bus": "yes", "stop_role": "platform", "operator": null, "district_name": "Mirabad district", "district_assignment": "within" }, "geometry": { "type": "Point", "coordinates": [ 69.271942, 41.292102 ] } },
{ "type": "Feature", "properties": { "osm_element": "node", "osm_id": 3917941506, "name": "Fidoyilar hiyoboni", "name_ru": "Музей геологии", "highway": "bus_stop", "public_transport": "stop_position", "bus": "yes", "stop_role": "platform", "operator": null, "district_name": "Mirabad district", "district_assignment": "within" }, "geometry": { "type": "Point", "coordinates": [ 69.277493, 41.3016037 ] } },
{ "type": "Feature", "properties": { "osm_element": "node", "osm_id": 3917941507, "name": "Kichik Mirobod ko'chasi", "name_ru": "Улица Кичик Мирабад", "highway": "bus_stop", "public_transport": "stop_position", "bus": "yes", "stop_role": "platform", "operator": null, "district_name": "Yakkasaray district", "district_assignment": "within" }, "geometry": { "type": "Point", "coordinates": [ 69.263305, 41.292901 ] } },
{ "type": "Feature", "properties": { "osm_element": "node", "osm_id": 3917944058, "name": "San'at muzeyi", "name_ru": "Музей искуств", "highway": "bus_stop", "public_transport": "stop_position", "bus": "yes", "stop_role": "platform", "operator": null, "district_name": "Mirabad district", "district_assignment": "within" }, "geometry": { "type": "Point", "coordinates": [ 69.2786918, 41.3025831 ] } },
{ "type": "Feature", "properties": { "osm_element": "node", "osm_id": 3917944059, "name": "Vestminster universeteti", "name_ru": "Вестминстерский университет", "highway": "bus_stop", "public_transport": "stop_position", "bus": "yes", "stop_role": "platform", "operator": null, "district_name": "Mirabad district", "district_assignment": "within" }, "geometry": { "type": "Point", "coordinates": [ 69.2837255, 41.3065076 ] } },
{ "type": "Feature", "properties": { "osm_element": "node", "osm_id": 3917953056, "name": "5-sonli Poliklinika", "name_ru": "Поликлиника № 5", "highway": "bus_stop", "public_transport": "stop_position", "bus": "yes", "stop_role": "platform", "operator": null, "district_name": "Mirzo Ulugbek district", "district_assignment": "within" }, "geometry": { "type": "Point", "coordinates": [ 69.2920497, 41.3165923 ] } },
{ "type": "Feature", "properties": { "osm_element": "node", "osm_id": 3917953657, "name": "Darxon kafesi", "name_ru": "Кафе \"Дархан\"", "highway": "bus_stop", "public_transport": "stop_position", "bus": "yes", "stop_role": "platform", "operator": null, "district_name": "Mirzo Ulugbek district", "district_assignment": "within" }, "geometry": { "type": "Point", "coordinates": [ 69.2986502, 41.3196011 ] } },
{ "type": "Feature", "properties": { "osm_element": "node", "osm_id": 3917953659, "name": null, "name_ru": null, "highway": "bus_stop", "public_transport": "stop_position", "bus": "yes", "stop_role": "platform", "operator": null, "district_name": "Mirzo Ulugbek district", "district_assignment": "within" }, "geometry": { "type": "Point", "coordinates": [ 69.3136916, 41.3252592 ] } },
{ "type": "Feature", "properties": { "osm_element": "node", "osm_id": 3928050975, "name": "Fedorovich nomli sanatoriyasi", "name_ru": "Санаторий им. Федоровича", "highway": "bus_stop", "public_transport": "stop_position", "bus": "yes", "stop_role": "platform", "operator": null, "district_name": "Mirabad district", "district_assignment": "within" }, "geometry": { "type": "Point", "coordinates": [ 69.2827366, 41.2996485 ] } },
{ "type": "Feature", "properties": { "osm_element": "node", "osm_id": 3929927256, "name": null, "name_ru": null, "highway": "bus_stop", "public_transport": null, "bus": null, "stop_role": "platform", "operator": null, "district_name": "Yashnabad district", "district_assignment": "within" }, "geometry": { "type": "Point", "coordinates": [ 69.3600002, 41.2855127 ] } },
{ "type": "Feature", "properties": { "osm_element": "node", "osm_id": 3929928557, "name": null, "name_ru": null, "highway": "bus_stop", "public_transport": null, "bus": null, "stop_role": "platform", "operator": null, "district_name": "Yashnabad district", "district_assignment": "within" }, "geometry": { "type": "Point", "coordinates": [ 69.3608352, 41.2802848 ] } },
{ "type": "Feature", "properties": { "osm_element": "node", "osm_id": 3929928558, "name": null, "name_ru": null, "highway": "bus_stop", "public_transport": null, "bus": null, "stop_role": "platform", "operator": null, "district_name": "Yashnabad district", "district_assignment": "within" }, "geometry": { "type": "Point", "coordinates": [ 69.3613651, 41.281285 ] } },
{ "type": "Feature", "properties": { "osm_element": "node", "osm_id": 3929928559, "name": null, "name_ru": null, "highway": "bus_stop", "public_transport": null, "bus": null, "stop_role": "platform", "operator": null, "district_name": "Yashnabad district", "district_assignment": "within" }, "geometry": { "type": "Point", "coordinates": [ 69.3620584, 41.2770076 ] } },
{ "type": "Feature", "properties": { "osm_element": "node", "osm_id": 3929928560, "name": "Shohimardon ko'chasi", "name_ru": "Улица Шохимардан", "highway": "bus_stop", "public_transport": "stop_position", "bus": "yes", "stop_role": "platform", "operator": null, "district_name": "Yashnabad district", "district_assignment": "within" }, "geometry": { "type": "Point", "coordinates": [ 69.3616546, 41.2758894 ] } },
{ "type": "Feature", "properties": { "osm_element": "node", "osm_id": 3929928562, "name": "Shohsanam ko'chasi", "name_ru": "Улица Шохсанам", "highway": "bus_stop", "public_transport": "stop_position", "bus": "yes", "stop_role": "platform", "operator": null, "district_name": "Yashnabad district", "district_assignment": "within" }, "geometry": { "type": "Point", "coordinates": [ 69.3656842, 41.2689457 ] } },
{ "type": "Feature", "properties": { "osm_element": "node", "osm_id": 3929928571, "name": "Tuzel metro bekati", "name_ru": "Станция метро \"Тузель\"", "highway": "bus_stop", "public_transport": "stop_position", "bus": "yes", "stop_role": "platform", "operator": null, "district_name": "Yashnabad district", "district_assignment": "within" }, "geometry": { "type": "Point", "coordinates": [ 69.3571843, 41.2932564 ] } },
{ "type": "Feature", "properties": { "osm_element": "node", "osm_id": 3929928572, "name": "Do'kon", "name_ru": "Магазин", "highway": "bus_stop", "public_transport": "stop_position", "bus": "yes", "stop_role": "platform", "operator": null, "district_name": "Yashnabad district", "district_assignment": "within" }, "geometry": { "type": "Point", "coordinates": [ 69.3621614, 41.2955091 ] } },
{ "type": "Feature", "properties": { "osm_element": "node", "osm_id": 3929928574, "name": "конечный 166 of minibus", "name_ru": "конечный 166 of minibus", "highway": "bus_stop", "public_transport": "platform", "bus": "yes", "stop_role": "platform", "operator": null, "district_name": "Yashnabad district", "district_assignment": "within" }, "geometry": { "type": "Point", "coordinates": [ 69.3696907, 41.2928602 ] } },
{ "type": "Feature", "properties": { "osm_element": "node", "osm_id": 3957625055, "name": "Ibn Sino 1 dahasi", "name_ru": "Массив \"Ибн Сино\"-1", "highway": "bus_stop", "public_transport": "stop_position", "bus": "yes", "stop_role": "platform", "operator": null, "district_name": "Shaykhantakhur district", "district_assignment": "within" }, "geometry": { "type": "Point", "coordinates": [ 69.1641765, 41.3350534 ] } },
{ "type": "Feature", "properties": { "osm_element": "node", "osm_id": 3957625858, "name": "Turar joy", "name_ru": "Желищное хозяйство", "highway": "bus_stop", "public_transport": "stop_position", "bus": "yes", "stop_role": "platform", "operator": null, "district_name": "Shaykhantakhur district", "district_assignment": "within" }, "geometry": { "type": "Point", "coordinates": [ 69.16517, 41.3434174 ] } },
{ "type": "Feature", "properties": { "osm_element": "node", "osm_id": 3957625859, "name": "Шифокор 1 улица", "name_ru": "Шифокор 1 улица", "highway": "bus_stop", "public_transport": "stop_position", "bus": "yes", "stop_role": "platform", "operator": null, "district_name": "Almazar district", "district_assignment": "within" }, "geometry": { "type": "Point", "coordinates": [ 69.1717181, 41.3591706 ] } },
{ "type": "Feature", "properties": { "osm_element": "node", "osm_id": 3957625860, "name": "Шифокор 1 улица", "name_ru": "Шифокор 1 улица", "highway": "bus_stop", "public_transport": "stop_position", "bus": "yes", "stop_role": "platform", "operator": null, "district_name": "Almazar district", "district_assignment": "within" }, "geometry": { "type": "Point", "coordinates": [ 69.1728667, 41.3598642 ] } },
{ "type": "Feature", "properties": { "osm_element": "node", "osm_id": 3957625861, "name": "Yo'l Patrul Xizmati posti", "name_ru": "Пост ГАИ", "highway": "bus_stop", "public_transport": "stop_position", "bus": "yes", "stop_role": "platform", "operator": null, "district_name": "Shaykhantakhur district", "district_assignment": "within" }, "geometry": { "type": "Point", "coordinates": [ 69.1651498, 41.3464728 ] } },
{ "type": "Feature", "properties": { "osm_element": "node", "osm_id": 3957625881, "name": null, "name_ru": null, "highway": "bus_stop", "public_transport": "stop_position", "bus": "yes", "stop_role": "platform", "operator": null, "district_name": "Almazar district", "district_assignment": "within" }, "geometry": { "type": "Point", "coordinates": [ 69.1740576, 41.3608238 ] } },
{ "type": "Feature", "properties": { "osm_element": "node", "osm_id": 3957625884, "name": "транспортный колледж", "name_ru": "транспортный колледж", "highway": "bus_stop", "public_transport": "stop_position", "bus": "yes", "stop_role": "platform", "operator": null, "district_name": "Shaykhantakhur district", "district_assignment": "within" }, "geometry": { "type": "Point", "coordinates": [ 69.1654577, 41.3459344 ] } },
{ "type": "Feature", "properties": { "osm_element": "node", "osm_id": 3983763659, "name": "Istirohat mahallasi", "name_ru": "Массив \"Истирохат\"", "highway": "bus_stop", "public_transport": "stop_position", "bus": "yes", "stop_role": "platform", "operator": null, "district_name": "Uchtepa district", "district_assignment": "within" }, "geometry": { "type": "Point", "coordinates": [ 69.1598831, 41.3275847 ] } },
{ "type": "Feature", "properties": { "osm_element": "node", "osm_id": 3983763662, "name": "Istirohat mahallasi", "name_ru": "Массив \"Истирохат\"", "highway": "bus_stop", "public_transport": "stop_position", "bus": "yes", "stop_role": "platform", "operator": null, "district_name": "Uchtepa district", "district_assignment": "within" }, "geometry": { "type": "Point", "coordinates": [ 69.1594683, 41.3269823 ] } },
{ "type": "Feature", "properties": { "osm_element": "node", "osm_id": 3992324612, "name": "Do'stlik mahallasi", "name_ru": "Махалля \"Дустлик\"", "highway": "bus_stop", "public_transport": "stop_position", "bus": "yes", "stop_role": "platform", "operator": null, "district_name": "Yakkasaray district", "district_assignment": "within" }, "geometry": { "type": "Point", "coordinates": [ 69.2456443, 41.2934246 ] } },
{ "type": "Feature", "properties": { "osm_element": "node", "osm_id": 3992324613, "name": "Do'stlik mahallasi", "name_ru": "Махалля \"Дустлик\"", "highway": "bus_stop", "public_transport": "stop_position", "bus": "yes", "stop_role": "platform", "operator": null, "district_name": "Yakkasaray district", "district_assignment": "within" }, "geometry": { "type": "Point", "coordinates": [ 69.246167, 41.293482 ] } },
{ "type": "Feature", "properties": { "osm_element": "node", "osm_id": 3992324614, "name": "Bobur maydoni", "name_ru": "Площадь им. Бабура", "highway": "bus_stop", "public_transport": "stop_position", "bus": "yes", "stop_role": "platform", "operator": null, "district_name": "Yakkasaray district", "district_assignment": "within" }, "geometry": { "type": "Point", "coordinates": [ 69.2497396, 41.2931506 ] } },
{ "type": "Feature", "properties": { "osm_element": "node", "osm_id": 4087554641, "name": "Temiryo'lchilar poliklinikasi", "name_ru": "Железнодорожная поликлиника", "highway": "bus_stop", "public_transport": "platform", "bus": null, "stop_role": "platform", "operator": null, "district_name": "Mirabad district", "district_assignment": "within" }, "geometry": { "type": "Point", "coordinates": [ 69.2830125, 41.2867004 ] } },
{ "type": "Feature", "properties": { "osm_element": "node", "osm_id": 4100359970, "name": "ГНИ Алмазарского района", "name_ru": null, "highway": "bus_stop", "public_transport": "stop_position", "bus": "yes", "stop_role": "platform", "operator": "Olmazod DSI", "district_name": "Almazar district", "district_assignment": "within" }, "geometry": { "type": "Point", "coordinates": [ 69.2419748, 41.3509788 ] } },
{ "type": "Feature", "properties": { "osm_element": "node", "osm_id": 4100381991, "name": "Oltinsoy ko'chasi", "name_ru": "Улица Олтынсай", "highway": "bus_stop", "public_transport": "stop_position", "bus": "yes", "stop_role": "platform", "operator": null, "district_name": "Almazar district", "district_assignment": "within" }, "geometry": { "type": "Point", "coordinates": [ 69.2389718, 41.3518641 ] } },
{ "type": "Feature", "properties": { "osm_element": "node", "osm_id": 4100382603, "name": "Oltinsoy ko'chasi", "name_ru": "Улица Олтынсай", "highway": "bus_stop", "public_transport": "stop_position", "bus": "yes", "stop_role": "platform", "operator": null, "district_name": "Almazar district", "district_assignment": "within" }, "geometry": { "type": "Point", "coordinates": [ 69.2386463, 41.3521254 ] } },
{ "type": "Feature", "properties": { "osm_element": "node", "osm_id": 4100382792, "name": "ГНИ Алмазарского района", "name_ru": null, "highway": "bus_stop", "public_transport": "stop_position", "bus": "yes", "stop_role": "platform", "operator": null, "district_name": "Almazar district", "district_assignment": "within" }, "geometry": { "type": "Point", "coordinates": [ 69.2422007, 41.3515926 ] } },
{ "type": "Feature", "properties": { "osm_element": "node", "osm_id": 4103191799, "name": "KamAZ markazi", "name_ru": "КамАЗ-центр", "highway": "bus_stop", "public_transport": "stop_position", "bus": "yes", "stop_role": "platform", "operator": null, "district_name": "Yunusabad district", "district_assignment": "within" }, "geometry": { "type": "Point", "coordinates": [ 69.2649685, 41.3718087 ] } },
{ "type": "Feature", "properties": { "osm_element": "node", "osm_id": 4103292991, "name": "2-sonli tug'ruqxona", "name_ru": "Роддом № 2", "highway": "bus_stop", "public_transport": "stop_position", "bus": "yes", "stop_role": "platform", "operator": null, "district_name": "Almazar district", "district_assignment": "within" }, "geometry": { "type": "Point", "coordinates": [ 69.2414818, 41.3463515 ] } },
{ "type": "Feature", "properties": { "osm_element": "node", "osm_id": 4103312092, "name": "Maishiy xizmat uyi", "name_ru": "Дом быта", "highway": "bus_stop", "public_transport": "stop_position", "bus": "yes", "stop_role": "platform", "operator": null, "district_name": "Yunusabad district", "district_assignment": "within" }, "geometry": { "type": "Point", "coordinates": [ 69.2698142, 41.3669392 ] } },
{ "type": "Feature", "properties": { "osm_element": "node", "osm_id": 4103344992, "name": "Taraqqiyot ko'chasi", "name_ru": "Улица Тараккиёт", "highway": "bus_stop", "public_transport": "stop_position", "bus": "yes", "stop_role": "platform", "operator": null, "district_name": "Almazar district", "district_assignment": "within" }, "geometry": { "type": "Point", "coordinates": [ 69.2389426, 41.3562504 ] } },
{ "type": "Feature", "properties": { "osm_element": "node", "osm_id": 4103359989, "name": "Maishiy xizmat uyi", "name_ru": "Дом быта", "highway": "bus_stop", "public_transport": "stop_position", "bus": "yes", "stop_role": "platform", "operator": null, "district_name": "Yunusabad district", "district_assignment": "within" }, "geometry": { "type": "Point", "coordinates": [ 69.2707678, 41.3669444 ] } },
{ "type": "Feature", "properties": { "osm_element": "node", "osm_id": 4103997994, "name": "Obihayot ko'chasi", "name_ru": "Улица Обихаёт", "highway": "bus_stop", "public_transport": "stop_position", "bus": "yes", "stop_role": "platform", "operator": null, "district_name": "Sergeli district", "district_assignment": "within" }, "geometry": { "type": "Point", "coordinates": [ 69.2427704, 41.2192423 ] } },
{ "type": "Feature", "properties": { "osm_element": "node", "osm_id": 4103997995, "name": "11-sonli poliklinikasi", "name_ru": "Поликлиника № 11", "highway": "bus_stop", "public_transport": "stop_position", "bus": "yes", "stop_role": "platform", "operator": null, "district_name": "Sergeli district", "district_assignment": "within" }, "geometry": { "type": "Point", "coordinates": [ 69.2404953, 41.2182967 ] } },
{ "type": "Feature", "properties": { "osm_element": "node", "osm_id": 4103997996, "name": "11-sonli poliklinikasi", "name_ru": "Поликлиника № 11", "highway": "bus_stop", "public_transport": "stop_position", "bus": "yes", "stop_role": "platform", "operator": null, "district_name": "Sergeli district", "district_assignment": "within" }, "geometry": { "type": "Point", "coordinates": [ 69.2388435, 41.2176116 ] } },
{ "type": "Feature", "properties": { "osm_element": "node", "osm_id": 4103997997, "name": "Sirg'ali yarmarkasi", "name_ru": "Сергелийская ярмарка", "highway": "bus_stop", "public_transport": "stop_position", "bus": "yes", "stop_role": "platform", "operator": null, "district_name": "Sergeli district", "district_assignment": "within" }, "geometry": { "type": "Point", "coordinates": [ 69.2286679, 41.214141 ] } },
{ "type": "Feature", "properties": { "osm_element": "node", "osm_id": 4103997998, "name": null, "name_ru": null, "highway": "bus_stop", "public_transport": null, "bus": null, "stop_role": "platform", "operator": null, "district_name": "Sergeli district", "district_assignment": "within" }, "geometry": { "type": "Point", "coordinates": [ 69.2305846, 41.2140997 ] } },
{ "type": "Feature", "properties": { "osm_element": "node", "osm_id": 4103997999, "name": "Финансовый", "name_ru": "Финансовый лицей", "highway": "bus_stop", "public_transport": "stop_position", "bus": "yes", "stop_role": "platform", "operator": null, "district_name": "Yangikhayot district", "district_assignment": "within" }, "geometry": { "type": "Point", "coordinates": [ 69.232479, 41.2102131 ] } },
{ "type": "Feature", "properties": { "osm_element": "node", "osm_id": 4104026392, "name": "Sergeli dahasi 4-mavze", "name_ru": "Массив Сергели, квартал 4", "highway": "bus_stop", "public_transport": "stop_position", "bus": "yes", "stop_role": "platform", "operator": null, "district_name": "Sergeli district", "district_assignment": "within" }, "geometry": { "type": "Point", "coordinates": [ 69.244325, 41.216009 ] } },
{ "type": "Feature", "properties": { "osm_element": "node", "osm_id": 4104026393, "name": "Obihayot ko'chasi", "name_ru": "Улица Обихаёт", "highway": "bus_stop", "public_transport": "stop_position", "bus": "yes", "stop_role": "platform", "operator": null, "district_name": "Sergeli district", "district_assignment": "within" }, "geometry": { "type": "Point", "coordinates": [ 69.2431037, 41.2193833 ] } },
{ "type": "Feature", "properties": { "osm_element": "node", "osm_id": 4104026394, "name": "Fayz mebel fabrikasi", "name_ru": "Мебельная фабрика \"Файз\"", "highway": "bus_stop", "public_transport": "stop_position", "bus": "yes", "stop_role": "platform", "operator": null, "district_name": "Sergeli district", "district_assignment": "within" }, "geometry": { "type": "Point", "coordinates": [ 69.2356125, 41.2162678 ] } },
{ "type": "Feature", "properties": { "osm_element": "node", "osm_id": 4104026399, "name": "Sirgʻali yarmarkasi", "name_ru": "Сергелийская ярмарка", "highway": "bus_stop", "public_transport": "stop_position", "bus": "yes", "stop_role": "platform", "operator": null, "district_name": "Sergeli district", "district_assignment": "within" }, "geometry": { "type": "Point", "coordinates": [ 69.2294106, 41.2129886 ] } },
{ "type": "Feature", "properties": { "osm_element": "node", "osm_id": 4104026400, "name": "Sirg'ali tuman hokimiyati", "name_ru": "Сергелийский хокимият", "highway": "bus_stop", "public_transport": "stop_position", "bus": "yes", "stop_role": "platform", "operator": null, "district_name": "Sergeli district", "district_assignment": "within" }, "geometry": { "type": "Point", "coordinates": [ 69.2234849, 41.22081 ] } },
{ "type": "Feature", "properties": { "osm_element": "node", "osm_id": 4104026490, "name": "Fayz mebel fabrikasi", "name_ru": "Мебельная фабрика \"Файз\"", "highway": "bus_stop", "public_transport": "stop_position", "bus": "yes", "stop_role": "platform", "operator": null, "district_name": "Sergeli district", "district_assignment": "within" }, "geometry": { "type": "Point", "coordinates": [ 69.2341358, 41.2156705 ] } },
{ "type": "Feature", "properties": { "osm_element": "node", "osm_id": 4104026491, "name": "Masjid", "name_ru": "Мечеть", "highway": "bus_stop", "public_transport": "stop_position", "bus": "yes", "stop_role": "platform", "operator": null, "district_name": "Sergeli district", "district_assignment": "within" }, "geometry": { "type": "Point", "coordinates": [ 69.2374474, 41.2125209 ] } },
{ "type": "Feature", "properties": { "osm_element": "node", "osm_id": 4104026492, "name": "Финансовый", "name_ru": "Финансовый", "highway": "bus_stop", "public_transport": null, "bus": null, "stop_role": "platform", "operator": null, "district_name": "Sergeli district", "district_assignment": "within" }, "geometry": { "type": "Point", "coordinates": [ 69.2323857, 41.2104141 ] } },
{ "type": "Feature", "properties": { "osm_element": "node", "osm_id": 4104035291, "name": "Sirgʻali yarmarkasi", "name_ru": "Сергелийская ярмарка", "highway": "bus_stop", "public_transport": "stop_position", "bus": "yes", "stop_role": "platform", "operator": null, "district_name": "Sergeli district", "district_assignment": "within" }, "geometry": { "type": "Point", "coordinates": [ 69.2297172, 41.2123631 ] } },
{ "type": "Feature", "properties": { "osm_element": "node", "osm_id": 4104035389, "name": "Sirg'ali tuman hokimiyati", "name_ru": "Сергелийский хокимият", "highway": "bus_stop", "public_transport": "stop_position", "bus": "yes", "stop_role": "platform", "operator": null, "district_name": "Sergeli district", "district_assignment": "within" }, "geometry": { "type": "Point", "coordinates": [ 69.2241343, 41.2200948 ] } },
{ "type": "Feature", "properties": { "osm_element": "node", "osm_id": 4104185890, "name": "Yunusobod dahasi 13-mavze", "name_ru": "Рынок Ахмад Дониш", "highway": "bus_stop", "public_transport": "stop_position", "bus": "yes", "stop_role": "platform", "operator": null, "district_name": "Yunusabad district", "district_assignment": "within" }, "geometry": { "type": "Point", "coordinates": [ 69.2939979, 41.3695601 ] } },
{ "type": "Feature", "properties": { "osm_element": "node", "osm_id": 4109352743, "name": "Qorhojiota ko'chasi", "name_ru": "Улица Корходжиота", "highway": "bus_stop", "public_transport": "stop_position", "bus": "yes", "stop_role": "platform", "operator": null, "district_name": "Yunusabad district", "district_assignment": "within" }, "geometry": { "type": "Point", "coordinates": [ 69.2765971, 41.3455342 ] } },
{ "type": "Feature", "properties": { "osm_element": "node", "osm_id": 4110028691, "name": "Shaxlo kafesi", "name_ru": "Кафе \"Шахло\"", "highway": "bus_stop", "public_transport": "stop_position", "bus": "yes", "stop_role": "platform", "operator": null, "district_name": "Yashnabad district", "district_assignment": "within" }, "geometry": { "type": "Point", "coordinates": [ 69.3436991, 41.2543198 ] } },
{ "type": "Feature", "properties": { "osm_element": "node", "osm_id": 4110050389, "name": "Shaxlo kafesi", "name_ru": "Кафе \"Шахло\"", "highway": "bus_stop", "public_transport": "stop_position", "bus": "yes", "stop_role": "platform", "operator": null, "district_name": "Yashnabad district", "district_assignment": "within" }, "geometry": { "type": "Point", "coordinates": [ 69.3435061, 41.2544118 ] } },
{ "type": "Feature", "properties": { "osm_element": "node", "osm_id": 4110050589, "name": "Микрорайон З. Шамсутдиновой", "name_ru": "Микрорайон З. Шамсутдиновой", "highway": "bus_stop", "public_transport": "stop_position", "bus": "yes", "stop_role": "platform", "operator": null, "district_name": "Yashnabad district", "district_assignment": "within" }, "geometry": { "type": "Point", "coordinates": [ 69.3410827, 41.258136 ] } },
{ "type": "Feature", "properties": { "osm_element": "node", "osm_id": 4110050689, "name": "Микрорайон З. Шамсутдиновой", "name_ru": "Микрорайон З. Шамсутдиновой", "highway": "bus_stop", "public_transport": "stop_position", "bus": "yes", "stop_role": "platform", "operator": null, "district_name": "Yashnabad district", "district_assignment": "within" }, "geometry": { "type": "Point", "coordinates": [ 69.3413267, 41.2575959 ] } },
{ "type": "Feature", "properties": { "osm_element": "node", "osm_id": 4116711090, "name": "Bozor", "name_ru": "Рынок", "highway": "bus_stop", "public_transport": "stop_position", "bus": "yes", "stop_role": "platform", "operator": null, "district_name": "Almazar district", "district_assignment": "within" }, "geometry": { "type": "Point", "coordinates": [ 69.1849642, 41.3633253 ] } },
{ "type": "Feature", "properties": { "osm_element": "node", "osm_id": 4116711690, "name": "Bozor", "name_ru": "Рынок", "highway": "bus_stop", "public_transport": "stop_position", "bus": "yes", "stop_role": "platform", "operator": null, "district_name": "Almazar district", "district_assignment": "within" }, "geometry": { "type": "Point", "coordinates": [ 69.1852821, 41.3641056 ] } },
{ "type": "Feature", "properties": { "osm_element": "node", "osm_id": 4116712089, "name": "34-sonli poliklinika", "name_ru": "Поликлиника № 34", "highway": "bus_stop", "public_transport": "stop_position", "bus": "yes", "stop_role": "platform", "operator": null, "district_name": "Almazar district", "district_assignment": "within" }, "geometry": { "type": "Point", "coordinates": [ 69.1816101, 41.3612136 ] } },
{ "type": "Feature", "properties": { "osm_element": "node", "osm_id": 4119329036, "name": "Qorhojiota ko'chasi", "name_ru": "Улица Корходжиота", "highway": "bus_stop", "public_transport": "stop_position", "bus": "yes", "stop_role": "platform", "operator": null, "district_name": "Yunusabad district", "district_assignment": "within" }, "geometry": { "type": "Point", "coordinates": [ 69.2770573, 41.3459768 ] } },
{ "type": "Feature", "properties": { "osm_element": "node", "osm_id": 4129330789, "name": "Muqimiy nomli teatri", "name_ru": "Театр Мукимий", "highway": "bus_stop", "public_transport": "stop_position", "bus": "yes", "stop_role": "platform", "operator": null, "district_name": "Chilanzar district", "district_assignment": "within" }, "geometry": { "type": "Point", "coordinates": [ 69.2462109, 41.3055657 ] } },
{ "type": "Feature", "properties": { "osm_element": "node", "osm_id": 4162369191, "name": "Chilonzor IIB", "name_ru": "Чиланзарский РОВД", "highway": "bus_stop", "public_transport": "stop_position", "bus": "yes", "stop_role": "platform", "operator": null, "district_name": "Chilanzar district", "district_assignment": "within" }, "geometry": { "type": "Point", "coordinates": [ 69.2008026, 41.2903476 ] } },
{ "type": "Feature", "properties": { "osm_element": "node", "osm_id": 4177933813, "name": "Jarariq", "name_ru": "Джарарык", "highway": "bus_stop", "public_transport": null, "bus": null, "stop_role": "platform", "operator": null, "district_name": "Shaykhantakhur district", "district_assignment": "within" }, "geometry": { "type": "Point", "coordinates": [ 69.1756113, 41.3398268 ] } },
{ "type": "Feature", "properties": { "osm_element": "node", "osm_id": 4180582423, "name": "Temiryo'chilar kolleji", "name_ru": "Железнодорожный Колледж", "highway": "bus_stop", "public_transport": "stop_position", "bus": "yes", "stop_role": "platform", "operator": null, "district_name": "Mirabad district", "district_assignment": "within" }, "geometry": { "type": "Point", "coordinates": [ 69.2774226, 41.2806318 ] } },
{ "type": "Feature", "properties": { "osm_element": "node", "osm_id": 4180633198, "name": "Fedorovich nomli sanatoriyasi", "name_ru": "Санаторий им. Федоровича", "highway": "bus_stop", "public_transport": "stop_position", "bus": "yes", "stop_role": "platform", "operator": null, "district_name": "Mirabad district", "district_assignment": "within" }, "geometry": { "type": "Point", "coordinates": [ 69.2837637, 41.3006705 ] } },
{ "type": "Feature", "properties": { "osm_element": "node", "osm_id": 4194521407, "name": "Chambil ko'chasi", "name_ru": "Улица Чамбил", "highway": "bus_stop", "public_transport": "stop_position", "bus": "yes", "stop_role": "platform", "operator": null, "district_name": "Mirabad district", "district_assignment": "within" }, "geometry": { "type": "Point", "coordinates": [ 69.2803114, 41.2841643 ] } },
{ "type": "Feature", "properties": { "osm_element": "node", "osm_id": 4194521408, "name": "Chambil ko'chasi", "name_ru": "Улица Чамбил", "highway": "bus_stop", "public_transport": "stop_position", "bus": "yes", "stop_role": "platform", "operator": null, "district_name": "Mirabad district", "district_assignment": "within" }, "geometry": { "type": "Point", "coordinates": [ 69.2806884, 41.2844694 ] } },
{ "type": "Feature", "properties": { "osm_element": "node", "osm_id": 4198559193, "name": "Oʻrikzor markazi", "name_ru": "Урикзор центр", "highway": "bus_stop", "public_transport": "stop_position", "bus": "yes", "stop_role": "platform", "operator": null, "district_name": "Uchtepa district", "district_assignment": "within" }, "geometry": { "type": "Point", "coordinates": [ 69.150017, 41.2895031 ] } },
{ "type": "Feature", "properties": { "osm_element": "node", "osm_id": 4203714332, "name": "Ulug'bek 4-tor ko'chasi", "name_ru": "Улица Улугбек, 4-й проезд", "highway": "bus_stop", "public_transport": "stop_position", "bus": "yes", "stop_role": "platform", "operator": null, "district_name": "Uchtepa district", "district_assignment": "within" }, "geometry": { "type": "Point", "coordinates": [ 69.1932566, 41.311682 ] } },
{ "type": "Feature", "properties": { "osm_element": "node", "osm_id": 4207006173, "name": "Akademiklar shaharchasi", "name_ru": "Академгородок", "highway": "bus_stop", "public_transport": "stop_position", "bus": "yes", "stop_role": "platform", "operator": null, "district_name": "Mirzo Ulugbek district", "district_assignment": "within" }, "geometry": { "type": "Point", "coordinates": [ 69.3409409, 41.3399859 ] } },
{ "type": "Feature", "properties": { "osm_element": "node", "osm_id": 4208400290, "name": "59-sonli poliklinika", "name_ru": "Поликлиника № 59", "highway": "bus_stop", "public_transport": "stop_position", "bus": "yes", "stop_role": "platform", "operator": null, "district_name": "Yakkasaray district", "district_assignment": "within" }, "geometry": { "type": "Point", "coordinates": [ 69.2375669, 41.2709347 ] } },
{ "type": "Feature", "properties": { "osm_element": "node", "osm_id": 4221321430, "name": "Qozitarnov ko'chasi", "name_ru": "Улица Ходжаева", "highway": "bus_stop", "public_transport": "stop_position", "bus": "yes", "stop_role": "platform", "operator": null, "district_name": "Yunusabad district", "district_assignment": "within" }, "geometry": { "type": "Point", "coordinates": [ 69.2989093, 41.3328703 ] } },
{ "type": "Feature", "properties": { "osm_element": "node", "osm_id": 4221322013, "name": "Qozitarnov ko'chasi", "name_ru": "Улица Ходжаева", "highway": "bus_stop", "public_transport": "stop_position", "bus": "yes", "stop_role": "platform", "operator": null, "district_name": "Yunusabad district", "district_assignment": "within" }, "geometry": { "type": "Point", "coordinates": [ 69.2979131, 41.3328265 ] } },
{ "type": "Feature", "properties": { "osm_element": "node", "osm_id": 4228730392, "name": "Школа №111", "name_ru": null, "highway": "bus_stop", "public_transport": "stop_position", "bus": "yes", "stop_role": "platform", "operator": null, "district_name": "Almazar district", "district_assignment": "within" }, "geometry": { "type": "Point", "coordinates": [ 69.2214724, 41.3389813 ] } },
{ "type": "Feature", "properties": { "osm_element": "node", "osm_id": 4232992189, "name": "Sanatoriya instituti", "name_ru": "Институт санитарии", "highway": "bus_stop", "public_transport": "stop_position", "bus": "yes", "stop_role": "platform", "operator": null, "district_name": "Mirzo Ulugbek district", "district_assignment": "within" }, "geometry": { "type": "Point", "coordinates": [ 69.3426383, 41.3203466 ] } },
{ "type": "Feature", "properties": { "osm_element": "node", "osm_id": 4232992194, "name": "Sanatoriya instituti", "name_ru": "Институт санитарии", "highway": "bus_stop", "public_transport": "stop_position", "bus": "yes", "stop_role": "platform", "operator": null, "district_name": "Mirzo Ulugbek district", "district_assignment": "within" }, "geometry": { "type": "Point", "coordinates": [ 69.3433959, 41.3208195 ] } },
{ "type": "Feature", "properties": { "osm_element": "node", "osm_id": 4233004369, "name": "Oltintepa 5-o'tish ko'chasi", "name_ru": "Олтинтепа 5-й проезд", "highway": "bus_stop", "public_transport": null, "bus": null, "stop_role": "platform", "operator": null, "district_name": "Mirzo Ulugbek district", "district_assignment": "within" }, "geometry": { "type": "Point", "coordinates": [ 69.3346142, 41.3143808 ] } },
{ "type": "Feature", "properties": { "osm_element": "node", "osm_id": 4242619310, "name": "Fidoyilar mahallasi", "name_ru": "Махалля \"Фидоийлар\"", "highway": "bus_stop", "public_transport": "stop_position", "bus": "yes", "stop_role": "platform", "operator": null, "district_name": "Yashnabad district", "district_assignment": "within" }, "geometry": { "type": "Point", "coordinates": [ 69.3124626, 41.304132 ] } },
{ "type": "Feature", "properties": { "osm_element": "node", "osm_id": 4242619318, "name": "Mexanika zavodi", "name_ru": "Механический завод", "highway": "bus_stop", "public_transport": "stop_position", "bus": "yes", "stop_role": "platform", "operator": null, "district_name": "Yashnabad district", "district_assignment": "within" }, "geometry": { "type": "Point", "coordinates": [ 69.3253074, 41.3047981 ] } },
{ "type": "Feature", "properties": { "osm_element": "node", "osm_id": 4242619319, "name": "Harbiy qism", "name_ru": "Военная часть", "highway": "bus_stop", "public_transport": "stop_position", "bus": "yes", "stop_role": "platform", "operator": null, "district_name": "Yashnabad district", "district_assignment": "within" }, "geometry": { "type": "Point", "coordinates": [ 69.3198818, 41.3041311 ] } },
{ "type": "Feature", "properties": { "osm_element": "node", "osm_id": 4242619321, "name": "Mirzo Ulug'bek shox ko'chasi", "name_ru": "проспект Мирзо Улугбека", "highway": "bus_stop", "public_transport": "stop_position", "bus": "yes", "stop_role": "platform", "operator": null, "district_name": "Yashnabad district", "district_assignment": "within" }, "geometry": { "type": "Point", "coordinates": [ 69.3077546, 41.3049871 ] } },
{ "type": "Feature", "properties": { "osm_element": "node", "osm_id": 4245410390, "name": "Hosilot mehmonxonasi", "name_ru": "Гостиница \"Хосилот\"", "highway": "bus_stop", "public_transport": "stop_position", "bus": "yes", "stop_role": "platform", "operator": null, "district_name": "Yakkasaray district", "district_assignment": "within" }, "geometry": { "type": "Point", "coordinates": [ 69.2324389, 41.2662991 ] } },
{ "type": "Feature", "properties": { "osm_element": "node", "osm_id": 4245418691, "name": "Harbiy memorial", "name_ru": "Воинский мемориал", "highway": "bus_stop", "public_transport": "stop_position", "bus": "yes", "stop_role": "platform", "operator": null, "district_name": "Yakkasaray district", "district_assignment": "within" }, "geometry": { "type": "Point", "coordinates": [ 69.2348387, 41.2684489 ] } },
{ "type": "Feature", "properties": { "osm_element": "node", "osm_id": 4246751889, "name": "Komil Yashin ko'chasi", "name_ru": "Улица Камиля Яшина", "highway": "bus_stop", "public_transport": "stop_position", "bus": "yes", "stop_role": "platform", "operator": null, "district_name": "Yakkasaray district", "district_assignment": "within" }, "geometry": { "type": "Point", "coordinates": [ 69.2415848, 41.2745494 ] } },
{ "type": "Feature", "properties": { "osm_element": "node", "osm_id": 4257022590, "name": null, "name_ru": "Школа-интернат", "highway": "bus_stop", "public_transport": "stop_position", "bus": "yes", "stop_role": "platform", "operator": null, "district_name": "Chilanzar district", "district_assignment": "within" }, "geometry": { "type": "Point", "coordinates": [ 69.1941352, 41.2983363 ] } },
{ "type": "Feature", "properties": { "osm_element": "node", "osm_id": 4257089989, "name": null, "name_ru": "Школа-интернат", "highway": "bus_stop", "public_transport": "stop_position", "bus": "yes", "stop_role": "platform", "operator": null, "district_name": "Chilanzar district", "district_assignment": "boundary_nearest" }, "geometry": { "type": "Point", "coordinates": [ 69.1939203, 41.2973114 ] } },
{ "type": "Feature", "properties": { "osm_element": "node", "osm_id": 4260145390, "name": "Tabassum kafesi", "name_ru": "Кафе \"Табассум\"", "highway": "bus_stop", "public_transport": "stop_position", "bus": "yes", "stop_role": "platform", "operator": null, "district_name": "Sergeli district", "district_assignment": "within" }, "geometry": { "type": "Point", "coordinates": [ 69.2173484, 41.2516267 ] } },
{ "type": "Feature", "properties": { "osm_element": "node", "osm_id": 4260174290, "name": "Choponota mahallasi", "name_ru": "Махалля \"Чапаната\"", "highway": "bus_stop", "public_transport": "stop_position", "bus": "yes", "stop_role": "platform", "operator": null, "district_name": "Chilanzar district", "district_assignment": "boundary_nearest" }, "geometry": { "type": "Point", "coordinates": [ 69.1940688, 41.292915 ] } },
{ "type": "Feature", "properties": { "osm_element": "node", "osm_id": 4260183289, "name": "Chilonzor dahasi G9A-mavze", "name_ru": "Махалля \"Чиланзар\", квартал Г9А", "highway": "bus_stop", "public_transport": "stop_position", "bus": "yes", "stop_role": "platform", "operator": null, "district_name": "Chilanzar district", "district_assignment": "boundary_nearest" }, "geometry": { "type": "Point", "coordinates": [ 69.1942401, 41.2896487 ] } },
{ "type": "Feature", "properties": { "osm_element": "node", "osm_id": 4260183389, "name": "Jahon tillari universiteti", "name_ru": "Институт иностранных языков", "highway": "bus_stop", "public_transport": "stop_position", "bus": "yes", "stop_role": "platform", "operator": null, "district_name": "Chilanzar district", "district_assignment": "boundary_nearest" }, "geometry": { "type": "Point", "coordinates": [ 69.1943785, 41.2861418 ] } },
{ "type": "Feature", "properties": { "osm_element": "node", "osm_id": 4260183489, "name": "Jarrohlik markazi", "name_ru": "Центр хирургии", "highway": "bus_stop", "public_transport": "stop_position", "bus": "yes", "stop_role": "platform", "operator": null, "district_name": "Chilanzar district", "district_assignment": "within" }, "geometry": { "type": "Point", "coordinates": [ 69.2118491, 41.2697692 ] } },
{ "type": "Feature", "properties": { "osm_element": "node", "osm_id": 4260183689, "name": "Ozgarish qo'rg'oni", "name_ru": "Посёлок \"Узгарыш\"", "highway": "bus_stop", "public_transport": "stop_position", "bus": "yes", "stop_role": "platform", "operator": null, "district_name": "Sergeli district", "district_assignment": "within" }, "geometry": { "type": "Point", "coordinates": [ 69.2179929, 41.2476319 ] } },
{ "type": "Feature", "properties": { "osm_element": "node", "osm_id": 4260183789, "name": "Sergeli avto bozori", "name_ru": "Кафе \"Поле Чудес\"", "highway": "bus_stop", "public_transport": "stop_position", "bus": "yes", "stop_role": "platform", "operator": null, "district_name": "Sergeli district", "district_assignment": "within" }, "geometry": { "type": "Point", "coordinates": [ 69.2147237, 41.2348805 ] } },
{ "type": "Feature", "properties": { "osm_element": "node", "osm_id": 4269441290, "name": "Shirin ko'chasi", "name_ru": "Улица Ширин", "highway": "bus_stop", "public_transport": "platform", "bus": "yes", "stop_role": "platform", "operator": null, "district_name": "Uchtepa district", "district_assignment": "within" }, "geometry": { "type": "Point", "coordinates": [ 69.1712328, 41.2854925 ] } },
{ "type": "Feature", "properties": { "osm_element": "node", "osm_id": 4270045091, "name": "Ozgarish qo'rg'oni", "name_ru": "Посёлок \"Узгарыш\"", "highway": "bus_stop", "public_transport": "stop_position", "bus": "yes", "stop_role": "platform", "operator": null, "district_name": "Sergeli district", "district_assignment": "within" }, "geometry": { "type": "Point", "coordinates": [ 69.2180256, 41.248557 ] } },
{ "type": "Feature", "properties": { "osm_element": "node", "osm_id": 4271005297, "name": "Chilonzor dahasi 21-mavze", "name_ru": "Массив \"Чиланзар\", квартал 21", "highway": "bus_stop", "public_transport": "stop_position", "bus": "yes", "stop_role": "platform", "operator": null, "district_name": "Uchtepa district", "district_assignment": "within" }, "geometry": { "type": "Point", "coordinates": [ 69.1736889, 41.2894153 ] } },
{ "type": "Feature", "properties": { "osm_element": "node", "osm_id": 4271055696, "name": "Sverdlovsk uylari", "name_ru": "Свердловские дома", "highway": "bus_stop", "public_transport": "stop_position", "bus": "yes", "stop_role": "platform", "operator": null, "district_name": "Uchtepa district", "district_assignment": "within" }, "geometry": { "type": "Point", "coordinates": [ 69.178467, 41.2916786 ] } },
{ "type": "Feature", "properties": { "osm_element": "node", "osm_id": 4271055697, "name": "Sverdlovsk uylari", "name_ru": "Свердловские дома", "highway": "bus_stop", "public_transport": "stop_position", "bus": "yes", "stop_role": "platform", "operator": null, "district_name": "Uchtepa district", "district_assignment": "within" }, "geometry": { "type": "Point", "coordinates": [ 69.1794016, 41.2914637 ] } },
{ "type": "Feature", "properties": { "osm_element": "node", "osm_id": 4271055698, "name": "Chilonzor dahasi 21-mavze", "name_ru": "Массив \"Чиланзар\", квартал 21", "highway": "bus_stop", "public_transport": "stop_position", "bus": "yes", "stop_role": "platform", "operator": null, "district_name": "Uchtepa district", "district_assignment": "within" }, "geometry": { "type": "Point", "coordinates": [ 69.1743148, 41.2896479 ] } },
{ "type": "Feature", "properties": { "osm_element": "node", "osm_id": 4271222693, "name": "Do'kon", "name_ru": "Магазин", "highway": "bus_stop", "public_transport": "platform", "bus": null, "stop_role": "platform", "operator": null, "district_name": "Uchtepa district", "district_assignment": "within" }, "geometry": { "type": "Point", "coordinates": [ 69.1755737, 41.2852028 ] } },
{ "type": "Feature", "properties": { "osm_element": "node", "osm_id": 4271618691, "name": "Komil Yashin ko'chasi", "name_ru": "Улица Камиля Яшина", "highway": "bus_stop", "public_transport": "stop_position", "bus": "yes", "stop_role": "platform", "operator": null, "district_name": "Yakkasaray district", "district_assignment": "within" }, "geometry": { "type": "Point", "coordinates": [ 69.2414587, 41.2744996 ] } },
{ "type": "Feature", "properties": { "osm_element": "node", "osm_id": 4271686890, "name": "Sergeli avto bozori", "name_ru": "Кафе \"Поле Чудес\"", "highway": "bus_stop", "public_transport": "stop_position", "bus": "yes", "stop_role": "platform", "operator": null, "district_name": "Sergeli district", "district_assignment": "within" }, "geometry": { "type": "Point", "coordinates": [ 69.2144419, 41.2356564 ] } },
{ "type": "Feature", "properties": { "osm_element": "node", "osm_id": 4272751000, "name": "Xumdonsoy ko'chasi", "name_ru": "Улица Хумдонсой", "highway": "bus_stop", "public_transport": "stop_position", "bus": "yes", "stop_role": "platform", "operator": null, "district_name": "Shaykhantakhur district", "district_assignment": "within" }, "geometry": { "type": "Point", "coordinates": [ 69.2069664, 41.3071095 ] } },
{ "type": "Feature", "properties": { "osm_element": "node", "osm_id": 4280906890, "name": "Turkiston metro bekati", "name_ru": "Станция метро \"Туркестан\"", "highway": "bus_stop", "public_transport": "stop_position", "bus": "yes", "stop_role": "platform", "operator": null, "district_name": "Yunusabad district", "district_assignment": "within" }, "geometry": { "type": "Point", "coordinates": [ 69.2949285, 41.3750787 ] } },
{ "type": "Feature", "properties": { "osm_element": "node", "osm_id": 4280928689, "name": "Maishiy xizmat uyi", "name_ru": "Дом быта", "highway": "bus_stop", "public_transport": "stop_position", "bus": "yes", "stop_role": "platform", "operator": null, "district_name": "Yunusabad district", "district_assignment": "within" }, "geometry": { "type": "Point", "coordinates": [ 69.296129, 41.379167 ] } },
{ "type": "Feature", "properties": { "osm_element": "node", "osm_id": 4289660489, "name": "Lokomotiv Stadioni", "name_ru": "Стадион \"Локомотив\"", "highway": "bus_stop", "public_transport": "stop_position", "bus": "yes", "stop_role": "platform", "operator": null, "district_name": "Mirzo Ulugbek district", "district_assignment": "within" }, "geometry": { "type": "Point", "coordinates": [ 69.3900437, 41.3601935 ] } },
{ "type": "Feature", "properties": { "osm_element": "node", "osm_id": 4289660589, "name": "Lokomotiv Stadioni", "name_ru": "Стадион \"Локомотив\"", "highway": "bus_stop", "public_transport": "stop_position", "bus": "yes", "stop_role": "platform", "operator": null, "district_name": "Mirzo Ulugbek district", "district_assignment": "within" }, "geometry": { "type": "Point", "coordinates": [ 69.3887169, 41.3595676 ] } },
{ "type": "Feature", "properties": { "osm_element": "node", "osm_id": 4289660591, "name": "Diadora do'koni", "name_ru": "Магазин Диадора", "highway": "bus_stop", "public_transport": "stop_position", "bus": "yes", "stop_role": "platform", "operator": null, "district_name": "Mirzo Ulugbek district", "district_assignment": "within" }, "geometry": { "type": "Point", "coordinates": [ 69.3849322, 41.3585173 ] } },
{ "type": "Feature", "properties": { "osm_element": "node", "osm_id": 4295717626, "name": "Yunusobod dahasi 11-mavze", "name_ru": "Массив \"Юнусабад\", квартал 11", "highway": "bus_stop", "public_transport": "stop_position", "bus": "yes", "stop_role": "platform", "operator": null, "district_name": "Yunusabad district", "district_assignment": "within" }, "geometry": { "type": "Point", "coordinates": [ 69.2942049, 41.3726536 ] } },
{ "type": "Feature", "properties": { "osm_element": "node", "osm_id": 4299019895, "name": "Paynet", "name_ru": null, "highway": "bus_stop", "public_transport": null, "bus": null, "stop_role": "platform", "operator": null, "district_name": "Mirzo Ulugbek district", "district_assignment": "within" }, "geometry": { "type": "Point", "coordinates": [ 69.3550258, 41.3205979 ] } },
{ "type": "Feature", "properties": { "osm_element": "node", "osm_id": 4303576196, "name": "ToshGRES mavzesi", "name_ru": "Массив \"ТашГРЭС\"", "highway": "bus_stop", "public_transport": "stop_position", "bus": "yes", "stop_role": "platform", "operator": null, "district_name": "Yunusabad district", "district_assignment": "within" }, "geometry": { "type": "Point", "coordinates": [ 69.3389918, 41.3588393 ] } },
{ "type": "Feature", "properties": { "osm_element": "node", "osm_id": 4303576197, "name": "Автобусная остановка", "name_ru": null, "highway": "bus_stop", "public_transport": null, "bus": null, "stop_role": "platform", "operator": null, "district_name": "Yunusabad district", "district_assignment": "within" }, "geometry": { "type": "Point", "coordinates": [ 69.3338393, 41.3628799 ] } },
{ "type": "Feature", "properties": { "osm_element": "node", "osm_id": 4303579298, "name": "Oliy Himmat ko'chasi", "name_ru": "Улица Олий Химмат", "highway": "bus_stop", "public_transport": "stop_position", "bus": "yes", "stop_role": "platform", "operator": null, "district_name": "Yunusabad district", "district_assignment": "within" }, "geometry": { "type": "Point", "coordinates": [ 69.3309019, 41.352145 ] } },
{ "type": "Feature", "properties": { "osm_element": "node", "osm_id": 4303580094, "name": "Pediatriya instituti", "name_ru": "Институт педиатрии", "highway": "bus_stop", "public_transport": "stop_position", "bus": "yes", "stop_role": "platform", "operator": null, "district_name": "Yunusabad district", "district_assignment": "within" }, "geometry": { "type": "Point", "coordinates": [ 69.3346337, 41.3551768 ] } },
{ "type": "Feature", "properties": { "osm_element": "node", "osm_id": 4303580898, "name": "Pediatriya instituti", "name_ru": "Институт педиатрии", "highway": "bus_stop", "public_transport": "stop_position", "bus": "yes", "stop_role": "platform", "operator": null, "district_name": "Yunusabad district", "district_assignment": "within" }, "geometry": { "type": "Point", "coordinates": [ 69.3333795, 41.354209 ] } },
{ "type": "Feature", "properties": { "osm_element": "node", "osm_id": 4303678689, "name": "Qizilqo'rg'on kochasi", "name_ru": "Улица Кызылкурган", "highway": "bus_stop", "public_transport": "stop_position", "bus": "yes", "stop_role": "platform", "operator": null, "district_name": "Yunusabad district", "district_assignment": "within" }, "geometry": { "type": "Point", "coordinates": [ 69.319537, 41.3493947 ] } },
{ "type": "Feature", "properties": { "osm_element": "node", "osm_id": 4303678691, "name": "Botanika bog'i", "name_ru": "Ботанический сад", "highway": "bus_stop", "public_transport": "stop_position", "bus": "yes", "stop_role": "platform", "operator": null, "district_name": "Yunusabad district", "district_assignment": "within" }, "geometry": { "type": "Point", "coordinates": [ 69.3163647, 41.348112 ] } },
{ "type": "Feature", "properties": { "osm_element": "node", "osm_id": 4315261389, "name": "Kardiologiya markazi", "name_ru": "Кардиологический центр", "highway": "bus_stop", "public_transport": "stop_position", "bus": "yes", "stop_role": "platform", "operator": null, "district_name": "Mirzo Ulugbek district", "district_assignment": "within" }, "geometry": { "type": "Point", "coordinates": [ 69.2992603, 41.3250266 ] } },
{ "type": "Feature", "properties": { "osm_element": "node", "osm_id": 4319121194, "name": "34-sonli poliklinika", "name_ru": "Поликлиника № 34", "highway": "bus_stop", "public_transport": "stop_position", "bus": "yes", "stop_role": "platform", "operator": null, "district_name": "Almazar district", "district_assignment": "within" }, "geometry": { "type": "Point", "coordinates": [ 69.1817564, 41.3612023 ] } },
{ "type": "Feature", "properties": { "osm_element": "node", "osm_id": 4320565289, "name": "Yotoqxonalar", "name_ru": "Общежитие", "highway": "bus_stop", "public_transport": "stop_position", "bus": "yes", "stop_role": "platform", "operator": null, "district_name": "Almazar district", "district_assignment": "within" }, "geometry": { "type": "Point", "coordinates": [ 69.2146206, 41.3491904 ] } },
{ "type": "Feature", "properties": { "osm_element": "node", "osm_id": 4320565318, "name": "Universitet shaharchasi", "name_ru": "Университетский городок", "highway": "bus_stop", "public_transport": "stop_position", "bus": "yes", "stop_role": "platform", "operator": null, "district_name": "Almazar district", "district_assignment": "within" }, "geometry": { "type": "Point", "coordinates": [ 69.2120668, 41.3518802 ] } },
{ "type": "Feature", "properties": { "osm_element": "node", "osm_id": 4320565331, "name": "Madaniyat kolleji", "name_ru": "Колледж культуры", "highway": "bus_stop", "public_transport": "stop_position", "bus": "yes", "stop_role": "platform", "operator": null, "district_name": "Almazar district", "district_assignment": "within" }, "geometry": { "type": "Point", "coordinates": [ 69.2092009, 41.3548988 ] } },
{ "type": "Feature", "properties": { "osm_element": "node", "osm_id": 4325764456, "name": "Yunusobod dahasi 18-mavze", "name_ru": "Массив \"Юнусабад\", квартал 18", "highway": "bus_stop", "public_transport": "stop_position", "bus": "yes", "stop_role": "platform", "operator": null, "district_name": "Yunusabad district", "district_assignment": "within" }, "geometry": { "type": "Point", "coordinates": [ 69.3171569, 41.3717468 ] } },
{ "type": "Feature", "properties": { "osm_element": "node", "osm_id": 4325764477, "name": null, "name_ru": null, "highway": "bus_stop", "public_transport": null, "bus": null, "stop_role": "platform", "operator": null, "district_name": "Yunusabad district", "district_assignment": "within" }, "geometry": { "type": "Point", "coordinates": [ 69.3108516, 41.3712816 ] } },
{ "type": "Feature", "properties": { "osm_element": "node", "osm_id": 4325766423, "name": "Yunusobod dahasi 18-mavze", "name_ru": "Массив \"Юнусабад\", квартал 18", "highway": "bus_stop", "public_transport": "stop_position", "bus": "yes", "stop_role": "platform", "operator": null, "district_name": "Yunusabad district", "district_assignment": "within" }, "geometry": { "type": "Point", "coordinates": [ 69.3165009, 41.371751 ] } },
{ "type": "Feature", "properties": { "osm_element": "node", "osm_id": 4350617529, "name": "Oltintepa ko'chasi", "name_ru": "Улица Олтинтепа", "highway": "bus_stop", "public_transport": "stop_position", "bus": "yes", "stop_role": "platform", "operator": null, "district_name": "Mirzo Ulugbek district", "district_assignment": "boundary_nearest" }, "geometry": { "type": "Point", "coordinates": [ 69.3315067, 41.3125537 ] } },
{ "type": "Feature", "properties": { "osm_element": "node", "osm_id": 4360324090, "name": "Chilonzor dahasi 23-mavze", "name_ru": "Чиланзар-23 (Книжный)", "highway": "bus_stop", "public_transport": "stop_position", "bus": "yes", "stop_role": "platform", "operator": null, "district_name": "Uchtepa district", "district_assignment": "within" }, "geometry": { "type": "Point", "coordinates": [ 69.1813777, 41.289562 ] } },
{ "type": "Feature", "properties": { "osm_element": "node", "osm_id": 4367754402, "name": "Xalqlar Doʻstligi metro bekati", "name_ru": "Станция метро \"Халклар Дустлиги\"", "highway": "bus_stop", "public_transport": "stop_position", "bus": "yes", "stop_role": "platform", "operator": null, "district_name": "Chilanzar district", "district_assignment": "within" }, "geometry": { "type": "Point", "coordinates": [ 69.241876, 41.3116459 ] } },
{ "type": "Feature", "properties": { "osm_element": "node", "osm_id": 4373939944, "name": "Fidoyilar mahallasi", "name_ru": "Махалля \"Фидоийлар\"", "highway": "bus_stop", "public_transport": "stop_position", "bus": "yes", "stop_role": "platform", "operator": null, "district_name": "Yashnabad district", "district_assignment": "within" }, "geometry": { "type": "Point", "coordinates": [ 69.3131716, 41.303887 ] } },
{ "type": "Feature", "properties": { "osm_element": "node", "osm_id": 4373939945, "name": "Harbiy qism", "name_ru": "Военная часть", "highway": "bus_stop", "public_transport": "stop_position", "bus": "yes", "stop_role": "platform", "operator": null, "district_name": "Yashnabad district", "district_assignment": "within" }, "geometry": { "type": "Point", "coordinates": [ 69.3195529, 41.3039341 ] } },
{ "type": "Feature", "properties": { "osm_element": "node", "osm_id": 4373939946, "name": "Mexanika zavodi", "name_ru": "Механический завод", "highway": "bus_stop", "public_transport": "stop_position", "bus": "yes", "stop_role": "platform", "operator": null, "district_name": "Yashnabad district", "district_assignment": "within" }, "geometry": { "type": "Point", "coordinates": [ 69.326493, 41.3047819 ] } },
{ "type": "Feature", "properties": { "osm_element": "node", "osm_id": 4373939947, "name": "Doʻstobod mahallasi", "name_ru": "Махалля \"Дустлик\"", "highway": "bus_stop", "public_transport": "stop_position", "bus": "yes", "stop_role": "platform", "operator": null, "district_name": "Yashnabad district", "district_assignment": "within" }, "geometry": { "type": "Point", "coordinates": [ 69.3318528, 41.3052192 ] } },
{ "type": "Feature", "properties": { "osm_element": "node", "osm_id": 4375126232, "name": "Elbek ko'chasi", "name_ru": "улица Эльбек", "highway": "bus_stop", "public_transport": "platform", "bus": "yes", "stop_role": "platform", "operator": null, "district_name": "Yashnabad district", "district_assignment": "within" }, "geometry": { "type": "Point", "coordinates": [ 69.2971712, 41.3011419 ] } },
{ "type": "Feature", "properties": { "osm_element": "node", "osm_id": 4378504890, "name": "Oʻzgarish mavzesi", "name_ru": "Массив \"Узгарыш\"", "highway": "bus_stop", "public_transport": "stop_position", "bus": "yes", "stop_role": "platform", "operator": null, "district_name": "Yangikhayot district", "district_assignment": "within" }, "geometry": { "type": "Point", "coordinates": [ 69.2122865, 41.2156399 ] } },
{ "type": "Feature", "properties": { "osm_element": "node", "osm_id": 4378528289, "name": "Sergeli 5-mavzesi", "name_ru": "Массив \"Сергели\", квартал 5", "highway": "bus_stop", "public_transport": "stop_position", "bus": "yes", "stop_role": "platform", "operator": null, "district_name": "Sergeli district", "district_assignment": "within" }, "geometry": { "type": "Point", "coordinates": [ 69.2115687, 41.2237032 ] } },
{ "type": "Feature", "properties": { "osm_element": "node", "osm_id": 4378701390, "name": "Sergeli bozori", "name_ru": "Рынок \"Сергели\"", "highway": "bus_stop", "public_transport": "stop_position", "bus": "yes", "stop_role": "platform", "operator": null, "district_name": "Sergeli district", "district_assignment": "within" }, "geometry": { "type": "Point", "coordinates": [ 69.2184804, 41.2264961 ] } },
{ "type": "Feature", "properties": { "osm_element": "node", "osm_id": 4379144098, "name": "Sergeli 6-mavzesi", "name_ru": "Массив \"Сергели\", квартал 6", "highway": "bus_stop", "public_transport": "stop_position", "bus": "yes", "stop_role": "platform", "operator": null, "district_name": "Sergeli district", "district_assignment": "within" }, "geometry": { "type": "Point", "coordinates": [ 69.2146377, 41.2249889 ] } },
{ "type": "Feature", "properties": { "osm_element": "node", "osm_id": 4384765291, "name": "Yusuf Sakkokiy tor ko'chasi", "name_ru": "Проезд Юсуфа Саккокий", "highway": "bus_stop", "public_transport": "stop_position", "bus": "yes", "stop_role": "platform", "operator": null, "district_name": "Uchtepa district", "district_assignment": "within" }, "geometry": { "type": "Point", "coordinates": [ 69.1745103, 41.2986033 ] } },
{ "type": "Feature", "properties": { "osm_element": "node", "osm_id": 4400562194, "name": "Bolalar sanatoriysi", "name_ru": "Детский санаторий", "highway": "bus_stop", "public_transport": "stop_position", "bus": "yes", "stop_role": "platform", "operator": null, "district_name": "Mirzo Ulugbek district", "district_assignment": "within" }, "geometry": { "type": "Point", "coordinates": [ 69.3807318, 41.3513257 ] } },
{ "type": "Feature", "properties": { "osm_element": "node", "osm_id": 4400562195, "name": "Агрошкола", "name_ru": "Агрошкола", "highway": "bus_stop", "public_transport": "platform", "bus": null, "stop_role": "platform", "operator": null, "district_name": "Mirzo Ulugbek district", "district_assignment": "within" }, "geometry": { "type": "Point", "coordinates": [ 69.3679148, 41.3490695 ] } },
{ "type": "Feature", "properties": { "osm_element": "node", "osm_id": 4400577492, "name": "ГУВД", "name_ru": null, "highway": "bus_stop", "public_transport": null, "bus": null, "stop_role": "platform", "operator": null, "district_name": "Mirzo Ulugbek district", "district_assignment": "within" }, "geometry": { "type": "Point", "coordinates": [ 69.3538566, 41.3358848 ] } },
{ "type": "Feature", "properties": { "osm_element": "node", "osm_id": 4400692930, "name": "Дагестанская", "name_ru": null, "highway": "bus_stop", "public_transport": null, "bus": null, "stop_role": "platform", "operator": null, "district_name": "Mirzo Ulugbek district", "district_assignment": "within" }, "geometry": { "type": "Point", "coordinates": [ 69.3263987, 41.3223898 ] } },
{ "type": "Feature", "properties": { "osm_element": "node", "osm_id": 4400692931, "name": "Дагестанская", "name_ru": null, "highway": "bus_stop", "public_transport": null, "bus": null, "stop_role": "platform", "operator": null, "district_name": "Mirzo Ulugbek district", "district_assignment": "within" }, "geometry": { "type": "Point", "coordinates": [ 69.3265543, 41.3227554 ] } },
{ "type": "Feature", "properties": { "osm_element": "node", "osm_id": 4400692933, "name": "Улица Шох-Полон", "name_ru": "Улица Шох-Полон", "highway": "bus_stop", "public_transport": "stop_position", "bus": "yes", "stop_role": "platform", "operator": null, "district_name": "Mirzo Ulugbek district", "district_assignment": "within" }, "geometry": { "type": "Point", "coordinates": [ 69.3273416, 41.3149233 ] } },
{ "type": "Feature", "properties": { "osm_element": "node", "osm_id": 4400692934, "name": null, "name_ru": null, "highway": "bus_stop", "public_transport": "stop_position", "bus": null, "stop_role": "platform", "operator": null, "district_name": "Mirzo Ulugbek district", "district_assignment": "within" }, "geometry": { "type": "Point", "coordinates": [ 69.3285262, 41.3153245 ] } },
{ "type": "Feature", "properties": { "osm_element": "node", "osm_id": 4405632591, "name": "Farhod bozori", "name_ru": "Фархадский рынок", "highway": "bus_stop", "public_transport": "stop_position", "bus": "yes", "stop_role": "platform", "operator": null, "district_name": "Uchtepa district", "district_assignment": "within" }, "geometry": { "type": "Point", "coordinates": [ 69.1852342, 41.2871139 ] } },
{ "type": "Feature", "properties": { "osm_element": "node", "osm_id": 4405715790, "name": null, "name_ru": null, "highway": "bus_stop", "public_transport": null, "bus": null, "stop_role": "platform", "operator": null, "district_name": "Shaykhantakhur district", "district_assignment": "within" }, "geometry": { "type": "Point", "coordinates": [ 69.2137327, 41.3279165 ] } },
{ "type": "Feature", "properties": { "osm_element": "node", "osm_id": 4411020111, "name": null, "name_ru": null, "highway": "bus_stop", "public_transport": "platform", "bus": "yes", "stop_role": "platform", "operator": null, "district_name": "Yakkasaray district", "district_assignment": "within" }, "geometry": { "type": "Point", "coordinates": [ 69.2549422, 41.2805774 ] } },
{ "type": "Feature", "properties": { "osm_element": "node", "osm_id": 4411487846, "name": "Nevrologiya sanatoriyasi", "name_ru": "Неврологический санаторий", "highway": "bus_stop", "public_transport": "platform", "bus": null, "stop_role": "platform", "operator": null, "district_name": "Mirzo Ulugbek district", "district_assignment": "within" }, "geometry": { "type": "Point", "coordinates": [ 69.3602434, 41.3418814 ] } },
{ "type": "Feature", "properties": { "osm_element": "node", "osm_id": 4411605194, "name": "Shofayziy ko'chasi", "name_ru": "Шофайз улица", "highway": "bus_stop", "public_transport": "stop_position", "bus": "yes", "stop_role": "platform", "operator": null, "district_name": "Shaykhantakhur district", "district_assignment": "within" }, "geometry": { "type": "Point", "coordinates": [ 69.1969383, 41.3191812 ] } },
{ "type": "Feature", "properties": { "osm_element": "node", "osm_id": 4411624891, "name": null, "name_ru": null, "highway": "bus_stop", "public_transport": "platform", "bus": "yes", "stop_role": "platform", "operator": null, "district_name": "Shaykhantakhur district", "district_assignment": "within" }, "geometry": { "type": "Point", "coordinates": [ 69.1963173, 41.3180609 ] } },
{ "type": "Feature", "properties": { "osm_element": "node", "osm_id": 4412901774, "name": "Qo'yliq dahasi 6-mavze", "name_ru": "Массив Куйлюк квартал 6", "highway": "bus_stop", "public_transport": "stop_position", "bus": "yes", "stop_role": "platform", "operator": null, "district_name": "Sergeli district", "district_assignment": "within" }, "geometry": { "type": "Point", "coordinates": [ 69.2889369, 41.2443429 ] } },
{ "type": "Feature", "properties": { "osm_element": "node", "osm_id": 4412901775, "name": "Qo'yliq dahasi 5-mavze", "name_ru": "Массив Куйлюк квартал 5", "highway": "bus_stop", "public_transport": "stop_position", "bus": "yes", "stop_role": "platform", "operator": null, "district_name": "Sergeli district", "district_assignment": "within" }, "geometry": { "type": "Point", "coordinates": [ 69.2934952, 41.2443387 ] } },
{ "type": "Feature", "properties": { "osm_element": "node", "osm_id": 4413206733, "name": "M.Ulugbek tuman prokuraturasi", "name_ru": "Мирзо-Улугбекская прокуратура", "highway": "bus_stop", "public_transport": "stop_position", "bus": "yes", "stop_role": "platform", "operator": null, "district_name": "Mirzo Ulugbek district", "district_assignment": "within" }, "geometry": { "type": "Point", "coordinates": [ 69.3195473, 41.3199544 ] } },
{ "type": "Feature", "properties": { "osm_element": "node", "osm_id": 4413206735, "name": "M.Ulugbek tuman prokuraturasi", "name_ru": "Мирзо-Улугбекская прокуратура", "highway": "bus_stop", "public_transport": "platform", "bus": null, "stop_role": "platform", "operator": null, "district_name": "Mirzo Ulugbek district", "district_assignment": "within" }, "geometry": { "type": "Point", "coordinates": [ 69.3210482, 41.3209903 ] } },
{ "type": "Feature", "properties": { "osm_element": "node", "osm_id": 4416024892, "name": "Массив Шодлик", "name_ru": null, "highway": "bus_stop", "public_transport": "stop_position", "bus": "yes", "stop_role": "platform", "operator": null, "district_name": "Yunusabad district", "district_assignment": "within" }, "geometry": { "type": "Point", "coordinates": [ 69.2995601, 41.3749836 ] } },
{ "type": "Feature", "properties": { "osm_element": "node", "osm_id": 4416039492, "name": "Массив Шодлик", "name_ru": null, "highway": "bus_stop", "public_transport": "stop_position", "bus": "yes", "stop_role": "platform", "operator": null, "district_name": "Yunusabad district", "district_assignment": "within" }, "geometry": { "type": "Point", "coordinates": [ 69.2992233, 41.3751156 ] } },
{ "type": "Feature", "properties": { "osm_element": "node", "osm_id": 4416275992, "name": "AYOQSH", "name_ru": "AYOQSH", "highway": "bus_stop", "public_transport": null, "bus": null, "stop_role": "platform", "operator": null, "district_name": "Yunusabad district", "district_assignment": "within" }, "geometry": { "type": "Point", "coordinates": [ 69.3083332, 41.37386 ] } },
{ "type": "Feature", "properties": { "osm_element": "node", "osm_id": 4417507789, "name": "AYOQSH", "name_ru": "АЗС", "highway": "bus_stop", "public_transport": "stop_position", "bus": "yes", "stop_role": "platform", "operator": null, "district_name": "Yunusabad district", "district_assignment": "within" }, "geometry": { "type": "Point", "coordinates": [ 69.3094471, 41.373888 ] } },
{ "type": "Feature", "properties": { "osm_element": "node", "osm_id": 4421700829, "name": "ToshGRES mavzesi", "name_ru": "Массив \"ТашГРЭС\"", "highway": "bus_stop", "public_transport": "stop_position", "bus": "yes", "stop_role": "platform", "operator": null, "district_name": "Yunusabad district", "district_assignment": "within" }, "geometry": { "type": "Point", "coordinates": [ 69.3373728, 41.3589654 ] } },
{ "type": "Feature", "properties": { "osm_element": "node", "osm_id": 4428672290, "name": "Boshqarma", "name_ru": "Управление", "highway": "bus_stop", "public_transport": "stop_position", "bus": "yes", "stop_role": "platform", "operator": null, "district_name": "Almazar district", "district_assignment": "within" }, "geometry": { "type": "Point", "coordinates": [ 69.2196832, 41.3794866 ] } },
{ "type": "Feature", "properties": { "osm_element": "node", "osm_id": 4428674291, "name": "Abdullayev ko'chasi", "name_ru": "Улица Абдуллаева", "highway": "bus_stop", "public_transport": "stop_position", "bus": "yes", "stop_role": "platform", "operator": null, "district_name": "Almazar district", "district_assignment": "within" }, "geometry": { "type": "Point", "coordinates": [ 69.2158135, 41.3834056 ] } },
{ "type": "Feature", "properties": { "osm_element": "node", "osm_id": 4428680489, "name": null, "name_ru": null, "highway": "bus_stop", "public_transport": null, "bus": null, "stop_role": "platform", "operator": null, "district_name": "Almazar district", "district_assignment": "within" }, "geometry": { "type": "Point", "coordinates": [ 69.2202753, 41.3800214 ] } },
{ "type": "Feature", "properties": { "osm_element": "node", "osm_id": 4434130610, "name": "Tibbiyot kolleji", "name_ru": "Ассоциация \"Узэлтехсаноат\"", "highway": "bus_stop", "public_transport": "stop_position", "bus": "yes", "stop_role": "platform", "operator": null, "district_name": "Shaykhantakhur district", "district_assignment": "within" }, "geometry": { "type": "Point", "coordinates": [ 69.2120621, 41.3255046 ] } },
{ "type": "Feature", "properties": { "osm_element": "node", "osm_id": 4445666611, "name": "5-sonli bolalar kasalxonasi", "name_ru": "Детская инфекционная больница № 5", "highway": "bus_stop", "public_transport": "stop_position", "bus": "yes", "stop_role": "platform", "operator": null, "district_name": "Yunusabad district", "district_assignment": "within" }, "geometry": { "type": "Point", "coordinates": [ 69.2983336, 41.3629007 ] } },
{ "type": "Feature", "properties": { "osm_element": "node", "osm_id": 4445666612, "name": "5-sonli bolalar kasalxonasi", "name_ru": "Детская инфекционная больница № 5", "highway": "bus_stop", "public_transport": "platform", "bus": "yes", "stop_role": "platform", "operator": null, "district_name": "Yunusabad district", "district_assignment": "within" }, "geometry": { "type": "Point", "coordinates": [ 69.2988913, 41.3636144 ] } },
{ "type": "Feature", "properties": { "osm_element": "node", "osm_id": 4445666613, "name": "5-sonli bolalar kasalxonasi", "name_ru": "Детская инфекционная больница № 5", "highway": "bus_stop", "public_transport": "stop_position", "bus": "yes", "stop_role": "platform", "operator": null, "district_name": "Yunusabad district", "district_assignment": "within" }, "geometry": { "type": "Point", "coordinates": [ 69.2976561, 41.3634528 ] } },
{ "type": "Feature", "properties": { "osm_element": "node", "osm_id": 4445666616, "name": "544-sonli bolalar bogʻchasi", "name_ru": "Детский сад № 544", "highway": "bus_stop", "public_transport": "stop_position", "bus": "yes", "stop_role": "platform", "operator": null, "district_name": "Yunusabad district", "district_assignment": "within" }, "geometry": { "type": "Point", "coordinates": [ 69.3019506, 41.3665883 ] } },
{ "type": "Feature", "properties": { "osm_element": "node", "osm_id": 4445666626, "name": "Jumamasjid ko'chasi", "name_ru": "Улица Джумамасжид", "highway": "bus_stop", "public_transport": "stop_position", "bus": "yes", "stop_role": "platform", "operator": null, "district_name": "Yunusabad district", "district_assignment": "within" }, "geometry": { "type": "Point", "coordinates": [ 69.27615, 41.3726845 ] } },
{ "type": "Feature", "properties": { "osm_element": "node", "osm_id": 4445666628, "name": "Yunusobod dahasi 9-mavze", "name_ru": "Массив \"Юнусабад\", квартал 9", "highway": "bus_stop", "public_transport": "stop_position", "bus": "yes", "stop_role": "platform", "operator": null, "district_name": "Yunusabad district", "district_assignment": "within" }, "geometry": { "type": "Point", "coordinates": [ 69.2782711, 41.3741446 ] } },
{ "type": "Feature", "properties": { "osm_element": "node", "osm_id": 4447398391, "name": "Chilonzor 3-mavzesi", "name_ru": "Массив Чиланзар квартал 3", "highway": "bus_stop", "public_transport": "stop_position", "bus": "yes", "stop_role": "platform", "operator": null, "district_name": "Chilanzar district", "district_assignment": "within" }, "geometry": { "type": "Point", "coordinates": [ 69.2300602, 41.2877174 ] } },
{ "type": "Feature", "properties": { "osm_element": "node", "osm_id": 4447398392, "name": "Chilonzor 1-mavzesi", "name_ru": "Чиланзар-1 (Пионерская)", "highway": "bus_stop", "public_transport": "platform", "bus": null, "stop_role": "platform", "operator": null, "district_name": "Chilanzar district", "district_assignment": "within" }, "geometry": { "type": "Point", "coordinates": [ 69.2337848, 41.2852051 ] } },
{ "type": "Feature", "properties": { "osm_element": "node", "osm_id": 4447436089, "name": "Ko'z kasalliklari shifoxonasi", "name_ru": "Клиника глазных заболеваний", "highway": "bus_stop", "public_transport": "platform", "bus": null, "stop_role": "platform", "operator": null, "district_name": "Yakkasaray district", "district_assignment": "within" }, "geometry": { "type": "Point", "coordinates": [ 69.2407651, 41.2808133 ] } },
{ "type": "Feature", "properties": { "osm_element": "node", "osm_id": 4447982098, "name": "Suvsoz dahasi 1-mavze", "name_ru": "Массив \"Сувсоз\", квартал 1", "highway": "bus_stop", "public_transport": "stop_position", "bus": "yes", "stop_role": "platform", "operator": null, "district_name": "Bektemir district", "district_assignment": "within" }, "geometry": { "type": "Point", "coordinates": [ 69.3692809, 41.2508407 ] } },
{ "type": "Feature", "properties": { "osm_element": "node", "osm_id": 4447998594, "name": "Suvsoz stadioni", "name_ru": "Стадион \"Сувсоз\"", "highway": "bus_stop", "public_transport": "stop_position", "bus": "yes", "stop_role": "platform", "operator": null, "district_name": "Bektemir district", "district_assignment": "within" }, "geometry": { "type": "Point", "coordinates": [ 69.3776751, 41.257275 ] } },
{ "type": "Feature", "properties": { "osm_element": "node", "osm_id": 4448071789, "name": "Suvsoz dahasi 1-mavze", "name_ru": "Массив \"Сувсоз\", квартал 1", "highway": "bus_stop", "public_transport": "stop_position", "bus": "yes", "stop_role": "platform", "operator": null, "district_name": "Bektemir district", "district_assignment": "within" }, "geometry": { "type": "Point", "coordinates": [ 69.3706457, 41.2508811 ] } },
{ "type": "Feature", "properties": { "osm_element": "node", "osm_id": 4448657793, "name": "Qozonxona", "name_ru": "Котельная", "highway": "bus_stop", "public_transport": "stop_position", "bus": "yes", "stop_role": "platform", "operator": null, "district_name": "Yashnabad district", "district_assignment": "within" }, "geometry": { "type": "Point", "coordinates": [ 69.3385789, 41.2857453 ] } },
{ "type": "Feature", "properties": { "osm_element": "node", "osm_id": 4448721190, "name": "Uspenskiy koʻchasi", "name_ru": "Улица Успенского", "highway": "bus_stop", "public_transport": "stop_position", "bus": "yes", "stop_role": "platform", "operator": null, "district_name": "Yashnabad district", "district_assignment": "within" }, "geometry": { "type": "Point", "coordinates": [ 69.3315197, 41.2880671 ] } },
{ "type": "Feature", "properties": { "osm_element": "node", "osm_id": 4448731889, "name": "Zangori 1-tor ko‘chasi", "name_ru": "Улица Зангори, 1-й проезд", "highway": "bus_stop", "public_transport": "stop_position", "bus": "yes", "stop_role": "platform", "operator": null, "district_name": "Yashnabad district", "district_assignment": "within" }, "geometry": { "type": "Point", "coordinates": [ 69.3285539, 41.2904314 ] } },
{ "type": "Feature", "properties": { "osm_element": "node", "osm_id": 4448732089, "name": "Zangori 1-tor ko‘chasi", "name_ru": "Улица Зангори, 1-й проезд", "highway": "bus_stop", "public_transport": "stop_position", "bus": "yes", "stop_role": "platform", "operator": null, "district_name": "Yashnabad district", "district_assignment": "within" }, "geometry": { "type": "Point", "coordinates": [ 69.3284013, 41.290636 ] } },
{ "type": "Feature", "properties": { "osm_element": "node", "osm_id": 4449161448, "name": "Qo‘ylik dehqon bozori", "name_ru": "Рынок \"Куйлюк\"", "highway": "bus_stop", "public_transport": "stop_position", "bus": "yes", "stop_role": "platform", "operator": null, "district_name": "Bektemir district", "district_assignment": "within" }, "geometry": { "type": "Point", "coordinates": [ 69.3273933, 41.2368776 ] } },
{ "type": "Feature", "properties": { "osm_element": "node", "osm_id": 4449161452, "name": "AYoQSh", "name_ru": "АЗС", "highway": "bus_stop", "public_transport": "stop_position", "bus": "yes", "stop_role": "platform", "operator": null, "district_name": "Yashnabad district", "district_assignment": "within" }, "geometry": { "type": "Point", "coordinates": [ 69.3369858, 41.2426667 ] } },
{ "type": "Feature", "properties": { "osm_element": "node", "osm_id": 4449161455, "name": "Лицей", "name_ru": "Лицей", "highway": "bus_stop", "public_transport": "stop_position", "bus": "yes", "stop_role": "platform", "operator": null, "district_name": "Yashnabad district", "district_assignment": "within" }, "geometry": { "type": "Point", "coordinates": [ 69.327567, 41.2543619 ] } },
{ "type": "Feature", "properties": { "osm_element": "node", "osm_id": 4449161458, "name": "Mo'ynoq ko'chasi", "name_ru": "Улица Муйнак", "highway": "bus_stop", "public_transport": "stop_position", "bus": "yes", "stop_role": "platform", "operator": null, "district_name": "Mirabad district", "district_assignment": "within" }, "geometry": { "type": "Point", "coordinates": [ 69.3188202, 41.2587534 ] } },
{ "type": "Feature", "properties": { "osm_element": "node", "osm_id": 4449161459, "name": "Mo'ynoq ko'chasi", "name_ru": "Улица Муйнак", "highway": "bus_stop", "public_transport": "stop_position", "bus": "yes", "stop_role": "platform", "operator": null, "district_name": "Mirabad district", "district_assignment": "boundary_nearest" }, "geometry": { "type": "Point", "coordinates": [ 69.318529, 41.2596004 ] } },
{ "type": "Feature", "properties": { "osm_element": "node", "osm_id": 4449161460, "name": "Fayziobod kochasi", "name_ru": "Файзабад улица", "highway": "bus_stop", "public_transport": "stop_position", "bus": "yes", "stop_role": "platform", "operator": null, "district_name": "Mirabad district", "district_assignment": "within" }, "geometry": { "type": "Point", "coordinates": [ 69.3169697, 41.2620335 ] } },
{ "type": "Feature", "properties": { "osm_element": "node", "osm_id": 4449161461, "name": "Fayziobod kochasi", "name_ru": "Файзабад улица", "highway": "bus_stop", "public_transport": "stop_position", "bus": "yes", "stop_role": "platform", "operator": null, "district_name": "Mirabad district", "district_assignment": "boundary_nearest" }, "geometry": { "type": "Point", "coordinates": [ 69.3170843, 41.2621492 ] } },
{ "type": "Feature", "properties": { "osm_element": "node", "osm_id": 4449161463, "name": "Jarqo'rg'on ko'chasi", "name_ru": "Улица Джаркурганская", "highway": "bus_stop", "public_transport": "stop_position", "bus": "yes", "stop_role": "platform", "operator": null, "district_name": "Mirabad district", "district_assignment": "boundary_nearest" }, "geometry": { "type": "Point", "coordinates": [ 69.3148658, 41.2659001 ] } },
{ "type": "Feature", "properties": { "osm_element": "node", "osm_id": 4449161464, "name": "Farg'ona bozori", "name_ru": "Ферганский рынок", "highway": "bus_stop", "public_transport": "stop_position", "bus": "yes", "stop_role": "platform", "operator": null, "district_name": "Mirabad district", "district_assignment": "within" }, "geometry": { "type": "Point", "coordinates": [ 69.3107963, 41.2727805 ] } },
{ "type": "Feature", "properties": { "osm_element": "node", "osm_id": 4449161466, "name": "Elektroapparat", "name_ru": "Электроаппарат", "highway": "bus_stop", "public_transport": "stop_position", "bus": "yes", "stop_role": "platform", "operator": null, "district_name": "Mirabad district", "district_assignment": "within" }, "geometry": { "type": "Point", "coordinates": [ 69.3071162, 41.2801022 ] } },
{ "type": "Feature", "properties": { "osm_element": "node", "osm_id": 4449161467, "name": "O'zbekiston qog'ozi", "name_ru": "Узбум", "highway": "bus_stop", "public_transport": "stop_position", "bus": "yes", "stop_role": "platform", "operator": null, "district_name": "Mirabad district", "district_assignment": "boundary_nearest" }, "geometry": { "type": "Point", "coordinates": [ 69.3040785, 41.2856588 ] } },
{ "type": "Feature", "properties": { "osm_element": "node", "osm_id": 4449161470, "name": "Teplovoz deposi", "name_ru": "Тепловозное депо", "highway": "bus_stop", "public_transport": "stop_position", "bus": "yes", "stop_role": "platform", "operator": null, "district_name": "Mirabad district", "district_assignment": "boundary_nearest" }, "geometry": { "type": "Point", "coordinates": [ 69.2987907, 41.292317 ] } },
{ "type": "Feature", "properties": { "osm_element": "node", "osm_id": 4449161471, "name": "Toshkent metro bekati", "name_ru": "Станция метро Ташкент", "highway": "bus_stop", "public_transport": "stop_position", "bus": "yes", "stop_role": "platform", "operator": null, "district_name": "Mirabad district", "district_assignment": "within" }, "geometry": { "type": "Point", "coordinates": [ 69.2883953, 41.2938774 ] } },
{ "type": "Feature", "properties": { "osm_element": "node", "osm_id": 4455283791, "name": "Автошкола", "name_ru": "Автошкола", "highway": "bus_stop", "public_transport": null, "bus": null, "stop_role": "platform", "operator": null, "district_name": "Chilanzar district", "district_assignment": "within" }, "geometry": { "type": "Point", "coordinates": [ 69.1894811, 41.2662544 ] } },
{ "type": "Feature", "properties": { "osm_element": "node", "osm_id": 4457419390, "name": "Гузаль", "name_ru": "Гузаль", "highway": "bus_stop", "public_transport": null, "bus": null, "stop_role": "platform", "operator": null, "district_name": "Yashnabad district", "district_assignment": "within" }, "geometry": { "type": "Point", "coordinates": [ 69.3601252, 41.2873184 ] } },
{ "type": "Feature", "properties": { "osm_element": "node", "osm_id": 4464641703, "name": "Mirishkor ko'chasi", "name_ru": "Улица Миришкор", "highway": "bus_stop", "public_transport": "stop_position", "bus": "yes", "stop_role": "platform", "operator": null, "district_name": "Mirzo Ulugbek district", "district_assignment": "within" }, "geometry": { "type": "Point", "coordinates": [ 69.3496387, 41.3273645 ] } },
{ "type": "Feature", "properties": { "osm_element": "node", "osm_id": 4464641704, "name": "Mirishkor ko'chasi", "name_ru": "Улица Миришкор", "highway": "bus_stop", "public_transport": "stop_position", "bus": "yes", "stop_role": "platform", "operator": null, "district_name": "Mirzo Ulugbek district", "district_assignment": "within" }, "geometry": { "type": "Point", "coordinates": [ 69.3492415, 41.3268221 ] } },
{ "type": "Feature", "properties": { "osm_element": "node", "osm_id": 4464641705, "name": "Salom ko'chasi", "name_ru": "Улица Салом", "highway": "bus_stop", "public_transport": "stop_position", "bus": "yes", "stop_role": "platform", "operator": null, "district_name": "Mirzo Ulugbek district", "district_assignment": "within" }, "geometry": { "type": "Point", "coordinates": [ 69.3470368, 41.3235608 ] } },
{ "type": "Feature", "properties": { "osm_element": "node", "osm_id": 4465929109, "name": "Xalqlar Doʻstligi metro bekati", "name_ru": "Станция метро \"Халклар Дустлиги\"", "highway": "bus_stop", "public_transport": "stop_position", "bus": "yes", "stop_role": "platform", "operator": null, "district_name": "Shaykhantakhur district", "district_assignment": "within" }, "geometry": { "type": "Point", "coordinates": [ 69.2402302, 41.3113133 ] } },
{ "type": "Feature", "properties": { "osm_element": "node", "osm_id": 4475397913, "name": null, "name_ru": null, "highway": "bus_stop", "public_transport": "stop_position", "bus": "yes", "stop_role": "platform", "operator": null, "district_name": "Yashnabad district", "district_assignment": "within" }, "geometry": { "type": "Point", "coordinates": [ 69.302823, 41.3080037 ] } },
{ "type": "Feature", "properties": { "osm_element": "node", "osm_id": 4475397914, "name": "Parkent bozori", "name_ru": "Паркенский рынок", "highway": "bus_stop", "public_transport": "stop_position", "bus": "yes", "stop_role": "platform", "operator": null, "district_name": "Mirzo Ulugbek district", "district_assignment": "boundary_nearest" }, "geometry": { "type": "Point", "coordinates": [ 69.32574, 41.3148939 ] } },
{ "type": "Feature", "properties": { "osm_element": "node", "osm_id": 4475397915, "name": null, "name_ru": null, "highway": "bus_stop", "public_transport": "stop_position", "bus": "yes", "stop_role": "platform", "operator": null, "district_name": "Yashnabad district", "district_assignment": "within" }, "geometry": { "type": "Point", "coordinates": [ 69.3097683, 41.3153462 ] } },
{ "type": "Feature", "properties": { "osm_element": "node", "osm_id": 4475397916, "name": "Shifokorlar malakasini oshirish instituti", "name_ru": "Институт Усовершенствования Врачей", "highway": "bus_stop", "public_transport": "stop_position", "bus": "yes", "stop_role": "platform", "operator": null, "district_name": "Mirzo Ulugbek district", "district_assignment": "boundary_nearest" }, "geometry": { "type": "Point", "coordinates": [ 69.3175081, 41.3165087 ] } },
{ "type": "Feature", "properties": { "osm_element": "node", "osm_id": 4475424985, "name": "Elbek ko'chasi", "name_ru": "улица Эльбека", "highway": "bus_stop", "public_transport": "stop_position", "bus": "yes", "stop_role": "platform", "operator": null, "district_name": "Yashnabad district", "district_assignment": "within" }, "geometry": { "type": "Point", "coordinates": [ 69.296602, 41.2993545 ] } },
{ "type": "Feature", "properties": { "osm_element": "node", "osm_id": 4475424986, "name": "Parkent bozori", "name_ru": "Паркенский рынок", "highway": "bus_stop", "public_transport": "stop_position", "bus": "yes", "stop_role": "platform", "operator": null, "district_name": "Mirzo Ulugbek district", "district_assignment": "within" }, "geometry": { "type": "Point", "coordinates": [ 69.3211781, 41.3155507 ] } },
{ "type": "Feature", "properties": { "osm_element": "node", "osm_id": 4479037966, "name": "Chilonzor dahasi 10-mavze", "name_ru": "Массив \"Чиланзар\", квартал 10", "highway": "bus_stop", "public_transport": "stop_position", "bus": "yes", "stop_role": "platform", "operator": null, "district_name": "Chilanzar district", "district_assignment": "within" }, "geometry": { "type": "Point", "coordinates": [ 69.2022965, 41.2830725 ] } },
{ "type": "Feature", "properties": { "osm_element": "node", "osm_id": 4479037970, "name": "Qatortol kinoteatri", "name_ru": "Рынок \"Катартал\"", "highway": "bus_stop", "public_transport": "stop_position", "bus": "yes", "stop_role": "platform", "operator": null, "district_name": "Chilanzar district", "district_assignment": "within" }, "geometry": { "type": "Point", "coordinates": [ 69.2122373, 41.2924541 ] } },
{ "type": "Feature", "properties": { "osm_element": "node", "osm_id": 4479037971, "name": "22-sonli poliklinika", "name_ru": "Поликлиника № 22", "highway": "bus_stop", "public_transport": "stop_position", "bus": "yes", "stop_role": "platform", "operator": null, "district_name": "Shaykhantakhur district", "district_assignment": "within" }, "geometry": { "type": "Point", "coordinates": [ 69.2095517, 41.3011339 ] } },
{ "type": "Feature", "properties": { "osm_element": "node", "osm_id": 4479057423, "name": "Doʻstobod mahallasi", "name_ru": "Махалля \"Дустлик\"", "highway": "bus_stop", "public_transport": "stop_position", "bus": "yes", "stop_role": "platform", "operator": null, "district_name": "Yashnabad district", "district_assignment": "within" }, "geometry": { "type": "Point", "coordinates": [ 69.3304463, 41.3052003 ] } },
{ "type": "Feature", "properties": { "osm_element": "node", "osm_id": 4483839588, "name": "ToshMI", "name_ru": "Клиника ТашМИ-2", "highway": "bus_stop", "public_transport": "stop_position", "bus": "yes", "stop_role": "platform", "operator": null, "district_name": "Shaykhantakhur district", "district_assignment": "within" }, "geometry": { "type": "Point", "coordinates": [ 69.1750027, 41.348568 ] } },
{ "type": "Feature", "properties": { "osm_element": "node", "osm_id": 4485277067, "name": "Tibbiyot akademiyasi klinikasi", "name_ru": "Клиника ТашМИ-2", "highway": "bus_stop", "public_transport": "stop_position", "bus": "yes", "stop_role": "platform", "operator": null, "district_name": "Almazar district", "district_assignment": "boundary_nearest" }, "geometry": { "type": "Point", "coordinates": [ 69.1774349, 41.3491412 ] } },
{ "type": "Feature", "properties": { "osm_element": "node", "osm_id": 4488037489, "name": null, "name_ru": null, "highway": "bus_stop", "public_transport": null, "bus": null, "stop_role": "platform", "operator": null, "district_name": "Yashnabad district", "district_assignment": "within" }, "geometry": { "type": "Point", "coordinates": [ 69.351723, 41.2970344 ] } },
{ "type": "Feature", "properties": { "osm_element": "node", "osm_id": 4491713090, "name": "Sadiiy mahallasi", "name_ru": "Махалля \"Садиий\"", "highway": "bus_stop", "public_transport": "stop_position", "bus": "yes", "stop_role": "platform", "operator": null, "district_name": "Yakkasaray district", "district_assignment": "within" }, "geometry": { "type": "Point", "coordinates": [ 69.2345293, 41.2636548 ] } },
{ "type": "Feature", "properties": { "osm_element": "node", "osm_id": 4494246508, "name": "Xumdonsoy ko'chasi", "name_ru": "Улица Хумдонсой", "highway": "bus_stop", "public_transport": "stop_position", "bus": "yes", "stop_role": "platform", "operator": null, "district_name": "Shaykhantakhur district", "district_assignment": "within" }, "geometry": { "type": "Point", "coordinates": [ 69.2078562, 41.3054004 ] } },
{ "type": "Feature", "properties": { "osm_element": "node", "osm_id": 4523157395, "name": "Akvabog'i", "name_ru": "Аквапарк", "highway": "bus_stop", "public_transport": "stop_position", "bus": "yes", "stop_role": "platform", "operator": null, "district_name": "Yunusabad district", "district_assignment": "within" }, "geometry": { "type": "Point", "coordinates": [ 69.2852623, 41.3382899 ] } },
{ "type": "Feature", "properties": { "osm_element": "node", "osm_id": 4526598589, "name": "Universam", "name_ru": "Универсам", "highway": "bus_stop", "public_transport": "stop_position", "bus": "yes", "stop_role": "platform", "operator": null, "district_name": "Mirzo Ulugbek district", "district_assignment": "within" }, "geometry": { "type": "Point", "coordinates": [ 69.3691297, 41.3350271 ] } },
{ "type": "Feature", "properties": { "osm_element": "node", "osm_id": 4529814691, "name": "Дустлик 2", "name_ru": "Дустлик 2", "highway": "bus_stop", "public_transport": null, "bus": null, "stop_role": "platform", "operator": null, "district_name": "Yangikhayot district", "district_assignment": "within" }, "geometry": { "type": "Point", "coordinates": [ 69.2076511, 41.191908 ] } },
{ "type": "Feature", "properties": { "osm_element": "node", "osm_id": 4529814692, "name": "Feruza do`kon", "name_ru": "Магазин Феруза", "highway": "bus_stop", "public_transport": "stop_position", "bus": "yes", "stop_role": "platform", "operator": null, "district_name": "Yangikhayot district", "district_assignment": "within" }, "geometry": { "type": "Point", "coordinates": [ 69.2238847, 41.2031547 ] } },
{ "type": "Feature", "properties": { "osm_element": "node", "osm_id": 4529821594, "name": null, "name_ru": null, "highway": "bus_stop", "public_transport": null, "bus": null, "stop_role": "platform", "operator": null, "district_name": "Yangikhayot district", "district_assignment": "within" }, "geometry": { "type": "Point", "coordinates": [ 69.2271872, 41.1994061 ] } },
{ "type": "Feature", "properties": { "osm_element": "node", "osm_id": 4529844594, "name": "121-sonli bolalar boʻgchasi bekati", "name_ru": "Детский сад № 121", "highway": "bus_stop", "public_transport": "stop_position", "bus": "yes", "stop_role": "platform", "operator": null, "district_name": "Yangikhayot district", "district_assignment": "within" }, "geometry": { "type": "Point", "coordinates": [ 69.2157436, 41.1948123 ] } },
{ "type": "Feature", "properties": { "osm_element": "node", "osm_id": 4529852291, "name": "Feruza do`kon", "name_ru": "Магазин Феруза", "highway": "bus_stop", "public_transport": "stop_position", "bus": "yes", "stop_role": "platform", "operator": null, "district_name": "Yangikhayot district", "district_assignment": "within" }, "geometry": { "type": "Point", "coordinates": [ 69.2252208, 41.203706 ] } },
{ "type": "Feature", "properties": { "osm_element": "node", "osm_id": 4529852395, "name": "Туризм", "name_ru": "Туризм", "highway": "bus_stop", "public_transport": null, "bus": null, "stop_role": "platform", "operator": null, "district_name": "Yangikhayot district", "district_assignment": "within" }, "geometry": { "type": "Point", "coordinates": [ 69.2093, 41.1928136 ] } },
{ "type": "Feature", "properties": { "osm_element": "node", "osm_id": 4529852590, "name": null, "name_ru": null, "highway": "bus_stop", "public_transport": null, "bus": null, "stop_role": "platform", "operator": null, "district_name": "Yangikhayot district", "district_assignment": "within" }, "geometry": { "type": "Point", "coordinates": [ 69.2198794, 41.1931837 ] } },
{ "type": "Feature", "properties": { "osm_element": "node", "osm_id": 4529852794, "name": null, "name_ru": null, "highway": "bus_stop", "public_transport": "platform", "bus": "yes", "stop_role": "platform", "operator": null, "district_name": "Yangikhayot district", "district_assignment": "within" }, "geometry": { "type": "Point", "coordinates": [ 69.2298615, 41.2055492 ] } },
{ "type": "Feature", "properties": { "osm_element": "node", "osm_id": 4529852891, "name": "Sergeli dahasi 12-mavze", "name_ru": "Массив \"Сергели\", квартал 12", "highway": "bus_stop", "public_transport": "stop_position", "bus": "yes", "stop_role": "platform", "operator": null, "district_name": "Yangikhayot district", "district_assignment": "within" }, "geometry": { "type": "Point", "coordinates": [ 69.2184459, 41.1925447 ] } },
{ "type": "Feature", "properties": { "osm_element": "node", "osm_id": 4535187891, "name": "Doʻstlik bogʻi", "name_ru": "Парк Дружбы", "highway": "bus_stop", "public_transport": "platform", "bus": null, "stop_role": "platform", "operator": null, "district_name": "Yakkasaray district", "district_assignment": "within" }, "geometry": { "type": "Point", "coordinates": [ 69.2519356, 41.2885748 ] } },
{ "type": "Feature", "properties": { "osm_element": "node", "osm_id": 4535188103, "name": "237-sonli maktab", "name_ru": "Школа №237", "highway": "bus_stop", "public_transport": "platform", "bus": "yes", "stop_role": "platform", "operator": null, "district_name": "Sergeli district", "district_assignment": "within" }, "geometry": { "type": "Point", "coordinates": [ 69.2546295, 41.2605632 ] } },
{ "type": "Feature", "properties": { "osm_element": "node", "osm_id": 4535189291, "name": "237-sonli maktab", "name_ru": "Школа №237", "highway": "bus_stop", "public_transport": "stop_position", "bus": "yes", "stop_role": "platform", "operator": null, "district_name": "Sergeli district", "district_assignment": "within" }, "geometry": { "type": "Point", "coordinates": [ 69.2538758, 41.2610739 ] } },
{ "type": "Feature", "properties": { "osm_element": "node", "osm_id": 4535601892, "name": "Universam", "name_ru": "Универсам", "highway": "bus_stop", "public_transport": "stop_position", "bus": "yes", "stop_role": "platform", "operator": null, "district_name": "Mirzo Ulugbek district", "district_assignment": "within" }, "geometry": { "type": "Point", "coordinates": [ 69.3696827, 41.3356761 ] } },
{ "type": "Feature", "properties": { "osm_element": "node", "osm_id": 4535929290, "name": "Qorasuv 2-mavzesi", "name_ru": "Массив \"Карасу\"-2", "highway": "bus_stop", "public_transport": "stop_position", "bus": "yes", "stop_role": "platform", "operator": null, "district_name": "Mirzo Ulugbek district", "district_assignment": "within" }, "geometry": { "type": "Point", "coordinates": [ 69.3652779, 41.3314121 ] } },
{ "type": "Feature", "properties": { "osm_element": "node", "osm_id": 4535940692, "name": "Qorasuv 2-mavzesi", "name_ru": "Массив \"Карасу\"-2", "highway": "bus_stop", "public_transport": "stop_position", "bus": "yes", "stop_role": "platform", "operator": null, "district_name": "Mirzo Ulugbek district", "district_assignment": "within" }, "geometry": { "type": "Point", "coordinates": [ 69.36606, 41.3318533 ] } },
{ "type": "Feature", "properties": { "osm_element": "node", "osm_id": 4536384282, "name": "Akvabog'i", "name_ru": "Аквапарк", "highway": "bus_stop", "public_transport": "stop_position", "bus": "yes", "stop_role": "platform", "operator": null, "district_name": "Yunusabad district", "district_assignment": "within" }, "geometry": { "type": "Point", "coordinates": [ 69.2854044, 41.3379988 ] } },
{ "type": "Feature", "properties": { "osm_element": "node", "osm_id": 4537684691, "name": "Qizil Sharq mavzesi", "name_ru": "Массив \"Кызыл Шарк\"", "highway": "bus_stop", "public_transport": "stop_position", "bus": "yes", "stop_role": "platform", "operator": null, "district_name": "Chilanzar district", "district_assignment": "boundary_nearest" }, "geometry": { "type": "Point", "coordinates": [ 69.1596598, 41.2651895 ] } },
{ "type": "Feature", "properties": { "osm_element": "node", "osm_id": 4537718491, "name": "Chilonzor dahasi 31-mavze", "name_ru": "Массив \"Чиланзар\", квартал 31", "highway": "bus_stop", "public_transport": "stop_position", "bus": "yes", "stop_role": "platform", "operator": null, "district_name": "Chilanzar district", "district_assignment": "within" }, "geometry": { "type": "Point", "coordinates": [ 69.1552447, 41.2632103 ] } },
{ "type": "Feature", "properties": { "osm_element": "node", "osm_id": 4537718492, "name": "OʻzSamsung", "name_ru": "Завод \"УзСамсунг\"", "highway": "bus_stop", "public_transport": "stop_position", "bus": "yes", "stop_role": "platform", "operator": null, "district_name": "Chilanzar district", "district_assignment": "within" }, "geometry": { "type": "Point", "coordinates": [ 69.1688279, 41.2611783 ] } },
{ "type": "Feature", "properties": { "osm_element": "node", "osm_id": 4537730889, "name": "153-sonli dorixona", "name_ru": "Аптека № 153", "highway": "bus_stop", "public_transport": "stop_position", "bus": "yes", "stop_role": "platform", "operator": null, "district_name": "Chilanzar district", "district_assignment": "within" }, "geometry": { "type": "Point", "coordinates": [ 69.163469, 41.262511 ] } },
{ "type": "Feature", "properties": { "osm_element": "node", "osm_id": 4537730890, "name": "Chilonzor dahasi 31-mavze", "name_ru": "Массив \"Чиланзар\", квартал 31", "highway": "bus_stop", "public_transport": "stop_position", "bus": "yes", "stop_role": "platform", "operator": null, "district_name": "Uchtepa district", "district_assignment": "within" }, "geometry": { "type": "Point", "coordinates": [ 69.1544935, 41.2637287 ] } },
{ "type": "Feature", "properties": { "osm_element": "node", "osm_id": 4537731489, "name": "Chilonzor dahasi 31-mavze", "name_ru": "Массив \"Чиланзар\", квартал 31", "highway": "bus_stop", "public_transport": "stop_position", "bus": "yes", "stop_role": "platform", "operator": null, "district_name": "Chilanzar district", "district_assignment": "boundary_nearest" }, "geometry": { "type": "Point", "coordinates": [ 69.15391, 41.2628079 ] } },
{ "type": "Feature", "properties": { "osm_element": "node", "osm_id": 4544230193, "name": "Militsiya akademiyasi", "name_ru": "Академия МВД", "highway": "bus_stop", "public_transport": "stop_position", "bus": "yes", "stop_role": "platform", "operator": null, "district_name": "Mirzo Ulugbek district", "district_assignment": "within" }, "geometry": { "type": "Point", "coordinates": [ 69.361686, 41.3291277 ] } },
{ "type": "Feature", "properties": { "osm_element": "node", "osm_id": 4544256489, "name": "Hushxavo koʻchasi", "name_ru": "Улица Хушхаво", "highway": "bus_stop", "public_transport": "stop_position", "bus": "yes", "stop_role": "platform", "operator": null, "district_name": "Mirzo Ulugbek district", "district_assignment": "within" }, "geometry": { "type": "Point", "coordinates": [ 69.3592981, 41.3271205 ] } },
{ "type": "Feature", "properties": { "osm_element": "node", "osm_id": 4544314389, "name": "Улица Шарк Тонги", "name_ru": "Улица Шарк Тонги", "highway": "bus_stop", "public_transport": "stop_position", "bus": "yes", "stop_role": "platform", "operator": null, "district_name": "Chilanzar district", "district_assignment": "within" }, "geometry": { "type": "Point", "coordinates": [ 69.2273645, 41.3006344 ] } },
{ "type": "Feature", "properties": { "osm_element": "node", "osm_id": 4552864193, "name": "Yotoqxona", "name_ru": "Общежитие", "highway": "bus_stop", "public_transport": "stop_position", "bus": "yes", "stop_role": "platform", "operator": null, "district_name": "Mirzo Ulugbek district", "district_assignment": "within" }, "geometry": { "type": "Point", "coordinates": [ 69.3818804, 41.3577875 ] } },
{ "type": "Feature", "properties": { "osm_element": "node", "osm_id": 4552869890, "name": "Bolalar sanatoriysi", "name_ru": "Детский санаторий", "highway": "bus_stop", "public_transport": "platform", "bus": null, "stop_role": "platform", "operator": null, "district_name": "Mirzo Ulugbek district", "district_assignment": "within" }, "geometry": { "type": "Point", "coordinates": [ 69.3814829, 41.3509577 ] } },
{ "type": "Feature", "properties": { "osm_element": "node", "osm_id": 4552910589, "name": null, "name_ru": null, "highway": "bus_stop", "public_transport": "platform", "bus": "yes", "stop_role": "platform", "operator": null, "district_name": "Mirzo Ulugbek district", "district_assignment": "within" }, "geometry": { "type": "Point", "coordinates": [ 69.3796707, 41.3506986 ] } },
{ "type": "Feature", "properties": { "osm_element": "node", "osm_id": 4556529259, "name": "Qurilish tresti", "name_ru": "Стройтрест", "highway": "bus_stop", "public_transport": "stop_position", "bus": "yes", "stop_role": "platform", "operator": null, "district_name": "Bektemir district", "district_assignment": "within" }, "geometry": { "type": "Point", "coordinates": [ 69.3587082, 41.2459301 ] } },
{ "type": "Feature", "properties": { "osm_element": "node", "osm_id": 4556577099, "name": "Yo'ldosh dahasi 4-mavze", "name_ru": "Массив \"Сергели\", квартал 4", "highway": "bus_stop", "public_transport": "stop_position", "bus": "yes", "stop_role": "platform", "operator": null, "district_name": "Yangikhayot district", "district_assignment": "within" }, "geometry": { "type": "Point", "coordinates": [ 69.2260493, 41.2075529 ] } },
{ "type": "Feature", "properties": { "osm_element": "node", "osm_id": 4556579691, "name": "Sirg'ali-I dahasi", "name_ru": "Массив \"Сергели\", квартал 1", "highway": "bus_stop", "public_transport": "stop_position", "bus": "yes", "stop_role": "platform", "operator": null, "district_name": "Yangikhayot district", "district_assignment": "within" }, "geometry": { "type": "Point", "coordinates": [ 69.2160631, 41.2035514 ] } },
{ "type": "Feature", "properties": { "osm_element": "node", "osm_id": 4556579792, "name": "Yo'ldosh dahasi 4-mavze", "name_ru": "Массив \"Сергели\", квартал 4", "highway": "bus_stop", "public_transport": "stop_position", "bus": "yes", "stop_role": "platform", "operator": null, "district_name": "Sergeli district", "district_assignment": "within" }, "geometry": { "type": "Point", "coordinates": [ 69.2258027, 41.2076956 ] } },
{ "type": "Feature", "properties": { "osm_element": "node", "osm_id": 4559150392, "name": null, "name_ru": null, "highway": "bus_stop", "public_transport": "platform", "bus": "yes", "stop_role": "platform", "operator": null, "district_name": "Chilanzar district", "district_assignment": "within" }, "geometry": { "type": "Point", "coordinates": [ 69.1597714, 41.2579145 ] } },
{ "type": "Feature", "properties": { "osm_element": "node", "osm_id": 4563547822, "name": "Jarrohlik markazi", "name_ru": "Центр хирургии", "highway": "bus_stop", "public_transport": "stop_position", "bus": "yes", "stop_role": "platform", "operator": null, "district_name": "Chilanzar district", "district_assignment": "within" }, "geometry": { "type": "Point", "coordinates": [ 69.2108539, 41.2696384 ] } },
{ "type": "Feature", "properties": { "osm_element": "node", "osm_id": 4563547823, "name": null, "name_ru": null, "highway": "bus_stop", "public_transport": null, "bus": null, "stop_role": "platform", "operator": null, "district_name": "Chilanzar district", "district_assignment": "within" }, "geometry": { "type": "Point", "coordinates": [ 69.207383, 41.2640748 ] } },
{ "type": "Feature", "properties": { "osm_element": "node", "osm_id": 4563547824, "name": "Домбрабад Памятник", "name_ru": null, "highway": "bus_stop", "public_transport": "platform", "bus": "yes", "stop_role": "platform", "operator": null, "district_name": "Chilanzar district", "district_assignment": "within" }, "geometry": { "type": "Point", "coordinates": [ 69.2067587, 41.2630441 ] } },
{ "type": "Feature", "properties": { "osm_element": "node", "osm_id": 4572907893, "name": "Mehmonxona", "name_ru": "Гостиница", "highway": "bus_stop", "public_transport": "stop_position", "bus": "yes", "stop_role": "platform", "operator": null, "district_name": "Chilanzar district", "district_assignment": "within" }, "geometry": { "type": "Point", "coordinates": [ 69.2104507, 41.2909619 ] } },
{ "type": "Feature", "properties": { "osm_element": "node", "osm_id": 4573613490, "name": "Mirzo G‘olib mahallasi", "name_ru": "Махалля Мирзо Голиба", "highway": "bus_stop", "public_transport": "stop_position", "bus": "yes", "stop_role": "platform", "operator": null, "district_name": "Almazar district", "district_assignment": "within" }, "geometry": { "type": "Point", "coordinates": [ 69.1981084, 41.3534414 ] } },
{ "type": "Feature", "properties": { "osm_element": "node", "osm_id": 4576683472, "name": "Sayohat ko'chasi", "name_ru": "Улица Саёхат", "highway": "bus_stop", "public_transport": "platform", "bus": null, "stop_role": "platform", "operator": null, "district_name": "Mirzo Ulugbek district", "district_assignment": "within" }, "geometry": { "type": "Point", "coordinates": [ 69.3386361, 41.3275814 ] } },
{ "type": "Feature", "properties": { "osm_element": "node", "osm_id": 4577837538, "name": "Jumamasjid ko'chasi", "name_ru": "Улица Джумамасжид", "highway": "bus_stop", "public_transport": "stop_position", "bus": "yes", "stop_role": "platform", "operator": null, "district_name": "Yunusabad district", "district_assignment": "within" }, "geometry": { "type": "Point", "coordinates": [ 69.275406, 41.3716589 ] } },
{ "type": "Feature", "properties": { "osm_element": "node", "osm_id": 4582687889, "name": "Litsey", "name_ru": "Лицей", "highway": "bus_stop", "public_transport": "stop_position", "bus": "yes", "stop_role": "platform", "operator": null, "district_name": "Sergeli district", "district_assignment": "within" }, "geometry": { "type": "Point", "coordinates": [ 69.2303269, 41.2095715 ] } },
{ "type": "Feature", "properties": { "osm_element": "node", "osm_id": 4588972790, "name": null, "name_ru": null, "highway": "bus_stop", "public_transport": "stop_position", "bus": "yes", "stop_role": "platform", "operator": null, "district_name": "Yunusabad district", "district_assignment": "within" }, "geometry": { "type": "Point", "coordinates": [ 69.2974819, 41.3532903 ] } },
{ "type": "Feature", "properties": { "osm_element": "node", "osm_id": 4589212191, "name": "Ko'rgazma zali", "name_ru": "Выставочный зал", "highway": "bus_stop", "public_transport": "stop_position", "bus": "yes", "stop_role": "platform", "operator": null, "district_name": "Yakkasaray district", "district_assignment": "within" }, "geometry": { "type": "Point", "coordinates": [ 69.2671338, 41.308764 ] } },
{ "type": "Feature", "properties": { "osm_element": "node", "osm_id": 4589241589, "name": "Koʻrgazma zali", "name_ru": "Выставочный зал", "highway": "bus_stop", "public_transport": "stop_position", "bus": "yes", "stop_role": "platform", "operator": null, "district_name": "Yakkasaray district", "district_assignment": "boundary_nearest" }, "geometry": { "type": "Point", "coordinates": [ 69.2656859, 41.3100965 ] } },
{ "type": "Feature", "properties": { "osm_element": "node", "osm_id": 4589274489, "name": "Ko'rgazma zali", "name_ru": "Выставочный зал", "highway": "bus_stop", "public_transport": "stop_position", "bus": "yes", "stop_role": "platform", "operator": null, "district_name": "Mirabad district", "district_assignment": "boundary_nearest" }, "geometry": { "type": "Point", "coordinates": [ 69.2679274, 41.3100981 ] } },
{ "type": "Feature", "properties": { "osm_element": "node", "osm_id": 4590756089, "name": "Yunusobod metro bekati", "name_ru": "Станция метро \"Юнусабад\"", "highway": "bus_stop", "public_transport": "stop_position", "bus": "yes", "stop_role": "platform", "operator": null, "district_name": "Yunusabad district", "district_assignment": "within" }, "geometry": { "type": "Point", "coordinates": [ 69.2934322, 41.3658438 ] } },
{ "type": "Feature", "properties": { "osm_element": "node", "osm_id": 4591999781, "name": "Xalq sudi", "name_ru": "Народный суд", "highway": "bus_stop", "public_transport": "stop_position", "bus": "yes", "stop_role": "platform", "operator": null, "district_name": "Yakkasaray district", "district_assignment": "within" }, "geometry": { "type": "Point", "coordinates": [ 69.2551998, 41.2820603 ] } },
{ "type": "Feature", "properties": { "osm_element": "node", "osm_id": 4592191008, "name": "улица Саида Барака", "name_ru": "улица Саида Барака", "highway": "bus_stop", "public_transport": "stop_position", "bus": "yes", "stop_role": "platform", "operator": null, "district_name": "Mirabad district", "district_assignment": "within" }, "geometry": { "type": "Point", "coordinates": [ 69.2815675, 41.2964553 ] } },
{ "type": "Feature", "properties": { "osm_element": "node", "osm_id": 4592191009, "name": "Uspenskiy Nomidagi Maktab", "name_ru": "Музыкальный лицей им. Успенского", "highway": "bus_stop", "public_transport": "stop_position", "bus": "yes", "stop_role": "platform", "operator": null, "district_name": "Yashnabad district", "district_assignment": "within" }, "geometry": { "type": "Point", "coordinates": [ 69.2915003, 41.3069537 ] } },
{ "type": "Feature", "properties": { "osm_element": "node", "osm_id": 4592191010, "name": "Институт Усовершенствования Врачей", "name_ru": "Институт Усовершенствования Врачей", "highway": "bus_stop", "public_transport": "stop_position", "bus": "yes", "stop_role": "platform", "operator": null, "district_name": "Mirzo Ulugbek district", "district_assignment": "within" }, "geometry": { "type": "Point", "coordinates": [ 69.3156813, 41.3173594 ] } },
{ "type": "Feature", "properties": { "osm_element": "node", "osm_id": 4592191011, "name": "Shifokorlar malakasini oshirish instituti", "name_ru": "Институт Усовершенствования Врачей", "highway": "bus_stop", "public_transport": "stop_position", "bus": "yes", "stop_role": "platform", "operator": null, "district_name": "Yashnabad district", "district_assignment": "within" }, "geometry": { "type": "Point", "coordinates": [ 69.316085, 41.3165382 ] } },
{ "type": "Feature", "properties": { "osm_element": "node", "osm_id": 4600979352, "name": null, "name_ru": "Завод шампанских вин", "highway": "bus_stop", "public_transport": "stop_position", "bus": "yes", "stop_role": "platform", "operator": null, "district_name": "Yashnabad district", "district_assignment": "within" }, "geometry": { "type": "Point", "coordinates": [ 69.3224704, 41.3100838 ] } },
{ "type": "Feature", "properties": { "osm_element": "node", "osm_id": 4600979363, "name": "Sultonali Mashxadi ko'chasi", "name_ru": "Улица Султонали Машхади", "highway": "bus_stop", "public_transport": "stop_position", "bus": "yes", "stop_role": "platform", "operator": null, "district_name": "Yashnabad district", "district_assignment": "within" }, "geometry": { "type": "Point", "coordinates": [ 69.3149598, 41.3126872 ] } },
{ "type": "Feature", "properties": { "osm_element": "node", "osm_id": 4605753391, "name": "Bog`ichinor ko`chasi", "name_ru": "Улица Богичинор", "highway": "bus_stop", "public_transport": "stop_position", "bus": "yes", "stop_role": "platform", "operator": null, "district_name": "Yangikhayot district", "district_assignment": "within" }, "geometry": { "type": "Point", "coordinates": [ 69.2181198, 41.2007663 ] } },
{ "type": "Feature", "properties": { "osm_element": "node", "osm_id": 4615979131, "name": "Yangi Darxon mahallasi", "name_ru": "Паст Дархан", "highway": "bus_stop", "public_transport": "stop_position", "bus": "yes", "stop_role": "platform", "operator": null, "district_name": "Yangikhayot district", "district_assignment": "within" }, "geometry": { "type": "Point", "coordinates": [ 69.1961012, 41.2273974 ] } },
{ "type": "Feature", "properties": { "osm_element": "node", "osm_id": 4628484957, "name": "Ташкентская медицинская академия № 1", "name_ru": null, "highway": "bus_stop", "public_transport": null, "bus": null, "stop_role": "platform", "operator": null, "district_name": "Yashnabad district", "district_assignment": "within" }, "geometry": { "type": "Point", "coordinates": [ 69.2994292, 41.307051 ] } },
{ "type": "Feature", "properties": { "osm_element": "node", "osm_id": 4628484958, "name": "TashMU-1", "name_ru": "ТашМИ-1", "highway": "bus_stop", "public_transport": "stop_position", "bus": "yes", "stop_role": "platform", "operator": null, "district_name": "Yashnabad district", "district_assignment": "within" }, "geometry": { "type": "Point", "coordinates": [ 69.300459, 41.3067124 ] } },
{ "type": "Feature", "properties": { "osm_element": "node", "osm_id": 4648368418, "name": "39 Yotoqxona", "name_ru": "Общежитие № 39", "highway": "bus_stop", "public_transport": "stop_position", "bus": "yes", "stop_role": "platform", "operator": null, "district_name": "Yunusabad district", "district_assignment": "within" }, "geometry": { "type": "Point", "coordinates": [ 69.3201186, 41.3729742 ] } },
{ "type": "Feature", "properties": { "osm_element": "node", "osm_id": 4656998905, "name": null, "name_ru": null, "highway": "bus_stop", "public_transport": "platform", "bus": "yes", "stop_role": "platform", "operator": null, "district_name": "Yunusabad district", "district_assignment": "within" }, "geometry": { "type": "Point", "coordinates": [ 69.3087169, 41.3689087 ] } },
{ "type": "Feature", "properties": { "osm_element": "node", "osm_id": 4656998931, "name": "544-sonli bolalar bogʻchasi", "name_ru": "Детский сад № 544", "highway": "bus_stop", "public_transport": "stop_position", "bus": "yes", "stop_role": "platform", "operator": null, "district_name": "Yunusabad district", "district_assignment": "within" }, "geometry": { "type": "Point", "coordinates": [ 69.3004514, 41.3655966 ] } },
{ "type": "Feature", "properties": { "osm_element": "node", "osm_id": 4657225480, "name": "Yunusobod dehqon bozori", "name_ru": "Юнусабадский Базар", "highway": "bus_stop", "public_transport": "stop_position", "bus": "yes", "stop_role": "platform", "operator": null, "district_name": "Yunusabad district", "district_assignment": "within" }, "geometry": { "type": "Point", "coordinates": [ 69.2886341, 41.3629395 ] } },
{ "type": "Feature", "properties": { "osm_element": "node", "osm_id": 4657225500, "name": "Universam", "name_ru": "Универсам", "highway": "bus_stop", "public_transport": "platform", "bus": "yes", "stop_role": "platform", "operator": null, "district_name": "Yunusabad district", "district_assignment": "within" }, "geometry": { "type": "Point", "coordinates": [ 69.2865975, 41.3640972 ] } },
{ "type": "Feature", "properties": { "osm_element": "node", "osm_id": 4658443867, "name": "Yunusobod dahasi 8-mavze", "name_ru": "Массив \"Юнусабад\", квартал 8", "highway": "bus_stop", "public_transport": "stop_position", "bus": "yes", "stop_role": "platform", "operator": null, "district_name": "Yunusabad district", "district_assignment": "within" }, "geometry": { "type": "Point", "coordinates": [ 69.2800152, 41.3695206 ] } },
{ "type": "Feature", "properties": { "osm_element": "node", "osm_id": 4658443868, "name": "Mebel do'koni", "name_ru": "Мебельный магазин", "highway": "bus_stop", "public_transport": "stop_position", "bus": "yes", "stop_role": "platform", "operator": null, "district_name": "Yunusabad district", "district_assignment": "within" }, "geometry": { "type": "Point", "coordinates": [ 69.2859631, 41.3660108 ] } },
{ "type": "Feature", "properties": { "osm_element": "node", "osm_id": 4658443869, "name": "Mebel do'koni", "name_ru": "Мебельный магазин", "highway": "bus_stop", "public_transport": "stop_position", "bus": "yes", "stop_role": "platform", "operator": null, "district_name": "Yunusabad district", "district_assignment": "within" }, "geometry": { "type": "Point", "coordinates": [ 69.2841048, 41.3676418 ] } },
{ "type": "Feature", "properties": { "osm_element": "node", "osm_id": 4658443870, "name": "Mebel do'koni", "name_ru": "Мебельный магазин", "highway": "bus_stop", "public_transport": "stop_position", "bus": "yes", "stop_role": "platform", "operator": null, "district_name": "Yunusabad district", "district_assignment": "within" }, "geometry": { "type": "Point", "coordinates": [ 69.2841377, 41.3674766 ] } },
{ "type": "Feature", "properties": { "osm_element": "node", "osm_id": 4658443871, "name": "Yunusobod dahasi 8-mavze", "name_ru": "Массив \"Юнусабад\", квартал 8", "highway": "bus_stop", "public_transport": "stop_position", "bus": "yes", "stop_role": "platform", "operator": null, "district_name": "Yunusabad district", "district_assignment": "within" }, "geometry": { "type": "Point", "coordinates": [ 69.2806316, 41.3690908 ] } },
{ "type": "Feature", "properties": { "osm_element": "node", "osm_id": 4659411634, "name": "12-sonli poliklinika", "name_ru": "Поликлиника № 12", "highway": "bus_stop", "public_transport": "stop_position", "bus": "yes", "stop_role": "platform", "operator": null, "district_name": "Yunusabad district", "district_assignment": "within" }, "geometry": { "type": "Point", "coordinates": [ 69.3110914, 41.3706397 ] } },
{ "type": "Feature", "properties": { "osm_element": "node", "osm_id": 4659411635, "name": "12-sonli poliklinika", "name_ru": "Поликлиника № 12", "highway": "bus_stop", "public_transport": "stop_position", "bus": "yes", "stop_role": "platform", "operator": null, "district_name": "Yunusabad district", "district_assignment": "within" }, "geometry": { "type": "Point", "coordinates": [ 69.3123978, 41.3700916 ] } },
{ "type": "Feature", "properties": { "osm_element": "node", "osm_id": 4659411638, "name": "Jomiy mahallasi", "name_ru": "Массив Юнусабад, квартал 4", "highway": "bus_stop", "public_transport": "stop_position", "bus": "yes", "stop_role": "platform", "operator": null, "district_name": "Yunusabad district", "district_assignment": "within" }, "geometry": { "type": "Point", "coordinates": [ 69.2772189, 41.3611724 ] } },
{ "type": "Feature", "properties": { "osm_element": "node", "osm_id": 4665638594, "name": "2 JBI zavod", "name_ru": "2 ЖБИ завод", "highway": "bus_stop", "public_transport": "stop_position", "bus": "yes", "stop_role": "platform", "operator": null, "district_name": "Yashnabad district", "district_assignment": "within" }, "geometry": { "type": "Point", "coordinates": [ 69.3430747, 41.2452496 ] } },
{ "type": "Feature", "properties": { "osm_element": "node", "osm_id": 4665646609, "name": "Pochta", "name_ru": "Почта", "highway": "bus_stop", "public_transport": "stop_position", "bus": "yes", "stop_role": "platform", "operator": null, "district_name": "Yashnabad district", "district_assignment": "within" }, "geometry": { "type": "Point", "coordinates": [ 69.3231627, 41.252783 ] } },
{ "type": "Feature", "properties": { "osm_element": "node", "osm_id": 4665654210, "name": "Islom Ota masjidi", "name_ru": "Мечеть", "highway": "bus_stop", "public_transport": "stop_position", "bus": "yes", "stop_role": "platform", "operator": null, "district_name": "Mirabad district", "district_assignment": "within" }, "geometry": { "type": "Point", "coordinates": [ 69.308625, 41.2767034 ] } },
{ "type": "Feature", "properties": { "osm_element": "node", "osm_id": 4665758918, "name": "Qo'yliq markaz 3", "name_ru": "Куйлюк Ц-3", "highway": "bus_stop", "public_transport": "stop_position", "bus": "yes", "stop_role": "platform", "operator": null, "district_name": "Mirabad district", "district_assignment": "boundary_nearest" }, "geometry": { "type": "Point", "coordinates": [ 69.3283335, 41.2421259 ] } },
{ "type": "Feature", "properties": { "osm_element": "node", "osm_id": 4665819489, "name": "Ул. Баку", "name_ru": "Ул. Баку", "highway": "bus_stop", "public_transport": null, "bus": null, "stop_role": "platform", "operator": null, "district_name": "Yashnabad district", "district_assignment": "within" }, "geometry": { "type": "Point", "coordinates": [ 69.3031511, 41.2876286 ] } },
{ "type": "Feature", "properties": { "osm_element": "node", "osm_id": 4680619632, "name": "220-sonli maktab", "name_ru": "Школа № 220", "highway": "bus_stop", "public_transport": "stop_position", "bus": "yes", "stop_role": "platform", "operator": null, "district_name": "Yunusabad district", "district_assignment": "within" }, "geometry": { "type": "Point", "coordinates": [ 69.2752001, 41.363273 ] } },
{ "type": "Feature", "properties": { "osm_element": "node", "osm_id": 4680619674, "name": "220-sonli maktab", "name_ru": "Школа № 220", "highway": "bus_stop", "public_transport": "stop_position", "bus": "yes", "stop_role": "platform", "operator": null, "district_name": "Yunusabad district", "district_assignment": "within" }, "geometry": { "type": "Point", "coordinates": [ 69.2740395, 41.364358 ] } },
{ "type": "Feature", "properties": { "osm_element": "node", "osm_id": 4685077989, "name": "Shivli ko'chasi", "name_ru": "Улица Шивли", "highway": "bus_stop", "public_transport": "stop_position", "bus": "yes", "stop_role": "platform", "operator": null, "district_name": "Yunusabad district", "district_assignment": "within" }, "geometry": { "type": "Point", "coordinates": [ 69.292506, 41.3351115 ] } },
{ "type": "Feature", "properties": { "osm_element": "node", "osm_id": 4689061095, "name": "Chizel mavzesi", "name_ru": "Массив \"Риёзи\"", "highway": "bus_stop", "public_transport": "stop_position", "bus": "yes", "stop_role": "platform", "operator": null, "district_name": "Yashnabad district", "district_assignment": "within" }, "geometry": { "type": "Point", "coordinates": [ 69.3271685, 41.3109295 ] } },
{ "type": "Feature", "properties": { "osm_element": "node", "osm_id": 4690715490, "name": "Davlat test markazi", "name_ru": "Центр тестирования", "highway": "bus_stop", "public_transport": "stop_position", "bus": "yes", "stop_role": "platform", "operator": "Государственный тестовый центр Республики Узбекистан", "district_name": "Yunusabad district", "district_assignment": "within" }, "geometry": { "type": "Point", "coordinates": [ 69.2898778, 41.3396083 ] } },
{ "type": "Feature", "properties": { "osm_element": "node", "osm_id": 4695520197, "name": "Buyuk Ipak Yo'li metro bekati", "name_ru": "Станция метро \"Буюк Ипак Йули\"", "highway": "bus_stop", "public_transport": "stop_position", "bus": "yes", "stop_role": "platform", "operator": null, "district_name": "Mirzo Ulugbek district", "district_assignment": "within" }, "geometry": { "type": "Point", "coordinates": [ 69.3268758, 41.326913 ] } },
{ "type": "Feature", "properties": { "osm_element": "node", "osm_id": 4698387877, "name": "Olmazor metro bekati", "name_ru": "Станция метро \"Алмазар\"", "highway": "bus_stop", "public_transport": "stop_position", "bus": "yes", "stop_role": "platform", "operator": null, "district_name": "Chilanzar district", "district_assignment": "within" }, "geometry": { "type": "Point", "coordinates": [ 69.1970624, 41.2544056 ] } },
{ "type": "Feature", "properties": { "osm_element": "node", "osm_id": 4709806416, "name": "Savdo markazi", "name_ru": "Торговый центр", "highway": "bus_stop", "public_transport": "stop_position", "bus": "yes", "stop_role": "platform", "operator": null, "district_name": "Yunusabad district", "district_assignment": "within" }, "geometry": { "type": "Point", "coordinates": [ 69.2813887, 41.3616706 ] } },
{ "type": "Feature", "properties": { "osm_element": "node", "osm_id": 4710035289, "name": "O'zbekiston qog'ozi", "name_ru": "Узбум", "highway": "bus_stop", "public_transport": "stop_position", "bus": "yes", "stop_role": "platform", "operator": null, "district_name": "Mirabad district", "district_assignment": "within" }, "geometry": { "type": "Point", "coordinates": [ 69.3037187, 41.2859195 ] } },
{ "type": "Feature", "properties": { "osm_element": "node", "osm_id": 4714567094, "name": "Яшнабадский военкомат", "name_ru": "Яшнабадский военкомат", "highway": "bus_stop", "public_transport": null, "bus": null, "stop_role": "platform", "operator": null, "district_name": "Yashnabad district", "district_assignment": "within" }, "geometry": { "type": "Point", "coordinates": [ 69.3586792, 41.2897825 ] } },
{ "type": "Feature", "properties": { "osm_element": "node", "osm_id": 4714567096, "name": "Jarqo'rg'on ko'chasi", "name_ru": "Улица Джаркурганская", "highway": "bus_stop", "public_transport": "stop_position", "bus": "yes", "stop_role": "platform", "operator": null, "district_name": "Yashnabad district", "district_assignment": "within" }, "geometry": { "type": "Point", "coordinates": [ 69.3166335, 41.2670402 ] } },
{ "type": "Feature", "properties": { "osm_element": "node", "osm_id": 4714574695, "name": "Turkiston metro bekati", "name_ru": "Станция метро \"Туркестан\"", "highway": "bus_stop", "public_transport": "stop_position", "bus": "yes", "stop_role": "platform", "operator": null, "district_name": "Yunusabad district", "district_assignment": "within" }, "geometry": { "type": "Point", "coordinates": [ 69.2959352, 41.3760035 ] } },
{ "type": "Feature", "properties": { "osm_element": "node", "osm_id": 4714581691, "name": "Gulqog'ozlar do'koni", "name_ru": "Магазин \"Обои\"", "highway": "bus_stop", "public_transport": "stop_position", "bus": "yes", "stop_role": "platform", "operator": null, "district_name": "Mirzo Ulugbek district", "district_assignment": "within" }, "geometry": { "type": "Point", "coordinates": [ 69.3680135, 41.3546055 ] } },
{ "type": "Feature", "properties": { "osm_element": "node", "osm_id": 4714584391, "name": "Do'kon", "name_ru": "Магазин", "highway": "bus_stop", "public_transport": "stop_position", "bus": "yes", "stop_role": "platform", "operator": null, "district_name": "Yashnabad district", "district_assignment": "within" }, "geometry": { "type": "Point", "coordinates": [ 69.3411111, 41.278428 ] } },
{ "type": "Feature", "properties": { "osm_element": "node", "osm_id": 4714584392, "name": "Aviasozlar Shaharchasi 1-mavze", "name_ru": "Массив \"Авиасозлар\", квартал 1", "highway": "bus_stop", "public_transport": "stop_position", "bus": "yes", "stop_role": "platform", "operator": null, "district_name": "Yashnabad district", "district_assignment": "within" }, "geometry": { "type": "Point", "coordinates": [ 69.3563042, 41.2903044 ] } },
{ "type": "Feature", "properties": { "osm_element": "node", "osm_id": 4714591791, "name": "Yog'-moy kombinati", "name_ru": "Масложиркомпинат", "highway": "bus_stop", "public_transport": "stop_position", "bus": "yes", "stop_role": "platform", "operator": null, "district_name": "Yashnabad district", "district_assignment": "within" }, "geometry": { "type": "Point", "coordinates": [ 69.3296552, 41.2712987 ] } },
{ "type": "Feature", "properties": { "osm_element": "node", "osm_id": 4714591793, "name": "TKX zavodi", "name_ru": "Завод \"СТО\"", "highway": "bus_stop", "public_transport": "stop_position", "bus": "yes", "stop_role": "platform", "operator": null, "district_name": "Yashnabad district", "district_assignment": "within" }, "geometry": { "type": "Point", "coordinates": [ 69.3357531, 41.2751431 ] } },
{ "type": "Feature", "properties": { "osm_element": "node", "osm_id": 4714591794, "name": "Do'kon", "name_ru": "Магазин", "highway": "bus_stop", "public_transport": "stop_position", "bus": "yes", "stop_role": "platform", "operator": null, "district_name": "Yashnabad district", "district_assignment": "within" }, "geometry": { "type": "Point", "coordinates": [ 69.3414147, 41.2789873 ] } },
{ "type": "Feature", "properties": { "osm_element": "node", "osm_id": 4714597492, "name": "Asalobod mahallasi", "name_ru": "Массив \"Асалабад\"", "highway": "bus_stop", "public_transport": "stop_position", "bus": "yes", "stop_role": "platform", "operator": null, "district_name": "Yashnabad district", "district_assignment": "within" }, "geometry": { "type": "Point", "coordinates": [ 69.3402781, 41.2818927 ] } },
{ "type": "Feature", "properties": { "osm_element": "node", "osm_id": 4714597693, "name": "Yog'-moy kombinati", "name_ru": "Масложиркомпинат", "highway": "bus_stop", "public_transport": "stop_position", "bus": "yes", "stop_role": "platform", "operator": null, "district_name": "Yashnabad district", "district_assignment": "within" }, "geometry": { "type": "Point", "coordinates": [ 69.3321442, 41.2728136 ] } },
{ "type": "Feature", "properties": { "osm_element": "node", "osm_id": 4714597792, "name": "TKX zavodi", "name_ru": "Завод \"СТО\"", "highway": "bus_stop", "public_transport": "stop_position", "bus": "yes", "stop_role": "platform", "operator": null, "district_name": "Yashnabad district", "district_assignment": "within" }, "geometry": { "type": "Point", "coordinates": [ 69.3359013, 41.2751667 ] } },
{ "type": "Feature", "properties": { "osm_element": "node", "osm_id": 4714597793, "name": "Asalobod mahallasi", "name_ru": "Массив \"Асалабад\"", "highway": "bus_stop", "public_transport": "stop_position", "bus": "yes", "stop_role": "platform", "operator": null, "district_name": "Yashnabad district", "district_assignment": "within" }, "geometry": { "type": "Point", "coordinates": [ 69.3400558, 41.2824465 ] } },
{ "type": "Feature", "properties": { "osm_element": "node", "osm_id": 4714598092, "name": "Do'kon", "name_ru": "Магазин", "highway": "bus_stop", "public_transport": "stop_position", "bus": "yes", "stop_role": "platform", "operator": null, "district_name": "Yashnabad district", "district_assignment": "within" }, "geometry": { "type": "Point", "coordinates": [ 69.3417879, 41.2780528 ] } },
{ "type": "Feature", "properties": { "osm_element": "node", "osm_id": 4714604789, "name": "Oqdaryo tor ko'chasi", "name_ru": "Акдарьинский проезд", "highway": "bus_stop", "public_transport": "stop_position", "bus": "yes", "stop_role": "platform", "operator": null, "district_name": "Yashnabad district", "district_assignment": "within" }, "geometry": { "type": "Point", "coordinates": [ 69.3195965, 41.2680007 ] } },
{ "type": "Feature", "properties": { "osm_element": "node", "osm_id": 4714604790, "name": "Oqdaryo tor ko'chasi", "name_ru": "Акдарьинский проезд", "highway": "bus_stop", "public_transport": "stop_position", "bus": "yes", "stop_role": "platform", "operator": null, "district_name": "Yashnabad district", "district_assignment": "within" }, "geometry": { "type": "Point", "coordinates": [ 69.3209991, 41.2683532 ] } },
{ "type": "Feature", "properties": { "osm_element": "node", "osm_id": 4714605489, "name": "3-sonli poliklinika", "name_ru": "Поликлиника № 3", "highway": "bus_stop", "public_transport": "stop_position", "bus": "yes", "stop_role": "platform", "operator": null, "district_name": "Yashnabad district", "district_assignment": "within" }, "geometry": { "type": "Point", "coordinates": [ 69.3236431, 41.2691616 ] } },
{ "type": "Feature", "properties": { "osm_element": "node", "osm_id": 4714605789, "name": "3-sonli poliklinika", "name_ru": "Поликлиника № 3", "highway": "bus_stop", "public_transport": "stop_position", "bus": "yes", "stop_role": "platform", "operator": null, "district_name": "Yashnabad district", "district_assignment": "within" }, "geometry": { "type": "Point", "coordinates": [ 69.3249207, 41.2694411 ] } },
{ "type": "Feature", "properties": { "osm_element": "node", "osm_id": 4717073185, "name": "Sayohat ko'chasi", "name_ru": "Улица Саёхат", "highway": "bus_stop", "public_transport": "stop_position", "bus": "yes", "stop_role": "platform", "operator": null, "district_name": "Mirzo Ulugbek district", "district_assignment": "within" }, "geometry": { "type": "Point", "coordinates": [ 69.339637, 41.3275361 ] } },
{ "type": "Feature", "properties": { "osm_element": "node", "osm_id": 4724676389, "name": "Chimyon do'koni", "name_ru": "Магазин \"Чимган\"", "highway": "bus_stop", "public_transport": "stop_position", "bus": "yes", "stop_role": "platform", "operator": null, "district_name": "Mirzo Ulugbek district", "district_assignment": "within" }, "geometry": { "type": "Point", "coordinates": [ 69.3530634, 41.3501602 ] } },
{ "type": "Feature", "properties": { "osm_element": "node", "osm_id": 4727212491, "name": "\"Vatan\" kinoteatri", "name_ru": "Кинотеатр \"Ватан\"", "highway": "bus_stop", "public_transport": "stop_position", "bus": "yes", "stop_role": "platform", "operator": null, "district_name": "Uchtepa district", "district_assignment": "within" }, "geometry": { "type": "Point", "coordinates": [ 69.1723169, 41.2771747 ] } },
{ "type": "Feature", "properties": { "osm_element": "node", "osm_id": 4727305290, "name": "Bodomzor mavzesi", "name_ru": "Массив \"Бадамазар\"", "highway": "bus_stop", "public_transport": "stop_position", "bus": "yes", "stop_role": "platform", "operator": null, "district_name": "Yunusabad district", "district_assignment": "within" }, "geometry": { "type": "Point", "coordinates": [ 69.2947169, 41.3402643 ] } },
{ "type": "Feature", "properties": { "osm_element": "node", "osm_id": 4731509694, "name": null, "name_ru": "Школа №141", "highway": "bus_stop", "public_transport": "stop_position", "bus": "yes", "stop_role": "platform", "operator": null, "district_name": "Shaykhantakhur district", "district_assignment": "within" }, "geometry": { "type": "Point", "coordinates": [ 69.209978, 41.3162906 ] } },
{ "type": "Feature", "properties": { "osm_element": "node", "osm_id": 4731526432, "name": null, "name_ru": "Школа №141", "highway": "bus_stop", "public_transport": "stop_position", "bus": "yes", "stop_role": "platform", "operator": null, "district_name": "Shaykhantakhur district", "district_assignment": "within" }, "geometry": { "type": "Point", "coordinates": [ 69.2101399, 41.3172181 ] } },
{ "type": "Feature", "properties": { "osm_element": "node", "osm_id": 4741461927, "name": "Operetta teatri", "name_ru": "Театр Оперетты", "highway": "bus_stop", "public_transport": "platform", "bus": null, "stop_role": "platform", "operator": null, "district_name": "Chilanzar district", "district_assignment": "within" }, "geometry": { "type": "Point", "coordinates": [ 69.2085274, 41.2844522 ] } },
{ "type": "Feature", "properties": { "osm_element": "node", "osm_id": 4742463121, "name": "Bodomzor mavzesi", "name_ru": "Массив Бадамазар", "highway": "bus_stop", "public_transport": "stop_position", "bus": "yes", "stop_role": "platform", "operator": null, "district_name": "Yunusabad district", "district_assignment": "within" }, "geometry": { "type": "Point", "coordinates": [ 69.2932635, 41.3391311 ] } },
{ "type": "Feature", "properties": { "osm_element": "node", "osm_id": 4753905523, "name": "Toshkent-2 xalqaro aeroporti", "name_ru": "Международный аэропорт \"Ташкент-2\"", "highway": "bus_stop", "public_transport": "stop_position", "bus": "yes", "stop_role": "platform", "operator": null, "district_name": "Sergeli district", "district_assignment": "within" }, "geometry": { "type": "Point", "coordinates": [ 69.2654307, 41.2636595 ] } },
{ "type": "Feature", "properties": { "osm_element": "node", "osm_id": 4753906121, "name": "Transport universiteti", "name_ru": "Транспортный Институт", "highway": "bus_stop", "public_transport": "stop_position", "bus": "yes", "stop_role": "platform", "operator": null, "district_name": "Mirabad district", "district_assignment": "within" }, "geometry": { "type": "Point", "coordinates": [ 69.2782691, 41.2731413 ] } },
{ "type": "Feature", "properties": { "osm_element": "node", "osm_id": 4769608423, "name": "Transport universiteti", "name_ru": "Транспортный Институт", "highway": "bus_stop", "public_transport": "stop_position", "bus": "yes", "stop_role": "platform", "operator": null, "district_name": "Mirabad district", "district_assignment": "within" }, "geometry": { "type": "Point", "coordinates": [ 69.2779369, 41.2733806 ] } },
{ "type": "Feature", "properties": { "osm_element": "node", "osm_id": 4769665221, "name": null, "name_ru": "Транспортный институт", "highway": "bus_stop", "public_transport": "platform", "bus": null, "stop_role": "platform", "operator": null, "district_name": "Mirabad district", "district_assignment": "within" }, "geometry": { "type": "Point", "coordinates": [ 69.2788063, 41.2715118 ] } },
{ "type": "Feature", "properties": { "osm_element": "node", "osm_id": 4772094821, "name": "Qurilish tresti", "name_ru": "Стройтрест", "highway": "bus_stop", "public_transport": "stop_position", "bus": "yes", "stop_role": "platform", "operator": null, "district_name": "Bektemir district", "district_assignment": "within" }, "geometry": { "type": "Point", "coordinates": [ 69.3611321, 41.246457 ] } },
{ "type": "Feature", "properties": { "osm_element": "node", "osm_id": 4773537925, "name": "1М", "name_ru": "1М", "highway": "bus_stop", "public_transport": null, "bus": null, "stop_role": "platform", "operator": null, "district_name": "Mirzo Ulugbek district", "district_assignment": "within" }, "geometry": { "type": "Point", "coordinates": [ 69.3546895, 41.3206839 ] } },
{ "type": "Feature", "properties": { "osm_element": "node", "osm_id": 4773537941, "name": "5-sonli avtobus saroyi", "name_ru": "Автопарк №5", "highway": "bus_stop", "public_transport": "stop_position", "bus": "yes", "stop_role": "platform", "operator": null, "district_name": "Mirzo Ulugbek district", "district_assignment": "within" }, "geometry": { "type": "Point", "coordinates": [ 69.3611066, 41.3205127 ] } },
{ "type": "Feature", "properties": { "osm_element": "node", "osm_id": 4774080722, "name": "Spitamen ko'chasi", "name_ru": "Улица Спитамена", "highway": "bus_stop", "public_transport": "stop_position", "bus": "yes", "stop_role": "platform", "operator": null, "district_name": "Yakkasaray district", "district_assignment": "within" }, "geometry": { "type": "Point", "coordinates": [ 69.2295253, 41.271269 ] } },
{ "type": "Feature", "properties": { "osm_element": "node", "osm_id": 4787520023, "name": "Ko'zi ojizlar kutubxonasi", "name_ru": "Библиотека для слепых", "highway": "bus_stop", "public_transport": "stop_position", "bus": "yes", "stop_role": "platform", "operator": null, "district_name": "Uchtepa district", "district_assignment": "within" }, "geometry": { "type": "Point", "coordinates": [ 69.1718707, 41.2877256 ] } },
{ "type": "Feature", "properties": { "osm_element": "node", "osm_id": 4787520523, "name": "Ko'zi ojizlar kutubxonasi", "name_ru": "Библиотека для слепых", "highway": "bus_stop", "public_transport": "stop_position", "bus": "yes", "stop_role": "platform", "operator": null, "district_name": "Uchtepa district", "district_assignment": "within" }, "geometry": { "type": "Point", "coordinates": [ 69.171842, 41.2874119 ] } },
{ "type": "Feature", "properties": { "osm_element": "node", "osm_id": 4794439522, "name": "Chilonzor dahasi 23-mavze", "name_ru": "Чиланзар-23 (Книжный)", "highway": "bus_stop", "public_transport": "stop_position", "bus": "yes", "stop_role": "platform", "operator": null, "district_name": "Uchtepa district", "district_assignment": "within" }, "geometry": { "type": "Point", "coordinates": [ 69.1823749, 41.2887214 ] } },
{ "type": "Feature", "properties": { "osm_element": "node", "osm_id": 4799655821, "name": null, "name_ru": null, "highway": "bus_stop", "public_transport": null, "bus": null, "stop_role": "platform", "operator": null, "district_name": "Shaykhantakhur district", "district_assignment": "within" }, "geometry": { "type": "Point", "coordinates": [ 69.2686384, 41.3308272 ] } },
{ "type": "Feature", "properties": { "osm_element": "node", "osm_id": 4799655822, "name": null, "name_ru": null, "highway": "bus_stop", "public_transport": null, "bus": null, "stop_role": "platform", "operator": null, "district_name": "Shaykhantakhur district", "district_assignment": "within" }, "geometry": { "type": "Point", "coordinates": [ 69.2641722, 41.3299764 ] } },
{ "type": "Feature", "properties": { "osm_element": "node", "osm_id": 4825294423, "name": "Temiryo'lchilar shifoxonasi", "name_ru": "Железнодорожная больница", "highway": "bus_stop", "public_transport": "stop_position", "bus": "yes", "stop_role": "platform", "operator": null, "district_name": "Yashnabad district", "district_assignment": "within" }, "geometry": { "type": "Point", "coordinates": [ 69.3053438, 41.3013203 ] } },
{ "type": "Feature", "properties": { "osm_element": "node", "osm_id": 4825302721, "name": "Temiryo'lchilar shifoxonasi", "name_ru": "Железнодорожная больница", "highway": "bus_stop", "public_transport": "stop_position", "bus": "yes", "stop_role": "platform", "operator": null, "district_name": "Yashnabad district", "district_assignment": "within" }, "geometry": { "type": "Point", "coordinates": [ 69.3053007, 41.3011858 ] } },
{ "type": "Feature", "properties": { "osm_element": "node", "osm_id": 4831271325, "name": "Qorasuv dahasi 6-mavze", "name_ru": "Массив \"Карасу\"-6", "highway": "bus_stop", "public_transport": "stop_position", "bus": "yes", "stop_role": "platform", "operator": null, "district_name": "Mirzo Ulugbek district", "district_assignment": "within" }, "geometry": { "type": "Point", "coordinates": [ 69.3555452, 41.3165884 ] } },
{ "type": "Feature", "properties": { "osm_element": "node", "osm_id": 4831277922, "name": "Qorasuv dahasi 6-mavze", "name_ru": "Массив \"Карасу\"-6", "highway": "bus_stop", "public_transport": "stop_position", "bus": "yes", "stop_role": "platform", "operator": null, "district_name": "Mirzo Ulugbek district", "district_assignment": "within" }, "geometry": { "type": "Point", "coordinates": [ 69.3558716, 41.3165687 ] } },
{ "type": "Feature", "properties": { "osm_element": "node", "osm_id": 4836995622, "name": null, "name_ru": null, "highway": "bus_stop", "public_transport": "stop_position", "bus": "yes", "stop_role": "platform", "operator": null, "district_name": "Bektemir district", "district_assignment": "within" }, "geometry": { "type": "Point", "coordinates": [ 69.3800521, 41.2571896 ] } },
{ "type": "Feature", "properties": { "osm_element": "node", "osm_id": 4837004421, "name": "Suvsoz dahasi 2-mavze", "name_ru": "Массив \"Сувсоз\", квартал 2", "highway": "bus_stop", "public_transport": "stop_position", "bus": "yes", "stop_role": "platform", "operator": null, "district_name": "Bektemir district", "district_assignment": "within" }, "geometry": { "type": "Point", "coordinates": [ 69.3751688, 41.2548579 ] } },
{ "type": "Feature", "properties": { "osm_element": "node", "osm_id": 4837004521, "name": "Suvsoz dahasi 2-mavze", "name_ru": "Массив \"Сувсоз\", квартал 2", "highway": "bus_stop", "public_transport": "stop_position", "bus": "yes", "stop_role": "platform", "operator": null, "district_name": "Bektemir district", "district_assignment": "within" }, "geometry": { "type": "Point", "coordinates": [ 69.3754502, 41.2551458 ] } },
{ "type": "Feature", "properties": { "osm_element": "node", "osm_id": 4838387323, "name": "Mebellar do'koni", "name_ru": "Мебельный магазин", "highway": "bus_stop", "public_transport": "stop_position", "bus": "yes", "stop_role": "platform", "operator": null, "district_name": "Mirabad district", "district_assignment": "within" }, "geometry": { "type": "Point", "coordinates": [ 69.3100069, 41.2453472 ] } },
{ "type": "Feature", "properties": { "osm_element": "node", "osm_id": 4848719924, "name": "Mustaqillik maydoni", "name_ru": "Площадь Мустакиллик", "highway": "bus_stop", "public_transport": "stop_position", "bus": "yes", "stop_role": "platform", "operator": null, "district_name": "Yunusabad district", "district_assignment": "within" }, "geometry": { "type": "Point", "coordinates": [ 69.2726004, 41.318578 ] } },
{ "type": "Feature", "properties": { "osm_element": "node", "osm_id": 4856852822, "name": "Qurilish ko'chasi", "name_ru": "Улица Курилиш", "highway": "bus_stop", "public_transport": "stop_position", "bus": "yes", "stop_role": "platform", "operator": null, "district_name": "Uchtepa district", "district_assignment": "within" }, "geometry": { "type": "Point", "coordinates": [ 69.1475891, 41.2682444 ] } },
{ "type": "Feature", "properties": { "osm_element": "node", "osm_id": 4856886121, "name": "Qurilish ko'chasi", "name_ru": "Улица Курилиш", "highway": "bus_stop", "public_transport": "stop_position", "bus": "yes", "stop_role": "platform", "operator": null, "district_name": "Uchtepa district", "district_assignment": "within" }, "geometry": { "type": "Point", "coordinates": [ 69.1481638, 41.2679603 ] } },
{ "type": "Feature", "properties": { "osm_element": "node", "osm_id": 4871793824, "name": "5-sonli avtobus saroyi", "name_ru": "Автопарк №5", "highway": "bus_stop", "public_transport": "stop_position", "bus": "yes", "stop_role": "platform", "operator": null, "district_name": "Yashnabad district", "district_assignment": "within" }, "geometry": { "type": "Point", "coordinates": [ 69.3627051, 41.3212671 ] } },
{ "type": "Feature", "properties": { "osm_element": "node", "osm_id": 4900272021, "name": "KamAZ markazi", "name_ru": "КамАЗ-центр", "highway": "bus_stop", "public_transport": "stop_position", "bus": "yes", "stop_role": "platform", "operator": null, "district_name": "Yunusabad district", "district_assignment": "within" }, "geometry": { "type": "Point", "coordinates": [ 69.2650595, 41.3710122 ] } },
{ "type": "Feature", "properties": { "osm_element": "node", "osm_id": 4901469922, "name": "PMI klinikasi", "name_ru": "Клиника \"САМПИ\"", "highway": "bus_stop", "public_transport": "stop_position", "bus": "yes", "stop_role": "platform", "operator": null, "district_name": "Yunusabad district", "district_assignment": "within" }, "geometry": { "type": "Point", "coordinates": [ 69.3323936, 41.3638959 ] } },
{ "type": "Feature", "properties": { "osm_element": "node", "osm_id": 4907056421, "name": "Maishiy xizmat uyi", "name_ru": "Дом быта", "highway": "bus_stop", "public_transport": "stop_position", "bus": "yes", "stop_role": "platform", "operator": null, "district_name": "Mirzo Ulugbek district", "district_assignment": "within" }, "geometry": { "type": "Point", "coordinates": [ 69.3448432, 41.3436773 ] } },
{ "type": "Feature", "properties": { "osm_element": "node", "osm_id": 4914981623, "name": "Ekskovator zavodi", "name_ru": "Экскаваторный завод", "highway": null, "public_transport": "platform", "bus": "yes", "stop_role": "platform", "operator": null, "district_name": "Mirzo Ulugbek district", "district_assignment": "within" }, "geometry": { "type": "Point", "coordinates": [ 69.3118811, 41.3318692 ] } },
{ "type": "Feature", "properties": { "osm_element": "node", "osm_id": 4931768361, "name": "Школа Интерат", "name_ru": "Школа Интернат", "highway": "bus_stop", "public_transport": "platform", "bus": "yes", "stop_role": "platform", "operator": null, "district_name": "Chilanzar district", "district_assignment": "within" }, "geometry": { "type": "Point", "coordinates": [ 69.2052061, 41.2595761 ] } },
{ "type": "Feature", "properties": { "osm_element": "node", "osm_id": 4931768362, "name": "Школа Интернат", "name_ru": "Школа Интернат", "highway": "bus_stop", "public_transport": "platform", "bus": "yes", "stop_role": "platform", "operator": null, "district_name": "Chilanzar district", "district_assignment": "within" }, "geometry": { "type": "Point", "coordinates": [ 69.2049332, 41.2587999 ] } },
{ "type": "Feature", "properties": { "osm_element": "node", "osm_id": 4932059589, "name": "Chilonzor SM", "name_ru": "ТЦ Чиланзар", "highway": "bus_stop", "public_transport": "platform", "bus": null, "stop_role": "platform", "operator": null, "district_name": "Chilanzar district", "district_assignment": "within" }, "geometry": { "type": "Point", "coordinates": [ 69.2241719, 41.2834263 ] } },
{ "type": "Feature", "properties": { "osm_element": "node", "osm_id": 4933844624, "name": "Институт ядерной физики", "name_ru": "Институт ядерной физики", "highway": "bus_stop", "public_transport": null, "bus": null, "stop_role": "platform", "operator": null, "district_name": "Mirzo Ulugbek district", "district_assignment": "within" }, "geometry": { "type": "Point", "coordinates": [ 69.4625752, 41.4085134 ] } },
{ "type": "Feature", "properties": { "osm_element": "node", "osm_id": 4933872421, "name": "Институт ядерной физики", "name_ru": "Институт ядерной физики", "highway": "bus_stop", "public_transport": null, "bus": null, "stop_role": "platform", "operator": null, "district_name": "Mirzo Ulugbek district", "district_assignment": "within" }, "geometry": { "type": "Point", "coordinates": [ 69.4578481, 41.4057222 ] } },
{ "type": "Feature", "properties": { "osm_element": "node", "osm_id": 4933873923, "name": "Универмаг", "name_ru": "Универмаг", "highway": "bus_stop", "public_transport": null, "bus": null, "stop_role": "platform", "operator": null, "district_name": "Mirzo Ulugbek district", "district_assignment": "within" }, "geometry": { "type": "Point", "coordinates": [ 69.4529608, 41.4037352 ] } },
{ "type": "Feature", "properties": { "osm_element": "node", "osm_id": 4933876622, "name": "Улугбек центр", "name_ru": "Улугбек центр", "highway": "bus_stop", "public_transport": null, "bus": null, "stop_role": "platform", "operator": null, "district_name": "Mirzo Ulugbek district", "district_assignment": "within" }, "geometry": { "type": "Point", "coordinates": [ 69.4500577, 41.4016388 ] } },
{ "type": "Feature", "properties": { "osm_element": "node", "osm_id": 4939431625, "name": "Oqtepa", "name_ru": "Актепа", "highway": "bus_stop", "public_transport": "platform", "bus": "yes", "stop_role": "platform", "operator": null, "district_name": "Yunusabad district", "district_assignment": "within" }, "geometry": { "type": "Point", "coordinates": [ 69.3161234, 41.3603046 ] } },
{ "type": "Feature", "properties": { "osm_element": "node", "osm_id": 4939431626, "name": null, "name_ru": null, "highway": "bus_stop", "public_transport": null, "bus": null, "stop_role": "platform", "operator": null, "district_name": "Yunusabad district", "district_assignment": "within" }, "geometry": { "type": "Point", "coordinates": [ 69.3147896, 41.3571924 ] } },
{ "type": "Feature", "properties": { "osm_element": "node", "osm_id": 4939431627, "name": "Кладбище", "name_ru": null, "highway": "bus_stop", "public_transport": null, "bus": null, "stop_role": "platform", "operator": null, "district_name": "Yunusabad district", "district_assignment": "within" }, "geometry": { "type": "Point", "coordinates": [ 69.3184849, 41.3639315 ] } },
{ "type": "Feature", "properties": { "osm_element": "node", "osm_id": 4939431628, "name": "Махалля Актепа", "name_ru": null, "highway": "bus_stop", "public_transport": null, "bus": null, "stop_role": "platform", "operator": null, "district_name": "Yunusabad district", "district_assignment": "within" }, "geometry": { "type": "Point", "coordinates": [ 69.3208883, 41.3653437 ] } },
{ "type": "Feature", "properties": { "osm_element": "node", "osm_id": 4939438021, "name": "Школа № 274", "name_ru": null, "highway": "bus_stop", "public_transport": null, "bus": null, "stop_role": "platform", "operator": null, "district_name": "Yunusabad district", "district_assignment": "within" }, "geometry": { "type": "Point", "coordinates": [ 69.3234063, 41.3669599 ] } },
{ "type": "Feature", "properties": { "osm_element": "node", "osm_id": 4939438121, "name": "Oqtepa 7-tor ko'chasi", "name_ru": "Улица Актепа, 7-й проезд", "highway": "bus_stop", "public_transport": "stop_position", "bus": "yes", "stop_role": "platform", "operator": null, "district_name": "Yunusabad district", "district_assignment": "within" }, "geometry": { "type": "Point", "coordinates": [ 69.3254987, 41.368998 ] } },
{ "type": "Feature", "properties": { "osm_element": "node", "osm_id": 4945133723, "name": "Медицинский колледж, Охунбабаев", "name_ru": "Медицинский колледж, Охунбабаев", "highway": "bus_stop", "public_transport": null, "bus": null, "stop_role": "platform", "operator": null, "district_name": "Shaykhantakhur district", "district_assignment": "boundary_nearest" }, "geometry": { "type": "Point", "coordinates": [ 69.2659814, 41.3423993 ] } },
{ "type": "Feature", "properties": { "osm_element": "node", "osm_id": 4945137023, "name": "Медицинский колледж", "name_ru": "Медицинский колледж", "highway": "bus_stop", "public_transport": null, "bus": null, "stop_role": "platform", "operator": null, "district_name": "Yunusabad district", "district_assignment": "within" }, "geometry": { "type": "Point", "coordinates": [ 69.2657108, 41.3426419 ] } },
{ "type": "Feature", "properties": { "osm_element": "node", "osm_id": 4945532232, "name": "Qozirabod mahallasi", "name_ru": "Махалля Казирабад", "highway": "bus_stop", "public_transport": "stop_position", "bus": "yes", "stop_role": "platform", "operator": null, "district_name": "Chilanzar district", "district_assignment": "within" }, "geometry": { "type": "Point", "coordinates": [ 69.2183714, 41.2782935 ] } },
{ "type": "Feature", "properties": { "osm_element": "node", "osm_id": 5006707523, "name": "Xamdam ko'chasi", "name_ru": "Улица Хамдам", "highway": "bus_stop", "public_transport": "stop_position", "bus": "yes", "stop_role": "platform", "operator": null, "district_name": "Shaykhantakhur district", "district_assignment": "within" }, "geometry": { "type": "Point", "coordinates": [ 69.2028297, 41.3009915 ] } },
{ "type": "Feature", "properties": { "osm_element": "node", "osm_id": 5006709521, "name": "Улица Увайси", "name_ru": "Улица Увайси", "highway": "bus_stop", "public_transport": null, "bus": null, "stop_role": "platform", "operator": null, "district_name": "Shaykhantakhur district", "district_assignment": "within" }, "geometry": { "type": "Point", "coordinates": [ 69.20684, 41.3010765 ] } },
{ "type": "Feature", "properties": { "osm_element": "node", "osm_id": 5063699221, "name": "Biliol Nozim ko'chasi", "name_ru": "Улица Билола Назима", "highway": "bus_stop", "public_transport": "stop_position", "bus": "yes", "stop_role": "platform", "operator": null, "district_name": "Bektemir district", "district_assignment": "within" }, "geometry": { "type": "Point", "coordinates": [ 69.3467313, 41.2391903 ] } },
{ "type": "Feature", "properties": { "osm_element": "node", "osm_id": 5069094623, "name": "Akademiklar shaharchasi", "name_ru": "Академгородок", "highway": "bus_stop", "public_transport": "stop_position", "bus": "yes", "stop_role": "platform", "operator": null, "district_name": "Mirzo Ulugbek district", "district_assignment": "within" }, "geometry": { "type": "Point", "coordinates": [ 69.3398786, 41.3379519 ] } },
{ "type": "Feature", "properties": { "osm_element": "node", "osm_id": 5109136423, "name": "Otchopar", "name_ru": "Ипподром", "highway": "bus_stop", "public_transport": "stop_position", "bus": "yes", "stop_role": "platform", "operator": null, "district_name": "Chilanzar district", "district_assignment": "within" }, "geometry": { "type": "Point", "coordinates": [ 69.1768373, 41.2468611 ] } },
{ "type": "Feature", "properties": { "osm_element": "node", "osm_id": 5122068262, "name": "Uzavtosanoat", "name_ru": "Узавтосаноат", "highway": "bus_stop", "public_transport": "platform", "bus": "yes", "stop_role": "platform", "operator": null, "district_name": "Mirabad district", "district_assignment": "within" }, "geometry": { "type": "Point", "coordinates": [ 69.2787971, 41.3060941 ] } },
{ "type": "Feature", "properties": { "osm_element": "node", "osm_id": 5122068263, "name": "Yulduz ICHB", "name_ru": "Фабрика Юлдуз", "highway": "bus_stop", "public_transport": "platform", "bus": "yes", "stop_role": "platform", "operator": null, "district_name": "Yunusabad district", "district_assignment": "within" }, "geometry": { "type": "Point", "coordinates": [ 69.2823995, 41.3224452 ] } },
{ "type": "Feature", "properties": { "osm_element": "node", "osm_id": 5122068264, "name": "Yuridik universiteti", "name_ru": "Юридический университет", "highway": "bus_stop", "public_transport": "stop_position", "bus": "yes", "stop_role": "platform", "operator": null, "district_name": "Yunusabad district", "district_assignment": "within" }, "geometry": { "type": "Point", "coordinates": [ 69.2803085, 41.3141638 ] } },
{ "type": "Feature", "properties": { "osm_element": "node", "osm_id": 5122068265, "name": "Amir Temur skveri", "name_ru": "Сквер Амира Темура", "highway": "bus_stop", "public_transport": "platform", "bus": null, "stop_role": "platform", "operator": null, "district_name": "Mirabad district", "district_assignment": "within" }, "geometry": { "type": "Point", "coordinates": [ 69.2795789, 41.3095224 ] } },
{ "type": "Feature", "properties": { "osm_element": "node", "osm_id": 5122068266, "name": "Niezbek yuli", "name_ru": "Квартал Ц-5", "highway": "bus_stop", "public_transport": "stop_position", "bus": "yes", "stop_role": "platform", "operator": null, "district_name": "Yunusabad district", "district_assignment": "within" }, "geometry": { "type": "Point", "coordinates": [ 69.2825891, 41.3248967 ] } },
{ "type": "Feature", "properties": { "osm_element": "node", "osm_id": 5130518174, "name": "Milliy Bogʻ metro bekati", "name_ru": "Станция метро Миллий бог", "highway": "bus_stop", "public_transport": "stop_position", "bus": "yes", "stop_role": "platform", "operator": null, "district_name": "Shaykhantakhur district", "district_assignment": "within" }, "geometry": { "type": "Point", "coordinates": [ 69.2356906, 41.3052405 ] } },
{ "type": "Feature", "properties": { "osm_element": "node", "osm_id": 5134525623, "name": "Bek To`pi qurilish mollari bozori", "name_ru": "Рынок стройматериалов \"Бек Тупи\"", "highway": "bus_stop", "public_transport": "stop_position", "bus": "yes", "stop_role": "platform", "operator": null, "district_name": "Chilanzar district", "district_assignment": "within" }, "geometry": { "type": "Point", "coordinates": [ 69.1610463, 41.2528894 ] } },
{ "type": "Feature", "properties": { "osm_element": "node", "osm_id": 5147748328, "name": "Spitamen ko'chasi", "name_ru": "Улица Спитамена", "highway": "bus_stop", "public_transport": "stop_position", "bus": "yes", "stop_role": "platform", "operator": null, "district_name": "Yakkasaray district", "district_assignment": "within" }, "geometry": { "type": "Point", "coordinates": [ 69.2292796, 41.2713719 ] } },
{ "type": "Feature", "properties": { "osm_element": "node", "osm_id": 5166292322, "name": "High Town City", "name_ru": "Абразивный комбинат", "highway": "bus_stop", "public_transport": "stop_position", "bus": "yes", "stop_role": "platform", "operator": null, "district_name": "Yunusabad district", "district_assignment": "within" }, "geometry": { "type": "Point", "coordinates": [ 69.3108351, 41.3556164 ] } },
{ "type": "Feature", "properties": { "osm_element": "node", "osm_id": 5175126142, "name": "239-sonli maktab", "name_ru": "Школа № 239", "highway": "bus_stop", "public_transport": "stop_position", "bus": "yes", "stop_role": "platform", "operator": null, "district_name": "Yunusabad district", "district_assignment": "within" }, "geometry": { "type": "Point", "coordinates": [ 69.3187221, 41.3507439 ] } },
{ "type": "Feature", "properties": { "osm_element": "node", "osm_id": 5175134423, "name": null, "name_ru": null, "highway": "bus_stop", "public_transport": null, "bus": null, "stop_role": "platform", "operator": null, "district_name": "Yunusabad district", "district_assignment": "within" }, "geometry": { "type": "Point", "coordinates": [ 69.2870699, 41.3720522 ] } },
{ "type": "Feature", "properties": { "osm_element": "node", "osm_id": 5199852144, "name": "Mahalla", "name_ru": "Махалля", "highway": "bus_stop", "public_transport": "stop_position", "bus": "yes", "stop_role": "platform", "operator": null, "district_name": "Uchtepa district", "district_assignment": "within" }, "geometry": { "type": "Point", "coordinates": [ 69.1551892, 41.2815567 ] } },
{ "type": "Feature", "properties": { "osm_element": "node", "osm_id": 5202745904, "name": "Darxon kafesi", "name_ru": "Кафе \"Дархан\"", "highway": "bus_stop", "public_transport": "stop_position", "bus": "yes", "stop_role": "platform", "operator": null, "district_name": "Mirzo Ulugbek district", "district_assignment": "within" }, "geometry": { "type": "Point", "coordinates": [ 69.2998451, 41.3198692 ] } },
{ "type": "Feature", "properties": { "osm_element": "node", "osm_id": 5208068337, "name": "Al-Xorazmiy dahasi", "name_ru": "Массив \"Аль-Хорезми\"", "highway": "bus_stop", "public_transport": "stop_position", "bus": "yes", "stop_role": "platform", "operator": null, "district_name": "Chilanzar district", "district_assignment": "within" }, "geometry": { "type": "Point", "coordinates": [ 69.1496835, 41.2608476 ] } },
{ "type": "Feature", "properties": { "osm_element": "node", "osm_id": 5223056321, "name": "Ginekologiya instituti", "name_ru": "Институт гинекологии", "highway": "bus_stop", "public_transport": "stop_position", "bus": "yes", "stop_role": "platform", "operator": null, "district_name": "Mirzo Ulugbek district", "district_assignment": "within" }, "geometry": { "type": "Point", "coordinates": [ 69.3578698, 41.3551649 ] } },
{ "type": "Feature", "properties": { "osm_element": "node", "osm_id": 5223629593, "name": "Янги махалля", "name_ru": null, "highway": "bus_stop", "public_transport": null, "bus": null, "stop_role": "platform", "operator": null, "district_name": "Yangi Toshkent Tumani", "district_assignment": "within" }, "geometry": { "type": "Point", "coordinates": [ 69.3282727, 41.1693799 ] } },
{ "type": "Feature", "properties": { "osm_element": "node", "osm_id": 5235062222, "name": "Do'kon", "name_ru": "Магазин \"Нигина\"", "highway": "bus_stop", "public_transport": "stop_position", "bus": "yes", "stop_role": "platform", "operator": null, "district_name": "Chilanzar district", "district_assignment": "within" }, "geometry": { "type": "Point", "coordinates": [ 69.2077547, 41.2885068 ] } },
{ "type": "Feature", "properties": { "osm_element": "node", "osm_id": 5235909280, "name": "7 проезд Октепа", "name_ru": null, "highway": "bus_stop", "public_transport": null, "bus": null, "stop_role": "platform", "operator": null, "district_name": "Yunusabad district", "district_assignment": "within" }, "geometry": { "type": "Point", "coordinates": [ 69.3245762, 41.3692164 ] } },
{ "type": "Feature", "properties": { "osm_element": "node", "osm_id": 5235909281, "name": "Школа № 274", "name_ru": null, "highway": "bus_stop", "public_transport": null, "bus": null, "stop_role": "platform", "operator": null, "district_name": "Yunusabad district", "district_assignment": "within" }, "geometry": { "type": "Point", "coordinates": [ 69.3229606, 41.3668074 ] } },
{ "type": "Feature", "properties": { "osm_element": "node", "osm_id": 5235909282, "name": "7 проезд Октепа", "name_ru": null, "highway": "bus_stop", "public_transport": null, "bus": null, "stop_role": "platform", "operator": null, "district_name": "Yunusabad district", "district_assignment": "within" }, "geometry": { "type": "Point", "coordinates": [ 69.3246811, 41.3691055 ] } },
{ "type": "Feature", "properties": { "osm_element": "node", "osm_id": 5235981188, "name": "Кладбище", "name_ru": null, "highway": "bus_stop", "public_transport": null, "bus": null, "stop_role": "platform", "operator": null, "district_name": "Yunusabad district", "district_assignment": "within" }, "geometry": { "type": "Point", "coordinates": [ 69.3185823, 41.3638769 ] } },
{ "type": "Feature", "properties": { "osm_element": "node", "osm_id": 5235983375, "name": "Махалля Актепа", "name_ru": null, "highway": "bus_stop", "public_transport": null, "bus": null, "stop_role": "platform", "operator": null, "district_name": "Yunusabad district", "district_assignment": "within" }, "geometry": { "type": "Point", "coordinates": [ 69.32067, 41.3653498 ] } },
{ "type": "Feature", "properties": { "osm_element": "node", "osm_id": 5239217198, "name": "Buyuk Ipak Yo'li metro bekati", "name_ru": "Максим Горький", "highway": "bus_stop", "public_transport": "stop_position", "bus": "yes", "stop_role": "platform", "operator": null, "district_name": "Mirzo Ulugbek district", "district_assignment": "within" }, "geometry": { "type": "Point", "coordinates": [ 69.3300617, 41.326232 ] } },
{ "type": "Feature", "properties": { "osm_element": "node", "osm_id": 5239659421, "name": "Mirzo Ulug'bek metro bekati", "name_ru": "Станция метро Мирзо Улугбек", "highway": "bus_stop", "public_transport": "stop_position", "bus": "yes", "stop_role": "platform", "operator": null, "district_name": "Chilanzar district", "district_assignment": "within" }, "geometry": { "type": "Point", "coordinates": [ 69.2114198, 41.2828717 ] } },
{ "type": "Feature", "properties": { "osm_element": "node", "osm_id": 5242991121, "name": "Bo'rijar kanali", "name_ru": "Канал \"Бурджар\"", "highway": "bus_stop", "public_transport": "stop_position", "bus": "yes", "stop_role": "platform", "operator": null, "district_name": "Chilanzar district", "district_assignment": "within" }, "geometry": { "type": "Point", "coordinates": [ 69.2246421, 41.2743982 ] } },
{ "type": "Feature", "properties": { "osm_element": "node", "osm_id": 5242991122, "name": "Qozirabod mahallasi", "name_ru": "Махалля Казирабад", "highway": "bus_stop", "public_transport": "platform", "bus": null, "stop_role": "platform", "operator": null, "district_name": "Chilanzar district", "district_assignment": "within" }, "geometry": { "type": "Point", "coordinates": [ 69.2183662, 41.279173 ] } },
{ "type": "Feature", "properties": { "osm_element": "node", "osm_id": 5242991321, "name": "Bo'rijar kanali", "name_ru": "Канал \"Бурджар\"", "highway": "bus_stop", "public_transport": "stop_position", "bus": "yes", "stop_role": "platform", "operator": null, "district_name": "Chilanzar district", "district_assignment": "within" }, "geometry": { "type": "Point", "coordinates": [ 69.2234774, 41.2750663 ] } },
{ "type": "Feature", "properties": { "osm_element": "node", "osm_id": 5267947447, "name": "Массив Аль-Хорезми-1", "name_ru": "Массив Аль-Хорезми-1", "highway": "bus_stop", "public_transport": "stop_position", "bus": "yes", "stop_role": "platform", "operator": null, "district_name": "Chilanzar district", "district_assignment": "within" }, "geometry": { "type": "Point", "coordinates": [ 69.1547233, 41.2570102 ] } },
{ "type": "Feature", "properties": { "osm_element": "node", "osm_id": 5274955821, "name": "Qo'yliq dahasi 4-mavze", "name_ru": "Массив Куйлюк квартал 4", "highway": "bus_stop", "public_transport": "stop_position", "bus": "yes", "stop_role": "platform", "operator": null, "district_name": "Mirabad district", "district_assignment": "within" }, "geometry": { "type": "Point", "coordinates": [ 69.3016896, 41.245354 ] } },
{ "type": "Feature", "properties": { "osm_element": "node", "osm_id": 5277812649, "name": "Olmazor metro bekati", "name_ru": "Станция метро \"Алмазар\"", "highway": "bus_stop", "public_transport": "stop_position", "bus": "yes", "stop_role": "platform", "operator": null, "district_name": "Chilanzar district", "district_assignment": "within" }, "geometry": { "type": "Point", "coordinates": [ 69.1957387, 41.2563353 ] } },
{ "type": "Feature", "properties": { "osm_element": "node", "osm_id": 5297373709, "name": "Oriyat mahallasi", "name_ru": null, "highway": "bus_stop", "public_transport": "stop_position", "bus": "yes", "stop_role": "platform", "operator": null, "district_name": "Yangikhayot district", "district_assignment": "within" }, "geometry": { "type": "Point", "coordinates": [ 69.190581, 41.2107505 ] } },
{ "type": "Feature", "properties": { "osm_element": "node", "osm_id": 5297373710, "name": "Oriyat mahallasi", "name_ru": null, "highway": "bus_stop", "public_transport": "stop_position", "bus": "yes", "stop_role": "platform", "operator": null, "district_name": "Yangikhayot district", "district_assignment": "within" }, "geometry": { "type": "Point", "coordinates": [ 69.1897715, 41.2099653 ] } },
{ "type": "Feature", "properties": { "osm_element": "node", "osm_id": 5297373713, "name": null, "name_ru": null, "highway": "bus_stop", "public_transport": "platform", "bus": "yes", "stop_role": "platform", "operator": null, "district_name": "Yangikhayot district", "district_assignment": "within" }, "geometry": { "type": "Point", "coordinates": [ 69.1941626, 41.1880367 ] } },
{ "type": "Feature", "properties": { "osm_element": "node", "osm_id": 5297373715, "name": null, "name_ru": null, "highway": "bus_stop", "public_transport": null, "bus": null, "stop_role": "platform", "operator": null, "district_name": "Yangikhayot district", "district_assignment": "within" }, "geometry": { "type": "Point", "coordinates": [ 69.1901473, 41.1921205 ] } },
{ "type": "Feature", "properties": { "osm_element": "node", "osm_id": 5297373716, "name": null, "name_ru": null, "highway": "bus_stop", "public_transport": "platform", "bus": "yes", "stop_role": "platform", "operator": null, "district_name": "Yangikhayot district", "district_assignment": "within" }, "geometry": { "type": "Point", "coordinates": [ 69.1896513, 41.1928805 ] } },
{ "type": "Feature", "properties": { "osm_element": "node", "osm_id": 5301560223, "name": "Shifokorlar malakasini oshirish instituti", "name_ru": "Институт Усовершенствования Врачей", "highway": "bus_stop", "public_transport": "stop_position", "bus": "yes", "stop_role": "platform", "operator": null, "district_name": "Mirzo Ulugbek district", "district_assignment": "within" }, "geometry": { "type": "Point", "coordinates": [ 69.3171228, 41.3174177 ] } },
{ "type": "Feature", "properties": { "osm_element": "node", "osm_id": 5301851648, "name": "Троллейбусный круг.", "name_ru": null, "highway": "bus_stop", "public_transport": null, "bus": null, "stop_role": "platform", "operator": null, "district_name": "Chilanzar district", "district_assignment": "within" }, "geometry": { "type": "Point", "coordinates": [ 69.1771953, 41.265717 ] } },
{ "type": "Feature", "properties": { "osm_element": "node", "osm_id": 5321898380, "name": "Джарарык", "name_ru": null, "highway": "bus_stop", "public_transport": null, "bus": null, "stop_role": "platform", "operator": null, "district_name": "Shaykhantakhur district", "district_assignment": "within" }, "geometry": { "type": "Point", "coordinates": [ 69.1751843, 41.3393031 ] } },
{ "type": "Feature", "properties": { "osm_element": "node", "osm_id": 5323167608, "name": "Tibbiyot akademiyasi klinikasi", "name_ru": "Клиника ТашМИ-2", "highway": "bus_stop", "public_transport": "stop_position", "bus": "yes", "stop_role": "platform", "operator": null, "district_name": "Shaykhantakhur district", "district_assignment": "within" }, "geometry": { "type": "Point", "coordinates": [ 69.1784124, 41.3487019 ] } },
{ "type": "Feature", "properties": { "osm_element": "node", "osm_id": 5323204071, "name": "Professorlar mavzesi", "name_ru": "Микрорайон Професоров", "highway": "bus_stop", "public_transport": "stop_position", "bus": "yes", "stop_role": "platform", "operator": null, "district_name": "Almazar district", "district_assignment": "within" }, "geometry": { "type": "Point", "coordinates": [ 69.187468, 41.3632587 ] } },
{ "type": "Feature", "properties": { "osm_element": "node", "osm_id": 5359046759, "name": "Paxtachi koʻchasi", "name_ru": "улица Пахтачи", "highway": "bus_stop", "public_transport": "platform", "bus": null, "stop_role": "platform", "operator": null, "district_name": "Shaykhantakhur district", "district_assignment": "within" }, "geometry": { "type": "Point", "coordinates": [ 69.193807, 41.3487518 ] } },
{ "type": "Feature", "properties": { "osm_element": "node", "osm_id": 5363052425, "name": "Nukus ko'chasi", "name_ru": "улица Нукус", "highway": "bus_stop", "public_transport": "stop_position", "bus": "yes", "stop_role": "platform", "operator": null, "district_name": "Mirabad district", "district_assignment": "boundary_nearest" }, "geometry": { "type": "Point", "coordinates": [ 69.2898317, 41.3008496 ] } },
{ "type": "Feature", "properties": { "osm_element": "node", "osm_id": 5363251322, "name": "Лицей", "name_ru": "Лицей", "highway": "bus_stop", "public_transport": "stop_position", "bus": "yes", "stop_role": "platform", "operator": null, "district_name": "Yashnabad district", "district_assignment": "within" }, "geometry": { "type": "Point", "coordinates": [ 69.3282016, 41.2545985 ] } },
{ "type": "Feature", "properties": { "osm_element": "node", "osm_id": 5363260822, "name": "DSK 1", "name_ru": "ДСК-1", "highway": "bus_stop", "public_transport": "stop_position", "bus": "yes", "stop_role": "platform", "operator": null, "district_name": "Yashnabad district", "district_assignment": "within" }, "geometry": { "type": "Point", "coordinates": [ 69.344768, 41.2518749 ] } },
{ "type": "Feature", "properties": { "osm_element": "node", "osm_id": 5363817925, "name": "Maishiy xizmat uyi", "name_ru": "Дом быта", "highway": "bus_stop", "public_transport": "stop_position", "bus": "yes", "stop_role": "platform", "operator": null, "district_name": "Yunusabad district", "district_assignment": "within" }, "geometry": { "type": "Point", "coordinates": [ 69.269741, 41.3678067 ] } },
{ "type": "Feature", "properties": { "osm_element": "node", "osm_id": 5369855547, "name": "Tinchlik ko‘chasi", "name_ru": "Улица Тинчлик", "highway": "bus_stop", "public_transport": "platform", "bus": null, "stop_role": "platform", "operator": null, "district_name": "Almazar district", "district_assignment": "within" }, "geometry": { "type": "Point", "coordinates": [ 69.2109731, 41.3371065 ] } },
{ "type": "Feature", "properties": { "osm_element": "node", "osm_id": 5370458656, "name": "Gulzor ko'chasi", "name_ru": "Улица Гульзар", "highway": "bus_stop", "public_transport": "stop_position", "bus": "yes", "stop_role": "platform", "operator": null, "district_name": "Shaykhantakhur district", "district_assignment": "within" }, "geometry": { "type": "Point", "coordinates": [ 69.2014937, 41.3337875 ] } },
{ "type": "Feature", "properties": { "osm_element": "node", "osm_id": 5372215723, "name": null, "name_ru": null, "highway": "bus_stop", "public_transport": null, "bus": null, "stop_role": "platform", "operator": null, "district_name": "Mirzo Ulugbek district", "district_assignment": "within" }, "geometry": { "type": "Point", "coordinates": [ 69.3829369, 41.3390117 ] } },
{ "type": "Feature", "properties": { "osm_element": "node", "osm_id": 5372217621, "name": "6-sonli tug'ruqxona", "name_ru": "Роддом №6", "highway": "bus_stop", "public_transport": "stop_position", "bus": "yes", "stop_role": "platform", "operator": null, "district_name": "Yashnabad district", "district_assignment": "within" }, "geometry": { "type": "Point", "coordinates": [ 69.2871175, 41.3089064 ] } },
{ "type": "Feature", "properties": { "osm_element": "node", "osm_id": 5377055123, "name": "Madaniyat instituti", "name_ru": "Институт культуры", "highway": "bus_stop", "public_transport": "stop_position", "bus": "yes", "stop_role": "platform", "operator": null, "district_name": "Mirzo Ulugbek district", "district_assignment": "within" }, "geometry": { "type": "Point", "coordinates": [ 69.3487842, 41.3474071 ] } },
{ "type": "Feature", "properties": { "osm_element": "node", "osm_id": 5392817734, "name": "Жавохир докон", "name_ru": null, "highway": "bus_stop", "public_transport": null, "bus": null, "stop_role": "platform", "operator": null, "district_name": "Yashnabad district", "district_assignment": "within" }, "geometry": { "type": "Point", "coordinates": [ 69.3800896, 41.3285108 ] } },
{ "type": "Feature", "properties": { "osm_element": "node", "osm_id": 5392817833, "name": null, "name_ru": null, "highway": "bus_stop", "public_transport": null, "bus": null, "stop_role": "platform", "operator": null, "district_name": "Yashnabad district", "district_assignment": "within" }, "geometry": { "type": "Point", "coordinates": [ 69.375004, 41.3300225 ] } },
{ "type": "Feature", "properties": { "osm_element": "node", "osm_id": 5398889412, "name": "O‘rikzor bozori", "name_ru": "Рынок \"Урикзор\"", "highway": "bus_stop", "public_transport": "stop_position", "bus": "yes", "stop_role": "platform", "operator": null, "district_name": "Uchtepa district", "district_assignment": "within" }, "geometry": { "type": "Point", "coordinates": [ 69.1495634, 41.2860207 ] } },
{ "type": "Feature", "properties": { "osm_element": "node", "osm_id": 5440456687, "name": "Yakkasaroy TIIB", "name_ru": "РОВД Яккасарайского района", "highway": "bus_stop", "public_transport": "platform", "bus": null, "stop_role": "platform", "operator": null, "district_name": "Yakkasaray district", "district_assignment": "within" }, "geometry": { "type": "Point", "coordinates": [ 69.2593396, 41.2719375 ] } },
{ "type": "Feature", "properties": { "osm_element": "node", "osm_id": 5444546579, "name": "Mirobod tuman IIB", "name_ru": "Мирабадский РОВД", "highway": "bus_stop", "public_transport": "stop_position", "bus": "yes", "stop_role": "platform", "operator": null, "district_name": "Mirabad district", "district_assignment": "within" }, "geometry": { "type": "Point", "coordinates": [ 69.2849692, 41.2721528 ] } },
{ "type": "Feature", "properties": { "osm_element": "node", "osm_id": 5492986627, "name": "Чиланзар 18", "name_ru": null, "highway": "bus_stop", "public_transport": null, "bus": null, "stop_role": "platform", "operator": "чиланзарская остановка приезжает 67 автобус", "district_name": "Chilanzar district", "district_assignment": "within" }, "geometry": { "type": "Point", "coordinates": [ 69.1942257, 41.2743753 ] } },
{ "type": "Feature", "properties": { "osm_element": "node", "osm_id": 5503081322, "name": "Mirishkor ko'chasi", "name_ru": "Улица Миришкор", "highway": "bus_stop", "public_transport": "platform", "bus": null, "stop_role": "platform", "operator": null, "district_name": "Mirzo Ulugbek district", "district_assignment": "within" }, "geometry": { "type": "Point", "coordinates": [ 69.3468944, 41.3299151 ] } },
{ "type": "Feature", "properties": { "osm_element": "node", "osm_id": 5503082521, "name": "Mirishkor ko'chasi", "name_ru": "Улица Миришкор", "highway": "bus_stop", "public_transport": "platform", "bus": null, "stop_role": "platform", "operator": null, "district_name": "Mirzo Ulugbek district", "district_assignment": "within" }, "geometry": { "type": "Point", "coordinates": [ 69.3464803, 41.3293489 ] } },
{ "type": "Feature", "properties": { "osm_element": "node", "osm_id": 5503082523, "name": "205-sonli maktab", "name_ru": "205 школа", "highway": "bus_stop", "public_transport": "stop_position", "bus": "yes", "stop_role": "platform", "operator": null, "district_name": "Mirzo Ulugbek district", "district_assignment": "within" }, "geometry": { "type": "Point", "coordinates": [ 69.3676272, 41.3576236 ] } },
{ "type": "Feature", "properties": { "osm_element": "node", "osm_id": 5503082621, "name": "Gulqog'ozlar do'koni", "name_ru": "Магазин \"Обои\"", "highway": "bus_stop", "public_transport": "stop_position", "bus": "yes", "stop_role": "platform", "operator": null, "district_name": "Mirzo Ulugbek district", "district_assignment": "within" }, "geometry": { "type": "Point", "coordinates": [ 69.3697167, 41.3543692 ] } },
{ "type": "Feature", "properties": { "osm_element": "node", "osm_id": 5503082721, "name": "Ginekologiya instituti", "name_ru": "Институт гинекологии", "highway": null, "public_transport": "platform", "bus": "yes", "stop_role": "platform", "operator": null, "district_name": "Mirzo Ulugbek district", "district_assignment": "within" }, "geometry": { "type": "Point", "coordinates": [ 69.3584667, 41.3563838 ] } },
{ "type": "Feature", "properties": { "osm_element": "node", "osm_id": 5503082723, "name": "205-sonli maktab", "name_ru": "205 школа", "highway": "bus_stop", "public_transport": "stop_position", "bus": "yes", "stop_role": "platform", "operator": null, "district_name": "Mirzo Ulugbek district", "district_assignment": "within" }, "geometry": { "type": "Point", "coordinates": [ 69.3680881, 41.3572639 ] } },
{ "type": "Feature", "properties": { "osm_element": "node", "osm_id": 5531817522, "name": "Охунбобоев махалла", "name_ru": "Охунбобоев махалла", "highway": "bus_stop", "public_transport": "platform", "bus": "yes", "stop_role": "platform", "operator": null, "district_name": "Almazar district", "district_assignment": "within" }, "geometry": { "type": "Point", "coordinates": [ 69.2262358, 41.3859116 ] } },
{ "type": "Feature", "properties": { "osm_element": "node", "osm_id": 5535452423, "name": "G'azalkent ko'chasi", "name_ru": "Улица Газалкент", "highway": "bus_stop", "public_transport": "stop_position", "bus": "yes", "stop_role": "platform", "operator": null, "district_name": "Mirzo Ulugbek district", "district_assignment": "within" }, "geometry": { "type": "Point", "coordinates": [ 69.3542888, 41.3293917 ] } },
{ "type": "Feature", "properties": { "osm_element": "node", "osm_id": 5539277024, "name": "Suvsoz dahasi 1-mavze", "name_ru": "Массив \"Сувсоз\", квартал 1", "highway": "bus_stop", "public_transport": "stop_position", "bus": "yes", "stop_role": "platform", "operator": null, "district_name": "Bektemir district", "district_assignment": "within" }, "geometry": { "type": "Point", "coordinates": [ 69.3704102, 41.2515427 ] } },
{ "type": "Feature", "properties": { "osm_element": "node", "osm_id": 5552068021, "name": "Детский сад", "name_ru": "Детский сад", "highway": "bus_stop", "public_transport": "platform", "bus": "yes", "stop_role": "platform", "operator": null, "district_name": "Yunusabad district", "district_assignment": "within" }, "geometry": { "type": "Point", "coordinates": [ 69.2748797, 41.3536851 ] } },
{ "type": "Feature", "properties": { "osm_element": "node", "osm_id": 5602057141, "name": "Yo'ldosh dahasi 10-mavze", "name_ru": "Массив \"Спутник\", квартал 13", "highway": "bus_stop", "public_transport": "platform", "bus": "yes", "stop_role": "platform", "operator": null, "district_name": "Yangikhayot district", "district_assignment": "within" }, "geometry": { "type": "Point", "coordinates": [ 69.2227418, 41.194234 ] } },
{ "type": "Feature", "properties": { "osm_element": "node", "osm_id": 5602057142, "name": "Yo'ldosh dahasi 11-mavze", "name_ru": "Массив \"Спутник\", квартал 11", "highway": "bus_stop", "public_transport": "platform", "bus": "yes", "stop_role": "platform", "operator": null, "district_name": "Yangikhayot district", "district_assignment": "within" }, "geometry": { "type": "Point", "coordinates": [ 69.2290436, 41.1965721 ] } },
{ "type": "Feature", "properties": { "osm_element": "node", "osm_id": 5602057143, "name": "Yo'ldosh dahasi 11-mavze", "name_ru": "Массив \"Спутник\", квартал 11", "highway": "bus_stop", "public_transport": "stop_position", "bus": "yes", "stop_role": "platform", "operator": null, "district_name": "Yangikhayot district", "district_assignment": "within" }, "geometry": { "type": "Point", "coordinates": [ 69.2283787, 41.1976267 ] } },
{ "type": "Feature", "properties": { "osm_element": "node", "osm_id": 5602057152, "name": null, "name_ru": null, "highway": "bus_stop", "public_transport": "platform", "bus": "yes", "stop_role": "platform", "operator": null, "district_name": "Yangikhayot district", "district_assignment": "within" }, "geometry": { "type": "Point", "coordinates": [ 69.226503, 41.2002925 ] } },
{ "type": "Feature", "properties": { "osm_element": "node", "osm_id": 5641680386, "name": "ToshMI", "name_ru": "ТашМИ", "highway": "bus_stop", "public_transport": "stop_position", "bus": "yes", "stop_role": "platform", "operator": null, "district_name": "Almazar district", "district_assignment": "boundary_nearest" }, "geometry": { "type": "Point", "coordinates": [ 69.1737675, 41.3484118 ] } },
{ "type": "Feature", "properties": { "osm_element": "node", "osm_id": 5643412025, "name": "Бешкурган", "name_ru": null, "highway": "bus_stop", "public_transport": null, "bus": null, "stop_role": "platform", "operator": null, "district_name": "Yunusabad district", "district_assignment": "within" }, "geometry": { "type": "Point", "coordinates": [ 69.2773786, 41.386995 ] } },
{ "type": "Feature", "properties": { "osm_element": "node", "osm_id": 5653146407, "name": "Zarbdar ko`chasi", "name_ru": "Улица Зарбдор", "highway": "bus_stop", "public_transport": "platform", "bus": null, "stop_role": "platform", "operator": null, "district_name": "Almazar district", "district_assignment": "within" }, "geometry": { "type": "Point", "coordinates": [ 69.1826375, 41.349529 ] } },
{ "type": "Feature", "properties": { "osm_element": "node", "osm_id": 5653263225, "name": "Tongi bog‘bonchilik xo‘jaligi", "name_ru": "Садовое хозяйство", "highway": "bus_stop", "public_transport": "stop_position", "bus": "yes", "stop_role": "platform", "operator": null, "district_name": "Almazar district", "district_assignment": "within" }, "geometry": { "type": "Point", "coordinates": [ 69.1981156, 41.3486626 ] } },
{ "type": "Feature", "properties": { "osm_element": "node", "osm_id": 5653750518, "name": "Geologorazvedka kolleji", "name_ru": "Колледж геологоразведки", "highway": "bus_stop", "public_transport": "stop_position", "bus": "yes", "stop_role": "platform", "operator": null, "district_name": "Almazar district", "district_assignment": "within" }, "geometry": { "type": "Point", "coordinates": [ 69.1977438, 41.3569124 ] } },
{ "type": "Feature", "properties": { "osm_element": "node", "osm_id": 5659643923, "name": "Bektemir tumani hokimligi", "name_ru": "Хокимият Бектемирского района", "highway": "bus_stop", "public_transport": "stop_position", "bus": "yes", "stop_role": "platform", "operator": null, "district_name": "Bektemir district", "district_assignment": "within" }, "geometry": { "type": "Point", "coordinates": [ 69.3378064, 41.2348258 ] } },
{ "type": "Feature", "properties": { "osm_element": "node", "osm_id": 5659644022, "name": "Davlat xizmatlari markazi", "name_ru": "Бектемирское РОВД", "highway": "bus_stop", "public_transport": "stop_position", "bus": "yes", "stop_role": "platform", "operator": null, "district_name": "Bektemir district", "district_assignment": "within" }, "geometry": { "type": "Point", "coordinates": [ 69.3518736, 41.2362983 ] } },
{ "type": "Feature", "properties": { "osm_element": "node", "osm_id": 5659644122, "name": "Yuqori Chirchiq koʻchasi", "name_ru": "ПМК № 3", "highway": "bus_stop", "public_transport": "stop_position", "bus": "yes", "stop_role": "platform", "operator": null, "district_name": "Bektemir district", "district_assignment": "within" }, "geometry": { "type": "Point", "coordinates": [ 69.3463511, 41.2323443 ] } },
{ "type": "Feature", "properties": { "osm_element": "node", "osm_id": 5659644223, "name": "Aloqa bog'lanmasi", "name_ru": "Узел связи", "highway": "bus_stop", "public_transport": "stop_position", "bus": "yes", "stop_role": "platform", "operator": null, "district_name": "Bektemir district", "district_assignment": "within" }, "geometry": { "type": "Point", "coordinates": [ 69.351725, 41.2431664 ] } },
{ "type": "Feature", "properties": { "osm_element": "node", "osm_id": 5659644721, "name": "Bektemir tumani hokimligi", "name_ru": "Хокимият Бектемирского района", "highway": "bus_stop", "public_transport": "stop_position", "bus": "yes", "stop_role": "platform", "operator": null, "district_name": "Bektemir district", "district_assignment": "within" }, "geometry": { "type": "Point", "coordinates": [ 69.3359177, 41.233964 ] } },
{ "type": "Feature", "properties": { "osm_element": "node", "osm_id": 5660024523, "name": "\"Vatan\" kinoteatri", "name_ru": "Кинотеатр \"Ватан\"", "highway": "bus_stop", "public_transport": "stop_position", "bus": "yes", "stop_role": "platform", "operator": null, "district_name": "Uchtepa district", "district_assignment": "within" }, "geometry": { "type": "Point", "coordinates": [ 69.1731406, 41.2768212 ] } },
{ "type": "Feature", "properties": { "osm_element": "node", "osm_id": 5670367993, "name": "Sport tovarlari do'koni", "name_ru": "Магазин \"Спорттовары\"", "highway": "bus_stop", "public_transport": "stop_position", "bus": "yes", "stop_role": "platform", "operator": null, "district_name": "Chilanzar district", "district_assignment": "within" }, "geometry": { "type": "Point", "coordinates": [ 69.2156782, 41.2957248 ] } },
{ "type": "Feature", "properties": { "osm_element": "node", "osm_id": 5670367994, "name": "Sport tovarlari do'koni", "name_ru": "м-н Спорт товары", "highway": "bus_stop", "public_transport": "stop_position", "bus": "yes", "stop_role": "platform", "operator": null, "district_name": "Chilanzar district", "district_assignment": "within" }, "geometry": { "type": "Point", "coordinates": [ 69.2171011, 41.2958937 ] } },
{ "type": "Feature", "properties": { "osm_element": "node", "osm_id": 5670367995, "name": "Sport tovarlari do'koni", "name_ru": "Магазин \"Спорттовары\"", "highway": "bus_stop", "public_transport": "stop_position", "bus": "yes", "stop_role": "platform", "operator": null, "district_name": "Chilanzar district", "district_assignment": "within" }, "geometry": { "type": "Point", "coordinates": [ 69.2161606, 41.2967082 ] } },
{ "type": "Feature", "properties": { "osm_element": "node", "osm_id": 5698510453, "name": null, "name_ru": null, "highway": "bus_stop", "public_transport": "platform", "bus": "yes", "stop_role": "platform", "operator": null, "district_name": "Yangikhayot district", "district_assignment": "within" }, "geometry": { "type": "Point", "coordinates": [ 69.2450584, 41.1665786 ] } },
{ "type": "Feature", "properties": { "osm_element": "node", "osm_id": 5698510454, "name": null, "name_ru": null, "highway": "bus_stop", "public_transport": "platform", "bus": "yes", "stop_role": "platform", "operator": null, "district_name": "Yangikhayot district", "district_assignment": "within" }, "geometry": { "type": "Point", "coordinates": [ 69.2464897, 41.1659516 ] } },
{ "type": "Feature", "properties": { "osm_element": "node", "osm_id": 5708554111, "name": "Shuhrat do'koni", "name_ru": "Магазин \"Шухрат\"", "highway": "bus_stop", "public_transport": "stop_position", "bus": "yes", "stop_role": "platform", "operator": null, "district_name": "Chilanzar district", "district_assignment": "within" }, "geometry": { "type": "Point", "coordinates": [ 69.1989221, 41.2796195 ] } },
{ "type": "Feature", "properties": { "osm_element": "node", "osm_id": 5708554112, "name": "Shuhrat do'koni", "name_ru": "Магазин \"Шухрат\"", "highway": "bus_stop", "public_transport": "stop_position", "bus": "yes", "stop_role": "platform", "operator": null, "district_name": "Chilanzar district", "district_assignment": "boundary_nearest" }, "geometry": { "type": "Point", "coordinates": [ 69.1972079, 41.2779956 ] } },
{ "type": "Feature", "properties": { "osm_element": "node", "osm_id": 5708554113, "name": "Shuhrat do'koni", "name_ru": "Магазин \"Шухрат\"", "highway": "bus_stop", "public_transport": "stop_position", "bus": "yes", "stop_role": "platform", "operator": null, "district_name": "Chilanzar district", "district_assignment": "within" }, "geometry": { "type": "Point", "coordinates": [ 69.1985814, 41.2783607 ] } },
{ "type": "Feature", "properties": { "osm_element": "node", "osm_id": 5723397218, "name": "Milliy akademik drama teatri", "name_ru": "Театр драмы", "highway": "bus_stop", "public_transport": "stop_position", "bus": "yes", "stop_role": "platform", "operator": null, "district_name": "Shaykhantakhur district", "district_assignment": "within" }, "geometry": { "type": "Point", "coordinates": [ 69.2443311, 41.3218301 ] } },
{ "type": "Feature", "properties": { "osm_element": "node", "osm_id": 5723397219, "name": "Milliy akademik drama teatri", "name_ru": "Театр драмы", "highway": "bus_stop", "public_transport": "stop_position", "bus": "yes", "stop_role": "platform", "operator": null, "district_name": "Shaykhantakhur district", "district_assignment": "within" }, "geometry": { "type": "Point", "coordinates": [ 69.2444443, 41.3220021 ] } },
{ "type": "Feature", "properties": { "osm_element": "node", "osm_id": 5724392022, "name": "Issiqlik kombinati", "name_ru": "Тепличный комбинат", "highway": "bus_stop", "public_transport": "stop_position", "bus": "yes", "stop_role": "platform", "operator": null, "district_name": "Yunusabad district", "district_assignment": "within" }, "geometry": { "type": "Point", "coordinates": [ 69.3209489, 41.3771585 ] } },
{ "type": "Feature", "properties": { "osm_element": "node", "osm_id": 5724392023, "name": "Nuroniy oromgoxi", "name_ru": "Санаторий \"Нуроний\"", "highway": "bus_stop", "public_transport": "stop_position", "bus": "yes", "stop_role": "platform", "operator": null, "district_name": "Yunusabad district", "district_assignment": "within" }, "geometry": { "type": "Point", "coordinates": [ 69.3171693, 41.379772 ] } },
{ "type": "Feature", "properties": { "osm_element": "node", "osm_id": 5724392025, "name": "Yunusobod mavzesi 2-daha", "name_ru": "Массив \"Юнусабад\", квартал 2", "highway": "bus_stop", "public_transport": "stop_position", "bus": "yes", "stop_role": "platform", "operator": null, "district_name": "Yunusabad district", "district_assignment": "within" }, "geometry": { "type": "Point", "coordinates": [ 69.2890408, 41.3586416 ] } },
{ "type": "Feature", "properties": { "osm_element": "node", "osm_id": 5724392026, "name": "Yunusobod mavzesi 2-daha", "name_ru": "Массив \"Юнусабад\", квартал 2", "highway": "bus_stop", "public_transport": "stop_position", "bus": "yes", "stop_role": "platform", "operator": null, "district_name": "Yunusabad district", "district_assignment": "within" }, "geometry": { "type": "Point", "coordinates": [ 69.2893861, 41.3594347 ] } },
{ "type": "Feature", "properties": { "osm_element": "node", "osm_id": 5724392121, "name": "Issiqlik kombinati", "name_ru": "Тепличный комбинат", "highway": "bus_stop", "public_transport": "stop_position", "bus": "yes", "stop_role": "platform", "operator": null, "district_name": "Yunusabad district", "district_assignment": "within" }, "geometry": { "type": "Point", "coordinates": [ 69.3209844, 41.377516 ] } },
{ "type": "Feature", "properties": { "osm_element": "node", "osm_id": 5724392122, "name": "G'ofur G'ulom ko'chasi", "name_ru": "Улица Гафура Гуляма", "highway": "bus_stop", "public_transport": "stop_position", "bus": "yes", "stop_role": "platform", "operator": null, "district_name": "Yunusabad district", "district_assignment": "within" }, "geometry": { "type": "Point", "coordinates": [ 69.3127369, 41.3770406 ] } },
{ "type": "Feature", "properties": { "osm_element": "node", "osm_id": 5730484543, "name": "Choponata maxalasi", "name_ru": "махалля Чапаната", "highway": "bus_stop", "public_transport": "stop_position", "bus": "yes", "stop_role": "platform", "operator": null, "district_name": "Uchtepa district", "district_assignment": "within" }, "geometry": { "type": "Point", "coordinates": [ 69.1934948, 41.2916466 ] } },
{ "type": "Feature", "properties": { "osm_element": "node", "osm_id": 5730484544, "name": "Choponata maxalasi", "name_ru": "махалля Чапаната", "highway": "bus_stop", "public_transport": "platform", "bus": "yes", "stop_role": "platform", "operator": null, "district_name": "Uchtepa district", "district_assignment": "within" }, "geometry": { "type": "Point", "coordinates": [ 69.1923537, 41.2913762 ] } },
{ "type": "Feature", "properties": { "osm_element": "node", "osm_id": 5730484546, "name": "Ko'rlar jamiyati madaniyat saroyi", "name_ru": "ДК Общества слепых (Балки)", "highway": "bus_stop", "public_transport": "stop_position", "bus": "yes", "stop_role": "platform", "operator": null, "district_name": "Chilanzar district", "district_assignment": "within" }, "geometry": { "type": "Point", "coordinates": [ 69.1987841, 41.2924934 ] } },
{ "type": "Feature", "properties": { "osm_element": "node", "osm_id": 5730484547, "name": "Ko'rlar jamiyati madaniyat saroyi", "name_ru": "ДК Общества слепых (Балки)", "highway": "bus_stop", "public_transport": "stop_position", "bus": "yes", "stop_role": "platform", "operator": null, "district_name": "Chilanzar district", "district_assignment": "within" }, "geometry": { "type": "Point", "coordinates": [ 69.1989124, 41.2926949 ] } },
{ "type": "Feature", "properties": { "osm_element": "node", "osm_id": 5730484549, "name": "Chilonzor dahasi 9-mavze", "name_ru": "Массив \"Чиланзар\", квартал 9", "highway": "bus_stop", "public_transport": "stop_position", "bus": "yes", "stop_role": "platform", "operator": null, "district_name": "Chilanzar district", "district_assignment": "within" }, "geometry": { "type": "Point", "coordinates": [ 69.2061966, 41.2868823 ] } },
{ "type": "Feature", "properties": { "osm_element": "node", "osm_id": 5730484551, "name": "Qatortol kinoteatri", "name_ru": "Рынок \"Катартал\"", "highway": "bus_stop", "public_transport": "stop_position", "bus": "yes", "stop_role": "platform", "operator": null, "district_name": "Chilanzar district", "district_assignment": "within" }, "geometry": { "type": "Point", "coordinates": [ 69.21253, 41.2928553 ] } },
{ "type": "Feature", "properties": { "osm_element": "node", "osm_id": 5730484552, "name": "3 квартал, Муким-Чиланзарская", "name_ru": null, "highway": "bus_stop", "public_transport": "platform", "bus": "yes", "stop_role": "platform", "operator": null, "district_name": "Chilanzar district", "district_assignment": "within" }, "geometry": { "type": "Point", "coordinates": [ 69.2286711, 41.2877096 ] } },
{ "type": "Feature", "properties": { "osm_element": "node", "osm_id": 5730484553, "name": "Текстиль", "name_ru": null, "highway": "bus_stop", "public_transport": "platform", "bus": "yes", "stop_role": "platform", "operator": null, "district_name": "Yakkasaray district", "district_assignment": "within" }, "geometry": { "type": "Point", "coordinates": [ 69.2465542, 41.2787103 ] } },
{ "type": "Feature", "properties": { "osm_element": "node", "osm_id": 5730484555, "name": "Janubiy vokzal", "name_ru": "Южный вокзал", "highway": "bus_stop", "public_transport": "stop_position", "bus": "yes", "stop_role": "platform", "operator": null, "district_name": "Yakkasaray district", "district_assignment": "within" }, "geometry": { "type": "Point", "coordinates": [ 69.2244025, 41.2593912 ] } },
{ "type": "Feature", "properties": { "osm_element": "node", "osm_id": 5735930406, "name": "Markaziy telegraf", "name_ru": "Центральный телеграф", "highway": "bus_stop", "public_transport": "stop_position", "bus": "yes", "stop_role": "platform", "operator": null, "district_name": "Shaykhantakhur district", "district_assignment": "within" }, "geometry": { "type": "Point", "coordinates": [ 69.2487621, 41.3215173 ] } },
{ "type": "Feature", "properties": { "osm_element": "node", "osm_id": 5735930407, "name": "Markaziy telegraf", "name_ru": "Центральный телеграф", "highway": "bus_stop", "public_transport": "stop_position", "bus": "yes", "stop_role": "platform", "operator": null, "district_name": "Shaykhantakhur district", "district_assignment": "within" }, "geometry": { "type": "Point", "coordinates": [ 69.2474215, 41.3217907 ] } },
{ "type": "Feature", "properties": { "osm_element": "node", "osm_id": 5735930408, "name": "Alisher Navoiy muzeyi", "name_ru": "Музей Алишера Навои", "highway": "bus_stop", "public_transport": "stop_position", "bus": "yes", "stop_role": "platform", "operator": null, "district_name": "Shaykhantakhur district", "district_assignment": "within" }, "geometry": { "type": "Point", "coordinates": [ 69.2533145, 41.3213641 ] } },
{ "type": "Feature", "properties": { "osm_element": "node", "osm_id": 5749480822, "name": "Darxon maydoni", "name_ru": "Площадь Дархан", "highway": "bus_stop", "public_transport": "platform", "bus": "yes", "stop_role": "platform", "operator": null, "district_name": "Mirzo Ulugbek district", "district_assignment": "within" }, "geometry": { "type": "Point", "coordinates": [ 69.3052493, 41.329817 ] } },
{ "type": "Feature", "properties": { "osm_element": "node", "osm_id": 5749480823, "name": "NBU sport klubi", "name_ru": "Спортивный клуб НБУ", "highway": "bus_stop", "public_transport": "stop_position", "bus": "yes", "stop_role": "platform", "operator": null, "district_name": "Mirzo Ulugbek district", "district_assignment": "within" }, "geometry": { "type": "Point", "coordinates": [ 69.3038107, 41.3239733 ] } },
{ "type": "Feature", "properties": { "osm_element": "node", "osm_id": 5753504032, "name": "Tuproqshunoslik instituti", "name_ru": "Институт почвоведения", "highway": "bus_stop", "public_transport": "stop_position", "bus": "yes", "stop_role": "platform", "operator": null, "district_name": "Almazar district", "district_assignment": "within" }, "geometry": { "type": "Point", "coordinates": [ 69.1938879, 41.3585817 ] } },
{ "type": "Feature", "properties": { "osm_element": "node", "osm_id": 5753504033, "name": "Tuproqshunoslik instituti", "name_ru": "Институт почвоведения", "highway": "bus_stop", "public_transport": "stop_position", "bus": "yes", "stop_role": "platform", "operator": null, "district_name": "Almazar district", "district_assignment": "within" }, "geometry": { "type": "Point", "coordinates": [ 69.1928762, 41.3594183 ] } },
{ "type": "Feature", "properties": { "osm_element": "node", "osm_id": 5794307857, "name": "Qo'yliq markaz 3", "name_ru": "Куйлюк Ц-3", "highway": "bus_stop", "public_transport": "stop_position", "bus": "yes", "stop_role": "platform", "operator": null, "district_name": "Mirabad district", "district_assignment": "within" }, "geometry": { "type": "Point", "coordinates": [ 69.3288299, 41.2411579 ] } },
{ "type": "Feature", "properties": { "osm_element": "node", "osm_id": 5795119764, "name": "41-sonli maktab", "name_ru": "Школа №41", "highway": "bus_stop", "public_transport": "platform", "bus": "yes", "stop_role": "platform", "operator": null, "district_name": "Shaykhantakhur district", "district_assignment": "within" }, "geometry": { "type": "Point", "coordinates": [ 69.2293041, 41.3264356 ] } },
{ "type": "Feature", "properties": { "osm_element": "node", "osm_id": 5795119765, "name": "41-sonli maktab", "name_ru": "Школа №41", "highway": "bus_stop", "public_transport": "platform", "bus": "yes", "stop_role": "platform", "operator": null, "district_name": "Almazar district", "district_assignment": "boundary_nearest" }, "geometry": { "type": "Point", "coordinates": [ 69.2285175, 41.3270161 ] } },
{ "type": "Feature", "properties": { "osm_element": "node", "osm_id": 5795119772, "name": "Chorsu bozori", "name_ru": "Рынок Чорсу", "highway": "bus_stop", "public_transport": "platform", "bus": "yes", "stop_role": "platform", "operator": null, "district_name": "Almazar district", "district_assignment": "boundary_nearest" }, "geometry": { "type": "Point", "coordinates": [ 69.2311303, 41.3255713 ] } },
{ "type": "Feature", "properties": { "osm_element": "node", "osm_id": 5834938732, "name": "Chorsy Savdo Markazi", "name_ru": "Торговый Центр Чорсу", "highway": "bus_stop", "public_transport": "stop_position", "bus": "yes", "stop_role": "platform", "operator": null, "district_name": "Shaykhantakhur district", "district_assignment": "within" }, "geometry": { "type": "Point", "coordinates": [ 69.2379499, 41.3221031 ] } },
{ "type": "Feature", "properties": { "osm_element": "node", "osm_id": 5834986593, "name": "To'qimachilik fabrikasi", "name_ru": "Текстильная фабрика", "highway": "bus_stop", "public_transport": "stop_position", "bus": "yes", "stop_role": "platform", "operator": null, "district_name": "Shaykhantakhur district", "district_assignment": "boundary_nearest" }, "geometry": { "type": "Point", "coordinates": [ 69.1930376, 41.3220314 ] } },
{ "type": "Feature", "properties": { "osm_element": "node", "osm_id": 5834986605, "name": "To'qimachilik fabrikasi", "name_ru": "Текстильная фабрика", "highway": "bus_stop", "public_transport": "stop_position", "bus": "yes", "stop_role": "platform", "operator": null, "district_name": "Shaykhantakhur district", "district_assignment": "within" }, "geometry": { "type": "Point", "coordinates": [ 69.1931732, 41.3231156 ] } },
{ "type": "Feature", "properties": { "osm_element": "node", "osm_id": 5836578701, "name": "Автомобильная стоянка", "name_ru": null, "highway": "bus_stop", "public_transport": null, "bus": null, "stop_role": "platform", "operator": null, "district_name": "Uchtepa district", "district_assignment": "within" }, "geometry": { "type": "Point", "coordinates": [ 69.1736109, 41.2834802 ] } },
{ "type": "Feature", "properties": { "osm_element": "node", "osm_id": 5836999344, "name": "144-sonli maktab", "name_ru": "Школа 144", "highway": "bus_stop", "public_transport": "stop_position", "bus": "yes", "stop_role": "platform", "operator": null, "district_name": "Yakkasaray district", "district_assignment": "within" }, "geometry": { "type": "Point", "coordinates": [ 69.2371485, 41.283225 ] } },
{ "type": "Feature", "properties": { "osm_element": "node", "osm_id": 5836999345, "name": "144-sonli maktab", "name_ru": "Школа 144", "highway": "bus_stop", "public_transport": "platform", "bus": null, "stop_role": "platform", "operator": null, "district_name": "Yakkasaray district", "district_assignment": "within" }, "geometry": { "type": "Point", "coordinates": [ 69.2377458, 41.2831551 ] } },
{ "type": "Feature", "properties": { "osm_element": "node", "osm_id": 5837002510, "name": "Bogʻiboʻston koʻchasi", "name_ru": "ул. Богибустон", "highway": "bus_stop", "public_transport": "stop_position", "bus": "yes", "stop_role": "platform", "operator": null, "district_name": "Yakkasaray district", "district_assignment": "within" }, "geometry": { "type": "Point", "coordinates": [ 69.2223374, 41.2633666 ] } },
{ "type": "Feature", "properties": { "osm_element": "node", "osm_id": 5855879713, "name": "173-sonli maktab", "name_ru": "Школа №173", "highway": "bus_stop", "public_transport": "stop_position", "bus": "yes", "stop_role": "platform", "operator": null, "district_name": "Chilanzar district", "district_assignment": "within" }, "geometry": { "type": "Point", "coordinates": [ 69.2204492, 41.2940054 ] } },
{ "type": "Feature", "properties": { "osm_element": "node", "osm_id": 5864533434, "name": "Operetta teatri", "name_ru": "Театр Оперетты", "highway": "bus_stop", "public_transport": "stop_position", "bus": "yes", "stop_role": "platform", "operator": null, "district_name": "Chilanzar district", "district_assignment": "within" }, "geometry": { "type": "Point", "coordinates": [ 69.2079868, 41.2850638 ] } },
{ "type": "Feature", "properties": { "osm_element": "node", "osm_id": 5874432586, "name": "Darxon maydoni", "name_ru": "Площадь Дархан", "highway": "bus_stop", "public_transport": "platform", "bus": "yes", "stop_role": "platform", "operator": null, "district_name": "Mirzo Ulugbek district", "district_assignment": "within" }, "geometry": { "type": "Point", "coordinates": [ 69.3055865, 41.3293802 ] } },
{ "type": "Feature", "properties": { "osm_element": "node", "osm_id": 5878277289, "name": null, "name_ru": null, "highway": "bus_stop", "public_transport": null, "bus": null, "stop_role": "platform", "operator": null, "district_name": "Yashnabad district", "district_assignment": "within" }, "geometry": { "type": "Point", "coordinates": [ 69.3822525, 41.3051559 ] } },
{ "type": "Feature", "properties": { "osm_element": "node", "osm_id": 5878277290, "name": null, "name_ru": null, "highway": "bus_stop", "public_transport": null, "bus": null, "stop_role": "platform", "operator": null, "district_name": "Yashnabad district", "district_assignment": "within" }, "geometry": { "type": "Point", "coordinates": [ 69.3831201, 41.3051383 ] } },
{ "type": "Feature", "properties": { "osm_element": "node", "osm_id": 5878325585, "name": "Махалля Бахор", "name_ru": null, "highway": "bus_stop", "public_transport": null, "bus": null, "stop_role": "platform", "operator": null, "district_name": "Yashnabad district", "district_assignment": "within" }, "geometry": { "type": "Point", "coordinates": [ 69.391309, 41.2957056 ] } },
{ "type": "Feature", "properties": { "osm_element": "node", "osm_id": 5878384886, "name": "Пос. Тузель", "name_ru": null, "highway": "bus_stop", "public_transport": null, "bus": null, "stop_role": "platform", "operator": null, "district_name": "Yashnabad district", "district_assignment": "within" }, "geometry": { "type": "Point", "coordinates": [ 69.3999596, 41.3032721 ] } },
{ "type": "Feature", "properties": { "osm_element": "node", "osm_id": 5878384887, "name": "Пос. Тузель", "name_ru": null, "highway": "bus_stop", "public_transport": null, "bus": null, "stop_role": "platform", "operator": null, "district_name": "Yashnabad district", "district_assignment": "within" }, "geometry": { "type": "Point", "coordinates": [ 69.4001173, 41.3028569 ] } },
{ "type": "Feature", "properties": { "osm_element": "node", "osm_id": 5880451888, "name": "Chingeldi mahallasi", "name_ru": "Посёлок \"Чингельды\"", "highway": "bus_stop", "public_transport": "stop_position", "bus": "yes", "stop_role": "platform", "operator": null, "district_name": "Yashnabad district", "district_assignment": "within" }, "geometry": { "type": "Point", "coordinates": [ 69.4546375, 41.331411 ] } },
{ "type": "Feature", "properties": { "osm_element": "node", "osm_id": 5887925086, "name": "Toshkent avtovokzali", "name_ru": "Автовокзал \"Ташкент\"", "highway": "bus_stop", "public_transport": "stop_position", "bus": "yes", "stop_role": "platform", "operator": null, "district_name": "Chilanzar district", "district_assignment": "within" }, "geometry": { "type": "Point", "coordinates": [ 69.1928161, 41.2567657 ] } },
{ "type": "Feature", "properties": { "osm_element": "node", "osm_id": 5907590958, "name": null, "name_ru": null, "highway": "bus_stop", "public_transport": "platform", "bus": "yes", "stop_role": "platform", "operator": null, "district_name": "Yashnabad district", "district_assignment": "within" }, "geometry": { "type": "Point", "coordinates": [ 69.3566301, 41.3086805 ] } },
{ "type": "Feature", "properties": { "osm_element": "node", "osm_id": 5912533459, "name": "Geologorazvedka kolleji", "name_ru": "Колледж геологоразведки", "highway": "bus_stop", "public_transport": "stop_position", "bus": "yes", "stop_role": "platform", "operator": null, "district_name": "Almazar district", "district_assignment": "within" }, "geometry": { "type": "Point", "coordinates": [ 69.1992581, 41.3565742 ] } },
{ "type": "Feature", "properties": { "osm_element": "node", "osm_id": 5912555518, "name": "IIV markaziy gospitali", "name_ru": "Госпиталь МВД", "highway": "bus_stop", "public_transport": "stop_position", "bus": "yes", "stop_role": "platform", "operator": null, "district_name": "Almazar district", "district_assignment": "within" }, "geometry": { "type": "Point", "coordinates": [ 69.204073, 41.3601792 ] } },
{ "type": "Feature", "properties": { "osm_element": "node", "osm_id": 5915883766, "name": "Ko`kcha masjidi", "name_ru": "Мечеть Кукча", "highway": "bus_stop", "public_transport": "stop_position", "bus": "yes", "stop_role": "platform", "operator": null, "district_name": "Shaykhantakhur district", "district_assignment": "within" }, "geometry": { "type": "Point", "coordinates": [ 69.2058844, 41.3223489 ] } },
{ "type": "Feature", "properties": { "osm_element": "node", "osm_id": 5916147453, "name": "Tolariq ko'chasi", "name_ru": "Улица Таларык", "highway": "bus_stop", "public_transport": "stop_position", "bus": "yes", "stop_role": "platform", "operator": null, "district_name": "Mirabad district", "district_assignment": "within" }, "geometry": { "type": "Point", "coordinates": [ 69.3195192, 41.2556477 ] } },
{ "type": "Feature", "properties": { "osm_element": "node", "osm_id": 5918066759, "name": "Tinchlik metrosi", "name_ru": "метро Тинчлик", "highway": "bus_stop", "public_transport": "platform", "bus": "yes", "stop_role": "platform", "operator": null, "district_name": "Shaykhantakhur district", "district_assignment": "within" }, "geometry": { "type": "Point", "coordinates": [ 69.2178663, 41.3324362 ] } },
{ "type": "Feature", "properties": { "osm_element": "node", "osm_id": 5919384422, "name": "Behzod ko'chasi", "name_ru": "Улица Бехзода", "highway": "bus_stop", "public_transport": "stop_position", "bus": "yes", "stop_role": "platform", "operator": null, "district_name": "Shaykhantakhur district", "district_assignment": "within" }, "geometry": { "type": "Point", "coordinates": [ 69.1999024, 41.3212508 ] } },
{ "type": "Feature", "properties": { "osm_element": "node", "osm_id": 5919384423, "name": "Behzod ko'chasi", "name_ru": "Улица Бехзода", "highway": "bus_stop", "public_transport": "stop_position", "bus": "yes", "stop_role": "platform", "operator": null, "district_name": "Shaykhantakhur district", "district_assignment": "within" }, "geometry": { "type": "Point", "coordinates": [ 69.1994405, 41.3208699 ] } },
{ "type": "Feature", "properties": { "osm_element": "node", "osm_id": 5919410891, "name": "Ko'kcha Darvoza ko'chasi", "name_ru": "Улица Кукча Дарвоза", "highway": "bus_stop", "public_transport": "stop_position", "bus": "yes", "stop_role": "platform", "operator": null, "district_name": "Shaykhantakhur district", "district_assignment": "within" }, "geometry": { "type": "Point", "coordinates": [ 69.2165708, 41.3220425 ] } },
{ "type": "Feature", "properties": { "osm_element": "node", "osm_id": 5919603103, "name": "To'qimachilik fabrikasi", "name_ru": "Текстильная фабрика", "highway": "bus_stop", "public_transport": "stop_position", "bus": "yes", "stop_role": "platform", "operator": null, "district_name": "Uchtepa district", "district_assignment": "within" }, "geometry": { "type": "Point", "coordinates": [ 69.192599, 41.3224855 ] } },
{ "type": "Feature", "properties": { "osm_element": "node", "osm_id": 5919607630, "name": "Ipakchi 1-tor koʻchasi", "name_ru": "Дока хлеб", "highway": "bus_stop", "public_transport": "stop_position", "bus": "yes", "stop_role": "platform", "operator": null, "district_name": "Shaykhantakhur district", "district_assignment": "within" }, "geometry": { "type": "Point", "coordinates": [ 69.195943, 41.3280576 ] } },
{ "type": "Feature", "properties": { "osm_element": "node", "osm_id": 5919607631, "name": "Ipakchi 1-tor koʻchasi", "name_ru": "Дока хлеб", "highway": "bus_stop", "public_transport": "stop_position", "bus": "yes", "stop_role": "platform", "operator": null, "district_name": "Shaykhantakhur district", "district_assignment": "within" }, "geometry": { "type": "Point", "coordinates": [ 69.1946458, 41.3271842 ] } },
{ "type": "Feature", "properties": { "osm_element": "node", "osm_id": 5919615197, "name": "Ko`kcha masjidi", "name_ru": "Мечеть Кукча", "highway": "bus_stop", "public_transport": "stop_position", "bus": "yes", "stop_role": "platform", "operator": null, "district_name": "Shaykhantakhur district", "district_assignment": "within" }, "geometry": { "type": "Point", "coordinates": [ 69.2070951, 41.3221836 ] } },
{ "type": "Feature", "properties": { "osm_element": "node", "osm_id": 5921988685, "name": "239-sonli maktab", "name_ru": "Школа № 239", "highway": "bus_stop", "public_transport": "stop_position", "bus": "yes", "stop_role": "platform", "operator": null, "district_name": "Yunusabad district", "district_assignment": "within" }, "geometry": { "type": "Point", "coordinates": [ 69.3181803, 41.3509143 ] } },
{ "type": "Feature", "properties": { "osm_element": "node", "osm_id": 5922476393, "name": "Turkmaniston elchixonasi", "name_ru": "Магазин \"Жемчуг\"", "highway": "bus_stop", "public_transport": "stop_position", "bus": "yes", "stop_role": "platform", "operator": null, "district_name": "Mirabad district", "district_assignment": "within" }, "geometry": { "type": "Point", "coordinates": [ 69.2679911, 41.3034095 ] } },
{ "type": "Feature", "properties": { "osm_element": "node", "osm_id": 5922476398, "name": "Oybek metrosi", "name_ru": "Станция метро \"Айбек\"", "highway": "bus_stop", "public_transport": "stop_position", "bus": "yes", "stop_role": "platform", "operator": null, "district_name": "Mirabad district", "district_assignment": "within" }, "geometry": { "type": "Point", "coordinates": [ 69.2723796, 41.2984483 ] } },
{ "type": "Feature", "properties": { "osm_element": "node", "osm_id": 5928629529, "name": "Zulfiyaxonim koʻchasi", "name_ru": "Билимгох", "highway": "bus_stop", "public_transport": "stop_position", "bus": "yes", "stop_role": "platform", "operator": null, "district_name": "Shaykhantakhur district", "district_assignment": "within" }, "geometry": { "type": "Point", "coordinates": [ 69.2691302, 41.3321441 ] } },
{ "type": "Feature", "properties": { "osm_element": "node", "osm_id": 5934022891, "name": null, "name_ru": null, "highway": "bus_stop", "public_transport": "platform", "bus": "yes", "stop_role": "platform", "operator": null, "district_name": "Yunusabad district", "district_assignment": "within" }, "geometry": { "type": "Point", "coordinates": [ 69.2772491, 41.352064 ] } },
{ "type": "Feature", "properties": { "osm_element": "node", "osm_id": 5934022906, "name": "8-Avtobus saroyi", "name_ru": "Автопарк № 8", "highway": "bus_stop", "public_transport": "stop_position", "bus": "yes", "stop_role": "platform", "operator": null, "district_name": "Yunusabad district", "district_assignment": "within" }, "geometry": { "type": "Point", "coordinates": [ 69.3030363, 41.360219 ] } },
{ "type": "Feature", "properties": { "osm_element": "node", "osm_id": 5936344027, "name": "G'ayratiy ko'chasi", "name_ru": "Гайратий улица", "highway": "bus_stop", "public_transport": "stop_position", "bus": "yes", "stop_role": "platform", "operator": null, "district_name": "Yunusabad district", "district_assignment": "within" }, "geometry": { "type": "Point", "coordinates": [ 69.2728569, 41.3575137 ] } },
{ "type": "Feature", "properties": { "osm_element": "node", "osm_id": 5936436695, "name": "Yunusobod dehqon bozori", "name_ru": "Юнусабадский Базар", "highway": "bus_stop", "public_transport": "stop_position", "bus": "yes", "stop_role": "platform", "operator": null, "district_name": "Yunusabad district", "district_assignment": "within" }, "geometry": { "type": "Point", "coordinates": [ 69.2887037, 41.3642053 ] } },
{ "type": "Feature", "properties": { "osm_element": "node", "osm_id": 5954166519, "name": "Radiotexnika kolleji", "name_ru": "Радио колледж", "highway": "bus_stop", "public_transport": "stop_position", "bus": "yes", "stop_role": "platform", "operator": null, "district_name": "Chilanzar district", "district_assignment": "within" }, "geometry": { "type": "Point", "coordinates": [ 69.1855192, 41.2659843 ] } },
{ "type": "Feature", "properties": { "osm_element": "node", "osm_id": 5959790531, "name": "Kosmonavtlar metrosi", "name_ru": "Станция метро \"Космонавтлар\"", "highway": "bus_stop", "public_transport": "stop_position", "bus": "yes", "stop_role": "platform", "operator": null, "district_name": "Yakkasaray district", "district_assignment": "within" }, "geometry": { "type": "Point", "coordinates": [ 69.2659906, 41.3055483 ] } },
{ "type": "Feature", "properties": { "osm_element": "node", "osm_id": 5969689285, "name": "Universam", "name_ru": "Универсам", "highway": "bus_stop", "public_transport": "stop_position", "bus": "yes", "stop_role": "platform", "operator": null, "district_name": "Mirzo Ulugbek district", "district_assignment": "within" }, "geometry": { "type": "Point", "coordinates": [ 69.370253, 41.3348243 ] } },
{ "type": "Feature", "properties": { "osm_element": "node", "osm_id": 5969689286, "name": "Litsey", "name_ru": "Лицей", "highway": "bus_stop", "public_transport": "stop_position", "bus": "yes", "stop_role": "platform", "operator": null, "district_name": "Mirzo Ulugbek district", "district_assignment": "within" }, "geometry": { "type": "Point", "coordinates": [ 69.3782311, 41.3384137 ] } },
{ "type": "Feature", "properties": { "osm_element": "node", "osm_id": 5969690285, "name": "Maktab-internat", "name_ru": "Школа интернат", "highway": "bus_stop", "public_transport": "stop_position", "bus": "yes", "stop_role": "platform", "operator": null, "district_name": "Mirzo Ulugbek district", "district_assignment": "within" }, "geometry": { "type": "Point", "coordinates": [ 69.3701928, 41.3393407 ] } },
{ "type": "Feature", "properties": { "osm_element": "node", "osm_id": 5969705785, "name": "Militsiya akademiyasi", "name_ru": "Академия МВД", "highway": "bus_stop", "public_transport": "stop_position", "bus": "yes", "stop_role": "platform", "operator": null, "district_name": "Mirzo Ulugbek district", "district_assignment": "within" }, "geometry": { "type": "Point", "coordinates": [ 69.3626438, 41.3293281 ] } },
{ "type": "Feature", "properties": { "osm_element": "node", "osm_id": 5969713586, "name": "Hushxavo koʻchasi", "name_ru": "Улица Хушхаво", "highway": "bus_stop", "public_transport": "stop_position", "bus": "yes", "stop_role": "platform", "operator": null, "district_name": "Mirzo Ulugbek district", "district_assignment": "within" }, "geometry": { "type": "Point", "coordinates": [ 69.3581197, 41.3270535 ] } },
{ "type": "Feature", "properties": { "osm_element": "node", "osm_id": 5969740585, "name": "G'azalkent ko'chasi", "name_ru": "Улица Газалкент", "highway": "bus_stop", "public_transport": "stop_position", "bus": "yes", "stop_role": "platform", "operator": null, "district_name": "Mirzo Ulugbek district", "district_assignment": "within" }, "geometry": { "type": "Point", "coordinates": [ 69.3554057, 41.3285739 ] } },
{ "type": "Feature", "properties": { "osm_element": "node", "osm_id": 5969740586, "name": "G'azalkent ko'chasi", "name_ru": "Улица Газалкент", "highway": "bus_stop", "public_transport": "stop_position", "bus": "yes", "stop_role": "platform", "operator": null, "district_name": "Mirzo Ulugbek district", "district_assignment": "within" }, "geometry": { "type": "Point", "coordinates": [ 69.3540586, 41.3282712 ] } },
{ "type": "Feature", "properties": { "osm_element": "node", "osm_id": 5969760685, "name": "Sanatoriya instituti", "name_ru": "Институт санитарии", "highway": "bus_stop", "public_transport": "stop_position", "bus": "yes", "stop_role": "platform", "operator": null, "district_name": "Mirzo Ulugbek district", "district_assignment": "within" }, "geometry": { "type": "Point", "coordinates": [ 69.3427504, 41.3210096 ] } },
{ "type": "Feature", "properties": { "osm_element": "node", "osm_id": 5975246773, "name": "Xondamir ko'chasi", "name_ru": "Улица Хондамир", "highway": "bus_stop", "public_transport": "stop_position", "bus": "yes", "stop_role": "platform", "operator": null, "district_name": "Uchtepa district", "district_assignment": "within" }, "geometry": { "type": "Point", "coordinates": [ 69.1758407, 41.3110489 ] } },
{ "type": "Feature", "properties": { "osm_element": "node", "osm_id": 5975320532, "name": "Dadil ko'chasi", "name_ru": "Улица Дадил", "highway": "bus_stop", "public_transport": "stop_position", "bus": "yes", "stop_role": "platform", "operator": null, "district_name": "Uchtepa district", "district_assignment": "within" }, "geometry": { "type": "Point", "coordinates": [ 69.1863845, 41.3144611 ] } },
{ "type": "Feature", "properties": { "osm_element": "node", "osm_id": 5995451139, "name": "5-sonli stomatologiya poliklinikasi", "name_ru": "Стоматологическая поликлиника №5", "highway": "bus_stop", "public_transport": "stop_position", "bus": "yes", "stop_role": "platform", "operator": null, "district_name": "Yunusabad district", "district_assignment": "within" }, "geometry": { "type": "Point", "coordinates": [ 69.292853, 41.3324638 ] } },
{ "type": "Feature", "properties": { "osm_element": "node", "osm_id": 5995451145, "name": "5-sonli stomatologiya poliklinikasi", "name_ru": "Стоматологическая поликлиника №5", "highway": "bus_stop", "public_transport": "stop_position", "bus": "yes", "stop_role": "platform", "operator": null, "district_name": "Yunusabad district", "district_assignment": "within" }, "geometry": { "type": "Point", "coordinates": [ 69.2918293, 41.3320125 ] } },
{ "type": "Feature", "properties": { "osm_element": "node", "osm_id": 5997789666, "name": "Chilonzor dahasi 25-mavze", "name_ru": "Массив \"Чиланзар\", квартал 25", "highway": "bus_stop", "public_transport": "stop_position", "bus": "yes", "stop_role": "platform", "operator": null, "district_name": "Uchtepa district", "district_assignment": "within" }, "geometry": { "type": "Point", "coordinates": [ 69.1702766, 41.2806053 ] } },
{ "type": "Feature", "properties": { "osm_element": "node", "osm_id": 5998751571, "name": "Markaz 6-daha", "name_ru": "Квартал Ц-6", "highway": "bus_stop", "public_transport": "stop_position", "bus": "yes", "stop_role": "platform", "operator": null, "district_name": "Yunusabad district", "district_assignment": "within" }, "geometry": { "type": "Point", "coordinates": [ 69.2738306, 41.3288885 ] } },
{ "type": "Feature", "properties": { "osm_element": "node", "osm_id": 5998858151, "name": "Mustaqillik maydoni", "name_ru": "Площадь Мустакиллик", "highway": "bus_stop", "public_transport": "stop_position", "bus": "yes", "stop_role": "platform", "operator": null, "district_name": "Yunusabad district", "district_assignment": "within" }, "geometry": { "type": "Point", "coordinates": [ 69.2714805, 41.3183783 ] } },
{ "type": "Feature", "properties": { "osm_element": "node", "osm_id": 5998858157, "name": "Mustaqillik maydoni", "name_ru": "Площадь Мустакиллик", "highway": "bus_stop", "public_transport": "stop_position", "bus": "yes", "stop_role": "platform", "operator": null, "district_name": "Yunusabad district", "district_assignment": "within" }, "geometry": { "type": "Point", "coordinates": [ 69.2709799, 41.3191118 ] } },
{ "type": "Feature", "properties": { "osm_element": "node", "osm_id": 5998858158, "name": "O'rda maydoni", "name_ru": "Площадь \"Урда\"", "highway": "bus_stop", "public_transport": "stop_position", "bus": "yes", "stop_role": "platform", "operator": null, "district_name": "Shaykhantakhur district", "district_assignment": "within" }, "geometry": { "type": "Point", "coordinates": [ 69.2666637, 41.320117 ] } },
{ "type": "Feature", "properties": { "osm_element": "node", "osm_id": 5998858159, "name": "O'rda maydoni", "name_ru": "Площадь \"Урда\"", "highway": "bus_stop", "public_transport": "stop_position", "bus": "yes", "stop_role": "platform", "operator": null, "district_name": "Shaykhantakhur district", "district_assignment": "within" }, "geometry": { "type": "Point", "coordinates": [ 69.2661997, 41.3200593 ] } },
{ "type": "Feature", "properties": { "osm_element": "node", "osm_id": 5998870226, "name": "Alisher Navoiy muzeyi", "name_ru": "Музей Алишера Навои", "highway": "bus_stop", "public_transport": "stop_position", "bus": "yes", "stop_role": "platform", "operator": null, "district_name": "Shaykhantakhur district", "district_assignment": "within" }, "geometry": { "type": "Point", "coordinates": [ 69.2574922, 41.3209164 ] } },
{ "type": "Feature", "properties": { "osm_element": "node", "osm_id": 6005115787, "name": "Куприк бекати", "name_ru": null, "highway": "bus_stop", "public_transport": null, "bus": null, "stop_role": "platform", "operator": null, "district_name": "Almazar district", "district_assignment": "within" }, "geometry": { "type": "Point", "coordinates": [ 69.2147017, 41.3862336 ] } },
{ "type": "Feature", "properties": { "osm_element": "node", "osm_id": 6005145891, "name": null, "name_ru": null, "highway": "bus_stop", "public_transport": null, "bus": null, "stop_role": "platform", "operator": null, "district_name": "Almazar district", "district_assignment": "within" }, "geometry": { "type": "Point", "coordinates": [ 69.1922093, 41.3723341 ] } },
{ "type": "Feature", "properties": { "osm_element": "node", "osm_id": 6012520602, "name": "Shahriston metro bekati", "name_ru": "Станция метро \"Шахристан\"", "highway": "bus_stop", "public_transport": "stop_position", "bus": "yes", "stop_role": "platform", "operator": null, "district_name": "Yunusabad district", "district_assignment": "within" }, "geometry": { "type": "Point", "coordinates": [ 69.2882685, 41.3544056 ] } },
{ "type": "Feature", "properties": { "osm_element": "node", "osm_id": 6015857975, "name": "O‘rikzor bozori", "name_ru": "Рынок \"Урикзор\"", "highway": "bus_stop", "public_transport": "stop_position", "bus": "yes", "stop_role": "platform", "operator": null, "district_name": "Uchtepa district", "district_assignment": "within" }, "geometry": { "type": "Point", "coordinates": [ 69.1489935, 41.2860313 ] } },
{ "type": "Feature", "properties": { "osm_element": "node", "osm_id": 6016103812, "name": "Taqachi ko'chasi", "name_ru": "Улица Такачи", "highway": "bus_stop", "public_transport": "stop_position", "bus": "yes", "stop_role": "platform", "operator": null, "district_name": "Uchtepa district", "district_assignment": "within" }, "geometry": { "type": "Point", "coordinates": [ 69.1563909, 41.3051351 ] } },
{ "type": "Feature", "properties": { "osm_element": "node", "osm_id": 6016103813, "name": "Taqachi ko'chasi", "name_ru": "Улица Такачи", "highway": "bus_stop", "public_transport": "stop_position", "bus": "yes", "stop_role": "platform", "operator": null, "district_name": "Uchtepa district", "district_assignment": "within" }, "geometry": { "type": "Point", "coordinates": [ 69.1554575, 41.3052991 ] } },
{ "type": "Feature", "properties": { "osm_element": "node", "osm_id": 6016128463, "name": "Beshqayrag'och do'koni", "name_ru": "Магазин \"Бешкайрагач\"", "highway": "bus_stop", "public_transport": "stop_position", "bus": "yes", "stop_role": "platform", "operator": null, "district_name": "Uchtepa district", "district_assignment": "within" }, "geometry": { "type": "Point", "coordinates": [ 69.1672531, 41.3091317 ] } },
{ "type": "Feature", "properties": { "osm_element": "node", "osm_id": 6016128691, "name": "Uchtepa hokimiyati", "name_ru": "Учтепинский хокимият", "highway": "bus_stop", "public_transport": "stop_position", "bus": "yes", "stop_role": "platform", "operator": null, "district_name": "Uchtepa district", "district_assignment": "within" }, "geometry": { "type": "Point", "coordinates": [ 69.1771449, 41.2945519 ] } },
{ "type": "Feature", "properties": { "osm_element": "node", "osm_id": 6016163156, "name": "Uchtepa hokimiyati", "name_ru": "Учтепинский хокимият", "highway": "bus_stop", "public_transport": "stop_position", "bus": "yes", "stop_role": "platform", "operator": null, "district_name": "Uchtepa district", "district_assignment": "within" }, "geometry": { "type": "Point", "coordinates": [ 69.1771104, 41.2943449 ] } },
{ "type": "Feature", "properties": { "osm_element": "node", "osm_id": 6018062324, "name": "Qizilqo'rg'on kochasi", "name_ru": "Улица Кызылкурган", "highway": "bus_stop", "public_transport": "stop_position", "bus": "yes", "stop_role": "platform", "operator": null, "district_name": "Yunusabad district", "district_assignment": "within" }, "geometry": { "type": "Point", "coordinates": [ 69.3211172, 41.3491713 ] } },
{ "type": "Feature", "properties": { "osm_element": "node", "osm_id": 6045271135, "name": "Tibbiyot kolleji", "name_ru": "Ассоциация \"Узэлтехсаноат\"", "highway": "bus_stop", "public_transport": "stop_position", "bus": "yes", "stop_role": "platform", "operator": null, "district_name": "Shaykhantakhur district", "district_assignment": "within" }, "geometry": { "type": "Point", "coordinates": [ 69.2115061, 41.3249972 ] } },
{ "type": "Feature", "properties": { "osm_element": "node", "osm_id": 6052883438, "name": "Shtab", "name_ru": "Штаб", "highway": "bus_stop", "public_transport": "stop_position", "bus": "yes", "stop_role": "platform", "operator": null, "district_name": "Uchtepa district", "district_assignment": "within" }, "geometry": { "type": "Point", "coordinates": [ 69.1792284, 41.3218021 ] } },
{ "type": "Feature", "properties": { "osm_element": "node", "osm_id": 6052883447, "name": "Shtab", "name_ru": "Штаб", "highway": "bus_stop", "public_transport": "stop_position", "bus": "yes", "stop_role": "platform", "operator": null, "district_name": "Uchtepa district", "district_assignment": "within" }, "geometry": { "type": "Point", "coordinates": [ 69.1783153, 41.3215579 ] } },
{ "type": "Feature", "properties": { "osm_element": "node", "osm_id": 6087045286, "name": "Bozor", "name_ru": "Рынок", "highway": "bus_stop", "public_transport": "stop_position", "bus": "yes", "stop_role": "platform", "operator": null, "district_name": "Almazar district", "district_assignment": "within" }, "geometry": { "type": "Point", "coordinates": [ 69.1853245, 41.3634582 ] } },
{ "type": "Feature", "properties": { "osm_element": "node", "osm_id": 6087319963, "name": "Farg‘ona kafesi", "name_ru": "Кафе \"Фергана\"", "highway": "bus_stop", "public_transport": "stop_position", "bus": "yes", "stop_role": "platform", "operator": null, "district_name": "Almazar district", "district_assignment": "within" }, "geometry": { "type": "Point", "coordinates": [ 69.2041613, 41.3646898 ] } },
{ "type": "Feature", "properties": { "osm_element": "node", "osm_id": 6087336124, "name": "Qoraqamish bozori", "name_ru": "Каракамышский рынок", "highway": "bus_stop", "public_transport": "stop_position", "bus": "yes", "stop_role": "platform", "operator": null, "district_name": "Almazar district", "district_assignment": "within" }, "geometry": { "type": "Point", "coordinates": [ 69.2045669, 41.3671353 ] } },
{ "type": "Feature", "properties": { "osm_element": "node", "osm_id": 6091341394, "name": "Ibn Sino dahasi 2-mavze", "name_ru": "Массив \"Ибн Сино\"-2", "highway": "bus_stop", "public_transport": "stop_position", "bus": "yes", "stop_role": "platform", "operator": null, "district_name": "Shaykhantakhur district", "district_assignment": "within" }, "geometry": { "type": "Point", "coordinates": [ 69.1739716, 41.3358238 ] } },
{ "type": "Feature", "properties": { "osm_element": "node", "osm_id": 6091356089, "name": "Poliklinika", "name_ru": "Поликлиника", "highway": "bus_stop", "public_transport": "stop_position", "bus": "yes", "stop_role": "platform", "operator": null, "district_name": "Shaykhantakhur district", "district_assignment": "within" }, "geometry": { "type": "Point", "coordinates": [ 69.1681492, 41.3361917 ] } },
{ "type": "Feature", "properties": { "osm_element": "node", "osm_id": 6100697089, "name": "Монумент мужества", "name_ru": null, "highway": "bus_stop", "public_transport": "platform", "bus": "yes", "stop_role": "platform", "operator": null, "district_name": "Yunusabad district", "district_assignment": "within" }, "geometry": { "type": "Point", "coordinates": [ 69.27232, 41.3219198 ] } },
{ "type": "Feature", "properties": { "osm_element": "node", "osm_id": 6112503070, "name": "Ona va bola markazi", "name_ru": "Центр матери и ребёнка", "highway": "bus_stop", "public_transport": "stop_position", "bus": "yes", "stop_role": "platform", "operator": null, "district_name": "Uchtepa district", "district_assignment": "within" }, "geometry": { "type": "Point", "coordinates": [ 69.1624114, 41.3152589 ] } },
{ "type": "Feature", "properties": { "osm_element": "node", "osm_id": 6112504818, "name": "Beruniy maydoni", "name_ru": "Площадь Беруни", "highway": "bus_stop", "public_transport": "stop_position", "bus": "yes", "stop_role": "platform", "operator": null, "district_name": "Shaykhantakhur district", "district_assignment": "within" }, "geometry": { "type": "Point", "coordinates": [ 69.208471, 41.3382738 ] } },
{ "type": "Feature", "properties": { "osm_element": "node", "osm_id": 6112504819, "name": "Xondamir ko'chasi", "name_ru": "Улица Хондамир", "highway": "bus_stop", "public_transport": "stop_position", "bus": "yes", "stop_role": "platform", "operator": null, "district_name": "Uchtepa district", "district_assignment": "within" }, "geometry": { "type": "Point", "coordinates": [ 69.1707161, 41.3185916 ] } },
{ "type": "Feature", "properties": { "osm_element": "node", "osm_id": 6112533432, "name": "Xondamir ko'chasi", "name_ru": "Улица Хондамир", "highway": "bus_stop", "public_transport": "stop_position", "bus": "yes", "stop_role": "platform", "operator": null, "district_name": "Uchtepa district", "district_assignment": "within" }, "geometry": { "type": "Point", "coordinates": [ 69.1713796, 41.3187428 ] } },
{ "type": "Feature", "properties": { "osm_element": "node", "osm_id": 6112534144, "name": "75-sonli maktab", "name_ru": "Улица Дилкаш", "highway": "bus_stop", "public_transport": "stop_position", "bus": "yes", "stop_role": "platform", "operator": null, "district_name": "Uchtepa district", "district_assignment": "within" }, "geometry": { "type": "Point", "coordinates": [ 69.1751732, 41.3203377 ] } },
{ "type": "Feature", "properties": { "osm_element": "node", "osm_id": 6112534145, "name": "75-sonli maktab", "name_ru": "Улица Дилкаш", "highway": "bus_stop", "public_transport": "stop_position", "bus": "yes", "stop_role": "platform", "operator": null, "district_name": "Uchtepa district", "district_assignment": "within" }, "geometry": { "type": "Point", "coordinates": [ 69.1759336, 41.3205168 ] } },
{ "type": "Feature", "properties": { "osm_element": "node", "osm_id": 6112545585, "name": "6-sonli poliklinika", "name_ru": "Поликлиника № 6", "highway": "bus_stop", "public_transport": "stop_position", "bus": "yes", "stop_role": "platform", "operator": null, "district_name": "Uchtepa district", "district_assignment": "within" }, "geometry": { "type": "Point", "coordinates": [ 69.1651599, 41.316319 ] } },
{ "type": "Feature", "properties": { "osm_element": "node", "osm_id": 6112545685, "name": "6-sonli poliklinika", "name_ru": "Поликлиника № 6", "highway": "bus_stop", "public_transport": "stop_position", "bus": "yes", "stop_role": "platform", "operator": null, "district_name": "Uchtepa district", "district_assignment": "within" }, "geometry": { "type": "Point", "coordinates": [ 69.1647193, 41.3162547 ] } },
{ "type": "Feature", "properties": { "osm_element": "node", "osm_id": 6115569070, "name": "G‘uncha kinoteatri", "name_ru": "Кинотеатр Гунча", "highway": "bus_stop", "public_transport": "platform", "bus": "yes", "stop_role": "platform", "operator": null, "district_name": "Shaykhantakhur district", "district_assignment": "within" }, "geometry": { "type": "Point", "coordinates": [ 69.2218169, 41.330601 ] } },
{ "type": "Feature", "properties": { "osm_element": "node", "osm_id": 6115569071, "name": "G‘uncha kinoteatri", "name_ru": "Кинотеатр Гунча", "highway": "bus_stop", "public_transport": "platform", "bus": "yes", "stop_role": "platform", "operator": null, "district_name": "Almazar district", "district_assignment": "boundary_nearest" }, "geometry": { "type": "Point", "coordinates": [ 69.2212805, 41.3311588 ] } },
{ "type": "Feature", "properties": { "osm_element": "node", "osm_id": 6123538088, "name": null, "name_ru": null, "highway": "bus_stop", "public_transport": null, "bus": null, "stop_role": "platform", "operator": null, "district_name": "Uchtepa district", "district_assignment": "within" }, "geometry": { "type": "Point", "coordinates": [ 69.1909033, 41.3224476 ] } },
{ "type": "Feature", "properties": { "osm_element": "node", "osm_id": 6147608271, "name": "Bekobod dahasi", "name_ru": "Массив Бекабад", "highway": "bus_stop", "public_transport": "stop_position", "bus": "yes", "stop_role": "platform", "operator": null, "district_name": "Uchtepa district", "district_assignment": "within" }, "geometry": { "type": "Point", "coordinates": [ 69.1576544, 41.3214594 ] } },
{ "type": "Feature", "properties": { "osm_element": "node", "osm_id": 6150773876, "name": "To'qimachilik fabrikasi", "name_ru": "Текстильная фабрика", "highway": "bus_stop", "public_transport": "stop_position", "bus": "yes", "stop_role": "platform", "operator": null, "district_name": "Shaykhantakhur district", "district_assignment": "within" }, "geometry": { "type": "Point", "coordinates": [ 69.1938136, 41.3223573 ] } },
{ "type": "Feature", "properties": { "osm_element": "node", "osm_id": 6150775386, "name": "Gulzor ko'chasi", "name_ru": "Улица Гульзар", "highway": "bus_stop", "public_transport": "stop_position", "bus": "yes", "stop_role": "platform", "operator": null, "district_name": "Shaykhantakhur district", "district_assignment": "within" }, "geometry": { "type": "Point", "coordinates": [ 69.2022383, 41.3341571 ] } },
{ "type": "Feature", "properties": { "osm_element": "node", "osm_id": 6154154085, "name": "Xalqlar Doʻstligi metro bekati", "name_ru": "Станция метро \"Халклар Дустлиги\"", "highway": "bus_stop", "public_transport": "stop_position", "bus": "yes", "stop_role": "platform", "operator": null, "district_name": "Chilanzar district", "district_assignment": "within" }, "geometry": { "type": "Point", "coordinates": [ 69.2440623, 41.3116551 ] } },
{ "type": "Feature", "properties": { "osm_element": "node", "osm_id": 6158878993, "name": "Tinchlik ko‘chasi", "name_ru": "Улица Тинчлик", "highway": "bus_stop", "public_transport": "platform", "bus": "yes", "stop_role": "platform", "operator": null, "district_name": "Almazar district", "district_assignment": "boundary_nearest" }, "geometry": { "type": "Point", "coordinates": [ 69.2108999, 41.3370416 ] } },
{ "type": "Feature", "properties": { "osm_element": "node", "osm_id": 6159179817, "name": "Mirzo G‘olib mahallasi", "name_ru": "Махалля Мирзо Голиба", "highway": "bus_stop", "public_transport": "stop_position", "bus": "yes", "stop_role": "platform", "operator": null, "district_name": "Almazar district", "district_assignment": "within" }, "geometry": { "type": "Point", "coordinates": [ 69.1980182, 41.352916 ] } },
{ "type": "Feature", "properties": { "osm_element": "node", "osm_id": 6159179829, "name": "AYoQSh", "name_ru": "АЗС", "highway": "bus_stop", "public_transport": "stop_position", "bus": "yes", "stop_role": "platform", "operator": null, "district_name": "Almazar district", "district_assignment": "within" }, "geometry": { "type": "Point", "coordinates": [ 69.2071199, 41.3568807 ] } },
{ "type": "Feature", "properties": { "osm_element": "node", "osm_id": 6160091497, "name": "Ulug'bek 4-tor ko'chasi", "name_ru": "Улица Улугбек, 4-й проезд", "highway": "bus_stop", "public_transport": "stop_position", "bus": "yes", "stop_role": "platform", "operator": null, "district_name": "Shaykhantakhur district", "district_assignment": "within" }, "geometry": { "type": "Point", "coordinates": [ 69.1936119, 41.3119701 ] } },
{ "type": "Feature", "properties": { "osm_element": "node", "osm_id": 6160093550, "name": "Jahon tillari universiteti", "name_ru": "Зона отдыха \"Старт\"", "highway": "bus_stop", "public_transport": "stop_position", "bus": "yes", "stop_role": "platform", "operator": null, "district_name": "Shaykhantakhur district", "district_assignment": "boundary_nearest" }, "geometry": { "type": "Point", "coordinates": [ 69.1935447, 41.3079111 ] } },
{ "type": "Feature", "properties": { "osm_element": "node", "osm_id": 6160094090, "name": "Jahon tillari universiteti", "name_ru": "Зона отдыха \"Старт\"", "highway": "bus_stop", "public_transport": "stop_position", "bus": "yes", "stop_role": "platform", "operator": null, "district_name": "Shaykhantakhur district", "district_assignment": "within" }, "geometry": { "type": "Point", "coordinates": [ 69.1937442, 41.3082184 ] } },
{ "type": "Feature", "properties": { "osm_element": "node", "osm_id": 6171139685, "name": "Akademik litsey", "name_ru": "Академический Лицей", "highway": "bus_stop", "public_transport": "stop_position", "bus": "yes", "stop_role": "platform", "operator": null, "district_name": "Shaykhantakhur district", "district_assignment": "within" }, "geometry": { "type": "Point", "coordinates": [ 69.2572939, 41.3296401 ] } },
{ "type": "Feature", "properties": { "osm_element": "node", "osm_id": 6188307851, "name": "оптовый рынок Сергили", "name_ru": "оптовый рынок Сергили", "highway": "bus_stop", "public_transport": "platform", "bus": "yes", "stop_role": "platform", "operator": null, "district_name": "Sergeli district", "district_assignment": "within" }, "geometry": { "type": "Point", "coordinates": [ 69.2714353, 41.2121301 ] } },
{ "type": "Feature", "properties": { "osm_element": "node", "osm_id": 6189035211, "name": "2502-sonli avtokombinati", "name_ru": "Автокомбинат № 2502", "highway": "bus_stop", "public_transport": "stop_position", "bus": "yes", "stop_role": "platform", "operator": null, "district_name": "Yakkasaray district", "district_assignment": "within" }, "geometry": { "type": "Point", "coordinates": [ 69.230116, 41.2614081 ] } },
{ "type": "Feature", "properties": { "osm_element": "node", "osm_id": 6199083089, "name": "Xalqlar Doʻstligi metro bekati", "name_ru": "Станция метро \"Халклар Дустлиги\"", "highway": "bus_stop", "public_transport": "stop_position", "bus": "yes", "stop_role": "platform", "operator": null, "district_name": "Shaykhantakhur district", "district_assignment": "within" }, "geometry": { "type": "Point", "coordinates": [ 69.2389122, 41.3124235 ] } },
{ "type": "Feature", "properties": { "osm_element": "node", "osm_id": 6205543714, "name": "Коммунизм", "name_ru": "Коммунизм", "highway": "bus_stop", "public_transport": "stop_position", "bus": "yes", "stop_role": "platform", "operator": null, "district_name": "Almazar district", "district_assignment": "within" }, "geometry": { "type": "Point", "coordinates": [ 69.2252897, 41.3610151 ] } },
{ "type": "Feature", "properties": { "osm_element": "node", "osm_id": 6228976399, "name": "San'at muzeyi", "name_ru": "Музей искуств", "highway": "bus_stop", "public_transport": "stop_position", "bus": "yes", "stop_role": "platform", "operator": null, "district_name": "Mirabad district", "district_assignment": "within" }, "geometry": { "type": "Point", "coordinates": [ 69.2797141, 41.3023651 ] } },
{ "type": "Feature", "properties": { "osm_element": "node", "osm_id": 6255342087, "name": "Chinni bozori", "name_ru": "Чинни рынок", "highway": "bus_stop", "public_transport": "stop_position", "bus": "yes", "stop_role": "platform", "operator": null, "district_name": "Chilanzar district", "district_assignment": "within" }, "geometry": { "type": "Point", "coordinates": [ 69.1659055, 41.2448777 ] } },
{ "type": "Feature", "properties": { "osm_element": "node", "osm_id": 6255406787, "name": "Shokir kanali", "name_ru": "Канал Шокир", "highway": "bus_stop", "public_transport": "stop_position", "bus": "yes", "stop_role": "platform", "operator": null, "district_name": "Yangikhayot district", "district_assignment": "within" }, "geometry": { "type": "Point", "coordinates": [ 69.210863, 41.2176103 ] } },
{ "type": "Feature", "properties": { "osm_element": "node", "osm_id": 6255664087, "name": "Nazarbek ko'prik", "name_ru": "Мост Назарбек", "highway": "bus_stop", "public_transport": "stop_position", "bus": "yes", "stop_role": "platform", "operator": null, "district_name": "Uchtepa district", "district_assignment": "within" }, "geometry": { "type": "Point", "coordinates": [ 69.1522446, 41.3056192 ] } },
{ "type": "Feature", "properties": { "osm_element": "node", "osm_id": 6264143758, "name": "Jarrohlik markazi", "name_ru": "Центр хирургии", "highway": "bus_stop", "public_transport": "stop_position", "bus": "yes", "stop_role": "platform", "operator": null, "district_name": "Chilanzar district", "district_assignment": "within" }, "geometry": { "type": "Point", "coordinates": [ 69.2107061, 41.2707303 ] } },
{ "type": "Feature", "properties": { "osm_element": "node", "osm_id": 6278953725, "name": "Nazarbek ko'prik", "name_ru": "Мост Назарбек", "highway": "bus_stop", "public_transport": "stop_position", "bus": "yes", "stop_role": "platform", "operator": null, "district_name": "Uchtepa district", "district_assignment": "within" }, "geometry": { "type": "Point", "coordinates": [ 69.1516233, 41.305299 ] } },
{ "type": "Feature", "properties": { "osm_element": "node", "osm_id": 6278953730, "name": "Nazarbek ko'prik", "name_ru": "Мост Назарбек", "highway": "bus_stop", "public_transport": "stop_position", "bus": "yes", "stop_role": "platform", "operator": null, "district_name": "Uchtepa district", "district_assignment": "within" }, "geometry": { "type": "Point", "coordinates": [ 69.1518538, 41.3058874 ] } },
{ "type": "Feature", "properties": { "osm_element": "node", "osm_id": 6285517386, "name": "Заготовительная контора", "name_ru": null, "highway": "bus_stop", "public_transport": null, "bus": null, "stop_role": "platform", "operator": null, "district_name": "Almazar district", "district_assignment": "within" }, "geometry": { "type": "Point", "coordinates": [ 69.2264929, 41.3902589 ] } },
{ "type": "Feature", "properties": { "osm_element": "node", "osm_id": 6285517387, "name": "Заготовительная контора", "name_ru": null, "highway": "bus_stop", "public_transport": null, "bus": null, "stop_role": "platform", "operator": null, "district_name": "Almazar district", "district_assignment": "within" }, "geometry": { "type": "Point", "coordinates": [ 69.2267853, 41.3896395 ] } },
{ "type": "Feature", "properties": { "osm_element": "node", "osm_id": 6320477498, "name": null, "name_ru": null, "highway": "bus_stop", "public_transport": "platform", "bus": "yes", "stop_role": "platform", "operator": null, "district_name": "Chilanzar district", "district_assignment": "within" }, "geometry": { "type": "Point", "coordinates": [ 69.2132489, 41.282574 ] } },
{ "type": "Feature", "properties": { "osm_element": "node", "osm_id": 6320484334, "name": "Chilonzor 3-mavzesi", "name_ru": "Массив Чиланзар квартал 3", "highway": "bus_stop", "public_transport": "stop_position", "bus": "yes", "stop_role": "platform", "operator": null, "district_name": "Chilanzar district", "district_assignment": "within" }, "geometry": { "type": "Point", "coordinates": [ 69.2304441, 41.2876739 ] } },
{ "type": "Feature", "properties": { "osm_element": "node", "osm_id": 6321591462, "name": "Jomiy maydoni", "name_ru": "Площадь им. Джами", "highway": "bus_stop", "public_transport": "stop_position", "bus": "yes", "stop_role": "platform", "operator": null, "district_name": "Almazar district", "district_assignment": "within" }, "geometry": { "type": "Point", "coordinates": [ 69.2536714, 41.3546032 ] } },
{ "type": "Feature", "properties": { "osm_element": "node", "osm_id": 6322327060, "name": null, "name_ru": null, "highway": "bus_stop", "public_transport": "platform", "bus": null, "stop_role": "platform", "operator": null, "district_name": "Yunusabad district", "district_assignment": "within" }, "geometry": { "type": "Point", "coordinates": [ 69.2676219, 41.3468246 ] } },
{ "type": "Feature", "properties": { "osm_element": "node", "osm_id": 6362606425, "name": "To'qimachilik instituti", "name_ru": "Текстильный институт", "highway": "bus_stop", "public_transport": "stop_position", "bus": "yes", "stop_role": "platform", "operator": null, "district_name": "Yakkasaray district", "district_assignment": "within" }, "geometry": { "type": "Point", "coordinates": [ 69.2437043, 41.2841461 ] } },
{ "type": "Feature", "properties": { "osm_element": "node", "osm_id": 6396575543, "name": "Chorsu Savdo Markazi", "name_ru": "Торговый Центр Чорсу", "highway": "bus_stop", "public_transport": "stop_position", "bus": "yes", "stop_role": "platform", "operator": null, "district_name": "Shaykhantakhur district", "district_assignment": "within" }, "geometry": { "type": "Point", "coordinates": [ 69.2379328, 41.3221776 ] } },
{ "type": "Feature", "properties": { "osm_element": "node", "osm_id": 6410812786, "name": "Такси до города Нукус", "name_ru": null, "highway": "bus_stop", "public_transport": "platform", "bus": "yes", "stop_role": "platform", "operator": null, "district_name": "Chilanzar district", "district_assignment": "within" }, "geometry": { "type": "Point", "coordinates": [ 69.1660498, 41.2447454 ] } },
{ "type": "Feature", "properties": { "osm_element": "node", "osm_id": 6412304903, "name": null, "name_ru": null, "highway": "bus_stop", "public_transport": "platform", "bus": "yes", "stop_role": "platform", "operator": null, "district_name": "Yangi Toshkent Tumani", "district_assignment": "within" }, "geometry": { "type": "Point", "coordinates": [ 69.404452, 41.2501006 ] } },
{ "type": "Feature", "properties": { "osm_element": "node", "osm_id": 6412367972, "name": null, "name_ru": null, "highway": "bus_stop", "public_transport": null, "bus": null, "stop_role": "platform", "operator": null, "district_name": "Yangi Toshkent Tumani", "district_assignment": "within" }, "geometry": { "type": "Point", "coordinates": [ 69.4761783, 41.2467812 ] } },
{ "type": "Feature", "properties": { "osm_element": "node", "osm_id": 6412367976, "name": null, "name_ru": null, "highway": "bus_stop", "public_transport": null, "bus": null, "stop_role": "platform", "operator": null, "district_name": "Yangi Toshkent Tumani", "district_assignment": "within" }, "geometry": { "type": "Point", "coordinates": [ 69.464341, 41.2533666 ] } },
{ "type": "Feature", "properties": { "osm_element": "node", "osm_id": 6412379018, "name": null, "name_ru": null, "highway": "bus_stop", "public_transport": null, "bus": null, "stop_role": "platform", "operator": null, "district_name": "Yangi Toshkent Tumani", "district_assignment": "within" }, "geometry": { "type": "Point", "coordinates": [ 69.4833118, 41.2428655 ] } },
{ "type": "Feature", "properties": { "osm_element": "node", "osm_id": 6412433624, "name": null, "name_ru": null, "highway": "bus_stop", "public_transport": null, "bus": null, "stop_role": "platform", "operator": null, "district_name": "Yangi Toshkent Tumani", "district_assignment": "within" }, "geometry": { "type": "Point", "coordinates": [ 69.511969, 41.2518294 ] } },
{ "type": "Feature", "properties": { "osm_element": "node", "osm_id": 6412433627, "name": null, "name_ru": null, "highway": "bus_stop", "public_transport": null, "bus": null, "stop_role": "platform", "operator": null, "district_name": "Yangi Toshkent Tumani", "district_assignment": "within" }, "geometry": { "type": "Point", "coordinates": [ 69.5085742, 41.2393102 ] } },
{ "type": "Feature", "properties": { "osm_element": "node", "osm_id": 6412433631, "name": null, "name_ru": null, "highway": "bus_stop", "public_transport": null, "bus": null, "stop_role": "platform", "operator": null, "district_name": "Yangi Toshkent Tumani", "district_assignment": "within" }, "geometry": { "type": "Point", "coordinates": [ 69.4998371, 41.2340051 ] } },
{ "type": "Feature", "properties": { "osm_element": "node", "osm_id": 6412523088, "name": null, "name_ru": null, "highway": "bus_stop", "public_transport": null, "bus": null, "stop_role": "platform", "operator": null, "district_name": "Yangi Toshkent Tumani", "district_assignment": "within" }, "geometry": { "type": "Point", "coordinates": [ 69.5088983, 41.2433927 ] } },
{ "type": "Feature", "properties": { "osm_element": "node", "osm_id": 6412523089, "name": null, "name_ru": null, "highway": "bus_stop", "public_transport": null, "bus": null, "stop_role": "platform", "operator": null, "district_name": "Yangi Toshkent Tumani", "district_assignment": "within" }, "geometry": { "type": "Point", "coordinates": [ 69.5124502, 41.2531401 ] } },
{ "type": "Feature", "properties": { "osm_element": "node", "osm_id": 6412541801, "name": null, "name_ru": null, "highway": "bus_stop", "public_transport": null, "bus": null, "stop_role": "platform", "operator": null, "district_name": "Yangi Toshkent Tumani", "district_assignment": "within" }, "geometry": { "type": "Point", "coordinates": [ 69.4759763, 41.2469224 ] } },
{ "type": "Feature", "properties": { "osm_element": "node", "osm_id": 6412569379, "name": null, "name_ru": null, "highway": "bus_stop", "public_transport": "stop_position", "bus": null, "stop_role": "platform", "operator": null, "district_name": "Yangi Toshkent Tumani", "district_assignment": "within" }, "geometry": { "type": "Point", "coordinates": [ 69.419511, 41.25983 ] } },
{ "type": "Feature", "properties": { "osm_element": "node", "osm_id": 6412570589, "name": null, "name_ru": null, "highway": "bus_stop", "public_transport": "platform", "bus": "yes", "stop_role": "platform", "operator": null, "district_name": "Yangi Toshkent Tumani", "district_assignment": "within" }, "geometry": { "type": "Point", "coordinates": [ 69.4326095, 41.2561203 ] } },
{ "type": "Feature", "properties": { "osm_element": "node", "osm_id": 6412570590, "name": null, "name_ru": null, "highway": "bus_stop", "public_transport": "platform", "bus": "yes", "stop_role": "platform", "operator": null, "district_name": "Yangi Toshkent Tumani", "district_assignment": "within" }, "geometry": { "type": "Point", "coordinates": [ 69.4423216, 41.2556877 ] } },
{ "type": "Feature", "properties": { "osm_element": "node", "osm_id": 6412570592, "name": null, "name_ru": null, "highway": "bus_stop", "public_transport": null, "bus": null, "stop_role": "platform", "operator": null, "district_name": "Yangi Toshkent Tumani", "district_assignment": "within" }, "geometry": { "type": "Point", "coordinates": [ 69.4635445, 41.25384 ] } },
{ "type": "Feature", "properties": { "osm_element": "node", "osm_id": 6412592280, "name": null, "name_ru": null, "highway": "bus_stop", "public_transport": "platform", "bus": "yes", "stop_role": "platform", "operator": null, "district_name": "Yangi Toshkent Tumani", "district_assignment": "within" }, "geometry": { "type": "Point", "coordinates": [ 69.4038955, 41.2498454 ] } },
{ "type": "Feature", "properties": { "osm_element": "node", "osm_id": 6418909592, "name": "Chorsu Savdo Markazi", "name_ru": "Торговый центр Чорсу", "highway": "bus_stop", "public_transport": "stop_position", "bus": "yes", "stop_role": "platform", "operator": null, "district_name": "Shaykhantakhur district", "district_assignment": "within" }, "geometry": { "type": "Point", "coordinates": [ 69.2353235, 41.3233671 ] } },
{ "type": "Feature", "properties": { "osm_element": "node", "osm_id": 6418909593, "name": "Chorsu Savdo Markazi", "name_ru": "Торговый центр Чорсу", "highway": "bus_stop", "public_transport": "stop_position", "bus": "yes", "stop_role": "platform", "operator": null, "district_name": "Shaykhantakhur district", "district_assignment": "within" }, "geometry": { "type": "Point", "coordinates": [ 69.2352713, 41.3233159 ] } },
{ "type": "Feature", "properties": { "osm_element": "node", "osm_id": 6457211783, "name": "18-sonli avtobus saroyi", "name_ru": "Автопарк № 18", "highway": "bus_stop", "public_transport": "stop_position", "bus": "yes", "stop_role": "platform", "operator": null, "district_name": "Uchtepa district", "district_assignment": "within" }, "geometry": { "type": "Point", "coordinates": [ 69.1542931, 41.3146275 ] } },
{ "type": "Feature", "properties": { "osm_element": "node", "osm_id": 6457227164, "name": "Beshqayrag'och dahasi", "name_ru": "Массив \"Бешкайрагач\"", "highway": "bus_stop", "public_transport": "stop_position", "bus": "yes", "stop_role": "platform", "operator": null, "district_name": "Uchtepa district", "district_assignment": "within" }, "geometry": { "type": "Point", "coordinates": [ 69.1523986, 41.3102044 ] } },
{ "type": "Feature", "properties": { "osm_element": "node", "osm_id": 6490366486, "name": "3-sonli avtokombinat", "name_ru": "Автокомбинат № 3", "highway": "bus_stop", "public_transport": "stop_position", "bus": "yes", "stop_role": "platform", "operator": null, "district_name": "Sergeli district", "district_assignment": "within" }, "geometry": { "type": "Point", "coordinates": [ 69.2569533, 41.2443218 ] } },
{ "type": "Feature", "properties": { "osm_element": "node", "osm_id": 6490374286, "name": "Obod mahallasi", "name_ru": "Махалля Обод", "highway": "bus_stop", "public_transport": "stop_position", "bus": "yes", "stop_role": "platform", "operator": null, "district_name": "Sergeli district", "district_assignment": "within" }, "geometry": { "type": "Point", "coordinates": [ 69.2656875, 41.2443006 ] } },
{ "type": "Feature", "properties": { "osm_element": "node", "osm_id": 6490374485, "name": "Qo'yliq dahasi 5-mavze", "name_ru": "Массив Куйлюк квартал 5", "highway": "bus_stop", "public_transport": "stop_position", "bus": "yes", "stop_role": "platform", "operator": null, "district_name": "Sergeli district", "district_assignment": "within" }, "geometry": { "type": "Point", "coordinates": [ 69.2940934, 41.2441965 ] } },
{ "type": "Feature", "properties": { "osm_element": "node", "osm_id": 6538803585, "name": "Suvsoz Nazarbek", "name_ru": null, "highway": "bus_stop", "public_transport": null, "bus": null, "stop_role": "platform", "operator": "Muhammadamin", "district_name": "Yunusabad district", "district_assignment": "within" }, "geometry": { "type": "Point", "coordinates": [ 69.3161898, 41.3483117 ] } },
{ "type": "Feature", "properties": { "osm_element": "node", "osm_id": 6562650687, "name": "Ferma", "name_ru": "Ферма", "highway": "bus_stop", "public_transport": "stop_position", "bus": "yes", "stop_role": "platform", "operator": null, "district_name": "Sergeli district", "district_assignment": "within" }, "geometry": { "type": "Point", "coordinates": [ 69.2192806, 41.2173979 ] } },
{ "type": "Feature", "properties": { "osm_element": "node", "osm_id": 6569422885, "name": "Markaz 6-daha", "name_ru": "Квартал Ц-6", "highway": null, "public_transport": "platform", "bus": "yes", "stop_role": "platform", "operator": null, "district_name": "Yunusabad district", "district_assignment": "within" }, "geometry": { "type": "Point", "coordinates": [ 69.2739291, 41.3289567 ] } },
{ "type": "Feature", "properties": { "osm_element": "node", "osm_id": 6569423487, "name": null, "name_ru": null, "highway": "bus_stop", "public_transport": "platform", "bus": "yes", "stop_role": "platform", "operator": null, "district_name": "Shaykhantakhur district", "district_assignment": "within" }, "geometry": { "type": "Point", "coordinates": [ 69.263645, 41.3338474 ] } },
{ "type": "Feature", "properties": { "osm_element": "node", "osm_id": 6569423488, "name": null, "name_ru": null, "highway": "bus_stop", "public_transport": null, "bus": null, "stop_role": "platform", "operator": null, "district_name": "Shaykhantakhur district", "district_assignment": "within" }, "geometry": { "type": "Point", "coordinates": [ 69.2631657, 41.3312371 ] } },
{ "type": "Feature", "properties": { "osm_element": "node", "osm_id": 6569423489, "name": "Navroʻz bogʻi", "name_ru": "Парк \"Навруз\"", "highway": "bus_stop", "public_transport": "stop_position", "bus": "yes", "stop_role": "platform", "operator": null, "district_name": "Shaykhantakhur district", "district_assignment": "within" }, "geometry": { "type": "Point", "coordinates": [ 69.2642941, 41.3262276 ] } },
{ "type": "Feature", "properties": { "osm_element": "node", "osm_id": 6579775785, "name": "Bahor ko'chasi", "name_ru": "Улица Бахор", "highway": "bus_stop", "public_transport": "stop_position", "bus": "yes", "stop_role": "platform", "operator": null, "district_name": "Shaykhantakhur district", "district_assignment": "within" }, "geometry": { "type": "Point", "coordinates": [ 69.2648326, 41.3351492 ] } },
{ "type": "Feature", "properties": { "osm_element": "node", "osm_id": 6579775786, "name": "Malika", "name_ru": "ШПО \"Малика\"", "highway": "bus_stop", "public_transport": "stop_position", "bus": "yes", "stop_role": "platform", "operator": null, "district_name": "Shaykhantakhur district", "district_assignment": "within" }, "geometry": { "type": "Point", "coordinates": [ 69.2685367, 41.3388684 ] } },
{ "type": "Feature", "properties": { "osm_element": "node", "osm_id": 6642556041, "name": "Ko'rlar jamiyati madaniyat saroyi", "name_ru": "ДК Общества слепых (Балки)", "highway": "bus_stop", "public_transport": "stop_position", "bus": "yes", "stop_role": "platform", "operator": null, "district_name": "Chilanzar district", "district_assignment": "within" }, "geometry": { "type": "Point", "coordinates": [ 69.196794, 41.2935577 ] } },
{ "type": "Feature", "properties": { "osm_element": "node", "osm_id": 6645561146, "name": "Oybek uy-muzeyi", "name_ru": "Дом-музей Ойбека", "highway": "bus_stop", "public_transport": "platform", "bus": "yes", "stop_role": "platform", "operator": null, "district_name": "Yunusabad district", "district_assignment": "within" }, "geometry": { "type": "Point", "coordinates": [ 69.2731366, 41.3432328 ] } },
{ "type": "Feature", "properties": { "osm_element": "node", "osm_id": 6645593903, "name": null, "name_ru": null, "highway": "bus_stop", "public_transport": "platform", "bus": "yes", "stop_role": "platform", "operator": null, "district_name": "Yunusabad district", "district_assignment": "within" }, "geometry": { "type": "Point", "coordinates": [ 69.274151, 41.3430981 ] } },
{ "type": "Feature", "properties": { "osm_element": "node", "osm_id": 6648436685, "name": "Ko'z kasalliklari shifoxonasi", "name_ru": "Клиника глазных заболеваний", "highway": "bus_stop", "public_transport": "stop_position", "bus": "yes", "stop_role": "platform", "operator": null, "district_name": "Yakkasaray district", "district_assignment": "within" }, "geometry": { "type": "Point", "coordinates": [ 69.2409749, 41.2809991 ] } },
{ "type": "Feature", "properties": { "osm_element": "node", "osm_id": 6649151273, "name": "Chilonzor dahasi 9-mavze", "name_ru": "Массив Чиланзар квартал 9", "highway": "bus_stop", "public_transport": "stop_position", "bus": "yes", "stop_role": "platform", "operator": null, "district_name": "Chilanzar district", "district_assignment": "within" }, "geometry": { "type": "Point", "coordinates": [ 69.2062754, 41.285944 ] } },
{ "type": "Feature", "properties": { "osm_element": "node", "osm_id": 6649151274, "name": "Chilonzor IIB", "name_ru": "Чиланзарский РОВД", "highway": "bus_stop", "public_transport": "stop_position", "bus": "yes", "stop_role": "platform", "operator": null, "district_name": "Chilanzar district", "district_assignment": "within" }, "geometry": { "type": "Point", "coordinates": [ 69.2024548, 41.2884137 ] } },
{ "type": "Feature", "properties": { "osm_element": "node", "osm_id": 6717980872, "name": "Kichik halqa yoʻli", "name_ru": "Путепровод", "highway": "bus_stop", "public_transport": "stop_position", "bus": "yes", "stop_role": "platform", "operator": null, "district_name": "Shaykhantakhur district", "district_assignment": "within" }, "geometry": { "type": "Point", "coordinates": [ 69.1939306, 41.3182532 ] } },
{ "type": "Feature", "properties": { "osm_element": "node", "osm_id": 6738560389, "name": "АЁҚШ", "name_ru": "АЗС", "highway": "bus_stop", "public_transport": "stop_position", "bus": "yes", "stop_role": "platform", "operator": null, "district_name": "Shaykhantakhur district", "district_assignment": "within" }, "geometry": { "type": "Point", "coordinates": [ 69.2327494, 41.3159521 ] } },
{ "type": "Feature", "properties": { "osm_element": "node", "osm_id": 6752634786, "name": "Oybek uy-muzeyi", "name_ru": "Дом-музей Ойбека", "highway": "bus_stop", "public_transport": "stop_position", "bus": "yes", "stop_role": "platform", "operator": null, "district_name": "Yunusabad district", "district_assignment": "within" }, "geometry": { "type": "Point", "coordinates": [ 69.2730243, 41.3422757 ] } },
{ "type": "Feature", "properties": { "osm_element": "node", "osm_id": 6796401488, "name": "5-sonli stomatologiya poliklinikasi", "name_ru": "Стоматологическая поликлиника №5", "highway": "bus_stop", "public_transport": "stop_position", "bus": "yes", "stop_role": "platform", "operator": null, "district_name": "Yunusabad district", "district_assignment": "within" }, "geometry": { "type": "Point", "coordinates": [ 69.2910167, 41.3327649 ] } },
{ "type": "Feature", "properties": { "osm_element": "node", "osm_id": 6796401489, "name": "5-sonli stomatologiya poliklinikasi", "name_ru": "Стоматологическая поликлиника №5", "highway": "bus_stop", "public_transport": "stop_position", "bus": "yes", "stop_role": "platform", "operator": null, "district_name": "Yunusabad district", "district_assignment": "within" }, "geometry": { "type": "Point", "coordinates": [ 69.2922521, 41.3331504 ] } },
{ "type": "Feature", "properties": { "osm_element": "node", "osm_id": 6807989430, "name": null, "name_ru": null, "highway": "bus_stop", "public_transport": null, "bus": null, "stop_role": "platform", "operator": null, "district_name": "Yashnabad district", "district_assignment": "within" }, "geometry": { "type": "Point", "coordinates": [ 69.3572371, 41.3087363 ] } },
{ "type": "Feature", "properties": { "osm_element": "node", "osm_id": 6813793170, "name": null, "name_ru": null, "highway": "bus_stop", "public_transport": "stop_position", "bus": "yes", "stop_role": "platform", "operator": null, "district_name": "Shaykhantakhur district", "district_assignment": "within" }, "geometry": { "type": "Point", "coordinates": [ 69.2362867, 41.3139511 ] } },
{ "type": "Feature", "properties": { "osm_element": "node", "osm_id": 6876429887, "name": "Остановка Алмазарский филиал Asia Alliance Bank", "name_ru": null, "highway": "bus_stop", "public_transport": null, "bus": null, "stop_role": "platform", "operator": null, "district_name": "Almazar district", "district_assignment": "within" }, "geometry": { "type": "Point", "coordinates": [ 69.2524582, 41.3486596 ] } },
{ "type": "Feature", "properties": { "osm_element": "node", "osm_id": 6901944087, "name": "Bogiston ko'chasi", "name_ru": "Улица Богистан", "highway": "bus_stop", "public_transport": "stop_position", "bus": "yes", "stop_role": "platform", "operator": null, "district_name": "Chilanzar district", "district_assignment": "boundary_nearest" }, "geometry": { "type": "Point", "coordinates": [ 69.1937387, 41.3018509 ] } },
{ "type": "Feature", "properties": { "osm_element": "node", "osm_id": 6901965887, "name": "Bogiston ko'chasi", "name_ru": "Улица Богистан", "highway": "bus_stop", "public_transport": "stop_position", "bus": "yes", "stop_role": "platform", "operator": null, "district_name": "Chilanzar district", "district_assignment": "within" }, "geometry": { "type": "Point", "coordinates": [ 69.19402, 41.3019921 ] } },
{ "type": "Feature", "properties": { "osm_element": "node", "osm_id": 6918593085, "name": "Taxi Bukhara", "name_ru": null, "highway": "bus_stop", "public_transport": null, "bus": null, "stop_role": "platform", "operator": "jobya", "district_name": "Chilanzar district", "district_assignment": "within" }, "geometry": { "type": "Point", "coordinates": [ 69.1944315, 41.2584735 ] } },
{ "type": "Feature", "properties": { "osm_element": "node", "osm_id": 6953452487, "name": "Yunusobod dahasi 14-mavze", "name_ru": "Массив \"Юнусабад\", квартал 14", "highway": "bus_stop", "public_transport": "stop_position", "bus": "yes", "stop_role": "platform", "operator": null, "district_name": "Yunusabad district", "district_assignment": "within" }, "geometry": { "type": "Point", "coordinates": [ 69.3051719, 41.3682022 ] } },
{ "type": "Feature", "properties": { "osm_element": "node", "osm_id": 6953489286, "name": "PMI klinikasi", "name_ru": "Клиника \"САМПИ\"", "highway": "bus_stop", "public_transport": "stop_position", "bus": "yes", "stop_role": "platform", "operator": null, "district_name": "Yunusabad district", "district_assignment": "within" }, "geometry": { "type": "Point", "coordinates": [ 69.3332838, 41.3630378 ] } },
{ "type": "Feature", "properties": { "osm_element": "node", "osm_id": 6953496990, "name": "Maishiy xizmat uyi", "name_ru": "Дом быта", "highway": "bus_stop", "public_transport": "stop_position", "bus": "yes", "stop_role": "platform", "operator": null, "district_name": "Mirzo Ulugbek district", "district_assignment": "within" }, "geometry": { "type": "Point", "coordinates": [ 69.3444223, 41.3435385 ] } },
{ "type": "Feature", "properties": { "osm_element": "node", "osm_id": 6966108505, "name": "Аллон маҳалласи", "name_ru": null, "highway": "bus_stop", "public_transport": "stop_position", "bus": "yes", "stop_role": "platform", "operator": null, "district_name": "Almazar district", "district_assignment": "within" }, "geometry": { "type": "Point", "coordinates": [ 69.2198158, 41.3395318 ] } },
{ "type": "Feature", "properties": { "osm_element": "node", "osm_id": 6966108506, "name": "Масжид", "name_ru": null, "highway": "bus_stop", "public_transport": "stop_position", "bus": "yes", "stop_role": "platform", "operator": null, "district_name": "Almazar district", "district_assignment": "within" }, "geometry": { "type": "Point", "coordinates": [ 69.2201672, 41.3399147 ] } },
{ "type": "Feature", "properties": { "osm_element": "node", "osm_id": 6992533288, "name": "16 йиллик Бекати Янги", "name_ru": null, "highway": "bus_stop", "public_transport": null, "bus": null, "stop_role": "platform", "operator": null, "district_name": "Almazar district", "district_assignment": "within" }, "geometry": { "type": "Point", "coordinates": [ 69.1893235, 41.3703126 ] } },
{ "type": "Feature", "properties": { "osm_element": "node", "osm_id": 7025069046, "name": "Hamroyev ko'chasi", "name_ru": null, "highway": "bus_stop", "public_transport": "stop_position", "bus": "yes", "stop_role": "platform", "operator": null, "district_name": "Mirzo Ulugbek district", "district_assignment": "within" }, "geometry": { "type": "Point", "coordinates": [ 69.3767471, 41.3322206 ] } },
{ "type": "Feature", "properties": { "osm_element": "node", "osm_id": 7029537485, "name": "Pochta bekati (Zaytun Evos)", "name_ru": "Почта", "highway": "bus_stop", "public_transport": "stop_position", "bus": "yes", "stop_role": "platform", "operator": null, "district_name": "Mirabad district", "district_assignment": "boundary_nearest" }, "geometry": { "type": "Point", "coordinates": [ 69.3223383, 41.2529071 ] } },
{ "type": "Feature", "properties": { "osm_element": "node", "osm_id": 7031637158, "name": "Do'kon", "name_ru": "Магазин \"Нигина\"", "highway": "bus_stop", "public_transport": "stop_position", "bus": "yes", "stop_role": "platform", "operator": null, "district_name": "Chilanzar district", "district_assignment": "within" }, "geometry": { "type": "Point", "coordinates": [ 69.2079683, 41.2885468 ] } },
{ "type": "Feature", "properties": { "osm_element": "node", "osm_id": 7035339085, "name": "Qorasuv 1-mavzesi", "name_ru": "Массив \"Карасу\"-1", "highway": "bus_stop", "public_transport": "stop_position", "bus": "yes", "stop_role": "platform", "operator": null, "district_name": "Mirzo Ulugbek district", "district_assignment": "within" }, "geometry": { "type": "Point", "coordinates": [ 69.375501, 41.3340402 ] } },
{ "type": "Feature", "properties": { "osm_element": "node", "osm_id": 7076928075, "name": "Ko'rlar jamiyati madaniyat saroyi", "name_ru": "ДК Общества слепых (Балки)", "highway": "bus_stop", "public_transport": "stop_position", "bus": "yes", "stop_role": "platform", "operator": null, "district_name": "Chilanzar district", "district_assignment": "within" }, "geometry": { "type": "Point", "coordinates": [ 69.1987095, 41.2942353 ] } },
{ "type": "Feature", "properties": { "osm_element": "node", "osm_id": 7114838025, "name": "Катартал", "name_ru": "Катартал", "highway": "bus_stop", "public_transport": "stop_position", "bus": "yes", "stop_role": "platform", "operator": null, "district_name": "Chilanzar district", "district_assignment": "within" }, "geometry": { "type": "Point", "coordinates": [ 69.2046194, 41.2855916 ] } },
{ "type": "Feature", "properties": { "osm_element": "node", "osm_id": 7281991383, "name": "Bojxona qo'mitasi", "name_ru": "Таможенный комитет", "highway": "bus_stop", "public_transport": "stop_position", "bus": "yes", "stop_role": "platform", "operator": null, "district_name": "Chilanzar district", "district_assignment": "within" }, "geometry": { "type": "Point", "coordinates": [ 69.2002436, 41.2685596 ] } },
{ "type": "Feature", "properties": { "osm_element": "node", "osm_id": 7298633246, "name": "Bolalar Milliy Tibbiyot Markazi", "name_ru": "Национальный детский медицинский центр", "highway": "bus_stop", "public_transport": "stop_position", "bus": "yes", "stop_role": "platform", "operator": null, "district_name": "Yashnabad district", "district_assignment": "within" }, "geometry": { "type": "Point", "coordinates": [ 69.3369837, 41.3060201 ] } },
{ "type": "Feature", "properties": { "osm_element": "node", "osm_id": 7315056185, "name": "Toshko'cha kochasi", "name_ru": "Улица Ш. Шомахмудова", "highway": "bus_stop", "public_transport": "stop_position", "bus": "yes", "stop_role": "platform", "operator": null, "district_name": "Shaykhantakhur district", "district_assignment": "within" }, "geometry": { "type": "Point", "coordinates": [ 69.2139528, 41.328568 ] } },
{ "type": "Feature", "properties": { "osm_element": "node", "osm_id": 7315056285, "name": "Toshko'cha kochasi", "name_ru": "Улица Ш. Шомахмудова", "highway": "bus_stop", "public_transport": "stop_position", "bus": "yes", "stop_role": "platform", "operator": null, "district_name": "Shaykhantakhur district", "district_assignment": "within" }, "geometry": { "type": "Point", "coordinates": [ 69.2152881, 41.3296892 ] } },
{ "type": "Feature", "properties": { "osm_element": "node", "osm_id": 7354494785, "name": "Eshonguzar bozori", "name_ru": "Рынок \"Эшангузар\"", "highway": "bus_stop", "public_transport": "stop_position", "bus": "yes", "stop_role": "platform", "operator": null, "district_name": "Chilanzar district", "district_assignment": "within" }, "geometry": { "type": "Point", "coordinates": [ 69.1575651, 41.2558501 ] } },
{ "type": "Feature", "properties": { "osm_element": "node", "osm_id": 7368894968, "name": "Mirzo Ulug'bek metro bekati", "name_ru": "Станция метро Мирзо Улугбек", "highway": "bus_stop", "public_transport": "platform", "bus": "yes", "stop_role": "platform", "operator": null, "district_name": "Chilanzar district", "district_assignment": "within" }, "geometry": { "type": "Point", "coordinates": [ 69.2131072, 41.2814307 ] } },
{ "type": "Feature", "properties": { "osm_element": "node", "osm_id": 7368941851, "name": "Novza metro bekati", "name_ru": "Станция метро \"Новза\"", "highway": "bus_stop", "public_transport": "stop_position", "bus": "yes", "stop_role": "platform", "operator": null, "district_name": "Chilanzar district", "district_assignment": "within" }, "geometry": { "type": "Point", "coordinates": [ 69.2246785, 41.2913088 ] } },
{ "type": "Feature", "properties": { "osm_element": "node", "osm_id": 7369945822, "name": "Chimyon do'koni", "name_ru": "Магазин \"Чимган\"", "highway": "bus_stop", "public_transport": "platform", "bus": "yes", "stop_role": "platform", "operator": null, "district_name": "Mirzo Ulugbek district", "district_assignment": "within" }, "geometry": { "type": "Point", "coordinates": [ 69.3513169, 41.3496469 ] } },
{ "type": "Feature", "properties": { "osm_element": "node", "osm_id": 7393015862, "name": null, "name_ru": null, "highway": "bus_stop", "public_transport": null, "bus": null, "stop_role": "platform", "operator": null, "district_name": "Yashnabad district", "district_assignment": "within" }, "geometry": { "type": "Point", "coordinates": [ 69.369678, 41.3130958 ] } },
{ "type": "Feature", "properties": { "osm_element": "node", "osm_id": 7393015869, "name": null, "name_ru": null, "highway": "bus_stop", "public_transport": null, "bus": null, "stop_role": "platform", "operator": null, "district_name": "Yashnabad district", "district_assignment": "within" }, "geometry": { "type": "Point", "coordinates": [ 69.3702954, 41.3131981 ] } },
{ "type": "Feature", "properties": { "osm_element": "node", "osm_id": 7393015876, "name": null, "name_ru": null, "highway": "bus_stop", "public_transport": null, "bus": null, "stop_role": "platform", "operator": null, "district_name": "Yashnabad district", "district_assignment": "within" }, "geometry": { "type": "Point", "coordinates": [ 69.3749913, 41.3151619 ] } },
{ "type": "Feature", "properties": { "osm_element": "node", "osm_id": 7393015877, "name": null, "name_ru": null, "highway": "bus_stop", "public_transport": null, "bus": null, "stop_role": "platform", "operator": null, "district_name": "Yashnabad district", "district_assignment": "within" }, "geometry": { "type": "Point", "coordinates": [ 69.3755698, 41.3152859 ] } },
{ "type": "Feature", "properties": { "osm_element": "node", "osm_id": 7393020518, "name": null, "name_ru": null, "highway": "bus_stop", "public_transport": null, "bus": null, "stop_role": "platform", "operator": null, "district_name": "Yashnabad district", "district_assignment": "within" }, "geometry": { "type": "Point", "coordinates": [ 69.3924015, 41.3208759 ] } },
{ "type": "Feature", "properties": { "osm_element": "node", "osm_id": 7393020519, "name": null, "name_ru": null, "highway": "bus_stop", "public_transport": null, "bus": null, "stop_role": "platform", "operator": null, "district_name": "Yashnabad district", "district_assignment": "within" }, "geometry": { "type": "Point", "coordinates": [ 69.391767, 41.3208818 ] } },
{ "type": "Feature", "properties": { "osm_element": "node", "osm_id": 7393020520, "name": null, "name_ru": null, "highway": "bus_stop", "public_transport": null, "bus": null, "stop_role": "platform", "operator": null, "district_name": "Yashnabad district", "district_assignment": "within" }, "geometry": { "type": "Point", "coordinates": [ 69.3982283, 41.3218411 ] } },
{ "type": "Feature", "properties": { "osm_element": "node", "osm_id": 7393020521, "name": null, "name_ru": null, "highway": "bus_stop", "public_transport": null, "bus": null, "stop_role": "platform", "operator": null, "district_name": "Yashnabad district", "district_assignment": "within" }, "geometry": { "type": "Point", "coordinates": [ 69.3975841, 41.321843 ] } },
{ "type": "Feature", "properties": { "osm_element": "node", "osm_id": 7393020522, "name": null, "name_ru": null, "highway": "bus_stop", "public_transport": null, "bus": null, "stop_role": "platform", "operator": null, "district_name": "Yashnabad district", "district_assignment": "within" }, "geometry": { "type": "Point", "coordinates": [ 69.4087702, 41.3235915 ] } },
{ "type": "Feature", "properties": { "osm_element": "node", "osm_id": 7393020523, "name": null, "name_ru": null, "highway": "bus_stop", "public_transport": null, "bus": null, "stop_role": "platform", "operator": null, "district_name": "Yashnabad district", "district_assignment": "within" }, "geometry": { "type": "Point", "coordinates": [ 69.4080966, 41.3235837 ] } },
{ "type": "Feature", "properties": { "osm_element": "node", "osm_id": 7393020524, "name": null, "name_ru": null, "highway": "bus_stop", "public_transport": null, "bus": null, "stop_role": "platform", "operator": null, "district_name": "Yashnabad district", "district_assignment": "within" }, "geometry": { "type": "Point", "coordinates": [ 69.4143172, 41.3244061 ] } },
{ "type": "Feature", "properties": { "osm_element": "node", "osm_id": 7393020525, "name": null, "name_ru": null, "highway": "bus_stop", "public_transport": null, "bus": null, "stop_role": "platform", "operator": null, "district_name": "Yashnabad district", "district_assignment": "within" }, "geometry": { "type": "Point", "coordinates": [ 69.4147054, 41.3248337 ] } },
{ "type": "Feature", "properties": { "osm_element": "node", "osm_id": 7393020526, "name": null, "name_ru": null, "highway": "bus_stop", "public_transport": null, "bus": null, "stop_role": "platform", "operator": null, "district_name": "Yashnabad district", "district_assignment": "within" }, "geometry": { "type": "Point", "coordinates": [ 69.4221473, 41.325754 ] } },
{ "type": "Feature", "properties": { "osm_element": "node", "osm_id": 7393020527, "name": null, "name_ru": null, "highway": "bus_stop", "public_transport": null, "bus": null, "stop_role": "platform", "operator": null, "district_name": "Yashnabad district", "district_assignment": "within" }, "geometry": { "type": "Point", "coordinates": [ 69.4227069, 41.3257167 ] } },
{ "type": "Feature", "properties": { "osm_element": "node", "osm_id": 7393020534, "name": null, "name_ru": null, "highway": "bus_stop", "public_transport": "platform", "bus": "yes", "stop_role": "platform", "operator": null, "district_name": "Yangi Toshkent Tumani", "district_assignment": "within" }, "geometry": { "type": "Point", "coordinates": [ 69.4604942, 41.3175865 ] } },
{ "type": "Feature", "properties": { "osm_element": "node", "osm_id": 7393020535, "name": null, "name_ru": null, "highway": "bus_stop", "public_transport": null, "bus": null, "stop_role": "platform", "operator": null, "district_name": "Yangi Toshkent Tumani", "district_assignment": "within" }, "geometry": { "type": "Point", "coordinates": [ 69.4620937, 41.3172443 ] } },
{ "type": "Feature", "properties": { "osm_element": "node", "osm_id": 7405847745, "name": null, "name_ru": null, "highway": "bus_stop", "public_transport": "stop_position", "bus": "yes", "stop_role": "platform", "operator": null, "district_name": "Chilanzar district", "district_assignment": "within" }, "geometry": { "type": "Point", "coordinates": [ 69.2109177, 41.2812952 ] } },
{ "type": "Feature", "properties": { "osm_element": "node", "osm_id": 7425800559, "name": "Farhod bozori", "name_ru": "Фархадский рынок", "highway": "bus_stop", "public_transport": "stop_position", "bus": "yes", "stop_role": "platform", "operator": null, "district_name": "Uchtepa district", "district_assignment": "within" }, "geometry": { "type": "Point", "coordinates": [ 69.1865644, 41.2859156 ] } },
{ "type": "Feature", "properties": { "osm_element": "node", "osm_id": 7441676437, "name": "Do'kon", "name_ru": "Магазин", "highway": "bus_stop", "public_transport": "stop_position", "bus": "yes", "stop_role": "platform", "operator": null, "district_name": "Uchtepa district", "district_assignment": "within" }, "geometry": { "type": "Point", "coordinates": [ 69.1489225, 41.2874139 ] } },
{ "type": "Feature", "properties": { "osm_element": "node", "osm_id": 7475545301, "name": null, "name_ru": null, "highway": "bus_stop", "public_transport": "platform", "bus": "yes", "stop_role": "platform", "operator": null, "district_name": "Yashnabad district", "district_assignment": "within" }, "geometry": { "type": "Point", "coordinates": [ 69.3465147, 41.3069475 ] } },
{ "type": "Feature", "properties": { "osm_element": "node", "osm_id": 7475545302, "name": null, "name_ru": null, "highway": "bus_stop", "public_transport": "platform", "bus": "yes", "stop_role": "platform", "operator": null, "district_name": "Yashnabad district", "district_assignment": "within" }, "geometry": { "type": "Point", "coordinates": [ 69.3471905, 41.3069131 ] } },
{ "type": "Feature", "properties": { "osm_element": "node", "osm_id": 7498724121, "name": "Qozirabod mahallasi", "name_ru": "Махалля Казирабад", "highway": "bus_stop", "public_transport": "stop_position", "bus": "yes", "stop_role": "platform", "operator": null, "district_name": "Chilanzar district", "district_assignment": "within" }, "geometry": { "type": "Point", "coordinates": [ 69.2171091, 41.2783409 ] } },
{ "type": "Feature", "properties": { "osm_element": "node", "osm_id": 7560535803, "name": "Rahmat Fayziy ko'chasi", "name_ru": "Улица Рахмата Файзи", "highway": "bus_stop", "public_transport": "stop_position", "bus": "yes", "stop_role": "platform", "operator": null, "district_name": "Shaykhantakhur district", "district_assignment": "within" }, "geometry": { "type": "Point", "coordinates": [ 69.2073432, 41.3106431 ] } },
{ "type": "Feature", "properties": { "osm_element": "node", "osm_id": 7618252677, "name": "Chilonzor dahasi 24-mavze", "name_ru": "Массив Чиланзар, квартал 24", "highway": "bus_stop", "public_transport": "stop_position", "bus": "yes", "stop_role": "platform", "operator": null, "district_name": "Uchtepa district", "district_assignment": "within" }, "geometry": { "type": "Point", "coordinates": [ 69.1798837, 41.2812615 ] } },
{ "type": "Feature", "properties": { "osm_element": "node", "osm_id": 7752601085, "name": "Muqimiy ko'chasi", "name_ru": "Улица Мукими", "highway": "bus_stop", "public_transport": "stop_position", "bus": "yes", "stop_role": "platform", "operator": null, "district_name": "Yakkasaray district", "district_assignment": "within" }, "geometry": { "type": "Point", "coordinates": [ 69.2447609, 41.2758201 ] } },
{ "type": "Feature", "properties": { "osm_element": "node", "osm_id": 7821416016, "name": null, "name_ru": null, "highway": "bus_stop", "public_transport": "stop_position", "bus": "yes", "stop_role": "platform", "operator": null, "district_name": "Shaykhantakhur district", "district_assignment": "within" }, "geometry": { "type": "Point", "coordinates": [ 69.2358833, 41.3143444 ] } },
{ "type": "Feature", "properties": { "osm_element": "node", "osm_id": 7824442827, "name": "Beltepa 7-tor ko'chasi", "name_ru": "улица Белтепа, 7 проезд", "highway": "bus_stop", "public_transport": "stop_position", "bus": "yes", "stop_role": "platform", "operator": null, "district_name": "Shaykhantakhur district", "district_assignment": "within" }, "geometry": { "type": "Point", "coordinates": [ 69.1772812, 41.3422511 ] } },
{ "type": "Feature", "properties": { "osm_element": "node", "osm_id": 7824442831, "name": "Masjid", "name_ru": "Мечеть", "highway": "bus_stop", "public_transport": "platform", "bus": null, "stop_role": "platform", "operator": null, "district_name": "Almazar district", "district_assignment": "within" }, "geometry": { "type": "Point", "coordinates": [ 69.1872677, 41.3502277 ] } },
{ "type": "Feature", "properties": { "osm_element": "node", "osm_id": 7824442832, "name": "Tongi bog‘bonchilik xo‘jaligi", "name_ru": "Садовое хозяйство", "highway": "bus_stop", "public_transport": "platform", "bus": null, "stop_role": "platform", "operator": null, "district_name": "Almazar district", "district_assignment": "within" }, "geometry": { "type": "Point", "coordinates": [ 69.197357, 41.3483278 ] } },
{ "type": "Feature", "properties": { "osm_element": "node", "osm_id": 7824442841, "name": "Navro'z baxt uyi", "name_ru": "Дворец бракосочетания Навруз", "highway": "bus_stop", "public_transport": "stop_position", "bus": "yes", "stop_role": "platform", "operator": null, "district_name": "Chilanzar district", "district_assignment": "within" }, "geometry": { "type": "Point", "coordinates": [ 69.2431231, 41.3089231 ] } },
{ "type": "Feature", "properties": { "osm_element": "node", "osm_id": 7824442842, "name": "Next savdo markazi", "name_ru": "ТРЦ Next", "highway": "bus_stop", "public_transport": "platform", "bus": null, "stop_role": "platform", "operator": null, "district_name": "Yakkasaray district", "district_assignment": "within" }, "geometry": { "type": "Point", "coordinates": [ 69.2503372, 41.2973283 ] } },
{ "type": "Feature", "properties": { "osm_element": "node", "osm_id": 7824442843, "name": "Issiqlik elektr markazi", "name_ru": "ТЭЦ", "highway": "bus_stop", "public_transport": "platform", "bus": null, "stop_role": "platform", "operator": null, "district_name": "Yakkasaray district", "district_assignment": "within" }, "geometry": { "type": "Point", "coordinates": [ 69.2573635, 41.2775851 ] } },
{ "type": "Feature", "properties": { "osm_element": "node", "osm_id": 7824442869, "name": "Qumariq mahallasi", "name_ru": "Махалля Кумарык", "highway": "bus_stop", "public_transport": "platform", "bus": null, "stop_role": "platform", "operator": null, "district_name": "Sergeli district", "district_assignment": "within" }, "geometry": { "type": "Point", "coordinates": [ 69.2565614, 41.2499448 ] } },
{ "type": "Feature", "properties": { "osm_element": "node", "osm_id": 7824442873, "name": "Paxtachi koʻchasi", "name_ru": "улица Пахтачи", "highway": "bus_stop", "public_transport": "platform", "bus": null, "stop_role": "platform", "operator": null, "district_name": "Almazar district", "district_assignment": "within" }, "geometry": { "type": "Point", "coordinates": [ 69.1946325, 41.3487488 ] } },
{ "type": "Feature", "properties": { "osm_element": "node", "osm_id": 7824442891, "name": "Yakkasaroy TIIB", "name_ru": "РОВД Яккасарайского района", "highway": "bus_stop", "public_transport": "platform", "bus": null, "stop_role": "platform", "operator": null, "district_name": "Yakkasaray district", "district_assignment": "within" }, "geometry": { "type": "Point", "coordinates": [ 69.2589015, 41.2742022 ] } },
{ "type": "Feature", "properties": { "osm_element": "node", "osm_id": 7832983582, "name": "NBU", "name_ru": "НБУ", "highway": "bus_stop", "public_transport": "stop_position", "bus": "yes", "stop_role": "platform", "operator": null, "district_name": "Chilanzar district", "district_assignment": "within" }, "geometry": { "type": "Point", "coordinates": [ 69.2541499, 41.3072361 ] } },
{ "type": "Feature", "properties": { "osm_element": "node", "osm_id": 7832983801, "name": "O'zbekiston metro bekati", "name_ru": "Станция метро \"Узбекистан\"", "highway": "bus_stop", "public_transport": "stop_position", "bus": "yes", "stop_role": "platform", "operator": null, "district_name": "Chilanzar district", "district_assignment": "within" }, "geometry": { "type": "Point", "coordinates": [ 69.2532049, 41.3104701 ] } },
{ "type": "Feature", "properties": { "osm_element": "node", "osm_id": 7832983861, "name": "Paxtakor metrosi", "name_ru": "Станция метро \"Пахтакор\"", "highway": "bus_stop", "public_transport": "stop_position", "bus": "yes", "stop_role": "platform", "operator": null, "district_name": "Shaykhantakhur district", "district_assignment": "within" }, "geometry": { "type": "Point", "coordinates": [ 69.2542742, 41.3177769 ] } },
{ "type": "Feature", "properties": { "osm_element": "node", "osm_id": 7832983862, "name": "Alisher Navoiy metro bekati", "name_ru": "Станция метро \"Алишер Навои\"", "highway": "bus_stop", "public_transport": "stop_position", "bus": "yes", "stop_role": "platform", "operator": null, "district_name": "Shaykhantakhur district", "district_assignment": "within" }, "geometry": { "type": "Point", "coordinates": [ 69.2543451, 41.319841 ] } },
{ "type": "Feature", "properties": { "osm_element": "node", "osm_id": 7833689927, "name": "1-sonli shahar shifoxonasi", "name_ru": "Городская больница №1", "highway": "bus_stop", "public_transport": "stop_position", "bus": "yes", "stop_role": "platform", "operator": null, "district_name": "Shaykhantakhur district", "district_assignment": "within" }, "geometry": { "type": "Point", "coordinates": [ 69.2205158, 41.3221945 ] } },
{ "type": "Feature", "properties": { "osm_element": "node", "osm_id": 7833692359, "name": "Ipakchi ko'chasi", "name_ru": "Улица Ипакчилик", "highway": "bus_stop", "public_transport": "stop_position", "bus": "yes", "stop_role": "platform", "operator": null, "district_name": "Shaykhantakhur district", "district_assignment": "within" }, "geometry": { "type": "Point", "coordinates": [ 69.1896729, 41.3293927 ] } },
{ "type": "Feature", "properties": { "osm_element": "node", "osm_id": 7833692363, "name": "Ipakchi ko'chasi", "name_ru": "Улица Ипакчилик", "highway": "bus_stop", "public_transport": "platform", "bus": null, "stop_role": "platform", "operator": null, "district_name": "Shaykhantakhur district", "district_assignment": "within" }, "geometry": { "type": "Point", "coordinates": [ 69.1896589, 41.3293264 ] } },
{ "type": "Feature", "properties": { "osm_element": "node", "osm_id": 7899249926, "name": "Nukus ko'chasi", "name_ru": "улица Нукус", "highway": "bus_stop", "public_transport": "stop_position", "bus": "yes", "stop_role": "platform", "operator": null, "district_name": "Yashnabad district", "district_assignment": "within" }, "geometry": { "type": "Point", "coordinates": [ 69.290037, 41.3007887 ] } },
{ "type": "Feature", "properties": { "osm_element": "node", "osm_id": 7903314941, "name": null, "name_ru": null, "highway": "bus_stop", "public_transport": "stop_position", "bus": "yes", "stop_role": "platform", "operator": null, "district_name": "Mirzo Ulugbek district", "district_assignment": "within" }, "geometry": { "type": "Point", "coordinates": [ 69.3077327, 41.3201684 ] } },
{ "type": "Feature", "properties": { "osm_element": "node", "osm_id": 7903314956, "name": "Paxtakor stadioni", "name_ru": "Стадион \"Пахтакор\"", "highway": "bus_stop", "public_transport": "stop_position", "bus": "yes", "stop_role": "platform", "operator": null, "district_name": "Chilanzar district", "district_assignment": "within" }, "geometry": { "type": "Point", "coordinates": [ 69.258356, 41.3111128 ] } },
{ "type": "Feature", "properties": { "osm_element": "node", "osm_id": 7903314958, "name": "O'zbekiston metro bekati", "name_ru": "Станция метро \"Узбекистан\"", "highway": "bus_stop", "public_transport": "stop_position", "bus": "yes", "stop_role": "platform", "operator": null, "district_name": "Chilanzar district", "district_assignment": "within" }, "geometry": { "type": "Point", "coordinates": [ 69.2544531, 41.3112526 ] } },
{ "type": "Feature", "properties": { "osm_element": "node", "osm_id": 7906882889, "name": "Politologiya instituti", "name_ru": "Институт Политологии", "highway": "bus_stop", "public_transport": "platform", "bus": null, "stop_role": "platform", "operator": null, "district_name": "Mirzo Ulugbek district", "district_assignment": "within" }, "geometry": { "type": "Point", "coordinates": [ 69.3245498, 41.3242388 ] } },
{ "type": "Feature", "properties": { "osm_element": "node", "osm_id": 7906987238, "name": "Sayohat mehmonxonasi", "name_ru": "гостиница Саёхат", "highway": "bus_stop", "public_transport": "stop_position", "bus": "yes", "stop_role": "platform", "operator": null, "district_name": "Mirzo Ulugbek district", "district_assignment": "within" }, "geometry": { "type": "Point", "coordinates": [ 69.3340529, 41.3267745 ] } },
{ "type": "Feature", "properties": { "osm_element": "node", "osm_id": 7925517836, "name": "Давлат консерваторияси", "name_ru": "Государственная консерватория", "highway": "bus_stop", "public_transport": "stop_position", "bus": "yes", "stop_role": "platform", "operator": null, "district_name": "Shaykhantakhur district", "district_assignment": "within" }, "geometry": { "type": "Point", "coordinates": [ 69.2539859, 41.3152015 ] } },
{ "type": "Feature", "properties": { "osm_element": "node", "osm_id": 7925517866, "name": "Монумент мужества", "name_ru": null, "highway": "bus_stop", "public_transport": "platform", "bus": "yes", "stop_role": "platform", "operator": null, "district_name": "Yunusabad district", "district_assignment": "within" }, "geometry": { "type": "Point", "coordinates": [ 69.2724822, 41.3218917 ] } },
{ "type": "Feature", "properties": { "osm_element": "node", "osm_id": 7925517879, "name": "San'at saroyi", "name_ru": "Дворец искусств", "highway": "bus_stop", "public_transport": "stop_position", "bus": "yes", "stop_role": "platform", "operator": null, "district_name": "Shaykhantakhur district", "district_assignment": "within" }, "geometry": { "type": "Point", "coordinates": [ 69.2615944, 41.3206353 ] } },
{ "type": "Feature", "properties": { "osm_element": "node", "osm_id": 7925517890, "name": "Oʻzbekiston metrosi", "name_ru": "метро Узбекистан", "highway": "bus_stop", "public_transport": "stop_position", "bus": "yes", "stop_role": "platform", "operator": null, "district_name": "Shaykhantakhur district", "district_assignment": "within" }, "geometry": { "type": "Point", "coordinates": [ 69.2536221, 41.3120859 ] } },
{ "type": "Feature", "properties": { "osm_element": "node", "osm_id": 7998632285, "name": "11-Oilaviy poliklinika", "name_ru": "Поликлиника № 11", "highway": "bus_stop", "public_transport": "stop_position", "bus": "yes", "stop_role": "platform", "operator": null, "district_name": "Sergeli district", "district_assignment": "within" }, "geometry": { "type": "Point", "coordinates": [ 69.1983547, 41.2417588 ] } },
{ "type": "Feature", "properties": { "osm_element": "node", "osm_id": 8044531459, "name": "Chorsu bozori", "name_ru": "Рынок Чорсу", "highway": "bus_stop", "public_transport": "stop_position", "bus": "yes", "stop_role": "platform", "operator": null, "district_name": "Almazar district", "district_assignment": "boundary_nearest" }, "geometry": { "type": "Point", "coordinates": [ 69.2325234, 41.3258444 ] } },
{ "type": "Feature", "properties": { "osm_element": "node", "osm_id": 8044531464, "name": "Stadion", "name_ru": "Стадион", "highway": "bus_stop", "public_transport": "stop_position", "bus": "yes", "stop_role": "platform", "operator": null, "district_name": "Shaykhantakhur district", "district_assignment": "within" }, "geometry": { "type": "Point", "coordinates": [ 69.2259773, 41.3207093 ] } },
{ "type": "Feature", "properties": { "osm_element": "node", "osm_id": 8051636855, "name": null, "name_ru": "Улица А.Шоший", "highway": "bus_stop", "public_transport": "stop_position", "bus": "yes", "stop_role": "platform", "operator": null, "district_name": "Almazar district", "district_assignment": "within" }, "geometry": { "type": "Point", "coordinates": [ 69.230064, 41.3326599 ] } },
{ "type": "Feature", "properties": { "osm_element": "node", "osm_id": 8051671025, "name": "Аллон маҳалласи", "name_ru": null, "highway": "bus_stop", "public_transport": "stop_position", "bus": "yes", "stop_role": "platform", "operator": null, "district_name": "Almazar district", "district_assignment": "within" }, "geometry": { "type": "Point", "coordinates": [ 69.2152081, 41.340784 ] } },
{ "type": "Feature", "properties": { "osm_element": "node", "osm_id": 8051671047, "name": null, "name_ru": "Улица Х.Усмонходжаева", "highway": "bus_stop", "public_transport": "stop_position", "bus": "yes", "stop_role": "platform", "operator": null, "district_name": "Almazar district", "district_assignment": "within" }, "geometry": { "type": "Point", "coordinates": [ 69.2324199, 41.3308257 ] } },
{ "type": "Feature", "properties": { "osm_element": "node", "osm_id": 8051671049, "name": "Школа №111", "name_ru": "Школа №111", "highway": "bus_stop", "public_transport": "stop_position", "bus": "yes", "stop_role": "platform", "operator": null, "district_name": "Almazar district", "district_assignment": "within" }, "geometry": { "type": "Point", "coordinates": [ 69.2236015, 41.3384274 ] } },
{ "type": "Feature", "properties": { "osm_element": "node", "osm_id": 8051671113, "name": null, "name_ru": "Улица А.Шоший", "highway": "bus_stop", "public_transport": "stop_position", "bus": "yes", "stop_role": "platform", "operator": null, "district_name": "Almazar district", "district_assignment": "within" }, "geometry": { "type": "Point", "coordinates": [ 69.2293391, 41.3334115 ] } },
{ "type": "Feature", "properties": { "osm_element": "node", "osm_id": 8143860163, "name": "Eski Juva bozori", "name_ru": "Рынок \"Эски Джува\"", "highway": "bus_stop", "public_transport": "platform", "bus": "yes", "stop_role": "platform", "operator": null, "district_name": "Shaykhantakhur district", "district_assignment": "within" }, "geometry": { "type": "Point", "coordinates": [ 69.2373949, 41.3289749 ] } },
{ "type": "Feature", "properties": { "osm_element": "node", "osm_id": 8202795404, "name": "Buyuk Ipak Yo'li metro bekati", "name_ru": "Максим Горький", "highway": "bus_stop", "public_transport": "stop_position", "bus": "yes", "stop_role": "platform", "operator": null, "district_name": "Mirzo Ulugbek district", "district_assignment": "within" }, "geometry": { "type": "Point", "coordinates": [ 69.3294797, 41.3263251 ] } },
{ "type": "Feature", "properties": { "osm_element": "node", "osm_id": 8245652761, "name": "AYOQSH", "name_ru": "АЗС", "highway": "bus_stop", "public_transport": "stop_position", "bus": "yes", "stop_role": "platform", "operator": null, "district_name": "Yunusabad district", "district_assignment": "within" }, "geometry": { "type": "Point", "coordinates": [ 69.3093538, 41.3730038 ] } },
{ "type": "Feature", "properties": { "osm_element": "node", "osm_id": 8283226680, "name": null, "name_ru": null, "highway": "bus_stop", "public_transport": "stop_position", "bus": "yes", "stop_role": "platform", "operator": null, "district_name": "Yangikhayot district", "district_assignment": "within" }, "geometry": { "type": "Point", "coordinates": [ 69.1982119, 41.2186176 ] } },
{ "type": "Feature", "properties": { "osm_element": "node", "osm_id": 8319550825, "name": "Universam", "name_ru": "Универсам", "highway": "bus_stop", "public_transport": "stop_position", "bus": "yes", "stop_role": "platform", "operator": null, "district_name": "Chilanzar district", "district_assignment": "within" }, "geometry": { "type": "Point", "coordinates": [ 69.1832564, 41.2728163 ] } },
{ "type": "Feature", "properties": { "osm_element": "node", "osm_id": 8319550826, "name": "Universam", "name_ru": "Универсам", "highway": "bus_stop", "public_transport": "stop_position", "bus": "yes", "stop_role": "platform", "operator": null, "district_name": "Chilanzar district", "district_assignment": "boundary_nearest" }, "geometry": { "type": "Point", "coordinates": [ 69.1824307, 41.2727103 ] } },
{ "type": "Feature", "properties": { "osm_element": "node", "osm_id": 8533145198, "name": "Qoraqamish bozori", "name_ru": "Каракамышский рынок", "highway": "bus_stop", "public_transport": "stop_position", "bus": "yes", "stop_role": "platform", "operator": null, "district_name": "Almazar district", "district_assignment": "within" }, "geometry": { "type": "Point", "coordinates": [ 69.2044593, 41.3676923 ] } },
{ "type": "Feature", "properties": { "osm_element": "node", "osm_id": 8578805812, "name": null, "name_ru": null, "highway": "bus_stop", "public_transport": "platform", "bus": "yes", "stop_role": "platform", "operator": null, "district_name": "Yunusabad district", "district_assignment": "within" }, "geometry": { "type": "Point", "coordinates": [ 69.2895029, 41.3593475 ] } },
{ "type": "Feature", "properties": { "osm_element": "node", "osm_id": 8740752140, "name": "Ko'prik", "name_ru": "Улица Шофайзи", "highway": "bus_stop", "public_transport": "stop_position", "bus": "yes", "stop_role": "platform", "operator": null, "district_name": "Uchtepa district", "district_assignment": "within" }, "geometry": { "type": "Point", "coordinates": [ 69.1930645, 41.3166231 ] } },
{ "type": "Feature", "properties": { "osm_element": "node", "osm_id": 8827375917, "name": "Buyuk Ipak Yo'li metro bekati", "name_ru": "Станция метро \"Буюк Ипак Йули\"", "highway": "bus_stop", "public_transport": "stop_position", "bus": "yes", "stop_role": "platform", "operator": null, "district_name": "Mirzo Ulugbek district", "district_assignment": "within" }, "geometry": { "type": "Point", "coordinates": [ 69.3282245, 41.3276719 ] } },
{ "type": "Feature", "properties": { "osm_element": "node", "osm_id": 8919772513, "name": "Mustaqillik mahallasi", "name_ru": "Махалля \"Мустакиллик\"", "highway": "bus_stop", "public_transport": "stop_position", "bus": "yes", "stop_role": "platform", "operator": null, "district_name": "Uchtepa district", "district_assignment": "within" }, "geometry": { "type": "Point", "coordinates": [ 69.1369105, 41.2780442 ] } },
{ "type": "Feature", "properties": { "osm_element": "node", "osm_id": 9033419517, "name": "Farg'ona bozori", "name_ru": "Ферганский рынок", "highway": "bus_stop", "public_transport": "stop_position", "bus": "yes", "stop_role": "platform", "operator": null, "district_name": "Mirabad district", "district_assignment": "within" }, "geometry": { "type": "Point", "coordinates": [ 69.3102926, 41.2736903 ] } },
{ "type": "Feature", "properties": { "osm_element": "node", "osm_id": 9094082745, "name": "To'xtasin Jalilov ko'chasi", "name_ru": "Улица Тохтасына Джалилова", "highway": "bus_stop", "public_transport": "stop_position", "bus": "yes", "stop_role": "platform", "operator": null, "district_name": "Yunusabad district", "district_assignment": "within" }, "geometry": { "type": "Point", "coordinates": [ 69.2785507, 41.3482741 ] } },
{ "type": "Feature", "properties": { "osm_element": "node", "osm_id": 9160303476, "name": "O'zbekqishloqmash zavodi", "name_ru": "Завод \"Узбексельмаш\"", "highway": "bus_stop", "public_transport": "stop_position", "bus": "yes", "stop_role": "platform", "operator": null, "district_name": "Yunusabad district", "district_assignment": "within" }, "geometry": { "type": "Point", "coordinates": [ 69.3001305, 41.3415441 ] } },
{ "type": "Feature", "properties": { "osm_element": "node", "osm_id": 9187631454, "name": null, "name_ru": null, "highway": "bus_stop", "public_transport": null, "bus": null, "stop_role": "platform", "operator": null, "district_name": "Yashnabad district", "district_assignment": "within" }, "geometry": { "type": "Point", "coordinates": [ 69.4270472, 41.3264371 ] } },
{ "type": "Feature", "properties": { "osm_element": "node", "osm_id": 9273048189, "name": "18-sonli avtobus saroyi", "name_ru": "Автопарк № 18", "highway": null, "public_transport": "platform", "bus": "yes", "stop_role": "platform", "operator": null, "district_name": "Uchtepa district", "district_assignment": "within" }, "geometry": { "type": "Point", "coordinates": [ 69.1540092, 41.3147195 ] } },
{ "type": "Feature", "properties": { "osm_element": "node", "osm_id": 9366065707, "name": "119-sonli maktab", "name_ru": "Школа 119", "highway": "bus_stop", "public_transport": "stop_position", "bus": "yes", "stop_role": "platform", "operator": null, "district_name": "Almazar district", "district_assignment": "within" }, "geometry": { "type": "Point", "coordinates": [ 69.2482113, 41.3408491 ] } },
{ "type": "Feature", "properties": { "osm_element": "node", "osm_id": 9491669061, "name": "Yotoqxona", "name_ru": "Общежитие", "highway": "bus_stop", "public_transport": "stop_position", "bus": "yes", "stop_role": "platform", "operator": null, "district_name": "Mirzo Ulugbek district", "district_assignment": "within" }, "geometry": { "type": "Point", "coordinates": [ 69.3824252, 41.3577805 ] } },
{ "type": "Feature", "properties": { "osm_element": "node", "osm_id": 9509743484, "name": "Mirzo Ulug'bek shox ko'chasi", "name_ru": "проспект Мирзо Улугбека", "highway": "bus_stop", "public_transport": "stop_position", "bus": "yes", "stop_role": "platform", "operator": null, "district_name": "Yashnabad district", "district_assignment": "within" }, "geometry": { "type": "Point", "coordinates": [ 69.3060175, 41.3054391 ] } },
{ "type": "Feature", "properties": { "osm_element": "node", "osm_id": 9652445021, "name": "Feruza daxasi", "name_ru": "Массив Феруза", "highway": "bus_stop", "public_transport": "stop_position", "bus": "yes", "stop_role": "platform", "operator": null, "district_name": "Mirzo Ulugbek district", "district_assignment": "within" }, "geometry": { "type": "Point", "coordinates": [ 69.3636964, 41.354774 ] } },
{ "type": "Feature", "properties": { "osm_element": "node", "osm_id": 9663853194, "name": "12-sonli mavze", "name_ru": "Жилгородок № 12", "highway": "bus_stop", "public_transport": "stop_position", "bus": "yes", "stop_role": "platform", "operator": null, "district_name": "Mirzo Ulugbek district", "district_assignment": "within" }, "geometry": { "type": "Point", "coordinates": [ 69.3741626, 41.354423 ] } },
{ "type": "Feature", "properties": { "osm_element": "node", "osm_id": 9667178496, "name": "Statistika boshqarmasi", "name_ru": "Статистическое управление", "highway": "bus_stop", "public_transport": "stop_position", "bus": "yes", "stop_role": "platform", "operator": null, "district_name": "Mirzo Ulugbek district", "district_assignment": "within" }, "geometry": { "type": "Point", "coordinates": [ 69.3155742, 41.3231801 ] } },
{ "type": "Feature", "properties": { "osm_element": "node", "osm_id": 9692088153, "name": "Eski Juva maydoni", "name_ru": null, "highway": "bus_stop", "public_transport": null, "bus": null, "stop_role": "platform", "operator": null, "district_name": "Almazar district", "district_assignment": "within" }, "geometry": { "type": "Point", "coordinates": [ 69.2400938, 41.3295993 ] } },
{ "type": "Feature", "properties": { "osm_element": "node", "osm_id": 9692088209, "name": "G'afur G'ulom metrosi", "name_ru": "Станция метро \"Гафура Гуляма\"", "highway": "bus_stop", "public_transport": "stop_position", "bus": "yes", "stop_role": "platform", "operator": null, "district_name": "Almazar district", "district_assignment": "within" }, "geometry": { "type": "Point", "coordinates": [ 69.2462088, 41.3275813 ] } },
{ "type": "Feature", "properties": { "osm_element": "node", "osm_id": 9748808237, "name": null, "name_ru": null, "highway": "bus_stop", "public_transport": "platform", "bus": "yes", "stop_role": "platform", "operator": null, "district_name": "Yangikhayot district", "district_assignment": "within" }, "geometry": { "type": "Point", "coordinates": [ 69.2730612, 41.1639364 ] } },
{ "type": "Feature", "properties": { "osm_element": "node", "osm_id": 9748808330, "name": null, "name_ru": null, "highway": "bus_stop", "public_transport": "platform", "bus": "yes", "stop_role": "platform", "operator": null, "district_name": "Yangikhayot district", "district_assignment": "within" }, "geometry": { "type": "Point", "coordinates": [ 69.27468, 41.1637379 ] } },
{ "type": "Feature", "properties": { "osm_element": "node", "osm_id": 9748808361, "name": null, "name_ru": null, "highway": "bus_stop", "public_transport": "platform", "bus": "yes", "stop_role": "platform", "operator": null, "district_name": "Yangikhayot district", "district_assignment": "within" }, "geometry": { "type": "Point", "coordinates": [ 69.3005681, 41.1782734 ] } },
{ "type": "Feature", "properties": { "osm_element": "node", "osm_id": 9748808367, "name": null, "name_ru": null, "highway": "bus_stop", "public_transport": "platform", "bus": "yes", "stop_role": "platform", "operator": null, "district_name": "Yangikhayot district", "district_assignment": "within" }, "geometry": { "type": "Point", "coordinates": [ 69.3018774, 41.1786775 ] } },
{ "type": "Feature", "properties": { "osm_element": "node", "osm_id": 9763423217, "name": "Aviasozlar-4", "name_ru": "Массив \"Авиасозлар\", квартал 4", "highway": "bus_stop", "public_transport": "stop_position", "bus": "yes", "stop_role": "platform", "operator": null, "district_name": "Yashnabad district", "district_assignment": "within" }, "geometry": { "type": "Point", "coordinates": [ 69.3472214, 41.2936963 ] } },
{ "type": "Feature", "properties": { "osm_element": "node", "osm_id": 9763423317, "name": "Aviasozlar-4", "name_ru": "Массив \"Авиасозлар\", квартал 4", "highway": "bus_stop", "public_transport": "stop_position", "bus": "yes", "stop_role": "platform", "operator": null, "district_name": "Yashnabad district", "district_assignment": "within" }, "geometry": { "type": "Point", "coordinates": [ 69.3475643, 41.2934723 ] } },
{ "type": "Feature", "properties": { "osm_element": "node", "osm_id": 9763534217, "name": "Nodirabegim ko'chasi", "name_ru": "Улица Нодирабегим", "highway": "bus_stop", "public_transport": "stop_position", "bus": "yes", "stop_role": "platform", "operator": null, "district_name": "Yashnabad district", "district_assignment": "within" }, "geometry": { "type": "Point", "coordinates": [ 69.3431116, 41.274428 ] } },
{ "type": "Feature", "properties": { "osm_element": "node", "osm_id": 9763782417, "name": "Dorixona", "name_ru": "Аптека", "highway": "bus_stop", "public_transport": "stop_position", "bus": "yes", "stop_role": "platform", "operator": null, "district_name": "Yashnabad district", "district_assignment": "within" }, "geometry": { "type": "Point", "coordinates": [ 69.3466364, 41.3003972 ] } },
{ "type": "Feature", "properties": { "osm_element": "node", "osm_id": 9780851317, "name": "Проходная", "name_ru": "Проходная", "highway": "bus_stop", "public_transport": "platform", "bus": null, "stop_role": "platform", "operator": null, "district_name": "Mirzo Ulugbek district", "district_assignment": "within" }, "geometry": { "type": "Point", "coordinates": [ 69.3895079, 41.3502521 ] } },
{ "type": "Feature", "properties": { "osm_element": "node", "osm_id": 9805602465, "name": "Детский сад №15", "name_ru": null, "highway": "bus_stop", "public_transport": "platform", "bus": "yes", "stop_role": "platform", "operator": null, "district_name": "Yashnabad district", "district_assignment": "within" }, "geometry": { "type": "Point", "coordinates": [ 69.3147876, 41.289938 ] } },
{ "type": "Feature", "properties": { "osm_element": "node", "osm_id": 9843797418, "name": "Gulirayhon ko'chasi", "name_ru": "Улица Гулирайхон", "highway": "bus_stop", "public_transport": "platform", "bus": null, "stop_role": "platform", "operator": null, "district_name": "Mirzo Ulugbek district", "district_assignment": "within" }, "geometry": { "type": "Point", "coordinates": [ 69.3740969, 41.3500247 ] } },
{ "type": "Feature", "properties": { "osm_element": "node", "osm_id": 9843799118, "name": "Gulirayhon ko'chasi", "name_ru": "Улица Гулирайхон", "highway": "bus_stop", "public_transport": "platform", "bus": null, "stop_role": "platform", "operator": null, "district_name": "Mirzo Ulugbek district", "district_assignment": "within" }, "geometry": { "type": "Point", "coordinates": [ 69.3738053, 41.3498148 ] } },
{ "type": "Feature", "properties": { "osm_element": "node", "osm_id": 9879154041, "name": null, "name_ru": null, "highway": "bus_stop", "public_transport": "stop_position", "bus": "yes", "stop_role": "platform", "operator": null, "district_name": "Yunusabad district", "district_assignment": "within" }, "geometry": { "type": "Point", "coordinates": [ 69.3090905, 41.3559398 ] } },
{ "type": "Feature", "properties": { "osm_element": "node", "osm_id": 9879155799, "name": "Asbobsozlik zavodi", "name_ru": "Инструментальный завод", "highway": "bus_stop", "public_transport": "stop_position", "bus": "yes", "stop_role": "platform", "operator": null, "district_name": "Yunusabad district", "district_assignment": "within" }, "geometry": { "type": "Point", "coordinates": [ 69.2991232, 41.3536649 ] } },
{ "type": "Feature", "properties": { "osm_element": "node", "osm_id": 9879155950, "name": "Shahriston ko'chasi", "name_ru": "Улица Шахристанская", "highway": "bus_stop", "public_transport": "stop_position", "bus": "yes", "stop_role": "platform", "operator": null, "district_name": "Yunusabad district", "district_assignment": "within" }, "geometry": { "type": "Point", "coordinates": [ 69.2880238, 41.3518954 ] } },
{ "type": "Feature", "properties": { "osm_element": "node", "osm_id": 9879155963, "name": null, "name_ru": null, "highway": "bus_stop", "public_transport": "stop_position", "bus": "yes", "stop_role": "platform", "operator": null, "district_name": "Yunusabad district", "district_assignment": "within" }, "geometry": { "type": "Point", "coordinates": [ 69.2886586, 41.3512176 ] } },
{ "type": "Feature", "properties": { "osm_element": "node", "osm_id": 9884373450, "name": "NBU", "name_ru": "НБУ", "highway": "bus_stop", "public_transport": "stop_position", "bus": "yes", "stop_role": "platform", "operator": null, "district_name": "Chilanzar district", "district_assignment": "within" }, "geometry": { "type": "Point", "coordinates": [ 69.2566958, 41.3084853 ] } },
{ "type": "Feature", "properties": { "osm_element": "node", "osm_id": 9949984511, "name": "Shoʻrtepa koʻchasi", "name_ru": "Улица Устабаева", "highway": "bus_stop", "public_transport": "stop_position", "bus": "yes", "stop_role": "platform", "operator": null, "district_name": "Mirzo Ulugbek district", "district_assignment": "within" }, "geometry": { "type": "Point", "coordinates": [ 69.3598343, 41.3460632 ] } },
{ "type": "Feature", "properties": { "osm_element": "node", "osm_id": 9949984512, "name": "Shoʻrtepa koʻchasi", "name_ru": "Улица Устабаева", "highway": "bus_stop", "public_transport": "stop_position", "bus": "yes", "stop_role": "platform", "operator": null, "district_name": "Mirzo Ulugbek district", "district_assignment": "within" }, "geometry": { "type": "Point", "coordinates": [ 69.3600812, 41.3460601 ] } },
{ "type": "Feature", "properties": { "osm_element": "node", "osm_id": 9949986278, "name": null, "name_ru": null, "highway": "bus_stop", "public_transport": "stop_position", "bus": "yes", "stop_role": "platform", "operator": null, "district_name": "Mirzo Ulugbek district", "district_assignment": "within" }, "geometry": { "type": "Point", "coordinates": [ 69.3541857, 41.3495988 ] } },
{ "type": "Feature", "properties": { "osm_element": "node", "osm_id": 9950851167, "name": "1 notarial idora", "name_ru": "1-я Нотариальная контора", "highway": "bus_stop", "public_transport": "stop_position", "bus": "yes", "stop_role": "platform", "operator": null, "district_name": "Yakkasaray district", "district_assignment": "within" }, "geometry": { "type": "Point", "coordinates": [ 69.2601068, 41.2819556 ] } },
{ "type": "Feature", "properties": { "osm_element": "node", "osm_id": 9955369803, "name": "Hamroyev ko'chasi", "name_ru": null, "highway": "bus_stop", "public_transport": "stop_position", "bus": "yes", "stop_role": "platform", "operator": null, "district_name": "Mirzo Ulugbek district", "district_assignment": "within" }, "geometry": { "type": "Point", "coordinates": [ 69.3763001, 41.3319438 ] } },
{ "type": "Feature", "properties": { "osm_element": "node", "osm_id": 9956953219, "name": "Toʻqaytepa", "name_ru": "Махалля \"Тукайтепа\"", "highway": "bus_stop", "public_transport": "stop_position", "bus": "yes", "stop_role": "platform", "operator": null, "district_name": "Yashnabad district", "district_assignment": "within" }, "geometry": { "type": "Point", "coordinates": [ 69.4095248, 41.3343374 ] } },
{ "type": "Feature", "properties": { "osm_element": "node", "osm_id": 10031502077, "name": "Masjid", "name_ru": "Мечеть", "highway": "bus_stop", "public_transport": "stop_position", "bus": "yes", "stop_role": "platform", "operator": null, "district_name": "Yangikhayot district", "district_assignment": "within" }, "geometry": { "type": "Point", "coordinates": [ 69.2385225, 41.2127063 ] } },
{ "type": "Feature", "properties": { "osm_element": "node", "osm_id": 10140631334, "name": null, "name_ru": null, "highway": "bus_stop", "public_transport": "platform", "bus": "yes", "stop_role": "platform", "operator": null, "district_name": "Chilanzar district", "district_assignment": "within" }, "geometry": { "type": "Point", "coordinates": [ 69.2371802, 41.2975952 ] } },
{ "type": "Feature", "properties": { "osm_element": "node", "osm_id": 10159176117, "name": "Nevrologiya sanatoriyasi", "name_ru": "Неврологический санаторий", "highway": "bus_stop", "public_transport": "platform", "bus": null, "stop_role": "platform", "operator": null, "district_name": "Mirzo Ulugbek district", "district_assignment": "within" }, "geometry": { "type": "Point", "coordinates": [ 69.3598751, 41.341261 ] } },
{ "type": "Feature", "properties": { "osm_element": "node", "osm_id": 10161264205, "name": null, "name_ru": null, "highway": "bus_stop", "public_transport": "platform", "bus": "yes", "stop_role": "platform", "operator": null, "district_name": "Yakkasaray district", "district_assignment": "within" }, "geometry": { "type": "Point", "coordinates": [ 69.257527, 41.2972005 ] } },
{ "type": "Feature", "properties": { "osm_element": "node", "osm_id": 10224382271, "name": "Musaffo ko'chasi", "name_ru": "Улица Мусаффо", "highway": "bus_stop", "public_transport": "stop_position", "bus": "yes", "stop_role": "platform", "operator": null, "district_name": "Yashnabad district", "district_assignment": "within" }, "geometry": { "type": "Point", "coordinates": [ 69.343455, 41.2693088 ] } },
{ "type": "Feature", "properties": { "osm_element": "node", "osm_id": 10224542924, "name": "Aviasozlar madaniyat uyi", "name_ru": "ДК Авиастроителей", "highway": "bus_stop", "public_transport": "stop_position", "bus": "yes", "stop_role": "platform", "operator": null, "district_name": "Yashnabad district", "district_assignment": "within" }, "geometry": { "type": "Point", "coordinates": [ 69.3423252, 41.2911069 ] } },
{ "type": "Feature", "properties": { "osm_element": "node", "osm_id": 10224542944, "name": "Aviasozlar madaniyat uyi", "name_ru": "ДК Авиастроителей", "highway": "bus_stop", "public_transport": "stop_position", "bus": "yes", "stop_role": "platform", "operator": null, "district_name": "Yashnabad district", "district_assignment": "within" }, "geometry": { "type": "Point", "coordinates": [ 69.3408165, 41.2918117 ] } },
{ "type": "Feature", "properties": { "osm_element": "node", "osm_id": 10224552873, "name": "Aviasozlar ko'chasi", "name_ru": "Автостанция \"Авиасозлар\"", "highway": "bus_stop", "public_transport": "stop_position", "bus": "yes", "stop_role": "platform", "operator": null, "district_name": "Yashnabad district", "district_assignment": "within" }, "geometry": { "type": "Point", "coordinates": [ 69.3502939, 41.2819348 ] } },
{ "type": "Feature", "properties": { "osm_element": "node", "osm_id": 10250797289, "name": "Toshkent-tovar stansiyasi", "name_ru": "Товарная станция", "highway": "bus_stop", "public_transport": "stop_position", "bus": "yes", "stop_role": "platform", "operator": null, "district_name": "Yashnabad district", "district_assignment": "within" }, "geometry": { "type": "Point", "coordinates": [ 69.3148609, 41.2965842 ] } },
{ "type": "Feature", "properties": { "osm_element": "node", "osm_id": 10250872555, "name": "Uspenskiy koʻchasi", "name_ru": "Улица Успенского", "highway": "bus_stop", "public_transport": "stop_position", "bus": "yes", "stop_role": "platform", "operator": null, "district_name": "Yashnabad district", "district_assignment": "within" }, "geometry": { "type": "Point", "coordinates": [ 69.3320929, 41.2874141 ] } },
{ "type": "Feature", "properties": { "osm_element": "node", "osm_id": 10284186445, "name": "Akademiklar shaharchasi", "name_ru": "Академгородок", "highway": "bus_stop", "public_transport": "stop_position", "bus": "yes", "stop_role": "platform", "operator": null, "district_name": "Mirzo Ulugbek district", "district_assignment": "within" }, "geometry": { "type": "Point", "coordinates": [ 69.3384163, 41.3378485 ] } },
{ "type": "Feature", "properties": { "osm_element": "node", "osm_id": 10284414729, "name": "Muxtor Ashrafiy muzeyi", "name_ru": "Музей Мухтара Ашрафи", "highway": "bus_stop", "public_transport": "stop_position", "bus": "yes", "stop_role": "platform", "operator": null, "district_name": "Mirzo Ulugbek district", "district_assignment": "within" }, "geometry": { "type": "Point", "coordinates": [ 69.2906678, 41.3147323 ] } },
{ "type": "Feature", "properties": { "osm_element": "node", "osm_id": 10284414731, "name": "Uspenskiy Nomidagi Maktab", "name_ru": "Музыкальный лицей им. Успенского", "highway": "bus_stop", "public_transport": "stop_position", "bus": "yes", "stop_role": "platform", "operator": null, "district_name": "Mirzo Ulugbek district", "district_assignment": "within" }, "geometry": { "type": "Point", "coordinates": [ 69.2922544, 41.3082209 ] } },
{ "type": "Feature", "properties": { "osm_element": "node", "osm_id": 10582211707, "name": "1-й Нукусский проезд", "name_ru": null, "highway": "bus_stop", "public_transport": "platform", "bus": "yes", "stop_role": "platform", "operator": null, "district_name": "Mirabad district", "district_assignment": "within" }, "geometry": { "type": "Point", "coordinates": [ 69.2895935, 41.2988812 ] } },
{ "type": "Feature", "properties": { "osm_element": "node", "osm_id": 10670039206, "name": "Farg'ona bozori", "name_ru": "Ферганский рынок", "highway": "bus_stop", "public_transport": "stop_position", "bus": "yes", "stop_role": "platform", "operator": null, "district_name": "Mirabad district", "district_assignment": "boundary_nearest" }, "geometry": { "type": "Point", "coordinates": [ 69.3104489, 41.2737587 ] } },
{ "type": "Feature", "properties": { "osm_element": "node", "osm_id": 10731187669, "name": "Karvonsaroy ko'chasi", "name_ru": "Улица Карвансарай", "highway": "bus_stop", "public_transport": "stop_position", "bus": "yes", "stop_role": "platform", "operator": null, "district_name": "Chilanzar district", "district_assignment": "within" }, "geometry": { "type": "Point", "coordinates": [ 69.1702322, 41.2337032 ] } },
{ "type": "Feature", "properties": { "osm_element": "node", "osm_id": 10803349295, "name": "12-sonli poliklinika", "name_ru": "Поликлиника № 12", "highway": "bus_stop", "public_transport": "stop_position", "bus": "yes", "stop_role": "platform", "operator": null, "district_name": "Yunusabad district", "district_assignment": "within" }, "geometry": { "type": "Point", "coordinates": [ 69.3102969, 41.3695676 ] } },
{ "type": "Feature", "properties": { "osm_element": "node", "osm_id": 10956755205, "name": "Xonobod metrosi", "name_ru": "Станция метро Ханабад", "highway": "bus_stop", "public_transport": "stop_position", "bus": "yes", "stop_role": "platform", "operator": null, "district_name": "Sergeli district", "district_assignment": "within" }, "geometry": { "type": "Point", "coordinates": [ 69.2711144, 41.2317385 ] } },
{ "type": "Feature", "properties": { "osm_element": "node", "osm_id": 10956755206, "name": "8-ая станция надземного метро", "name_ru": null, "highway": "bus_stop", "public_transport": null, "bus": null, "stop_role": "platform", "operator": null, "district_name": "Mirabad district", "district_assignment": "within" }, "geometry": { "type": "Point", "coordinates": [ 69.3084733, 41.2445632 ] } },
{ "type": "Feature", "properties": { "osm_element": "node", "osm_id": 10956755305, "name": "10-ая станция надземного метро", "name_ru": null, "highway": "bus_stop", "public_transport": "platform", "bus": "yes", "stop_role": "platform", "operator": null, "district_name": "Sergeli district", "district_assignment": "within" }, "geometry": { "type": "Point", "coordinates": [ 69.2849679, 41.244655 ] } },
{ "type": "Feature", "properties": { "osm_element": "node", "osm_id": 10956755306, "name": "Киёт", "name_ru": "Киёт", "highway": "bus_stop", "public_transport": null, "bus": null, "stop_role": "platform", "operator": null, "district_name": "Sergeli district", "district_assignment": "within" }, "geometry": { "type": "Point", "coordinates": [ 69.2989584, 41.2444928 ] } },
{ "type": "Feature", "properties": { "osm_element": "node", "osm_id": 10956755307, "name": "Qiyot metrosi", "name_ru": "Станция метро Киёт", "highway": "bus_stop", "public_transport": "stop_position", "bus": "yes", "stop_role": "platform", "operator": null, "district_name": "Sergeli district", "district_assignment": "within" }, "geometry": { "type": "Point", "coordinates": [ 69.3010591, 41.2443013 ] } },
{ "type": "Feature", "properties": { "osm_element": "node", "osm_id": 10994667999, "name": "119-sonli maktab", "name_ru": "Школа 119", "highway": "bus_stop", "public_transport": "stop_position", "bus": "yes", "stop_role": "platform", "operator": null, "district_name": "Almazar district", "district_assignment": "within" }, "geometry": { "type": "Point", "coordinates": [ 69.2471765, 41.3409504 ] } },
{ "type": "Feature", "properties": { "osm_element": "node", "osm_id": 10994783483, "name": "Xumdonsoy ko'chasi", "name_ru": "Улица Хумдонсой", "highway": "bus_stop", "public_transport": "stop_position", "bus": "yes", "stop_role": "platform", "operator": null, "district_name": "Shaykhantakhur district", "district_assignment": "within" }, "geometry": { "type": "Point", "coordinates": [ 69.2070622, 41.3086125 ] } },
{ "type": "Feature", "properties": { "osm_element": "node", "osm_id": 11108442167, "name": null, "name_ru": null, "highway": "bus_stop", "public_transport": "platform", "bus": "yes", "stop_role": "platform", "operator": null, "district_name": "Chilanzar district", "district_assignment": "within" }, "geometry": { "type": "Point", "coordinates": [ 69.2323931, 41.2989759 ] } },
{ "type": "Feature", "properties": { "osm_element": "node", "osm_id": 11137554005, "name": "Choponota mahallasi", "name_ru": "Махалля \"Чапаната\"", "highway": "bus_stop", "public_transport": "stop_position", "bus": "yes", "stop_role": "platform", "operator": null, "district_name": "Chilanzar district", "district_assignment": "within" }, "geometry": { "type": "Point", "coordinates": [ 69.1942863, 41.2938731 ] } },
{ "type": "Feature", "properties": { "osm_element": "node", "osm_id": 11218135384, "name": "Davlat test markazi", "name_ru": "Центр тестирования", "highway": "bus_stop", "public_transport": "stop_position", "bus": "yes", "stop_role": "platform", "operator": "Государственный тестовый центр Республики Узбекистан", "district_name": "Yunusabad district", "district_assignment": "within" }, "geometry": { "type": "Point", "coordinates": [ 69.2887308, 41.339505 ] } },
{ "type": "Feature", "properties": { "osm_element": "node", "osm_id": 11273643155, "name": "Tabassum ko'chasi", "name_ru": "Улица Табассум", "highway": "bus_stop", "public_transport": "stop_position", "bus": "yes", "stop_role": "platform", "operator": null, "district_name": "Mirabad district", "district_assignment": "within" }, "geometry": { "type": "Point", "coordinates": [ 69.3272442, 41.2437586 ] } },
{ "type": "Feature", "properties": { "osm_element": "node", "osm_id": 11276417930, "name": "Yunusobod dahasi 13-mavze", "name_ru": "Рынок Ахмад Дониш", "highway": "bus_stop", "public_transport": "stop_position", "bus": "yes", "stop_role": "platform", "operator": null, "district_name": "Yunusabad district", "district_assignment": "within" }, "geometry": { "type": "Point", "coordinates": [ 69.2931808, 41.3693079 ] } },
{ "type": "Feature", "properties": { "osm_element": "node", "osm_id": 11277558230, "name": null, "name_ru": null, "highway": "bus_stop", "public_transport": "platform", "bus": "yes", "stop_role": "platform", "operator": null, "district_name": "Chilanzar district", "district_assignment": "within" }, "geometry": { "type": "Point", "coordinates": [ 69.2329631, 41.2988743 ] } },
{ "type": "Feature", "properties": { "osm_element": "node", "osm_id": 11290295617, "name": "Labzak ko'chasi", "name_ru": "Улица Лабзак", "highway": "bus_stop", "public_transport": "stop_position", "bus": "yes", "stop_role": "platform", "operator": null, "district_name": "Shaykhantakhur district", "district_assignment": "within" }, "geometry": { "type": "Point", "coordinates": [ 69.2624199, 41.3299842 ] } },
{ "type": "Feature", "properties": { "osm_element": "node", "osm_id": 11339340400, "name": "Salom ko'chasi", "name_ru": "Улица Салом", "highway": "bus_stop", "public_transport": "stop_position", "bus": "yes", "stop_role": "platform", "operator": null, "district_name": "Mirzo Ulugbek district", "district_assignment": "within" }, "geometry": { "type": "Point", "coordinates": [ 69.3475554, 41.3239161 ] } },
{ "type": "Feature", "properties": { "osm_element": "node", "osm_id": 11343798284, "name": "Oʻzgarish mavzesi", "name_ru": "Массив \"Узгарыш\"", "highway": "bus_stop", "public_transport": "stop_position", "bus": "yes", "stop_role": "platform", "operator": null, "district_name": "Sergeli district", "district_assignment": "within" }, "geometry": { "type": "Point", "coordinates": [ 69.2137771, 41.2151682 ] } },
{ "type": "Feature", "properties": { "osm_element": "node", "osm_id": 11366957599, "name": "Samarqand choyxonasi", "name_ru": "Чайхана \"Самарканд\"", "highway": "bus_stop", "public_transport": "stop_position", "bus": "yes", "stop_role": "platform", "operator": null, "district_name": "Shaykhantakhur district", "district_assignment": "within" }, "geometry": { "type": "Point", "coordinates": [ 69.2215313, 41.3095645 ] } },
{ "type": "Feature", "properties": { "osm_element": "node", "osm_id": 11366986334, "name": "Masjid", "name_ru": "Мечеть", "highway": "bus_stop", "public_transport": "stop_position", "bus": "yes", "stop_role": "platform", "operator": null, "district_name": "Shaykhantakhur district", "district_assignment": "within" }, "geometry": { "type": "Point", "coordinates": [ 69.2263353, 41.3135965 ] } },
{ "type": "Feature", "properties": { "osm_element": "node", "osm_id": 11366986341, "name": "Masjid", "name_ru": "Мечеть", "highway": "bus_stop", "public_transport": "stop_position", "bus": "yes", "stop_role": "platform", "operator": null, "district_name": "Shaykhantakhur district", "district_assignment": "within" }, "geometry": { "type": "Point", "coordinates": [ 69.2258867, 41.3133063 ] } },
{ "type": "Feature", "properties": { "osm_element": "node", "osm_id": 11371652815, "name": "Qizil Sharq mavzesi", "name_ru": "Массив \"Кызыл Шарк\"", "highway": "bus_stop", "public_transport": "stop_position", "bus": "yes", "stop_role": "platform", "operator": null, "district_name": "Chilanzar district", "district_assignment": "within" }, "geometry": { "type": "Point", "coordinates": [ 69.1614924, 41.2660954 ] } },
{ "type": "Feature", "properties": { "osm_element": "node", "osm_id": 11391761951, "name": "Katta Xirmontepa maxallasi", "name_ru": "Махалля Катта Хирмонтепа", "highway": "bus_stop", "public_transport": "stop_position", "bus": "yes", "stop_role": "platform", "operator": null, "district_name": "Chilanzar district", "district_assignment": "within" }, "geometry": { "type": "Point", "coordinates": [ 69.1793021, 41.2693924 ] } },
{ "type": "Feature", "properties": { "osm_element": "node", "osm_id": 11704860999, "name": "Sergeli 5-mavzesi", "name_ru": "Массив \"Сергели\", квартал 5", "highway": "bus_stop", "public_transport": "stop_position", "bus": "yes", "stop_role": "platform", "operator": null, "district_name": "Sergeli district", "district_assignment": "within" }, "geometry": { "type": "Point", "coordinates": [ 69.2115502, 41.2237851 ] } },
{ "type": "Feature", "properties": { "osm_element": "node", "osm_id": 11782927939, "name": "Sumbula ko'chasi", "name_ru": "Улица Сумбула", "highway": "bus_stop", "public_transport": "stop_position", "bus": "yes", "stop_role": "platform", "operator": null, "district_name": "Mirabad district", "district_assignment": "within" }, "geometry": { "type": "Point", "coordinates": [ 69.2933627, 41.284085 ] } },
{ "type": "Feature", "properties": { "osm_element": "node", "osm_id": 11782927940, "name": "Sumbula ko'chasi", "name_ru": "Улица Сумбула", "highway": "bus_stop", "public_transport": "stop_position", "bus": "yes", "stop_role": "platform", "operator": null, "district_name": "Mirabad district", "district_assignment": "within" }, "geometry": { "type": "Point", "coordinates": [ 69.2935789, 41.2841154 ] } },
{ "type": "Feature", "properties": { "osm_element": "node", "osm_id": 11839367420, "name": "Behzod ko'chasi", "name_ru": "Улица Бехзода", "highway": "bus_stop", "public_transport": "stop_position", "bus": "yes", "stop_role": "platform", "operator": null, "district_name": "Shaykhantakhur district", "district_assignment": "within" }, "geometry": { "type": "Point", "coordinates": [ 69.1996827, 41.3223305 ] } },
{ "type": "Feature", "properties": { "osm_element": "node", "osm_id": 11839420512, "name": "46-sonli oilaviy poliklininkasi", "name_ru": "Семейная поликлиника № 46", "highway": "bus_stop", "public_transport": "stop_position", "bus": "yes", "stop_role": "platform", "operator": null, "district_name": "Shaykhantakhur district", "district_assignment": "within" }, "geometry": { "type": "Point", "coordinates": [ 69.218232, 41.3073009 ] } },
{ "type": "Feature", "properties": { "osm_element": "node", "osm_id": 11879946053, "name": "Ekskovator zavodi", "name_ru": "Экскаваторный завод", "highway": "bus_stop", "public_transport": "stop_position", "bus": "yes", "stop_role": "platform", "operator": null, "district_name": "Mirzo Ulugbek district", "district_assignment": "within" }, "geometry": { "type": "Point", "coordinates": [ 69.3118571, 41.331774 ] } },
{ "type": "Feature", "properties": { "osm_element": "node", "osm_id": 11883865032, "name": "AYOQSH", "name_ru": "АЗС", "highway": "bus_stop", "public_transport": "stop_position", "bus": "yes", "stop_role": "platform", "operator": null, "district_name": "Yunusabad district", "district_assignment": "within" }, "geometry": { "type": "Point", "coordinates": [ 69.3086336, 41.3736187 ] } },
{ "type": "Feature", "properties": { "osm_element": "node", "osm_id": 11907734018, "name": "Samarqand choyxonasi", "name_ru": "Чайхана \"Самарканд\"", "highway": "bus_stop", "public_transport": "stop_position", "bus": "yes", "stop_role": "platform", "operator": null, "district_name": "Shaykhantakhur district", "district_assignment": "within" }, "geometry": { "type": "Point", "coordinates": [ 69.2223369, 41.3101925 ] } },
{ "type": "Feature", "properties": { "osm_element": "node", "osm_id": 11909225957, "name": "Foziltepa ko'chasi", "name_ru": "Улица Фозилтепа", "highway": null, "public_transport": "platform", "bus": "yes", "stop_role": "platform", "operator": null, "district_name": "Uchtepa district", "district_assignment": "within" }, "geometry": { "type": "Point", "coordinates": [ 69.1645633, 41.2836315 ] } },
{ "type": "Feature", "properties": { "osm_element": "node", "osm_id": 11927043346, "name": "Qorasuv boshqarish jamoa xo'jaligi", "name_ru": "Коллективное хозяйство Карасу", "highway": "bus_stop", "public_transport": "stop_position", "bus": "yes", "stop_role": "platform", "operator": null, "district_name": "Sergeli district", "district_assignment": "within" }, "geometry": { "type": "Point", "coordinates": [ 69.2664737, 41.2250878 ] } },
{ "type": "Feature", "properties": { "osm_element": "node", "osm_id": 11927064614, "name": "Quruvchi metro mekati", "name_ru": "Станция метро Курувчи", "highway": "bus_stop", "public_transport": "stop_position", "bus": "yes", "stop_role": "platform", "operator": null, "district_name": "Sergeli district", "district_assignment": "within" }, "geometry": { "type": "Point", "coordinates": [ 69.2584983, 41.2197952 ] } },
{ "type": "Feature", "properties": { "osm_element": "node", "osm_id": 11930725062, "name": "Somonbozor", "name_ru": "Саманный рынок", "highway": "bus_stop", "public_transport": "stop_position", "bus": "yes", "stop_role": "platform", "operator": null, "district_name": "Bektemir district", "district_assignment": "within" }, "geometry": { "type": "Point", "coordinates": [ 69.3225262, 41.2374876 ] } },
{ "type": "Feature", "properties": { "osm_element": "node", "osm_id": 11930725091, "name": "Matonat metrosi", "name_ru": "Станция метро \"Матонат\"", "highway": "bus_stop", "public_transport": "stop_position", "bus": "yes", "stop_role": "platform", "operator": null, "district_name": "Mirabad district", "district_assignment": "within" }, "geometry": { "type": "Point", "coordinates": [ 69.3111375, 41.2441739 ] } },
{ "type": "Feature", "properties": { "osm_element": "node", "osm_id": 11932066056, "name": "Hasanboy koʻchasi", "name_ru": "Улица Хасанбой", "highway": "bus_stop", "public_transport": "stop_position", "bus": "yes", "stop_role": "platform", "operator": null, "district_name": "Yunusabad district", "district_assignment": "within" }, "geometry": { "type": "Point", "coordinates": [ 69.2603678, 41.3973578 ] } },
{ "type": "Feature", "properties": { "osm_element": "node", "osm_id": 11932146984, "name": "Al-Xorazmiy dahasi", "name_ru": "Массив \"Аль-Хорезми\"", "highway": "bus_stop", "public_transport": "stop_position", "bus": "yes", "stop_role": "platform", "operator": null, "district_name": "Uchtepa district", "district_assignment": "within" }, "geometry": { "type": "Point", "coordinates": [ 69.1487528, 41.2614342 ] } },
{ "type": "Feature", "properties": { "osm_element": "node", "osm_id": 11937582282, "name": "Geofizika shaharchasi", "name_ru": "Квартал \"Геофизика\"", "highway": "bus_stop", "public_transport": "stop_position", "bus": "yes", "stop_role": "platform", "operator": null, "district_name": "Yashnabad district", "district_assignment": "within" }, "geometry": { "type": "Point", "coordinates": [ 69.3879952, 41.3382116 ] } },
{ "type": "Feature", "properties": { "osm_element": "node", "osm_id": 11938314178, "name": "Hayvonot bog'i", "name_ru": "Зоопарк", "highway": "bus_stop", "public_transport": "stop_position", "bus": "yes", "stop_role": "platform", "operator": null, "district_name": "Yunusabad district", "district_assignment": "within" }, "geometry": { "type": "Point", "coordinates": [ 69.3093478, 41.3446538 ] } },
{ "type": "Feature", "properties": { "osm_element": "node", "osm_id": 11938314183, "name": "Botanika bog'i", "name_ru": "Ботанический сад", "highway": "bus_stop", "public_transport": "stop_position", "bus": "yes", "stop_role": "platform", "operator": null, "district_name": "Yunusabad district", "district_assignment": "within" }, "geometry": { "type": "Point", "coordinates": [ 69.3146319, 41.3474864 ] } },
{ "type": "Feature", "properties": { "osm_element": "node", "osm_id": 11963965993, "name": "Qo‘yliq buyum bozori", "name_ru": "Вещевой рынок \"Куйлюк\"", "highway": "bus_stop", "public_transport": "stop_position", "bus": "yes", "stop_role": "platform", "operator": null, "district_name": "Bektemir district", "district_assignment": "within" }, "geometry": { "type": "Point", "coordinates": [ 69.3326635, 41.2385681 ] } },
{ "type": "Feature", "properties": { "osm_element": "node", "osm_id": 11973878178, "name": "Jahon iqtisodiyoti va diplomatiya universiteti", "name_ru": "Институт экономики и дипломаnии", "highway": "bus_stop", "public_transport": "stop_position", "bus": "yes", "stop_role": "platform", "operator": null, "district_name": "Mirzo Ulugbek district", "district_assignment": "within" }, "geometry": { "type": "Point", "coordinates": [ 69.3235295, 41.3253225 ] } },
{ "type": "Feature", "properties": { "osm_element": "node", "osm_id": 11980521288, "name": "Abdulla Qodiriy bogʻi", "name_ru": "Мечеть", "highway": "bus_stop", "public_transport": "stop_position", "bus": "yes", "stop_role": "platform", "operator": null, "district_name": "Almazar district", "district_assignment": "within" }, "geometry": { "type": "Point", "coordinates": [ 69.2437656, 41.3306474 ] } },
{ "type": "Feature", "properties": { "osm_element": "node", "osm_id": 11980521313, "name": "Abdulla Qodiriy bogʻi", "name_ru": "Мечеть", "highway": "bus_stop", "public_transport": "stop_position", "bus": "yes", "stop_role": "platform", "operator": null, "district_name": "Almazar district", "district_assignment": "within" }, "geometry": { "type": "Point", "coordinates": [ 69.2419786, 41.3308752 ] } },
{ "type": "Feature", "properties": { "osm_element": "node", "osm_id": 12087938902, "name": "Yangizamon ko'chasi", "name_ru": "Улица Янгизамон", "highway": "bus_stop", "public_transport": "stop_position", "bus": "yes", "stop_role": "platform", "operator": null, "district_name": "Mirabad district", "district_assignment": "within" }, "geometry": { "type": "Point", "coordinates": [ 69.2865283, 41.2711444 ] } },
{ "type": "Feature", "properties": { "osm_element": "node", "osm_id": 12092272875, "name": "Oltinko'l 2-tor ko'chasi", "name_ru": "2-й Алтынкульский проезд", "highway": "bus_stop", "public_transport": "stop_position", "bus": "yes", "stop_role": "platform", "operator": null, "district_name": "Mirabad district", "district_assignment": "within" }, "geometry": { "type": "Point", "coordinates": [ 69.3057057, 41.2714668 ] } },
{ "type": "Feature", "properties": { "osm_element": "node", "osm_id": 12129004221, "name": "Ekspeditsiya", "name_ru": "Экспедиция", "highway": "bus_stop", "public_transport": "stop_position", "bus": "yes", "stop_role": "platform", "operator": null, "district_name": "Yashnabad district", "district_assignment": "within" }, "geometry": { "type": "Point", "coordinates": [ 69.3165246, 41.2755127 ] } },
{ "type": "Feature", "properties": { "osm_element": "node", "osm_id": 12132792898, "name": "Mexanik zavod", "name_ru": "Механический завод", "highway": "bus_stop", "public_transport": "stop_position", "bus": "yes", "stop_role": "platform", "operator": null, "district_name": "Yashnabad district", "district_assignment": "within" }, "geometry": { "type": "Point", "coordinates": [ 69.3328927, 41.296793 ] } },
{ "type": "Feature", "properties": { "osm_element": "node", "osm_id": 12138274496, "name": "Birlik dahasi", "name_ru": "Массив Бирлик", "highway": "bus_stop", "public_transport": "stop_position", "bus": "yes", "stop_role": "platform", "operator": null, "district_name": "Uchtepa district", "district_assignment": "within" }, "geometry": { "type": "Point", "coordinates": [ 69.1596785, 41.2954671 ] } },
{ "type": "Feature", "properties": { "osm_element": "node", "osm_id": 12154024158, "name": "DSK 1", "name_ru": "ДСК-1", "highway": "bus_stop", "public_transport": "stop_position", "bus": "yes", "stop_role": "platform", "operator": null, "district_name": "Yashnabad district", "district_assignment": "within" }, "geometry": { "type": "Point", "coordinates": [ 69.3446586, 41.2518619 ] } },
{ "type": "Feature", "properties": { "osm_element": "node", "osm_id": 12175853156, "name": "Shohsanam ko'chasi", "name_ru": "Улица Шохсанам", "highway": "bus_stop", "public_transport": "stop_position", "bus": "yes", "stop_role": "platform", "operator": null, "district_name": "Yashnabad district", "district_assignment": "within" }, "geometry": { "type": "Point", "coordinates": [ 69.3665076, 41.2689713 ] } },
{ "type": "Feature", "properties": { "osm_element": "node", "osm_id": 12177187286, "name": "Sergeli-6А dahasi", "name_ru": "Массив \"Сергели\" - 6А", "highway": "bus_stop", "public_transport": "stop_position", "bus": "yes", "stop_role": "platform", "operator": null, "district_name": "Sergeli district", "district_assignment": "within" }, "geometry": { "type": "Point", "coordinates": [ 69.2085528, 41.232149 ] } },
{ "type": "Feature", "properties": { "osm_element": "node", "osm_id": 12177187291, "name": "Sergeli-6А dahasi", "name_ru": "Массив \"Сергели\" - 6А", "highway": "bus_stop", "public_transport": "stop_position", "bus": "yes", "stop_role": "platform", "operator": null, "district_name": "Sergeli district", "district_assignment": "within" }, "geometry": { "type": "Point", "coordinates": [ 69.2086451, 41.2322127 ] } },
{ "type": "Feature", "properties": { "osm_element": "node", "osm_id": 12232063951, "name": "Shastri koʻchasi", "name_ru": "Улица Шастри", "highway": "bus_stop", "public_transport": "stop_position", "bus": "yes", "stop_role": "platform", "operator": null, "district_name": "Mirzo Ulugbek district", "district_assignment": "within" }, "geometry": { "type": "Point", "coordinates": [ 69.2918275, 41.311383 ] } },
{ "type": "Feature", "properties": { "osm_element": "node", "osm_id": 12232084301, "name": "145-sonli maktab", "name_ru": "Школа №145", "highway": "bus_stop", "public_transport": "stop_position", "bus": "yes", "stop_role": "platform", "operator": null, "district_name": "Mirabad district", "district_assignment": "within" }, "geometry": { "type": "Point", "coordinates": [ 69.2871602, 41.3028465 ] } },
{ "type": "Feature", "properties": { "osm_element": "node", "osm_id": 12232084302, "name": "145 Maktab", "name_ru": "Школа №145", "highway": "bus_stop", "public_transport": "stop_position", "bus": "yes", "stop_role": "platform", "operator": null, "district_name": "Mirabad district", "district_assignment": "boundary_nearest" }, "geometry": { "type": "Point", "coordinates": [ 69.2880984, 41.3026717 ] } },
{ "type": "Feature", "properties": { "osm_element": "node", "osm_id": 12232084303, "name": "145 Maktab", "name_ru": "Школа 145", "highway": "bus_stop", "public_transport": "stop_position", "bus": "yes", "stop_role": "platform", "operator": null, "district_name": "Yashnabad district", "district_assignment": "within" }, "geometry": { "type": "Point", "coordinates": [ 69.2882159, 41.3035272 ] } },
{ "type": "Feature", "properties": { "osm_element": "node", "osm_id": 12232476885, "name": "Ипподром", "name_ru": "Ипподром", "highway": "bus_stop", "public_transport": "platform", "bus": "yes", "stop_role": "platform", "operator": null, "district_name": "Chilanzar district", "district_assignment": "within" }, "geometry": { "type": "Point", "coordinates": [ 69.1735878, 41.2448116 ] } },
{ "type": "Feature", "properties": { "osm_element": "node", "osm_id": 12232476896, "name": "Chilonzor buyum bozori", "name_ru": "Вещевой рынок \"Чиланзар\"", "highway": "bus_stop", "public_transport": "stop_position", "bus": "yes", "stop_role": "platform", "operator": null, "district_name": "Chilanzar district", "district_assignment": "within" }, "geometry": { "type": "Point", "coordinates": [ 69.1724592, 41.2428079 ] } },
{ "type": "Feature", "properties": { "osm_element": "node", "osm_id": 12247798901, "name": "Chinni bozori", "name_ru": "Чинни рынок", "highway": "bus_stop", "public_transport": "stop_position", "bus": "yes", "stop_role": "platform", "operator": null, "district_name": "Chilanzar district", "district_assignment": "within" }, "geometry": { "type": "Point", "coordinates": [ 69.1659101, 41.2458515 ] } },
{ "type": "Feature", "properties": { "osm_element": "node", "osm_id": 12257188282, "name": "Doʻkon", "name_ru": "Магазин", "highway": "bus_stop", "public_transport": "stop_position", "bus": "yes", "stop_role": "platform", "operator": null, "district_name": "Uchtepa district", "district_assignment": "within" }, "geometry": { "type": "Point", "coordinates": [ 69.1473326, 41.2714905 ] } },
{ "type": "Feature", "properties": { "osm_element": "node", "osm_id": 12359985381, "name": "Rakat koʻchasi", "name_ru": "Улица Ракат", "highway": "bus_stop", "public_transport": "stop_position", "bus": "yes", "stop_role": "platform", "operator": null, "district_name": "Yakkasaray district", "district_assignment": "within" }, "geometry": { "type": "Point", "coordinates": [ 69.2433583, 41.2868316 ] } },
{ "type": "Feature", "properties": { "osm_element": "node", "osm_id": 12359985382, "name": "Rakat koʻchasi", "name_ru": "Улица Ракат", "highway": "bus_stop", "public_transport": "stop_position", "bus": "yes", "stop_role": "platform", "operator": null, "district_name": "Yakkasaray district", "district_assignment": "within" }, "geometry": { "type": "Point", "coordinates": [ 69.2429387, 41.2876083 ] } },
{ "type": "Feature", "properties": { "osm_element": "node", "osm_id": 12513018715, "name": "Mevazor ko'chasi", "name_ru": "Махалля \"Мевазор\"", "highway": "bus_stop", "public_transport": "stop_position", "bus": "yes", "stop_role": "platform", "operator": null, "district_name": "Almazar district", "district_assignment": "within" }, "geometry": { "type": "Point", "coordinates": [ 69.2251919, 41.3697814 ] } },
{ "type": "Feature", "properties": { "osm_element": "node", "osm_id": 12526832640, "name": "Mexanizatsiya avtojamlanmasi", "name_ru": "Гостиничное хозяйство", "highway": "bus_stop", "public_transport": "stop_position", "bus": "yes", "stop_role": "platform", "operator": null, "district_name": "Almazar district", "district_assignment": "within" }, "geometry": { "type": "Point", "coordinates": [ 69.2240941, 41.3748442 ] } },
{ "type": "Feature", "properties": { "osm_element": "node", "osm_id": 12526832694, "name": null, "name_ru": null, "highway": "bus_stop", "public_transport": "stop_position", "bus": "yes", "stop_role": "platform", "operator": null, "district_name": "Almazar district", "district_assignment": "within" }, "geometry": { "type": "Point", "coordinates": [ 69.2158798, 41.3831757 ] } },
{ "type": "Feature", "properties": { "osm_element": "node", "osm_id": 12536377128, "name": null, "name_ru": null, "highway": "bus_stop", "public_transport": "platform", "bus": "yes", "stop_role": "platform", "operator": null, "district_name": "Almazar district", "district_assignment": "within" }, "geometry": { "type": "Point", "coordinates": [ 69.2113341, 41.3585957 ] } },
{ "type": "Feature", "properties": { "osm_element": "node", "osm_id": 12542983998, "name": "Улица Зухры", "name_ru": "Улица Зухры", "highway": "bus_stop", "public_transport": "stop_position", "bus": "yes", "stop_role": "platform", "operator": null, "district_name": "Chilanzar district", "district_assignment": "within" }, "geometry": { "type": "Point", "coordinates": [ 69.2228557, 41.3019293 ] } },
{ "type": "Feature", "properties": { "osm_element": "node", "osm_id": 12542986782, "name": "Улица Шарк Тонги", "name_ru": "Улица Шарк Тонги", "highway": "bus_stop", "public_transport": "stop_position", "bus": "yes", "stop_role": "platform", "operator": null, "district_name": "Chilanzar district", "district_assignment": "within" }, "geometry": { "type": "Point", "coordinates": [ 69.2284733, 41.3003236 ] } },
{ "type": "Feature", "properties": { "osm_element": "node", "osm_id": 12691585945, "name": "Furqat bog'i", "name_ru": "Парк Фурката", "highway": "bus_stop", "public_transport": "stop_position", "bus": "yes", "stop_role": "platform", "operator": null, "district_name": "Mirabad district", "district_assignment": "within" }, "geometry": { "type": "Point", "coordinates": [ 69.2997718, 41.2747488 ] } },
{ "type": "Feature", "properties": { "osm_element": "node", "osm_id": 12691585946, "name": "Furqat bog'i", "name_ru": "Парк Фурката", "highway": "bus_stop", "public_transport": "stop_position", "bus": "yes", "stop_role": "platform", "operator": null, "district_name": "Mirabad district", "district_assignment": "within" }, "geometry": { "type": "Point", "coordinates": [ 69.299918, 41.2754021 ] } },
{ "type": "Feature", "properties": { "osm_element": "node", "osm_id": 12694732102, "name": "Elektroapparat", "name_ru": "Электроаппарат", "highway": "bus_stop", "public_transport": "stop_position", "bus": "yes", "stop_role": "platform", "operator": null, "district_name": "Mirabad district", "district_assignment": "within" }, "geometry": { "type": "Point", "coordinates": [ 69.3051928, 41.2791157 ] } },
{ "type": "Feature", "properties": { "osm_element": "node", "osm_id": 12717605168, "name": "To'qimachilik instituti", "name_ru": "Текстильный институт", "highway": "bus_stop", "public_transport": "stop_position", "bus": "yes", "stop_role": "platform", "operator": null, "district_name": "Yakkasaray district", "district_assignment": "within" }, "geometry": { "type": "Point", "coordinates": [ 69.2432807, 41.2839935 ] } },
{ "type": "Feature", "properties": { "osm_element": "node", "osm_id": 12717605169, "name": "144-sonli maktab", "name_ru": "Школа 144", "highway": "bus_stop", "public_transport": "stop_position", "bus": "yes", "stop_role": "platform", "operator": null, "district_name": "Yakkasaray district", "district_assignment": "within" }, "geometry": { "type": "Point", "coordinates": [ 69.2399157, 41.2831886 ] } },
{ "type": "Feature", "properties": { "osm_element": "node", "osm_id": 12723445304, "name": "Farhod yarmarkasi", "name_ru": "Ярмарка", "highway": "bus_stop", "public_transport": "stop_position", "bus": "yes", "stop_role": "platform", "operator": null, "district_name": "Uchtepa district", "district_assignment": "within" }, "geometry": { "type": "Point", "coordinates": [ 69.1911124, 41.2829697 ] } },
{ "type": "Feature", "properties": { "osm_element": "node", "osm_id": 12726946696, "name": "Yunusobod Metro stansiyasi", "name_ru": "Станция метро Юнусабад", "highway": "bus_stop", "public_transport": "stop_position", "bus": "yes", "stop_role": "platform", "operator": null, "district_name": "Yunusabad district", "district_assignment": "within" }, "geometry": { "type": "Point", "coordinates": [ 69.2927097, 41.3669204 ] } },
{ "type": "Feature", "properties": { "osm_element": "node", "osm_id": 12741778896, "name": "Chorsu bozori", "name_ru": "Рынок Чорсу", "highway": "bus_stop", "public_transport": "stop_position", "bus": "yes", "stop_role": "platform", "operator": null, "district_name": "Shaykhantakhur district", "district_assignment": "within" }, "geometry": { "type": "Point", "coordinates": [ 69.231239, 41.3247478 ] } },
{ "type": "Feature", "properties": { "osm_element": "node", "osm_id": 12861744816, "name": "Bozor", "name_ru": "Рынок (Дубовая)", "highway": "bus_stop", "public_transport": "stop_position", "bus": "yes", "stop_role": "platform", "operator": null, "district_name": "Yashnabad district", "district_assignment": "within" }, "geometry": { "type": "Point", "coordinates": [ 69.3349267, 41.2954897 ] } },
{ "type": "Feature", "properties": { "osm_element": "node", "osm_id": 12869232698, "name": "Asalobod mahallasi", "name_ru": "Массив \"Асалабад\"", "highway": "bus_stop", "public_transport": "stop_position", "bus": "yes", "stop_role": "platform", "operator": null, "district_name": "Yashnabad district", "district_assignment": "within" }, "geometry": { "type": "Point", "coordinates": [ 69.3405168, 41.2834174 ] } },
{ "type": "Feature", "properties": { "osm_element": "node", "osm_id": 12882477503, "name": "Do'stlik ko`chasi", "name_ru": "Улица Дустлик", "highway": "bus_stop", "public_transport": "stop_position", "bus": "yes", "stop_role": "platform", "operator": null, "district_name": "Mirzo Ulugbek district", "district_assignment": "within" }, "geometry": { "type": "Point", "coordinates": [ 69.3803558, 41.3402047 ] } },
{ "type": "Feature", "properties": { "osm_element": "node", "osm_id": 12919449374, "name": "Yangi Turmush mahallasi", "name_ru": "Массив \"Янги Турмуш\"", "highway": "bus_stop", "public_transport": "stop_position", "bus": "yes", "stop_role": "platform", "operator": null, "district_name": "Yangikhayot district", "district_assignment": "within" }, "geometry": { "type": "Point", "coordinates": [ 69.2021374, 41.220131 ] } },
{ "type": "Feature", "properties": { "osm_element": "node", "osm_id": 12966249682, "name": null, "name_ru": null, "highway": "bus_stop", "public_transport": "platform", "bus": "yes", "stop_role": "platform", "operator": null, "district_name": "Chilanzar district", "district_assignment": "within" }, "geometry": { "type": "Point", "coordinates": [ 69.2342335, 41.2926989 ] } },
{ "type": "Feature", "properties": { "osm_element": "node", "osm_id": 12966288902, "name": "Eski Chilonzor Koʻchasi", "name_ru": null, "highway": "bus_stop", "public_transport": "platform", "bus": "yes", "stop_role": "platform", "operator": null, "district_name": "Chilanzar district", "district_assignment": "within" }, "geometry": { "type": "Point", "coordinates": [ 69.2316868, 41.2903948 ] } },
{ "type": "Feature", "properties": { "osm_element": "node", "osm_id": 12968755798, "name": "\"Kinostudiya\" Bekati", "name_ru": null, "highway": "bus_stop", "public_transport": "platform", "bus": "yes", "stop_role": "platform", "operator": null, "district_name": "Chilanzar district", "district_assignment": "within" }, "geometry": { "type": "Point", "coordinates": [ 69.2358899, 41.2944906 ] } },
{ "type": "Feature", "properties": { "osm_element": "node", "osm_id": 12968763290, "name": null, "name_ru": null, "highway": "bus_stop", "public_transport": "platform", "bus": "yes", "stop_role": "platform", "operator": null, "district_name": "Chilanzar district", "district_assignment": "within" }, "geometry": { "type": "Point", "coordinates": [ 69.2304848, 41.2891367 ] } },
{ "type": "Feature", "properties": { "osm_element": "node", "osm_id": 12968785276, "name": "Sut Mahsulotlari Kombinati", "name_ru": null, "highway": "bus_stop", "public_transport": "platform", "bus": "yes", "stop_role": "platform", "operator": null, "district_name": "Chilanzar district", "district_assignment": "within" }, "geometry": { "type": "Point", "coordinates": [ 69.2333595, 41.2916483 ] } },
{ "type": "Feature", "properties": { "osm_element": "node", "osm_id": 12968797305, "name": "Oʻzbekfilm Kinostudiyasi", "name_ru": null, "highway": "bus_stop", "public_transport": "platform", "bus": "yes", "stop_role": "platform", "operator": null, "district_name": "Chilanzar district", "district_assignment": "within" }, "geometry": { "type": "Point", "coordinates": [ 69.2356065, 41.294315 ] } },
{ "type": "Feature", "properties": { "osm_element": "node", "osm_id": 12978244907, "name": null, "name_ru": null, "highway": "bus_stop", "public_transport": "platform", "bus": "yes", "stop_role": "platform", "operator": null, "district_name": "Yakkasaray district", "district_assignment": "within" }, "geometry": { "type": "Point", "coordinates": [ 69.2536069, 41.2940855 ] } },
{ "type": "Feature", "properties": { "osm_element": "node", "osm_id": 12990102453, "name": "Choshtepa metro bekati", "name_ru": "Станция метро \"Чаштепа\"", "highway": "bus_stop", "public_transport": "stop_position", "bus": "yes", "stop_role": "platform", "operator": null, "district_name": "Yangikhayot district", "district_assignment": "within" }, "geometry": { "type": "Point", "coordinates": [ 69.1947026, 41.2395547 ] } },
{ "type": "Feature", "properties": { "osm_element": "node", "osm_id": 13005441035, "name": "Mexanizatsiya avtojamlanmasi", "name_ru": "Гостиничное хозяйство", "highway": "bus_stop", "public_transport": "stop_position", "bus": "yes", "stop_role": "platform", "operator": null, "district_name": "Almazar district", "district_assignment": "within" }, "geometry": { "type": "Point", "coordinates": [ 69.2241963, 41.3743374 ] } },
{ "type": "Feature", "properties": { "osm_element": "node", "osm_id": 13038000892, "name": "Qoʻyliq-Markaz-1 avto shoh bekati", "name_ru": null, "highway": "bus_stop", "public_transport": "stop_position", "bus": "yes", "stop_role": "platform", "operator": null, "district_name": "Bektemir district", "district_assignment": "within" }, "geometry": { "type": "Point", "coordinates": [ 69.3273366, 41.237332 ] } },
{ "type": "Feature", "properties": { "osm_element": "node", "osm_id": 13120718948, "name": null, "name_ru": null, "highway": "bus_stop", "public_transport": null, "bus": null, "stop_role": "platform", "operator": null, "district_name": "Shaykhantakhur district", "district_assignment": "within" }, "geometry": { "type": "Point", "coordinates": [ 69.2649043, 41.3249304 ] } },
{ "type": "Feature", "properties": { "osm_element": "node", "osm_id": 13149270521, "name": null, "name_ru": null, "highway": "bus_stop", "public_transport": null, "bus": null, "stop_role": "platform", "operator": null, "district_name": "Almazar district", "district_assignment": "within" }, "geometry": { "type": "Point", "coordinates": [ 69.1988753, 41.3692633 ] } },
{ "type": "Feature", "properties": { "osm_element": "node", "osm_id": 13161613436, "name": "Eshonguzar bozori", "name_ru": "Рынок \"Эшангузар\"", "highway": "bus_stop", "public_transport": "stop_position", "bus": "yes", "stop_role": "platform", "operator": null, "district_name": "Chilanzar district", "district_assignment": "within" }, "geometry": { "type": "Point", "coordinates": [ 69.1566174, 41.25575 ] } },
{ "type": "Feature", "properties": { "osm_element": "node", "osm_id": 13161806531, "name": null, "name_ru": null, "highway": "bus_stop", "public_transport": null, "bus": null, "stop_role": "platform", "operator": null, "district_name": "Yunusabad district", "district_assignment": "within" }, "geometry": { "type": "Point", "coordinates": [ 69.2878854, 41.3759612 ] } },
{ "type": "Feature", "properties": { "osm_element": "node", "osm_id": 13181503831, "name": "Chilonzor dahasi 7-mavze", "name_ru": "Массив \"Чиланзар\", квартал 7", "highway": "bus_stop", "public_transport": "stop_position", "bus": "yes", "stop_role": "platform", "operator": null, "district_name": "Chilanzar district", "district_assignment": "within" }, "geometry": { "type": "Point", "coordinates": [ 69.2057005, 41.2975655 ] } },
{ "type": "Feature", "properties": { "osm_element": "node", "osm_id": 13246595151, "name": "Moskva uylari", "name_ru": "Московские дома", "highway": "bus_stop", "public_transport": "stop_position", "bus": "yes", "stop_role": "platform", "operator": null, "district_name": "Uchtepa district", "district_assignment": "within" }, "geometry": { "type": "Point", "coordinates": [ 69.1848941, 41.2982893 ] } },
{ "type": "Feature", "properties": { "osm_element": "node", "osm_id": 13246595152, "name": "Moskva uylari", "name_ru": "Московские дома", "highway": "bus_stop", "public_transport": "stop_position", "bus": "yes", "stop_role": "platform", "operator": null, "district_name": "Uchtepa district", "district_assignment": "within" }, "geometry": { "type": "Point", "coordinates": [ 69.1840555, 41.2982387 ] } },
{ "type": "Feature", "properties": { "osm_element": "node", "osm_id": 13246595173, "name": "Tez yordam shifoxonasi", "name_ru": "Больница скорой помощи", "highway": "bus_stop", "public_transport": "stop_position", "bus": "yes", "stop_role": "platform", "operator": null, "district_name": "Uchtepa district", "district_assignment": "within" }, "geometry": { "type": "Point", "coordinates": [ 69.1881824, 41.2985068 ] } },
{ "type": "Feature", "properties": { "osm_element": "node", "osm_id": 13246609557, "name": null, "name_ru": "Школа-интернат", "highway": "bus_stop", "public_transport": "stop_position", "bus": "yes", "stop_role": "platform", "operator": null, "district_name": "Uchtepa district", "district_assignment": "within" }, "geometry": { "type": "Point", "coordinates": [ 69.1929065, 41.2979118 ] } },
{ "type": "Feature", "properties": { "osm_element": "node", "osm_id": 13260345332, "name": "Eski Juva bozori", "name_ru": "Рынок \"Эски Джува\"", "highway": "bus_stop", "public_transport": "stop_position", "bus": "yes", "stop_role": "platform", "operator": null, "district_name": "Almazar district", "district_assignment": "within" }, "geometry": { "type": "Point", "coordinates": [ 69.2352145, 41.3286741 ] } },
{ "type": "Feature", "properties": { "osm_element": "node", "osm_id": 13264804435, "name": null, "name_ru": null, "highway": "bus_stop", "public_transport": "platform", "bus": null, "stop_role": "platform", "operator": null, "district_name": "Yangikhayot district", "district_assignment": "within" }, "geometry": { "type": "Point", "coordinates": [ 69.2408931, 41.1931624 ] } },
{ "type": "Feature", "properties": { "osm_element": "node", "osm_id": 13289712831, "name": "Sag'bon ko'chasi", "name_ru": "Улица Сагбан", "highway": "bus_stop", "public_transport": "stop_position", "bus": "yes", "stop_role": "platform", "operator": null, "district_name": "Almazar district", "district_assignment": "within" }, "geometry": { "type": "Point", "coordinates": [ 69.2318043, 41.3411444 ] } },
{ "type": "Feature", "properties": { "osm_element": "node", "osm_id": 13289712869, "name": "Sariqsuv ko'chasi", "name_ru": "Улица Сариксув", "highway": "bus_stop", "public_transport": "stop_position", "bus": "yes", "stop_role": "platform", "operator": null, "district_name": "Almazar district", "district_assignment": "within" }, "geometry": { "type": "Point", "coordinates": [ 69.2364763, 41.3418233 ] } },
{ "type": "Feature", "properties": { "osm_element": "node", "osm_id": 13289848067, "name": "21-sonli poliklinika", "name_ru": "Поликлиника 21", "highway": "bus_stop", "public_transport": "stop_position", "bus": "yes", "stop_role": "platform", "operator": null, "district_name": "Almazar district", "district_assignment": "within" }, "geometry": { "type": "Point", "coordinates": [ 69.2572775, 41.3423299 ] } },
{ "type": "Feature", "properties": { "osm_element": "node", "osm_id": 13289848071, "name": "21-sonli poliklinika", "name_ru": "Поликлиника 21", "highway": "bus_stop", "public_transport": "stop_position", "bus": "yes", "stop_role": "platform", "operator": null, "district_name": "Almazar district", "district_assignment": "within" }, "geometry": { "type": "Point", "coordinates": [ 69.2574948, 41.3428994 ] } },
{ "type": "Feature", "properties": { "osm_element": "node", "osm_id": 13293590193, "name": "Gastronom", "name_ru": "Гастроном", "highway": "bus_stop", "public_transport": "stop_position", "bus": "yes", "stop_role": "platform", "operator": null, "district_name": "Yashnabad district", "district_assignment": "within" }, "geometry": { "type": "Point", "coordinates": [ 69.3512366, 41.2736606 ] } },
{ "type": "Feature", "properties": { "osm_element": "node", "osm_id": 13297033788, "name": "AYoQSh", "name_ru": "АЗС", "highway": "bus_stop", "public_transport": "platform", "bus": null, "stop_role": "platform", "operator": null, "district_name": "Sergeli district", "district_assignment": "within" }, "geometry": { "type": "Point", "coordinates": [ 69.2490093, 41.2542129 ] } },
{ "type": "Feature", "properties": { "osm_element": "node", "osm_id": 13297033795, "name": "237-sonli maktab", "name_ru": "Школа №237", "highway": "bus_stop", "public_transport": "platform", "bus": "yes", "stop_role": "platform", "operator": null, "district_name": "Sergeli district", "district_assignment": "within" }, "geometry": { "type": "Point", "coordinates": [ 69.2537382, 41.2610485 ] } },
{ "type": "Feature", "properties": { "osm_element": "node", "osm_id": 13297033798, "name": "Marg'ilon ko'chasi", "name_ru": "Улица Маргилан", "highway": "bus_stop", "public_transport": "stop_position", "bus": "yes", "stop_role": "platform", "operator": null, "district_name": "Sergeli district", "district_assignment": "within" }, "geometry": { "type": "Point", "coordinates": [ 69.2672776, 41.2671199 ] } },
{ "type": "Feature", "properties": { "osm_element": "node", "osm_id": 13297153503, "name": "Saodat savdo markazi", "name_ru": "Торговый центр \"Саодат\"", "highway": "bus_stop", "public_transport": "stop_position", "bus": "yes", "stop_role": "platform", "operator": null, "district_name": "Yakkasaray district", "district_assignment": "within" }, "geometry": { "type": "Point", "coordinates": [ 69.2539391, 41.2844276 ] } },
{ "type": "Feature", "properties": { "osm_element": "node", "osm_id": 13297153517, "name": "Aloqa ko‘chasi", "name_ru": "Улица Алока", "highway": "bus_stop", "public_transport": "platform", "bus": null, "stop_role": "platform", "operator": null, "district_name": "Shaykhantakhur district", "district_assignment": "within" }, "geometry": { "type": "Point", "coordinates": [ 69.2142722, 41.3348515 ] } },
{ "type": "Feature", "properties": { "osm_element": "node", "osm_id": 13297153518, "name": "Tinchlik ko‘chasi", "name_ru": "Улица Тинчлик", "highway": "bus_stop", "public_transport": "platform", "bus": "yes", "stop_role": "platform", "operator": null, "district_name": "Shaykhantakhur district", "district_assignment": "within" }, "geometry": { "type": "Point", "coordinates": [ 69.2107644, 41.3369711 ] } },
{ "type": "Feature", "properties": { "osm_element": "node", "osm_id": 13297153555, "name": "Turar joy", "name_ru": "Желищное хозяйство", "highway": "bus_stop", "public_transport": "platform", "bus": null, "stop_role": "platform", "operator": null, "district_name": "Shaykhantakhur district", "district_assignment": "within" }, "geometry": { "type": "Point", "coordinates": [ 69.1652535, 41.3434143 ] } },
{ "type": "Feature", "properties": { "osm_element": "node", "osm_id": 13297153594, "name": "Marg'ilon ko'chasi", "name_ru": "Улица Маргилан", "highway": "bus_stop", "public_transport": "stop_position", "bus": "yes", "stop_role": "platform", "operator": null, "district_name": "Sergeli district", "district_assignment": "within" }, "geometry": { "type": "Point", "coordinates": [ 69.2670111, 41.2673276 ] } },
{ "type": "Feature", "properties": { "osm_element": "node", "osm_id": 13299450368, "name": null, "name_ru": "Улица Орифхон", "highway": "bus_stop", "public_transport": "platform", "bus": null, "stop_role": "platform", "operator": null, "district_name": "Shaykhantakhur district", "district_assignment": "within" }, "geometry": { "type": "Point", "coordinates": [ 69.2044017, 41.3202138 ] } },
{ "type": "Feature", "properties": { "osm_element": "node", "osm_id": 13299450369, "name": null, "name_ru": "3-й проезд Аклан", "highway": "bus_stop", "public_transport": "platform", "bus": null, "stop_role": "platform", "operator": null, "district_name": "Shaykhantakhur district", "district_assignment": "within" }, "geometry": { "type": "Point", "coordinates": [ 69.2048872, 41.3166764 ] } },
{ "type": "Feature", "properties": { "osm_element": "node", "osm_id": 13299450371, "name": null, "name_ru": "Махалля Кукча Аклан", "highway": "bus_stop", "public_transport": "platform", "bus": null, "stop_role": "platform", "operator": null, "district_name": "Shaykhantakhur district", "district_assignment": "within" }, "geometry": { "type": "Point", "coordinates": [ 69.2074513, 41.3136686 ] } },
{ "type": "Feature", "properties": { "osm_element": "node", "osm_id": 13299450379, "name": null, "name_ru": "Школа-интернат", "highway": "bus_stop", "public_transport": "platform", "bus": null, "stop_role": "platform", "operator": null, "district_name": "Shaykhantakhur district", "district_assignment": "within" }, "geometry": { "type": "Point", "coordinates": [ 69.214244, 41.3170833 ] } },
{ "type": "Feature", "properties": { "osm_element": "node", "osm_id": 13299450380, "name": "Fuzuli ko`chasi", "name_ru": "Улица Фузулий", "highway": "bus_stop", "public_transport": "platform", "bus": null, "stop_role": "platform", "operator": null, "district_name": "Shaykhantakhur district", "district_assignment": "within" }, "geometry": { "type": "Point", "coordinates": [ 69.2141998, 41.319065 ] } },
{ "type": "Feature", "properties": { "osm_element": "node", "osm_id": 13299450383, "name": null, "name_ru": "Улица Кукча Дарвоза", "highway": "bus_stop", "public_transport": "platform", "bus": null, "stop_role": "platform", "operator": null, "district_name": "Shaykhantakhur district", "district_assignment": "within" }, "geometry": { "type": "Point", "coordinates": [ 69.2141505, 41.3216231 ] } },
{ "type": "Feature", "properties": { "osm_element": "node", "osm_id": 13299450393, "name": "Chorsu mavzesi", "name_ru": "Массив Чорсу", "highway": "bus_stop", "public_transport": "stop_position", "bus": "yes", "stop_role": "platform", "operator": null, "district_name": "Shaykhantakhur district", "district_assignment": "within" }, "geometry": { "type": "Point", "coordinates": [ 69.2330705, 41.3195476 ] } },
{ "type": "Feature", "properties": { "osm_element": "node", "osm_id": 13299450394, "name": "Chorsu savdo markazi", "name_ru": "Торговый центр \"Чорсу\"", "highway": "bus_stop", "public_transport": "stop_position", "bus": "yes", "stop_role": "platform", "operator": null, "district_name": "Shaykhantakhur district", "district_assignment": "within" }, "geometry": { "type": "Point", "coordinates": [ 69.2388823, 41.3215334 ] } },
{ "type": "Feature", "properties": { "osm_element": "node", "osm_id": 13299687023, "name": "Temiryo'lchilar poliklinikasi", "name_ru": "Железнодорожная поликлиника", "highway": "bus_stop", "public_transport": "stop_position", "bus": "yes", "stop_role": "platform", "operator": null, "district_name": "Mirabad district", "district_assignment": "within" }, "geometry": { "type": "Point", "coordinates": [ 69.2830668, 41.2874761 ] } },
{ "type": "Feature", "properties": { "osm_element": "node", "osm_id": 13299687025, "name": null, "name_ru": "Железнодорожный колледж", "highway": "bus_stop", "public_transport": "platform", "bus": null, "stop_role": "platform", "operator": null, "district_name": "Mirabad district", "district_assignment": "within" }, "geometry": { "type": "Point", "coordinates": [ 69.2853789, 41.2802596 ] } },
{ "type": "Feature", "properties": { "osm_element": "node", "osm_id": 13299687026, "name": null, "name_ru": "Улица Банокати", "highway": "bus_stop", "public_transport": "platform", "bus": null, "stop_role": "platform", "operator": null, "district_name": "Mirabad district", "district_assignment": "within" }, "geometry": { "type": "Point", "coordinates": [ 69.2868367, 41.2779869 ] } },
{ "type": "Feature", "properties": { "osm_element": "node", "osm_id": 13299687029, "name": null, "name_ru": "Улица Банокати", "highway": "bus_stop", "public_transport": "platform", "bus": null, "stop_role": "platform", "operator": null, "district_name": "Mirabad district", "district_assignment": "within" }, "geometry": { "type": "Point", "coordinates": [ 69.2869453, 41.2763511 ] } },
{ "type": "Feature", "properties": { "osm_element": "node", "osm_id": 13299687030, "name": null, "name_ru": "Общежитие", "highway": "bus_stop", "public_transport": "platform", "bus": null, "stop_role": "platform", "operator": null, "district_name": "Mirabad district", "district_assignment": "within" }, "geometry": { "type": "Point", "coordinates": [ 69.2842001, 41.2735027 ] } },
{ "type": "Feature", "properties": { "osm_element": "node", "osm_id": 13299687037, "name": null, "name_ru": "Авиагородок (Медсанчасть)", "highway": "bus_stop", "public_transport": "platform", "bus": null, "stop_role": "platform", "operator": null, "district_name": "Sergeli district", "district_assignment": "within" }, "geometry": { "type": "Point", "coordinates": [ 69.283612, 41.269292 ] } },
{ "type": "Feature", "properties": { "osm_element": "node", "osm_id": 13299687038, "name": null, "name_ru": "Авиагородок", "highway": "bus_stop", "public_transport": "platform", "bus": null, "stop_role": "platform", "operator": null, "district_name": "Sergeli district", "district_assignment": "within" }, "geometry": { "type": "Point", "coordinates": [ 69.2765464, 41.2693852 ] } },
{ "type": "Feature", "properties": { "osm_element": "node", "osm_id": 13299687050, "name": null, "name_ru": "Транспортный институт", "highway": "bus_stop", "public_transport": "platform", "bus": null, "stop_role": "platform", "operator": null, "district_name": "Mirabad district", "district_assignment": "within" }, "geometry": { "type": "Point", "coordinates": [ 69.2798006, 41.2719828 ] } },
{ "type": "Feature", "properties": { "osm_element": "node", "osm_id": 13299687058, "name": null, "name_ru": "Общежитие", "highway": "bus_stop", "public_transport": "platform", "bus": null, "stop_role": "platform", "operator": null, "district_name": "Mirabad district", "district_assignment": "within" }, "geometry": { "type": "Point", "coordinates": [ 69.283842, 41.2735068 ] } },
{ "type": "Feature", "properties": { "osm_element": "node", "osm_id": 13299687070, "name": null, "name_ru": "Улица Банокати", "highway": "bus_stop", "public_transport": "platform", "bus": null, "stop_role": "platform", "operator": null, "district_name": "Mirabad district", "district_assignment": "within" }, "geometry": { "type": "Point", "coordinates": [ 69.2870486, 41.2767764 ] } },
{ "type": "Feature", "properties": { "osm_element": "node", "osm_id": 13299687072, "name": null, "name_ru": "Улица Банокати", "highway": "bus_stop", "public_transport": "platform", "bus": null, "stop_role": "platform", "operator": null, "district_name": "Mirabad district", "district_assignment": "within" }, "geometry": { "type": "Point", "coordinates": [ 69.2868595, 41.2776986 ] } },
{ "type": "Feature", "properties": { "osm_element": "node", "osm_id": 13299687086, "name": null, "name_ru": "Железнодорожный колледж", "highway": "bus_stop", "public_transport": "platform", "bus": null, "stop_role": "platform", "operator": null, "district_name": "Mirabad district", "district_assignment": "within" }, "geometry": { "type": "Point", "coordinates": [ 69.2851751, 41.2802576 ] } },
{ "type": "Feature", "properties": { "osm_element": "node", "osm_id": 13299709320, "name": null, "name_ru": "Мирабадский рынок", "highway": "bus_stop", "public_transport": "platform", "bus": null, "stop_role": "platform", "operator": null, "district_name": "Mirabad district", "district_assignment": "within" }, "geometry": { "type": "Point", "coordinates": [ 69.2783782, 41.2905568 ] } },
{ "type": "Feature", "properties": { "osm_element": "node", "osm_id": 13300407602, "name": "Avliyo-Ota ko'chasi", "name_ru": "Улица Авлиёота", "highway": "bus_stop", "public_transport": "platform", "bus": null, "stop_role": "platform", "operator": null, "district_name": "Mirabad district", "district_assignment": "within" }, "geometry": { "type": "Point", "coordinates": [ 69.2815246, 41.2886008 ] } },
{ "type": "Feature", "properties": { "osm_element": "node", "osm_id": 13300407631, "name": "Temiryo'lchilar poliklinikasi", "name_ru": "Железнодорожная поликлиника", "highway": "bus_stop", "public_transport": "stop_position", "bus": "yes", "stop_role": "platform", "operator": null, "district_name": "Mirabad district", "district_assignment": "within" }, "geometry": { "type": "Point", "coordinates": [ 69.2817839, 41.2865648 ] } },
{ "type": "Feature", "properties": { "osm_element": "node", "osm_id": 13300407635, "name": "Temiryo'lchilar poliklinikasi", "name_ru": "Железнодорожная поликлиника", "highway": "bus_stop", "public_transport": "platform", "bus": null, "stop_role": "platform", "operator": null, "district_name": "Mirabad district", "district_assignment": "within" }, "geometry": { "type": "Point", "coordinates": [ 69.2839737, 41.2880354 ] } },
{ "type": "Feature", "properties": { "osm_element": "node", "osm_id": 13301673508, "name": null, "name_ru": null, "highway": "bus_stop", "public_transport": "platform", "bus": null, "stop_role": "platform", "operator": null, "district_name": "Yangikhayot district", "district_assignment": "within" }, "geometry": { "type": "Point", "coordinates": [ 69.2022379, 41.179019 ] } },
{ "type": "Feature", "properties": { "osm_element": "node", "osm_id": 13301673520, "name": null, "name_ru": null, "highway": "bus_stop", "public_transport": "platform", "bus": null, "stop_role": "platform", "operator": null, "district_name": "Yangikhayot district", "district_assignment": "within" }, "geometry": { "type": "Point", "coordinates": [ 69.2345079, 41.1670399 ] } },
{ "type": "Feature", "properties": { "osm_element": "node", "osm_id": 13301673521, "name": null, "name_ru": null, "highway": "bus_stop", "public_transport": "platform", "bus": null, "stop_role": "platform", "operator": null, "district_name": "Yangikhayot district", "district_assignment": "within" }, "geometry": { "type": "Point", "coordinates": [ 69.2353396, 41.1662726 ] } },
{ "type": "Feature", "properties": { "osm_element": "node", "osm_id": 13301673587, "name": null, "name_ru": null, "highway": "bus_stop", "public_transport": "platform", "bus": null, "stop_role": "platform", "operator": null, "district_name": "Bektemir district", "district_assignment": "within" }, "geometry": { "type": "Point", "coordinates": [ 69.3336607, 41.2026751 ] } },
{ "type": "Feature", "properties": { "osm_element": "node", "osm_id": 13301673588, "name": null, "name_ru": null, "highway": "bus_stop", "public_transport": "platform", "bus": null, "stop_role": "platform", "operator": null, "district_name": "Bektemir district", "district_assignment": "within" }, "geometry": { "type": "Point", "coordinates": [ 69.3312463, 41.2013434 ] } },
{ "type": "Feature", "properties": { "osm_element": "node", "osm_id": 13301673601, "name": null, "name_ru": null, "highway": "bus_stop", "public_transport": "platform", "bus": null, "stop_role": "platform", "operator": null, "district_name": "Bektemir district", "district_assignment": "within" }, "geometry": { "type": "Point", "coordinates": [ 69.3486316, 41.2142974 ] } },
{ "type": "Feature", "properties": { "osm_element": "node", "osm_id": 13301673602, "name": null, "name_ru": null, "highway": "bus_stop", "public_transport": "platform", "bus": null, "stop_role": "platform", "operator": null, "district_name": "Bektemir district", "district_assignment": "within" }, "geometry": { "type": "Point", "coordinates": [ 69.3499465, 41.214798 ] } },
{ "type": "Feature", "properties": { "osm_element": "node", "osm_id": 13307156594, "name": "Uspenskiy Nomidagi Maktab", "name_ru": "Музыкальный лицей им. Успенского", "highway": "bus_stop", "public_transport": "stop_position", "bus": "yes", "stop_role": "platform", "operator": null, "district_name": "Mirzo Ulugbek district", "district_assignment": "boundary_nearest" }, "geometry": { "type": "Point", "coordinates": [ 69.292972, 41.3074365 ] } },
{ "type": "Feature", "properties": { "osm_element": "node", "osm_id": 13307156596, "name": "Amir Temur skveri", "name_ru": "Сквер Амира Темура", "highway": "bus_stop", "public_transport": "stop_position", "bus": "yes", "stop_role": "platform", "operator": null, "district_name": "Mirabad district", "district_assignment": "within" }, "geometry": { "type": "Point", "coordinates": [ 69.2788873, 41.3074298 ] } },
{ "type": "Feature", "properties": { "osm_element": "node", "osm_id": 13308770733, "name": "Oʻzbekiston mehmonxonasi", "name_ru": "Гостиница Узбекистан", "highway": "bus_stop", "public_transport": "platform", "bus": null, "stop_role": "platform", "operator": null, "district_name": "Mirzo Ulugbek district", "district_assignment": "within" }, "geometry": { "type": "Point", "coordinates": [ 69.2840646, 41.3100744 ] } },
{ "type": "Feature", "properties": { "osm_element": "node", "osm_id": 13308770735, "name": "6-sonli tug'ruqxona", "name_ru": "Роддом №6", "highway": "bus_stop", "public_transport": "stop_position", "bus": "yes", "stop_role": "platform", "operator": null, "district_name": "Mirzo Ulugbek district", "district_assignment": "boundary_nearest" }, "geometry": { "type": "Point", "coordinates": [ 69.2856453, 41.3095565 ] } },
{ "type": "Feature", "properties": { "osm_element": "node", "osm_id": 13308770736, "name": "Botkin ko'chasi", "name_ru": "улица Боткина", "highway": "bus_stop", "public_transport": "platform", "bus": null, "stop_role": "platform", "operator": null, "district_name": "Yashnabad district", "district_assignment": "within" }, "geometry": { "type": "Point", "coordinates": [ 69.3095054, 41.3075096 ] } },
{ "type": "Feature", "properties": { "osm_element": "node", "osm_id": 13308770745, "name": "Sayohat mehmonxonasi", "name_ru": "гостиница Саёхат", "highway": "bus_stop", "public_transport": "stop_position", "bus": "yes", "stop_role": "platform", "operator": null, "district_name": "Mirzo Ulugbek district", "district_assignment": "within" }, "geometry": { "type": "Point", "coordinates": [ 69.3345502, 41.3269391 ] } },
{ "type": "Feature", "properties": { "osm_element": "node", "osm_id": 13308770747, "name": "Durmon yo'li ko'chasi", "name_ru": "Улица Дурмон Йули", "highway": "bus_stop", "public_transport": "platform", "bus": null, "stop_role": "platform", "operator": null, "district_name": "Mirzo Ulugbek district", "district_assignment": "within" }, "geometry": { "type": "Point", "coordinates": [ 69.3503366, 41.3325822 ] } },
{ "type": "Feature", "properties": { "osm_element": "node", "osm_id": 13308770749, "name": "Halqa yoʻli", "name_ru": "Кольцевая дорога", "highway": "bus_stop", "public_transport": "platform", "bus": null, "stop_role": "platform", "operator": null, "district_name": "Mirzo Ulugbek district", "district_assignment": "within" }, "geometry": { "type": "Point", "coordinates": [ 69.3634835, 41.344924 ] } },
{ "type": "Feature", "properties": { "osm_element": "node", "osm_id": 13308770755, "name": "Bolalar sanatoriysi", "name_ru": "Детский санаторий", "highway": "bus_stop", "public_transport": "platform", "bus": null, "stop_role": "platform", "operator": null, "district_name": "Mirzo Ulugbek district", "district_assignment": "within" }, "geometry": { "type": "Point", "coordinates": [ 69.3794225, 41.3506708 ] } },
{ "type": "Feature", "properties": { "osm_element": "node", "osm_id": 13308770757, "name": "TTZ-2", "name_ru": "ТТЗ-2", "highway": "bus_stop", "public_transport": "platform", "bus": null, "stop_role": "platform", "operator": null, "district_name": "Mirzo Ulugbek district", "district_assignment": "within" }, "geometry": { "type": "Point", "coordinates": [ 69.3836617, 41.3516936 ] } },
{ "type": "Feature", "properties": { "osm_element": "node", "osm_id": 13308770758, "name": "Gastronom", "name_ru": "Гастроном", "highway": "bus_stop", "public_transport": "platform", "bus": null, "stop_role": "platform", "operator": null, "district_name": "Mirzo Ulugbek district", "district_assignment": "within" }, "geometry": { "type": "Point", "coordinates": [ 69.3879159, 41.3522822 ] } },
{ "type": "Feature", "properties": { "osm_element": "node", "osm_id": 13308770761, "name": "ПМК-122", "name_ru": "ПМК-122", "highway": "bus_stop", "public_transport": "platform", "bus": null, "stop_role": "platform", "operator": null, "district_name": "Mirzo Ulugbek district", "district_assignment": "within" }, "geometry": { "type": "Point", "coordinates": [ 69.3921697, 41.3467464 ] } },
{ "type": "Feature", "properties": { "osm_element": "node", "osm_id": 13308770767, "name": "279 maktab", "name_ru": "Школа 279", "highway": "bus_stop", "public_transport": "platform", "bus": null, "stop_role": "platform", "operator": null, "district_name": "Mirzo Ulugbek district", "district_assignment": "within" }, "geometry": { "type": "Point", "coordinates": [ 69.3886909, 41.3446311 ] } },
{ "type": "Feature", "properties": { "osm_element": "node", "osm_id": 13308770769, "name": "Humoyun mavzesi", "name_ru": "Массив Хумаюн", "highway": "bus_stop", "public_transport": "platform", "bus": null, "stop_role": "platform", "operator": null, "district_name": "Mirzo Ulugbek district", "district_assignment": "within" }, "geometry": { "type": "Point", "coordinates": [ 69.3857002, 41.341248 ] } },
{ "type": "Feature", "properties": { "osm_element": "node", "osm_id": 13308770770, "name": "Humoyun mavzesi", "name_ru": "Массив Хумаюн", "highway": "bus_stop", "public_transport": "platform", "bus": null, "stop_role": "platform", "operator": null, "district_name": "Mirzo Ulugbek district", "district_assignment": "within" }, "geometry": { "type": "Point", "coordinates": [ 69.3856251, 41.3410638 ] } },
{ "type": "Feature", "properties": { "osm_element": "node", "osm_id": 13308770771, "name": "Районное ГАИ", "name_ru": "Районное ГАИ", "highway": "bus_stop", "public_transport": "stop_position", "bus": "yes", "stop_role": "platform", "operator": null, "district_name": "Mirzo Ulugbek district", "district_assignment": "within" }, "geometry": { "type": "Point", "coordinates": [ 69.3855031, 41.3444782 ] } },
{ "type": "Feature", "properties": { "osm_element": "node", "osm_id": 13308770779, "name": "279 maktab", "name_ru": "Школа 279", "highway": "bus_stop", "public_transport": "platform", "bus": null, "stop_role": "platform", "operator": null, "district_name": "Mirzo Ulugbek district", "district_assignment": "within" }, "geometry": { "type": "Point", "coordinates": [ 69.388369, 41.3447338 ] } },
{ "type": "Feature", "properties": { "osm_element": "node", "osm_id": 13308770780, "name": "ПМК-122", "name_ru": "ПМК-122", "highway": "bus_stop", "public_transport": "platform", "bus": null, "stop_role": "platform", "operator": null, "district_name": "Mirzo Ulugbek district", "district_assignment": "within" }, "geometry": { "type": "Point", "coordinates": [ 69.3917294, 41.3462888 ] } },
{ "type": "Feature", "properties": { "osm_element": "node", "osm_id": 13308770784, "name": "Проходная", "name_ru": "Проходная", "highway": "bus_stop", "public_transport": "platform", "bus": null, "stop_role": "platform", "operator": null, "district_name": "Mirzo Ulugbek district", "district_assignment": "within" }, "geometry": { "type": "Point", "coordinates": [ 69.3896887, 41.3495865 ] } },
{ "type": "Feature", "properties": { "osm_element": "node", "osm_id": 13308770785, "name": "Gastronom", "name_ru": "Гастроном", "highway": "bus_stop", "public_transport": "platform", "bus": null, "stop_role": "platform", "operator": null, "district_name": "Mirzo Ulugbek district", "district_assignment": "within" }, "geometry": { "type": "Point", "coordinates": [ 69.3878017, 41.3520641 ] } },
{ "type": "Feature", "properties": { "osm_element": "node", "osm_id": 13308770790, "name": "Агрошкола", "name_ru": "Агрошкола", "highway": "bus_stop", "public_transport": "platform", "bus": null, "stop_role": "platform", "operator": null, "district_name": "Mirzo Ulugbek district", "district_assignment": "within" }, "geometry": { "type": "Point", "coordinates": [ 69.3668161, 41.3477351 ] } },
{ "type": "Feature", "properties": { "osm_element": "node", "osm_id": 13308770798, "name": "Halqa yoʻli", "name_ru": "Кольцевая дорога", "highway": "bus_stop", "public_transport": "platform", "bus": null, "stop_role": "platform", "operator": null, "district_name": "Mirzo Ulugbek district", "district_assignment": "within" }, "geometry": { "type": "Point", "coordinates": [ 69.3626014, 41.3437376 ] } },
{ "type": "Feature", "properties": { "osm_element": "node", "osm_id": 13308775505, "name": "Durmon yo'li ko'chasi", "name_ru": "Улица Дурмон Йули", "highway": "bus_stop", "public_transport": "platform", "bus": null, "stop_role": "platform", "operator": null, "district_name": "Mirzo Ulugbek district", "district_assignment": "within" }, "geometry": { "type": "Point", "coordinates": [ 69.3491498, 41.3312801 ] } },
{ "type": "Feature", "properties": { "osm_element": "node", "osm_id": 13308775518, "name": "Sultonali Mashxadi ko'chasi", "name_ru": "Улица Султонали Машхади", "highway": "bus_stop", "public_transport": "platform", "bus": null, "stop_role": "platform", "operator": null, "district_name": "Yashnabad district", "district_assignment": "within" }, "geometry": { "type": "Point", "coordinates": [ 69.3145667, 41.3133906 ] } },
{ "type": "Feature", "properties": { "osm_element": "node", "osm_id": 13309075555, "name": "Kozna Choponata maxalasi", "name_ru": "Махалля Кохна Чапаната", "highway": "bus_stop", "public_transport": "platform", "bus": null, "stop_role": "platform", "operator": null, "district_name": "Uchtepa district", "district_assignment": "within" }, "geometry": { "type": "Point", "coordinates": [ 69.1899875, 41.2894816 ] } },
{ "type": "Feature", "properties": { "osm_element": "node", "osm_id": 13309075556, "name": "Kozna Choponata maxalasi", "name_ru": "Махалля Кохна Чапаната", "highway": "bus_stop", "public_transport": "platform", "bus": null, "stop_role": "platform", "operator": null, "district_name": "Uchtepa district", "district_assignment": "within" }, "geometry": { "type": "Point", "coordinates": [ 69.1900411, 41.2899753 ] } },
{ "type": "Feature", "properties": { "osm_element": "node", "osm_id": 13309075558, "name": "Farhod bozori", "name_ru": "Фархадский рынок", "highway": "bus_stop", "public_transport": "stop_position", "bus": "yes", "stop_role": "platform", "operator": null, "district_name": "Uchtepa district", "district_assignment": "within" }, "geometry": { "type": "Point", "coordinates": [ 69.1869258, 41.2871978 ] } },
{ "type": "Feature", "properties": { "osm_element": "node", "osm_id": 13309075560, "name": "Chilonzor dahasi 24-mavze", "name_ru": "Массив Чиланзар, квартал 24", "highway": null, "public_transport": "platform", "bus": "yes", "stop_role": "platform", "operator": null, "district_name": "Uchtepa district", "district_assignment": "within" }, "geometry": { "type": "Point", "coordinates": [ 69.1813803, 41.2821351 ] } },
{ "type": "Feature", "properties": { "osm_element": "node", "osm_id": 13309075563, "name": "Do'kon", "name_ru": "Магазин", "highway": "bus_stop", "public_transport": "platform", "bus": null, "stop_role": "platform", "operator": null, "district_name": "Uchtepa district", "district_assignment": "within" }, "geometry": { "type": "Point", "coordinates": [ 69.1766381, 41.2848017 ] } },
{ "type": "Feature", "properties": { "osm_element": "node", "osm_id": 13309075569, "name": "Shirin ko'chasi", "name_ru": "Улица Ширин", "highway": "bus_stop", "public_transport": "stop_position", "bus": "yes", "stop_role": "platform", "operator": null, "district_name": "Uchtepa district", "district_assignment": "within" }, "geometry": { "type": "Point", "coordinates": [ 69.171558, 41.2850544 ] } },
{ "type": "Feature", "properties": { "osm_element": "node", "osm_id": 13311620589, "name": "Saodat savdo markazi", "name_ru": "Торговый центр \"Саодат\"", "highway": "bus_stop", "public_transport": "stop_position", "bus": "yes", "stop_role": "platform", "operator": null, "district_name": "Yakkasaray district", "district_assignment": "within" }, "geometry": { "type": "Point", "coordinates": [ 69.2527646, 41.2845993 ] } },
{ "type": "Feature", "properties": { "osm_element": "node", "osm_id": 13311620594, "name": "Muqimiy ko'chasi", "name_ru": "Улица Мукими", "highway": "bus_stop", "public_transport": "stop_position", "bus": "yes", "stop_role": "platform", "operator": null, "district_name": "Yakkasaray district", "district_assignment": "within" }, "geometry": { "type": "Point", "coordinates": [ 69.244357, 41.2789542 ] } },
{ "type": "Feature", "properties": { "osm_element": "node", "osm_id": 13311620596, "name": "Muqimiy ko'chasi", "name_ru": "Улица Мукими", "highway": "bus_stop", "public_transport": "stop_position", "bus": "yes", "stop_role": "platform", "operator": null, "district_name": "Yakkasaray district", "district_assignment": "within" }, "geometry": { "type": "Point", "coordinates": [ 69.2450875, 41.2777313 ] } },
{ "type": "Feature", "properties": { "osm_element": "node", "osm_id": 13311625722, "name": "To'qimachilik instituti", "name_ru": "Текстильный институт", "highway": "bus_stop", "public_transport": "stop_position", "bus": "yes", "stop_role": "platform", "operator": null, "district_name": "Yakkasaray district", "district_assignment": "within" }, "geometry": { "type": "Point", "coordinates": [ 69.2492378, 41.2814455 ] } },
{ "type": "Feature", "properties": { "osm_element": "node", "osm_id": 13311625731, "name": "To'qimachilik instituti", "name_ru": "Текстильный институт", "highway": "bus_stop", "public_transport": "stop_position", "bus": "yes", "stop_role": "platform", "operator": null, "district_name": "Yakkasaray district", "district_assignment": "within" }, "geometry": { "type": "Point", "coordinates": [ 69.2494979, 41.2816234 ] } },
{ "type": "Feature", "properties": { "osm_element": "node", "osm_id": 13311625767, "name": "Muqimiy ko'chasi", "name_ru": "Улица Мукими", "highway": "bus_stop", "public_transport": "stop_position", "bus": "yes", "stop_role": "platform", "operator": null, "district_name": "Yakkasaray district", "district_assignment": "within" }, "geometry": { "type": "Point", "coordinates": [ 69.2461039, 41.2785851 ] } },
{ "type": "Feature", "properties": { "osm_element": "node", "osm_id": 13311625784, "name": "Ko'z kasalliklari shifoxonasi", "name_ru": "Клиника глазных заболеваний", "highway": "bus_stop", "public_transport": "stop_position", "bus": "yes", "stop_role": "platform", "operator": null, "district_name": "Yakkasaray district", "district_assignment": "within" }, "geometry": { "type": "Point", "coordinates": [ 69.2408316, 41.2808665 ] } },
{ "type": "Feature", "properties": { "osm_element": "node", "osm_id": 13313764592, "name": "Davlat xizmatlari markazi", "name_ru": "Бектемирское РОВД", "highway": "bus_stop", "public_transport": "stop_position", "bus": "yes", "stop_role": "platform", "operator": null, "district_name": "Bektemir district", "district_assignment": "within" }, "geometry": { "type": "Point", "coordinates": [ 69.3520905, 41.2364867 ] } },
{ "type": "Feature", "properties": { "osm_element": "node", "osm_id": 13314822272, "name": "Vestminster universeteti", "name_ru": "Вестминстерский университет", "highway": "bus_stop", "public_transport": "stop_position", "bus": "yes", "stop_role": "platform", "operator": null, "district_name": "Mirabad district", "district_assignment": "boundary_nearest" }, "geometry": { "type": "Point", "coordinates": [ 69.2851792, 41.3056636 ] } },
{ "type": "Feature", "properties": { "osm_element": "node", "osm_id": 13314822273, "name": "Vestminster universeteti", "name_ru": "Вестминстерский университет", "highway": "bus_stop", "public_transport": "stop_position", "bus": "yes", "stop_role": "platform", "operator": null, "district_name": "Yashnabad district", "district_assignment": "within" }, "geometry": { "type": "Point", "coordinates": [ 69.284914, 41.3072568 ] } },
{ "type": "Feature", "properties": { "osm_element": "node", "osm_id": 13314822279, "name": "145 Maktab", "name_ru": "Школа №145", "highway": "bus_stop", "public_transport": "stop_position", "bus": "yes", "stop_role": "platform", "operator": null, "district_name": "Yashnabad district", "district_assignment": "within" }, "geometry": { "type": "Point", "coordinates": [ 69.2871982, 41.3037674 ] } },
{ "type": "Feature", "properties": { "osm_element": "node", "osm_id": 13314837104, "name": "Taras Shevchenko koʻchasi", "name_ru": "ул. Тараса Шевченко", "highway": "bus_stop", "public_transport": "stop_position", "bus": "yes", "stop_role": "platform", "operator": null, "district_name": "Mirabad district", "district_assignment": "within" }, "geometry": { "type": "Point", "coordinates": [ 69.2825683, 41.2947012 ] } },
{ "type": "Feature", "properties": { "osm_element": "node", "osm_id": 13314837105, "name": "Taras Shevchenko koʻchasi", "name_ru": "ул. Тараса Шевченко", "highway": "bus_stop", "public_transport": "stop_position", "bus": "yes", "stop_role": "platform", "operator": null, "district_name": "Mirabad district", "district_assignment": "within" }, "geometry": { "type": "Point", "coordinates": [ 69.283651, 41.2952237 ] } },
{ "type": "Feature", "properties": { "osm_element": "node", "osm_id": 13314837125, "name": "Mirobod bozori", "name_ru": "Мирабадский рынок", "highway": "bus_stop", "public_transport": "stop_position", "bus": "yes", "stop_role": "platform", "operator": null, "district_name": "Mirabad district", "district_assignment": "within" }, "geometry": { "type": "Point", "coordinates": [ 69.2778719, 41.2916008 ] } },
{ "type": "Feature", "properties": { "osm_element": "node", "osm_id": 13314837128, "name": "Rossiya Federatsiyasining elchixonasi", "name_ru": "посольство России", "highway": "bus_stop", "public_transport": "stop_position", "bus": "yes", "stop_role": "platform", "operator": null, "district_name": "Mirabad district", "district_assignment": "within" }, "geometry": { "type": "Point", "coordinates": [ 69.2715198, 41.2870078 ] } },
{ "type": "Feature", "properties": { "osm_element": "node", "osm_id": 13314837129, "name": "Rossiya Federatsiyasining elchixonasi", "name_ru": "посольство России", "highway": "bus_stop", "public_transport": "stop_position", "bus": "yes", "stop_role": "platform", "operator": null, "district_name": "Mirabad district", "district_assignment": "within" }, "geometry": { "type": "Point", "coordinates": [ 69.2708769, 41.2867665 ] } },
{ "type": "Feature", "properties": { "osm_element": "node", "osm_id": 13314837136, "name": "Glinka ko'chasi", "name_ru": "Улица Глинки", "highway": "bus_stop", "public_transport": "stop_position", "bus": "yes", "stop_role": "platform", "operator": null, "district_name": "Yakkasaray district", "district_assignment": "within" }, "geometry": { "type": "Point", "coordinates": [ 69.2645654, 41.2838796 ] } },
{ "type": "Feature", "properties": { "osm_element": "node", "osm_id": 13314837138, "name": "Glinka ko'chasi", "name_ru": "Улица Глинки", "highway": "bus_stop", "public_transport": "stop_position", "bus": "yes", "stop_role": "platform", "operator": null, "district_name": "Mirabad district", "district_assignment": "within" }, "geometry": { "type": "Point", "coordinates": [ 69.2665552, 41.2846272 ] } },
{ "type": "Feature", "properties": { "osm_element": "node", "osm_id": 13314837147, "name": "1 notarial idora", "name_ru": "1-я Нотариальная контора", "highway": "bus_stop", "public_transport": "stop_position", "bus": "yes", "stop_role": "platform", "operator": null, "district_name": "Yakkasaray district", "district_assignment": "within" }, "geometry": { "type": "Point", "coordinates": [ 69.2583023, 41.2815056 ] } },
{ "type": "Feature", "properties": { "osm_element": "node", "osm_id": 13314837149, "name": "Xalq sudi", "name_ru": "Народный суд", "highway": "bus_stop", "public_transport": "stop_position", "bus": "yes", "stop_role": "platform", "operator": null, "district_name": "Yakkasaray district", "district_assignment": "within" }, "geometry": { "type": "Point", "coordinates": [ 69.2564973, 41.2808911 ] } },
{ "type": "Feature", "properties": { "osm_element": "node", "osm_id": 13317658859, "name": "NBU sport klubi", "name_ru": "Спортивный клуб НБУ", "highway": "bus_stop", "public_transport": "stop_position", "bus": "yes", "stop_role": "platform", "operator": null, "district_name": "Mirzo Ulugbek district", "district_assignment": "within" }, "geometry": { "type": "Point", "coordinates": [ 69.3044775, 41.3256257 ] } },
{ "type": "Feature", "properties": { "osm_element": "node", "osm_id": 13317658860, "name": "NBU sport klubi", "name_ru": "Спортивный клуб НБУ", "highway": "bus_stop", "public_transport": "stop_position", "bus": "yes", "stop_role": "platform", "operator": null, "district_name": "Mirzo Ulugbek district", "district_assignment": "within" }, "geometry": { "type": "Point", "coordinates": [ 69.3035481, 41.3251196 ] } },
{ "type": "Feature", "properties": { "osm_element": "node", "osm_id": 13317658861, "name": "Kardiologiya markazi", "name_ru": "Кардиологический центр", "highway": "bus_stop", "public_transport": "stop_position", "bus": "yes", "stop_role": "platform", "operator": null, "district_name": "Mirzo Ulugbek district", "district_assignment": "within" }, "geometry": { "type": "Point", "coordinates": [ 69.2988922, 41.3249269 ] } },
{ "type": "Feature", "properties": { "osm_element": "node", "osm_id": 13317658884, "name": "Gidrometsentr", "name_ru": "Гидрометцентр", "highway": "bus_stop", "public_transport": "stop_position", "bus": "yes", "stop_role": "platform", "operator": null, "district_name": "Yunusabad district", "district_assignment": "within" }, "geometry": { "type": "Point", "coordinates": [ 69.2901171, 41.3270434 ] } },
{ "type": "Feature", "properties": { "osm_element": "node", "osm_id": 13317658891, "name": "Oloy bozori", "name_ru": "Алайский базар", "highway": "bus_stop", "public_transport": "stop_position", "bus": "yes", "stop_role": "platform", "operator": null, "district_name": "Yunusabad district", "district_assignment": "within" }, "geometry": { "type": "Point", "coordinates": [ 69.2812931, 41.3187787 ] } },
{ "type": "Feature", "properties": { "osm_element": "node", "osm_id": 13317658894, "name": "Wyndham Tashkent mehmonxonasi", "name_ru": "Гостиница Wyndham", "highway": "bus_stop", "public_transport": "stop_position", "bus": "yes", "stop_role": "platform", "operator": null, "district_name": "Yunusabad district", "district_assignment": "within" }, "geometry": { "type": "Point", "coordinates": [ 69.2817964, 41.3164705 ] } },
{ "type": "Feature", "properties": { "osm_element": "node", "osm_id": 13317658896, "name": "6-sonli tug'ruqxona", "name_ru": "Роддом №6", "highway": "bus_stop", "public_transport": "stop_position", "bus": "yes", "stop_role": "platform", "operator": null, "district_name": "Mirzo Ulugbek district", "district_assignment": "within" }, "geometry": { "type": "Point", "coordinates": [ 69.2868517, 41.3099593 ] } },
{ "type": "Feature", "properties": { "osm_element": "node", "osm_id": 13317689903, "name": "6-sonli tug'ruqxona", "name_ru": "Роддом №6", "highway": "bus_stop", "public_transport": "stop_position", "bus": "yes", "stop_role": "platform", "operator": null, "district_name": "Yashnabad district", "district_assignment": "within" }, "geometry": { "type": "Point", "coordinates": [ 69.2857103, 41.3087146 ] } },
{ "type": "Feature", "properties": { "osm_element": "node", "osm_id": 13320072491, "name": "Oltinko'l 2-tor ko'chasi", "name_ru": "2-й Алтынкульский проезд", "highway": "bus_stop", "public_transport": "stop_position", "bus": "yes", "stop_role": "platform", "operator": null, "district_name": "Mirabad district", "district_assignment": "within" }, "geometry": { "type": "Point", "coordinates": [ 69.3060672, 41.2715104 ] } },
{ "type": "Feature", "properties": { "osm_element": "node", "osm_id": 13320079515, "name": "Sariko'l ko'chasi", "name_ru": "Сарыкульская улица", "highway": "bus_stop", "public_transport": "stop_position", "bus": "yes", "stop_role": "platform", "operator": null, "district_name": "Mirabad district", "district_assignment": "within" }, "geometry": { "type": "Point", "coordinates": [ 69.2961807, 41.2687282 ] } },
{ "type": "Feature", "properties": { "osm_element": "node", "osm_id": 13320079516, "name": "Sariko'l ko'chasi", "name_ru": "Сарыкульская улица", "highway": "bus_stop", "public_transport": "stop_position", "bus": "yes", "stop_role": "platform", "operator": null, "district_name": "Mirabad district", "district_assignment": "within" }, "geometry": { "type": "Point", "coordinates": [ 69.2960773, 41.268319 ] } },
{ "type": "Feature", "properties": { "osm_element": "node", "osm_id": 13320079518, "name": "Sariko'l ko'chasi", "name_ru": "Сарыкульская улица", "highway": "bus_stop", "public_transport": "stop_position", "bus": "yes", "stop_role": "platform", "operator": null, "district_name": "Mirabad district", "district_assignment": "within" }, "geometry": { "type": "Point", "coordinates": [ 69.2967231, 41.2684535 ] } },
{ "type": "Feature", "properties": { "osm_element": "node", "osm_id": 13320079520, "name": "Tallimarjon ko'chasi", "name_ru": "Школа интернат", "highway": "bus_stop", "public_transport": "stop_position", "bus": "yes", "stop_role": "platform", "operator": null, "district_name": "Mirabad district", "district_assignment": "within" }, "geometry": { "type": "Point", "coordinates": [ 69.2943519, 41.2728797 ] } },
{ "type": "Feature", "properties": { "osm_element": "node", "osm_id": 13320079522, "name": "Tallimarjon ko'chasi", "name_ru": "Школа интернат", "highway": "bus_stop", "public_transport": "stop_position", "bus": "yes", "stop_role": "platform", "operator": null, "district_name": "Mirabad district", "district_assignment": "within" }, "geometry": { "type": "Point", "coordinates": [ 69.2947035, 41.2722743 ] } },
{ "type": "Feature", "properties": { "osm_element": "node", "osm_id": 13320079526, "name": "Avtomaktab", "name_ru": "Автошкола", "highway": "bus_stop", "public_transport": "stop_position", "bus": "yes", "stop_role": "platform", "operator": null, "district_name": "Mirabad district", "district_assignment": "within" }, "geometry": { "type": "Point", "coordinates": [ 69.2935223, 41.2737321 ] } },
{ "type": "Feature", "properties": { "osm_element": "node", "osm_id": 13322774131, "name": "Bozor", "name_ru": "Рынок", "highway": "bus_stop", "public_transport": "stop_position", "bus": "yes", "stop_role": "platform", "operator": null, "district_name": "Mirabad district", "district_assignment": "within" }, "geometry": { "type": "Point", "coordinates": [ 69.301721, 41.2492353 ] } },
{ "type": "Feature", "properties": { "osm_element": "node", "osm_id": 13322774154, "name": "Tolariq ko'chasi", "name_ru": "Улица Таларык", "highway": null, "public_transport": "platform", "bus": "yes", "stop_role": "platform", "operator": null, "district_name": "Yashnabad district", "district_assignment": "within" }, "geometry": { "type": "Point", "coordinates": [ 69.3205708, 41.2561358 ] } },
{ "type": "Feature", "properties": { "osm_element": "node", "osm_id": 13324929836, "name": "1-ATP", "name_ru": "АТП 1", "highway": "bus_stop", "public_transport": "stop_position", "bus": "yes", "stop_role": "platform", "operator": null, "district_name": "Sergeli district", "district_assignment": "within" }, "geometry": { "type": "Point", "coordinates": [ 69.2769782, 41.2437805 ] } },
{ "type": "Feature", "properties": { "osm_element": "node", "osm_id": 13324929839, "name": "Qo'yliq dahasi 7-mavze", "name_ru": "Массив Куйлюк квартал 7", "highway": "bus_stop", "public_transport": "stop_position", "bus": "yes", "stop_role": "platform", "operator": null, "district_name": "Sergeli district", "district_assignment": "within" }, "geometry": { "type": "Point", "coordinates": [ 69.2677702, 41.244476 ] } },
{ "type": "Feature", "properties": { "osm_element": "node", "osm_id": 13324929840, "name": "Qo'yliq dahasi 7-mavze", "name_ru": "Массив Куйлюк квартал 7", "highway": "bus_stop", "public_transport": "stop_position", "bus": "yes", "stop_role": "platform", "operator": null, "district_name": "Sergeli district", "district_assignment": "within" }, "geometry": { "type": "Point", "coordinates": [ 69.268595, 41.2442932 ] } },
{ "type": "Feature", "properties": { "osm_element": "node", "osm_id": 13324929846, "name": "Astrobod mahallasi", "name_ru": "Махалля Асробод", "highway": "bus_stop", "public_transport": "stop_position", "bus": "yes", "stop_role": "platform", "operator": null, "district_name": "Sergeli district", "district_assignment": "within" }, "geometry": { "type": "Point", "coordinates": [ 69.2733559, 41.244281 ] } },
{ "type": "Feature", "properties": { "osm_element": "node", "osm_id": 13324929849, "name": "Astrobod mahallasi", "name_ru": "Махалля Асробод", "highway": "bus_stop", "public_transport": "stop_position", "bus": "yes", "stop_role": "platform", "operator": null, "district_name": "Sergeli district", "district_assignment": "within" }, "geometry": { "type": "Point", "coordinates": [ 69.2727041, 41.2444512 ] } },
{ "type": "Feature", "properties": { "osm_element": "node", "osm_id": 13324929864, "name": "1-ATP", "name_ru": "АТП 1", "highway": "bus_stop", "public_transport": "stop_position", "bus": "yes", "stop_role": "platform", "operator": null, "district_name": "Sergeli district", "district_assignment": "within" }, "geometry": { "type": "Point", "coordinates": [ 69.2782818, 41.2442636 ] } },
{ "type": "Feature", "properties": { "osm_element": "node", "osm_id": 13324929866, "name": "1-ATP", "name_ru": "АТП 1", "highway": "bus_stop", "public_transport": "stop_position", "bus": "yes", "stop_role": "platform", "operator": null, "district_name": "Sergeli district", "district_assignment": "within" }, "geometry": { "type": "Point", "coordinates": [ 69.2769178, 41.2444299 ] } },
{ "type": "Feature", "properties": { "osm_element": "node", "osm_id": 13324929875, "name": "Tolarik metro bekati", "name_ru": "Станция метро Таларык", "highway": "bus_stop", "public_transport": "stop_position", "bus": "yes", "stop_role": "platform", "operator": null, "district_name": "Sergeli district", "district_assignment": "within" }, "geometry": { "type": "Point", "coordinates": [ 69.2831042, 41.2443542 ] } },
{ "type": "Feature", "properties": { "osm_element": "node", "osm_id": 13324929898, "name": "Tolarik metro bekati", "name_ru": "Станция метро Таларык", "highway": "bus_stop", "public_transport": "stop_position", "bus": "yes", "stop_role": "platform", "operator": null, "district_name": "Sergeli district", "district_assignment": "within" }, "geometry": { "type": "Point", "coordinates": [ 69.2845863, 41.2442194 ] } },
{ "type": "Feature", "properties": { "osm_element": "node", "osm_id": 13324929900, "name": "Qo'yliq dahasi 6-mavze", "name_ru": "Массив Куйлюк квартал 6", "highway": "bus_stop", "public_transport": "stop_position", "bus": "yes", "stop_role": "platform", "operator": null, "district_name": "Sergeli district", "district_assignment": "within" }, "geometry": { "type": "Point", "coordinates": [ 69.288214, 41.2442098 ] } },
{ "type": "Feature", "properties": { "osm_element": "node", "osm_id": 13324943820, "name": "Islom Ota masjidi", "name_ru": "Мечеть", "highway": "bus_stop", "public_transport": "stop_position", "bus": "yes", "stop_role": "platform", "operator": null, "district_name": "Mirabad district", "district_assignment": "boundary_nearest" }, "geometry": { "type": "Point", "coordinates": [ 69.3091942, 41.2760438 ] } },
{ "type": "Feature", "properties": { "osm_element": "node", "osm_id": 13324943855, "name": "Yuridik universiteti", "name_ru": "Юридический университет", "highway": "bus_stop", "public_transport": "stop_position", "bus": "yes", "stop_role": "platform", "operator": null, "district_name": "Yunusabad district", "district_assignment": "within" }, "geometry": { "type": "Point", "coordinates": [ 69.2794194, 41.3153272 ] } },
{ "type": "Feature", "properties": { "osm_element": "node", "osm_id": 13326559841, "name": "Toshkent quvur zavodi", "name_ru": "Ташкентский трубный завод", "highway": "bus_stop", "public_transport": "stop_position", "bus": "yes", "stop_role": "platform", "operator": null, "district_name": "Sergeli district", "district_assignment": "within" }, "geometry": { "type": "Point", "coordinates": [ 69.2682116, 41.2071619 ] } },
{ "type": "Feature", "properties": { "osm_element": "node", "osm_id": 13326559971, "name": "Quruvchilar dahasi", "name_ru": "Массив Строитель", "highway": "bus_stop", "public_transport": "stop_position", "bus": "yes", "stop_role": "platform", "operator": null, "district_name": "Sergeli district", "district_assignment": "within" }, "geometry": { "type": "Point", "coordinates": [ 69.2625943, 41.2131403 ] } },
{ "type": "Feature", "properties": { "osm_element": "node", "osm_id": 13326559983, "name": "Quruvchilar dahasi", "name_ru": "Массив Строитель", "highway": "bus_stop", "public_transport": "stop_position", "bus": "yes", "stop_role": "platform", "operator": null, "district_name": "Sergeli district", "district_assignment": "within" }, "geometry": { "type": "Point", "coordinates": [ 69.262515, 41.2135503 ] } },
{ "type": "Feature", "properties": { "osm_element": "node", "osm_id": 13326560031, "name": "Quruvchi metro mekati", "name_ru": "Станция метро Курувчи", "highway": "bus_stop", "public_transport": "stop_position", "bus": "yes", "stop_role": "platform", "operator": null, "district_name": "Sergeli district", "district_assignment": "within" }, "geometry": { "type": "Point", "coordinates": [ 69.2593285, 41.221316 ] } },
{ "type": "Feature", "properties": { "osm_element": "node", "osm_id": 13326560034, "name": "Qorasuv boshqarish jamoa xo'jaligi", "name_ru": "Коллективное хозяйство Карасу", "highway": "bus_stop", "public_transport": "stop_position", "bus": "yes", "stop_role": "platform", "operator": null, "district_name": "Sergeli district", "district_assignment": "within" }, "geometry": { "type": "Point", "coordinates": [ 69.2667632, 41.2251247 ] } },
{ "type": "Feature", "properties": { "osm_element": "node", "osm_id": 13326560041, "name": "Xonobod metrosi", "name_ru": "Станция метро Ханабад", "highway": "bus_stop", "public_transport": "stop_position", "bus": "yes", "stop_role": "platform", "operator": null, "district_name": "Sergeli district", "district_assignment": "within" }, "geometry": { "type": "Point", "coordinates": [ 69.2707041, 41.231274 ] } },
{ "type": "Feature", "properties": { "osm_element": "node", "osm_id": 13326560050, "name": "Yangi Turmush ko'chasi", "name_ru": "Улица Янги Турмуш", "highway": "bus_stop", "public_transport": "stop_position", "bus": "yes", "stop_role": "platform", "operator": null, "district_name": "Sergeli district", "district_assignment": "within" }, "geometry": { "type": "Point", "coordinates": [ 69.2729961, 41.2354782 ] } },
{ "type": "Feature", "properties": { "osm_element": "node", "osm_id": 13326560052, "name": "Yangi Turmush ko'chasi", "name_ru": "Улица Янги Турмуш", "highway": "bus_stop", "public_transport": "stop_position", "bus": "yes", "stop_role": "platform", "operator": null, "district_name": "Sergeli district", "district_assignment": "within" }, "geometry": { "type": "Point", "coordinates": [ 69.2724621, 41.2347484 ] } },
{ "type": "Feature", "properties": { "osm_element": "node", "osm_id": 13326560078, "name": "68-poliklinika", "name_ru": "Поликлиника 68", "highway": "bus_stop", "public_transport": "stop_position", "bus": "yes", "stop_role": "platform", "operator": null, "district_name": "Sergeli district", "district_assignment": "within" }, "geometry": { "type": "Point", "coordinates": [ 69.2747724, 41.2390321 ] } },
{ "type": "Feature", "properties": { "osm_element": "node", "osm_id": 13326560080, "name": "68-poliklinika", "name_ru": "Поликлиника 68", "highway": "bus_stop", "public_transport": "stop_position", "bus": "yes", "stop_role": "platform", "operator": null, "district_name": "Sergeli district", "district_assignment": "within" }, "geometry": { "type": "Point", "coordinates": [ 69.2742772, 41.2383724 ] } },
{ "type": "Feature", "properties": { "osm_element": "node", "osm_id": 13326721946, "name": "Sariqsuv ko'chasi", "name_ru": "Улица Сариксув", "highway": "bus_stop", "public_transport": "stop_position", "bus": "yes", "stop_role": "platform", "operator": null, "district_name": "Almazar district", "district_assignment": "within" }, "geometry": { "type": "Point", "coordinates": [ 69.237797, 41.3417578 ] } },
{ "type": "Feature", "properties": { "osm_element": "node", "osm_id": 13326721947, "name": "Qorasaroy koʻchasi", "name_ru": "Улица Карасарай", "highway": "bus_stop", "public_transport": "stop_position", "bus": "yes", "stop_role": "platform", "operator": null, "district_name": "Almazar district", "district_assignment": "within" }, "geometry": { "type": "Point", "coordinates": [ 69.2429552, 41.3415214 ] } },
{ "type": "Feature", "properties": { "osm_element": "node", "osm_id": 13326721949, "name": "Qorasaroy koʻchasi", "name_ru": "Улица Карасарай", "highway": "bus_stop", "public_transport": "stop_position", "bus": "yes", "stop_role": "platform", "operator": null, "district_name": "Almazar district", "district_assignment": "within" }, "geometry": { "type": "Point", "coordinates": [ 69.2412142, 41.3418316 ] } },
{ "type": "Feature", "properties": { "osm_element": "node", "osm_id": 13326721951, "name": "Sag'bon ko'chasi", "name_ru": "Улица Сагбан", "highway": "bus_stop", "public_transport": "stop_position", "bus": "yes", "stop_role": "platform", "operator": null, "district_name": "Almazar district", "district_assignment": "within" }, "geometry": { "type": "Point", "coordinates": [ 69.2308727, 41.3416055 ] } },
{ "type": "Feature", "properties": { "osm_element": "node", "osm_id": 13326721952, "name": "Sag'bon ko'chasi", "name_ru": "Улица Сагбан", "highway": "bus_stop", "public_transport": "stop_position", "bus": "yes", "stop_role": "platform", "operator": null, "district_name": "Almazar district", "district_assignment": "within" }, "geometry": { "type": "Point", "coordinates": [ 69.2313379, 41.3404818 ] } },
{ "type": "Feature", "properties": { "osm_element": "node", "osm_id": 13326721959, "name": "Sag'bon ko'chasi", "name_ru": "Улица Сагбан", "highway": "bus_stop", "public_transport": "platform", "bus": "yes", "stop_role": "platform", "operator": null, "district_name": "Almazar district", "district_assignment": "within" }, "geometry": { "type": "Point", "coordinates": [ 69.231838, 41.3410737 ] } },
{ "type": "Feature", "properties": { "osm_element": "node", "osm_id": 13326721960, "name": "Sag'bon ko'chasi", "name_ru": "Улица Сагбан", "highway": "bus_stop", "public_transport": "platform", "bus": "yes", "stop_role": "platform", "operator": null, "district_name": "Almazar district", "district_assignment": "within" }, "geometry": { "type": "Point", "coordinates": [ 69.2301978, 41.3409762 ] } },
{ "type": "Feature", "properties": { "osm_element": "node", "osm_id": 13326721961, "name": "111-maktab", "name_ru": "Школа 111", "highway": "bus_stop", "public_transport": "stop_position", "bus": "yes", "stop_role": "platform", "operator": null, "district_name": "Almazar district", "district_assignment": "within" }, "geometry": { "type": "Point", "coordinates": [ 69.2251173, 41.3384694 ] } },
{ "type": "Feature", "properties": { "osm_element": "node", "osm_id": 13326721963, "name": "111-maktab", "name_ru": "Школа 111", "highway": "bus_stop", "public_transport": "stop_position", "bus": "yes", "stop_role": "platform", "operator": null, "district_name": "Almazar district", "district_assignment": "within" }, "geometry": { "type": "Point", "coordinates": [ 69.2234065, 41.3375828 ] } },
{ "type": "Feature", "properties": { "osm_element": "node", "osm_id": 13326721976, "name": "Chorsu savdo markazi", "name_ru": "Торговый центр \"Чорсу\"", "highway": "bus_stop", "public_transport": "stop_position", "bus": "yes", "stop_role": "platform", "operator": null, "district_name": "Shaykhantakhur district", "district_assignment": "within" }, "geometry": { "type": "Point", "coordinates": [ 69.2388927, 41.3216088 ] } },
{ "type": "Feature", "properties": { "osm_element": "node", "osm_id": 13331990833, "name": "G'ayratiy ko'chasi", "name_ru": "Гайратий улица", "highway": "bus_stop", "public_transport": "stop_position", "bus": "yes", "stop_role": "platform", "operator": null, "district_name": "Yunusabad district", "district_assignment": "within" }, "geometry": { "type": "Point", "coordinates": [ 69.2734159, 41.3579957 ] } },
{ "type": "Feature", "properties": { "osm_element": "node", "osm_id": 13331990925, "name": "Taxtapul ko'chasi", "name_ru": "Улица Тахтапуль", "highway": "bus_stop", "public_transport": "stop_position", "bus": "yes", "stop_role": "platform", "operator": null, "district_name": "Almazar district", "district_assignment": "within" }, "geometry": { "type": "Point", "coordinates": [ 69.2547183, 41.338921 ] } },
{ "type": "Feature", "properties": { "osm_element": "node", "osm_id": 13331990927, "name": "Taxtapul ko'chasi", "name_ru": "Улица Тахтапуль", "highway": "bus_stop", "public_transport": "stop_position", "bus": "yes", "stop_role": "platform", "operator": null, "district_name": "Almazar district", "district_assignment": "within" }, "geometry": { "type": "Point", "coordinates": [ 69.2574884, 41.3389885 ] } },
{ "type": "Feature", "properties": { "osm_element": "node", "osm_id": 13334213751, "name": "Universam", "name_ru": "Универсам", "highway": "bus_stop", "public_transport": "stop_position", "bus": "yes", "stop_role": "platform", "operator": null, "district_name": "Yunusabad district", "district_assignment": "within" }, "geometry": { "type": "Point", "coordinates": [ 69.2866854, 41.3640013 ] } },
{ "type": "Feature", "properties": { "osm_element": "node", "osm_id": 13334213773, "name": "Savdo markazi", "name_ru": "Торговый центр", "highway": "bus_stop", "public_transport": "stop_position", "bus": "yes", "stop_role": "platform", "operator": null, "district_name": "Yunusabad district", "district_assignment": "within" }, "geometry": { "type": "Point", "coordinates": [ 69.2841186, 41.3623122 ] } },
{ "type": "Feature", "properties": { "osm_element": "node", "osm_id": 13336787441, "name": "Yunusobod Metro stansiyasi", "name_ru": "Станция метро Юнусабад", "highway": "bus_stop", "public_transport": "stop_position", "bus": "yes", "stop_role": "platform", "operator": null, "district_name": "Yunusabad district", "district_assignment": "within" }, "geometry": { "type": "Point", "coordinates": [ 69.2910397, 41.3667902 ] } },
{ "type": "Feature", "properties": { "osm_element": "node", "osm_id": 13336787444, "name": "Yunusobod Metro stansiyasi", "name_ru": "Станция метро Юнусабад", "highway": "bus_stop", "public_transport": "stop_position", "bus": "yes", "stop_role": "platform", "operator": null, "district_name": "Yunusabad district", "district_assignment": "within" }, "geometry": { "type": "Point", "coordinates": [ 69.2928902, 41.3673382 ] } },
{ "type": "Feature", "properties": { "osm_element": "node", "osm_id": 13339363402, "name": "Gulqog'ozlar do'koni", "name_ru": "Магазин \"Обои\"", "highway": "bus_stop", "public_transport": "stop_position", "bus": "yes", "stop_role": "platform", "operator": null, "district_name": "Mirzo Ulugbek district", "district_assignment": "within" }, "geometry": { "type": "Point", "coordinates": [ 69.3689098, 41.3549333 ] } },
{ "type": "Feature", "properties": { "osm_element": "node", "osm_id": 13339363404, "name": "Diadora do'koni", "name_ru": "Магазин Диадора", "highway": "bus_stop", "public_transport": "stop_position", "bus": "yes", "stop_role": "platform", "operator": null, "district_name": "Mirzo Ulugbek district", "district_assignment": "within" }, "geometry": { "type": "Point", "coordinates": [ 69.3862601, 41.3578119 ] } },
{ "type": "Feature", "properties": { "osm_element": "node", "osm_id": 13339363405, "name": "Diadora do'koni", "name_ru": "Магазин Диадора", "highway": "bus_stop", "public_transport": "stop_position", "bus": "yes", "stop_role": "platform", "operator": null, "district_name": "Mirzo Ulugbek district", "district_assignment": "within" }, "geometry": { "type": "Point", "coordinates": [ 69.3856008, 41.3593593 ] } },
{ "type": "Feature", "properties": { "osm_element": "node", "osm_id": 13339363409, "name": "Navroʻz bozori", "name_ru": "Рынок ТТЗ", "highway": "bus_stop", "public_transport": "stop_position", "bus": "yes", "stop_role": "platform", "operator": null, "district_name": "Mirzo Ulugbek district", "district_assignment": "within" }, "geometry": { "type": "Point", "coordinates": [ 69.3877963, 41.3542878 ] } },
{ "type": "Feature", "properties": { "osm_element": "node", "osm_id": 13339363410, "name": "Navroʻz bozori", "name_ru": "Рынок ТТЗ", "highway": "bus_stop", "public_transport": "stop_position", "bus": "yes", "stop_role": "platform", "operator": null, "district_name": "Mirzo Ulugbek district", "district_assignment": "within" }, "geometry": { "type": "Point", "coordinates": [ 69.3879668, 41.3541736 ] } },
{ "type": "Feature", "properties": { "osm_element": "node", "osm_id": 13339363415, "name": "4-sonli taksopark", "name_ru": "Таксопарк № 4", "highway": "bus_stop", "public_transport": "stop_position", "bus": "yes", "stop_role": "platform", "operator": null, "district_name": "Mirzo Ulugbek district", "district_assignment": "within" }, "geometry": { "type": "Point", "coordinates": [ 69.361423, 41.3593748 ] } },
{ "type": "Feature", "properties": { "osm_element": "node", "osm_id": 13339363418, "name": "4-sonli taksopark", "name_ru": "Таксопарк № 4", "highway": "bus_stop", "public_transport": "stop_position", "bus": "yes", "stop_role": "platform", "operator": null, "district_name": "Mirzo Ulugbek district", "district_assignment": "within" }, "geometry": { "type": "Point", "coordinates": [ 69.3618356, 41.3597663 ] } },
{ "type": "Feature", "properties": { "osm_element": "node", "osm_id": 13339363420, "name": "Ginekologiya instituti", "name_ru": "Институт гинекологии", "highway": "bus_stop", "public_transport": "stop_position", "bus": "yes", "stop_role": "platform", "operator": null, "district_name": "Mirzo Ulugbek district", "district_assignment": "within" }, "geometry": { "type": "Point", "coordinates": [ 69.356512, 41.3548815 ] } },
{ "type": "Feature", "properties": { "osm_element": "node", "osm_id": 13339363421, "name": "Ginekologiya instituti", "name_ru": "Институт гинекологии", "highway": "bus_stop", "public_transport": "stop_position", "bus": "yes", "stop_role": "platform", "operator": null, "district_name": "Mirzo Ulugbek district", "district_assignment": "within" }, "geometry": { "type": "Point", "coordinates": [ 69.3583469, 41.3564553 ] } },
{ "type": "Feature", "properties": { "osm_element": "node", "osm_id": 13339363423, "name": "Chimyon do'koni", "name_ru": "Магазин \"Чимган\"", "highway": "bus_stop", "public_transport": "stop_position", "bus": "yes", "stop_role": "platform", "operator": null, "district_name": "Mirzo Ulugbek district", "district_assignment": "within" }, "geometry": { "type": "Point", "coordinates": [ 69.3512219, 41.3497142 ] } },
{ "type": "Feature", "properties": { "osm_element": "node", "osm_id": 13339363425, "name": "Chimyon do'koni", "name_ru": "Магазин \"Чимган\"", "highway": "bus_stop", "public_transport": "platform", "bus": "yes", "stop_role": "platform", "operator": null, "district_name": "Mirzo Ulugbek district", "district_assignment": "within" }, "geometry": { "type": "Point", "coordinates": [ 69.3528967, 41.3512815 ] } },
{ "type": "Feature", "properties": { "osm_element": "node", "osm_id": 13339363426, "name": "Chimyon do'koni", "name_ru": "Магазин \"Чимган\"", "highway": "bus_stop", "public_transport": "platform", "bus": "yes", "stop_role": "platform", "operator": null, "district_name": "Mirzo Ulugbek district", "district_assignment": "within" }, "geometry": { "type": "Point", "coordinates": [ 69.3518702, 41.3510908 ] } },
{ "type": "Feature", "properties": { "osm_element": "node", "osm_id": 13339363432, "name": "Махалля Богимайдон", "name_ru": null, "highway": "bus_stop", "public_transport": "stop_position", "bus": "yes", "stop_role": "platform", "operator": null, "district_name": "Mirzo Ulugbek district", "district_assignment": "within" }, "geometry": { "type": "Point", "coordinates": [ 69.3483051, 41.3531218 ] } },
{ "type": "Feature", "properties": { "osm_element": "node", "osm_id": 13339363440, "name": "Махалля Богимайдон", "name_ru": null, "highway": "bus_stop", "public_transport": "stop_position", "bus": "yes", "stop_role": "platform", "operator": null, "district_name": "Mirzo Ulugbek district", "district_assignment": "within" }, "geometry": { "type": "Point", "coordinates": [ 69.347438, 41.3537982 ] } },
{ "type": "Feature", "properties": { "osm_element": "node", "osm_id": 13339363498, "name": "ToshGRES mavzesi", "name_ru": "Массив \"ТашГРЭС\"", "highway": "bus_stop", "public_transport": "platform", "bus": "yes", "stop_role": "platform", "operator": null, "district_name": "Yunusabad district", "district_assignment": "within" }, "geometry": { "type": "Point", "coordinates": [ 69.3389426, 41.3587997 ] } },
{ "type": "Feature", "properties": { "osm_element": "node", "osm_id": 13339363555, "name": "Oqtepa 7-tor ko'chasi", "name_ru": "Улица Актепа, 7-й проезд", "highway": "bus_stop", "public_transport": "stop_position", "bus": "yes", "stop_role": "platform", "operator": null, "district_name": "Yunusabad district", "district_assignment": "within" }, "geometry": { "type": "Point", "coordinates": [ 69.3256449, 41.3690891 ] } },
{ "type": "Feature", "properties": { "osm_element": "node", "osm_id": 13339363565, "name": "Yunusobod dahasi 19-mavze", "name_ru": "Массив \"Юнусабад\", квартал 19", "highway": "bus_stop", "public_transport": "stop_position", "bus": "yes", "stop_role": "platform", "operator": null, "district_name": "Yunusabad district", "district_assignment": "within" }, "geometry": { "type": "Point", "coordinates": [ 69.3227589, 41.3731634 ] } },
{ "type": "Feature", "properties": { "osm_element": "node", "osm_id": 13339363566, "name": "Yunusobod dahasi 19-mavze", "name_ru": "Массив \"Юнусабад\", квартал 19", "highway": "bus_stop", "public_transport": "stop_position", "bus": "yes", "stop_role": "platform", "operator": null, "district_name": "Yunusabad district", "district_assignment": "within" }, "geometry": { "type": "Point", "coordinates": [ 69.3225634, 41.3740172 ] } },
{ "type": "Feature", "properties": { "osm_element": "node", "osm_id": 13339363578, "name": "39 Yotoqxona", "name_ru": "Общежитие № 39", "highway": "bus_stop", "public_transport": "stop_position", "bus": "yes", "stop_role": "platform", "operator": null, "district_name": "Yunusabad district", "district_assignment": "within" }, "geometry": { "type": "Point", "coordinates": [ 69.320589, 41.3728744 ] } },
{ "type": "Feature", "properties": { "osm_element": "node", "osm_id": 13339363592, "name": "12-sonli poliklinika", "name_ru": "Поликлиника № 12", "highway": "bus_stop", "public_transport": "stop_position", "bus": "yes", "stop_role": "platform", "operator": null, "district_name": "Yunusabad district", "district_assignment": "within" }, "geometry": { "type": "Point", "coordinates": [ 69.3118255, 41.3691786 ] } },
{ "type": "Feature", "properties": { "osm_element": "node", "osm_id": 13341109543, "name": "Yunusobod dahasi 12-mavze", "name_ru": "Массив \"Юнусабад\", квартал 12", "highway": "bus_stop", "public_transport": "stop_position", "bus": "yes", "stop_role": "platform", "operator": null, "district_name": "Yunusabad district", "district_assignment": "within" }, "geometry": { "type": "Point", "coordinates": [ 69.2966469, 41.3814003 ] } },
{ "type": "Feature", "properties": { "osm_element": "node", "osm_id": 13341109547, "name": "Yunusobod dahasi 12-mavze", "name_ru": "Массив \"Юнусабад\", квартал 12", "highway": "bus_stop", "public_transport": "stop_position", "bus": "yes", "stop_role": "platform", "operator": null, "district_name": "Yunusabad district", "district_assignment": "within" }, "geometry": { "type": "Point", "coordinates": [ 69.2977525, 41.3817718 ] } },
{ "type": "Feature", "properties": { "osm_element": "node", "osm_id": 13341109562, "name": "122-sonli maktab", "name_ru": "Школа № 122", "highway": "bus_stop", "public_transport": "stop_position", "bus": "yes", "stop_role": "platform", "operator": null, "district_name": "Yunusabad district", "district_assignment": "within" }, "geometry": { "type": "Point", "coordinates": [ 69.3139952, 41.3660172 ] } },
{ "type": "Feature", "properties": { "osm_element": "node", "osm_id": 13341109564, "name": "122-sonli maktab", "name_ru": "Школа № 122", "highway": "bus_stop", "public_transport": "stop_position", "bus": "yes", "stop_role": "platform", "operator": null, "district_name": "Yunusabad district", "district_assignment": "within" }, "geometry": { "type": "Point", "coordinates": [ 69.3135263, 41.3653525 ] } },
{ "type": "Feature", "properties": { "osm_element": "node", "osm_id": 13341109565, "name": "Yunusobod dahasi 17-mavze", "name_ru": "Массив \"Юнусабад\", квартал 17", "highway": "bus_stop", "public_transport": "stop_position", "bus": "yes", "stop_role": "platform", "operator": null, "district_name": "Yunusabad district", "district_assignment": "within" }, "geometry": { "type": "Point", "coordinates": [ 69.3103154, 41.3638049 ] } },
{ "type": "Feature", "properties": { "osm_element": "node", "osm_id": 13341109568, "name": "Mebel do'koni", "name_ru": "Мебельный магазин", "highway": "bus_stop", "public_transport": "stop_position", "bus": "yes", "stop_role": "platform", "operator": null, "district_name": "Yunusabad district", "district_assignment": "within" }, "geometry": { "type": "Point", "coordinates": [ 69.2859446, 41.3681115 ] } },
{ "type": "Feature", "properties": { "osm_element": "node", "osm_id": 13341109581, "name": "Jumamasjid ko'chasi", "name_ru": "Улица Джумамасжид", "highway": "bus_stop", "public_transport": "stop_position", "bus": "yes", "stop_role": "platform", "operator": null, "district_name": "Yunusabad district", "district_assignment": "within" }, "geometry": { "type": "Point", "coordinates": [ 69.2747274, 41.3724862 ] } },
{ "type": "Feature", "properties": { "osm_element": "node", "osm_id": 13341109598, "name": null, "name_ru": null, "highway": "bus_stop", "public_transport": "stop_position", "bus": "yes", "stop_role": "platform", "operator": null, "district_name": "Yunusabad district", "district_assignment": "within" }, "geometry": { "type": "Point", "coordinates": [ 69.2710036, 41.3758778 ] } },
{ "type": "Feature", "properties": { "osm_element": "node", "osm_id": 13341109600, "name": "Zenit zavodi", "name_ru": "Завод \"Зенит\"", "highway": "bus_stop", "public_transport": "stop_position", "bus": "yes", "stop_role": "platform", "operator": null, "district_name": "Yunusabad district", "district_assignment": "within" }, "geometry": { "type": "Point", "coordinates": [ 69.2705101, 41.37509 ] } },
{ "type": "Feature", "properties": { "osm_element": "node", "osm_id": 13341120402, "name": null, "name_ru": null, "highway": "bus_stop", "public_transport": "stop_position", "bus": "yes", "stop_role": "platform", "operator": null, "district_name": "Yunusabad district", "district_assignment": "within" }, "geometry": { "type": "Point", "coordinates": [ 69.2718665, 41.3750358 ] } },
{ "type": "Feature", "properties": { "osm_element": "node", "osm_id": 13341120416, "name": null, "name_ru": null, "highway": "bus_stop", "public_transport": "stop_position", "bus": "yes", "stop_role": "platform", "operator": null, "district_name": "Yunusabad district", "district_assignment": "within" }, "geometry": { "type": "Point", "coordinates": [ 69.2639414, 41.3720575 ] } },
{ "type": "Feature", "properties": { "osm_element": "node", "osm_id": 13341120466, "name": "Yunusobod dahasi 6-mavze", "name_ru": "Массив \"Юнусабад\", квартал 6", "highway": "bus_stop", "public_transport": "stop_position", "bus": "yes", "stop_role": "platform", "operator": null, "district_name": "Yunusabad district", "district_assignment": "within" }, "geometry": { "type": "Point", "coordinates": [ 69.2654751, 41.3669061 ] } },
{ "type": "Feature", "properties": { "osm_element": "node", "osm_id": 13342647741, "name": "Nuroniy oromgoxi", "name_ru": "Санаторий \"Нуроний\"", "highway": "bus_stop", "public_transport": "stop_position", "bus": "yes", "stop_role": "platform", "operator": null, "district_name": "Yunusabad district", "district_assignment": "within" }, "geometry": { "type": "Point", "coordinates": [ 69.3167675, 41.3797398 ] } },
{ "type": "Feature", "properties": { "osm_element": "node", "osm_id": 13342647750, "name": "G'ofur G'ulom ko'chasi", "name_ru": "Улица Гафура Гуляма", "highway": "bus_stop", "public_transport": "stop_position", "bus": "yes", "stop_role": "platform", "operator": null, "district_name": "Yunusabad district", "district_assignment": "within" }, "geometry": { "type": "Point", "coordinates": [ 69.3133468, 41.377621 ] } },
{ "type": "Feature", "properties": { "osm_element": "node", "osm_id": 13342647771, "name": "Yunusobod dahasi 17-mavze", "name_ru": "Массив \"Юнусабад\", квартал 17", "highway": "bus_stop", "public_transport": "stop_position", "bus": "yes", "stop_role": "platform", "operator": null, "district_name": "Yunusabad district", "district_assignment": "within" }, "geometry": { "type": "Point", "coordinates": [ 69.3087998, 41.3688481 ] } },
{ "type": "Feature", "properties": { "osm_element": "node", "osm_id": 13342647777, "name": "Yunusobod dahasi 14-mavze", "name_ru": "Массив \"Юнусабад\", квартал 14", "highway": "bus_stop", "public_transport": "stop_position", "bus": "yes", "stop_role": "platform", "operator": null, "district_name": "Yunusabad district", "district_assignment": "within" }, "geometry": { "type": "Point", "coordinates": [ 69.3054205, 41.3680548 ] } },
{ "type": "Feature", "properties": { "osm_element": "node", "osm_id": 13342647782, "name": "5-sonli bolalar kasalxonasi", "name_ru": "Детская инфекционная больница № 5", "highway": "bus_stop", "public_transport": "stop_position", "bus": "yes", "stop_role": "platform", "operator": null, "district_name": "Yunusabad district", "district_assignment": "within" }, "geometry": { "type": "Point", "coordinates": [ 69.2987496, 41.3636909 ] } },
{ "type": "Feature", "properties": { "osm_element": "node", "osm_id": 13342647785, "name": "Yunusobod dahasi 9-mavze", "name_ru": "Массив \"Юнусабад\", квартал 9", "highway": "bus_stop", "public_transport": "stop_position", "bus": "yes", "stop_role": "platform", "operator": null, "district_name": "Yunusabad district", "district_assignment": "within" }, "geometry": { "type": "Point", "coordinates": [ 69.2773562, 41.3736506 ] } },
{ "type": "Feature", "properties": { "osm_element": "node", "osm_id": 13342647789, "name": "259-sonli maktab", "name_ru": "Школа № 259", "highway": "bus_stop", "public_transport": "stop_position", "bus": "yes", "stop_role": "platform", "operator": null, "district_name": "Yunusabad district", "district_assignment": "within" }, "geometry": { "type": "Point", "coordinates": [ 69.2809195, 41.3759846 ] } },
{ "type": "Feature", "properties": { "osm_element": "node", "osm_id": 13342647794, "name": "259-sonli maktab", "name_ru": "Школа № 259", "highway": "bus_stop", "public_transport": "stop_position", "bus": "yes", "stop_role": "platform", "operator": null, "district_name": "Yunusabad district", "district_assignment": "within" }, "geometry": { "type": "Point", "coordinates": [ 69.2799736, 41.3754495 ] } },
{ "type": "Feature", "properties": { "osm_element": "node", "osm_id": 13342647797, "name": "Yunusobod dahasi 9-mavze", "name_ru": "Массив \"Юнусабад\", квартал 9", "highway": "bus_stop", "public_transport": "stop_position", "bus": "yes", "stop_role": "platform", "operator": null, "district_name": "Yunusabad district", "district_assignment": "within" }, "geometry": { "type": "Point", "coordinates": [ 69.2825651, 41.3772557 ] } },
{ "type": "Feature", "properties": { "osm_element": "node", "osm_id": 13342651208, "name": "Yunusobod dahasi 9-mavze", "name_ru": "Массив \"Юнусабад\", квартал 9", "highway": "bus_stop", "public_transport": "stop_position", "bus": "yes", "stop_role": "platform", "operator": null, "district_name": "Yunusabad district", "district_assignment": "within" }, "geometry": { "type": "Point", "coordinates": [ 69.2828326, 41.3780794 ] } },
{ "type": "Feature", "properties": { "osm_element": "node", "osm_id": 13342651217, "name": "Yunusobod dahasi 9-mavze", "name_ru": "Массив \"Юнусабад\", квартал 9", "highway": "bus_stop", "public_transport": "stop_position", "bus": "yes", "stop_role": "platform", "operator": null, "district_name": "Yunusabad district", "district_assignment": "within" }, "geometry": { "type": "Point", "coordinates": [ 69.2823955, 41.3779632 ] } },
{ "type": "Feature", "properties": { "osm_element": "node", "osm_id": 13342651224, "name": "Yunusobod dahasi 9-mavze", "name_ru": "Массив \"Юнусабад\", квартал 9", "highway": "bus_stop", "public_transport": "stop_position", "bus": "yes", "stop_role": "platform", "operator": null, "district_name": "Yunusabad district", "district_assignment": "within" }, "geometry": { "type": "Point", "coordinates": [ 69.2821021, 41.3777697 ] } },
{ "type": "Feature", "properties": { "osm_element": "node", "osm_id": 13342651238, "name": "Канал Каракамыш", "name_ru": "Канал Каракамыш", "highway": "bus_stop", "public_transport": "stop_position", "bus": "yes", "stop_role": "platform", "operator": null, "district_name": "Yunusabad district", "district_assignment": "within" }, "geometry": { "type": "Point", "coordinates": [ 69.2802398, 41.3803892 ] } },
{ "type": "Feature", "properties": { "osm_element": "node", "osm_id": 13342651239, "name": "Канал Каракамыш", "name_ru": "Канал Каракамыш", "highway": "bus_stop", "public_transport": "stop_position", "bus": "yes", "stop_role": "platform", "operator": null, "district_name": "Yunusabad district", "district_assignment": "within" }, "geometry": { "type": "Point", "coordinates": [ 69.2804009, 41.3808087 ] } },
{ "type": "Feature", "properties": { "osm_element": "node", "osm_id": 13342651280, "name": "Yunusobod dahasi 10-mavze", "name_ru": "Массив \"Юнусабад\", квартал 10", "highway": "bus_stop", "public_transport": "stop_position", "bus": "yes", "stop_role": "platform", "operator": null, "district_name": "Yunusabad district", "district_assignment": "within" }, "geometry": { "type": "Point", "coordinates": [ 69.2842313, 41.3832375 ] } },
{ "type": "Feature", "properties": { "osm_element": "node", "osm_id": 13342651289, "name": "Yunusobod dahasi 10-mavze", "name_ru": "Массив \"Юнусабад\", квартал 10", "highway": "bus_stop", "public_transport": "stop_position", "bus": "yes", "stop_role": "platform", "operator": null, "district_name": "Yunusabad district", "district_assignment": "within" }, "geometry": { "type": "Point", "coordinates": [ 69.2833976, 41.3826923 ] } },
{ "type": "Feature", "properties": { "osm_element": "node", "osm_id": 13343037755, "name": "Sergeli dahasi 10-mavze", "name_ru": "Массив \"Сергели\", квартал 10", "highway": "bus_stop", "public_transport": "stop_position", "bus": "yes", "stop_role": "platform", "operator": null, "district_name": "Yangikhayot district", "district_assignment": "within" }, "geometry": { "type": "Point", "coordinates": [ 69.1925885, 41.2057797 ] } },
{ "type": "Feature", "properties": { "osm_element": "node", "osm_id": 13343037762, "name": "Sverdlovsk uylari", "name_ru": "Свердловские дома", "highway": "bus_stop", "public_transport": "stop_position", "bus": "yes", "stop_role": "platform", "operator": null, "district_name": "Uchtepa district", "district_assignment": "within" }, "geometry": { "type": "Point", "coordinates": [ 69.178812, 41.2924616 ] } },
{ "type": "Feature", "properties": { "osm_element": "node", "osm_id": 13343052014, "name": "Shirin ko'chasi", "name_ru": "Улица Ширин", "highway": "bus_stop", "public_transport": "stop_position", "bus": "yes", "stop_role": "platform", "operator": null, "district_name": "Uchtepa district", "district_assignment": "within" }, "geometry": { "type": "Point", "coordinates": [ 69.1711386, 41.2855061 ] } },
{ "type": "Feature", "properties": { "osm_element": "node", "osm_id": 13347842748, "name": "Bolalar Milliy Tibbiyot Markazi", "name_ru": "Национальный детский медицинский центр", "highway": "bus_stop", "public_transport": "stop_position", "bus": "yes", "stop_role": "platform", "operator": null, "district_name": "Yashnabad district", "district_assignment": "within" }, "geometry": { "type": "Point", "coordinates": [ 69.3404539, 41.3048417 ] } },
{ "type": "Feature", "properties": { "osm_element": "node", "osm_id": 13348321236, "name": "Bogʻiboʻston koʻchasi", "name_ru": "ул. Богибустан", "highway": "bus_stop", "public_transport": "stop_position", "bus": "yes", "stop_role": "platform", "operator": null, "district_name": "Yakkasaray district", "district_assignment": "within" }, "geometry": { "type": "Point", "coordinates": [ 69.2230296, 41.2634196 ] } },
{ "type": "Feature", "properties": { "osm_element": "node", "osm_id": 13348321241, "name": "Chilonzor metro bekati", "name_ru": "Станция метро \"Чиланзар\"", "highway": "bus_stop", "public_transport": "stop_position", "bus": "yes", "stop_role": "platform", "operator": null, "district_name": "Chilanzar district", "district_assignment": "within" }, "geometry": { "type": "Point", "coordinates": [ 69.203488, 41.2733715 ] } },
{ "type": "Feature", "properties": { "osm_element": "node", "osm_id": 13348321246, "name": "Chilonzor metro bekati", "name_ru": "Станция метро \"Чиланзар\"", "highway": "bus_stop", "public_transport": "stop_position", "bus": "yes", "stop_role": "platform", "operator": null, "district_name": "Chilanzar district", "district_assignment": "within" }, "geometry": { "type": "Point", "coordinates": [ 69.2040975, 41.2742193 ] } },
{ "type": "Feature", "properties": { "osm_element": "node", "osm_id": 13348321248, "name": "Chilonzor metro bekati", "name_ru": "Станция метро \"Чиланзар\"", "highway": "bus_stop", "public_transport": "stop_position", "bus": "yes", "stop_role": "platform", "operator": null, "district_name": "Chilanzar district", "district_assignment": "within" }, "geometry": { "type": "Point", "coordinates": [ 69.2055477, 41.2750017 ] } },
{ "type": "Feature", "properties": { "osm_element": "node", "osm_id": 13348321269, "name": "Chilonzor metro bekati", "name_ru": "Станция метро \"Чиланзар\"", "highway": "bus_stop", "public_transport": "stop_position", "bus": "yes", "stop_role": "platform", "operator": null, "district_name": "Chilanzar district", "district_assignment": "within" }, "geometry": { "type": "Point", "coordinates": [ 69.2031329, 41.27595 ] } },
{ "type": "Feature", "properties": { "osm_element": "node", "osm_id": 13351981091, "name": "Sergeli dahasi 10-mavze", "name_ru": "Массив \"Сергели\", квартал 10", "highway": "bus_stop", "public_transport": "stop_position", "bus": "yes", "stop_role": "platform", "operator": null, "district_name": "Yangikhayot district", "district_assignment": "within" }, "geometry": { "type": "Point", "coordinates": [ 69.1914523, 41.207003 ] } },
{ "type": "Feature", "properties": { "osm_element": "node", "osm_id": 13351981098, "name": "Sergeli dahasi 10-mavze", "name_ru": "Массив \"Сергели\", квартал 10", "highway": "bus_stop", "public_transport": "stop_position", "bus": "yes", "stop_role": "platform", "operator": null, "district_name": "Yangikhayot district", "district_assignment": "within" }, "geometry": { "type": "Point", "coordinates": [ 69.1925522, 41.2056665 ] } },
{ "type": "Feature", "properties": { "osm_element": "node", "osm_id": 13352013903, "name": "Oriyat mahallasi", "name_ru": "Махалля \"Орият\"", "highway": "bus_stop", "public_transport": "stop_position", "bus": "yes", "stop_role": "platform", "operator": null, "district_name": "Yangikhayot district", "district_assignment": "within" }, "geometry": { "type": "Point", "coordinates": [ 69.1940747, 41.2089613 ] } },
{ "type": "Feature", "properties": { "osm_element": "node", "osm_id": 13352013904, "name": "Oriyat mahallasi", "name_ru": "Махалля \"Орият\"", "highway": "bus_stop", "public_transport": "stop_position", "bus": "yes", "stop_role": "platform", "operator": null, "district_name": "Yangikhayot district", "district_assignment": "within" }, "geometry": { "type": "Point", "coordinates": [ 69.1943075, 41.2092459 ] } },
{ "type": "Feature", "properties": { "osm_element": "node", "osm_id": 13352013921, "name": "Yangihayot mahallasi", "name_ru": "Махалля \"Янги Хает\"", "highway": "bus_stop", "public_transport": "stop_position", "bus": "yes", "stop_role": "platform", "operator": null, "district_name": "Yangikhayot district", "district_assignment": "within" }, "geometry": { "type": "Point", "coordinates": [ 69.1977913, 41.2135018 ] } },
{ "type": "Feature", "properties": { "osm_element": "node", "osm_id": 13352013922, "name": "Yangihayot mahallasi", "name_ru": "Махалля \"Янги Хает\"", "highway": "bus_stop", "public_transport": "stop_position", "bus": "yes", "stop_role": "platform", "operator": null, "district_name": "Yangikhayot district", "district_assignment": "within" }, "geometry": { "type": "Point", "coordinates": [ 69.1978694, 41.2135975 ] } },
{ "type": "Feature", "properties": { "osm_element": "node", "osm_id": 13352013946, "name": "Sergeli dahasi 9-mavze", "name_ru": "Массив \"Сергели\", квартал 9", "highway": "bus_stop", "public_transport": "stop_position", "bus": "yes", "stop_role": "platform", "operator": null, "district_name": "Yangikhayot district", "district_assignment": "within" }, "geometry": { "type": "Point", "coordinates": [ 69.1999466, 41.2169937 ] } },
{ "type": "Feature", "properties": { "osm_element": "node", "osm_id": 13352013981, "name": null, "name_ru": null, "highway": "bus_stop", "public_transport": "stop_position", "bus": "yes", "stop_role": "platform", "operator": null, "district_name": "Yangikhayot district", "district_assignment": "within" }, "geometry": { "type": "Point", "coordinates": [ 69.1988198, 41.2182193 ] } },
{ "type": "Feature", "properties": { "osm_element": "node", "osm_id": 13352014000, "name": "Yangi Turmush mahallasi", "name_ru": "Массив \"Янги Турмуш\"", "highway": "bus_stop", "public_transport": "stop_position", "bus": "yes", "stop_role": "platform", "operator": null, "district_name": "Yangikhayot district", "district_assignment": "within" }, "geometry": { "type": "Point", "coordinates": [ 69.2028361, 41.2202982 ] } },
{ "type": "Feature", "properties": { "osm_element": "node", "osm_id": 13352014096, "name": "Sergeli dahasi 7-mavze", "name_ru": "Массив \"Сергели\", квартал 7", "highway": "bus_stop", "public_transport": "stop_position", "bus": "yes", "stop_role": "platform", "operator": null, "district_name": "Yangikhayot district", "district_assignment": "within" }, "geometry": { "type": "Point", "coordinates": [ 69.207864, 41.2214416 ] } },
{ "type": "Feature", "properties": { "osm_element": "node", "osm_id": 13352014106, "name": "Sergeli dahasi 7-mavze", "name_ru": "Массив \"Сергели\", квартал 7", "highway": "bus_stop", "public_transport": "stop_position", "bus": "yes", "stop_role": "platform", "operator": null, "district_name": "Yangikhayot district", "district_assignment": "within" }, "geometry": { "type": "Point", "coordinates": [ 69.2067893, 41.2219122 ] } },
{ "type": "Feature", "properties": { "osm_element": "node", "osm_id": 13352014165, "name": "Shokir kanali", "name_ru": "Канал Шокир", "highway": "bus_stop", "public_transport": "stop_position", "bus": "yes", "stop_role": "platform", "operator": null, "district_name": "Sergeli district", "district_assignment": "within" }, "geometry": { "type": "Point", "coordinates": [ 69.2106809, 41.21836 ] } },
{ "type": "Feature", "properties": { "osm_element": "node", "osm_id": 13352014168, "name": "Oʻzgarish mavzesi", "name_ru": "Массив \"Узгарыш\"", "highway": "bus_stop", "public_transport": "stop_position", "bus": "yes", "stop_role": "platform", "operator": null, "district_name": "Sergeli district", "district_assignment": "within" }, "geometry": { "type": "Point", "coordinates": [ 69.2125536, 41.2157862 ] } },
{ "type": "Feature", "properties": { "osm_element": "node", "osm_id": 13352014200, "name": "Ferma", "name_ru": "Ферма", "highway": "bus_stop", "public_transport": "stop_position", "bus": "yes", "stop_role": "platform", "operator": null, "district_name": "Sergeli district", "district_assignment": "within" }, "geometry": { "type": "Point", "coordinates": [ 69.2174766, 41.2168355 ] } },
{ "type": "Feature", "properties": { "osm_element": "node", "osm_id": 13352014218, "name": "Bank", "name_ru": "Банк", "highway": "bus_stop", "public_transport": "stop_position", "bus": "yes", "stop_role": "platform", "operator": null, "district_name": "Sergeli district", "district_assignment": "within" }, "geometry": { "type": "Point", "coordinates": [ 69.2233962, 41.2190072 ] } },
{ "type": "Feature", "properties": { "osm_element": "node", "osm_id": 13352014221, "name": "Sirg'ali dahasi 8-mavse", "name_ru": "Массив \"Сергели\", квартал 8", "highway": "bus_stop", "public_transport": "stop_position", "bus": "yes", "stop_role": "platform", "operator": null, "district_name": "Sergeli district", "district_assignment": "within" }, "geometry": { "type": "Point", "coordinates": [ 69.2221785, 41.2232336 ] } },
{ "type": "Feature", "properties": { "osm_element": "node", "osm_id": 13352014223, "name": "Sirg'ali dahasi 8-mavse", "name_ru": "Массив \"Сергели\", квартал 8", "highway": "bus_stop", "public_transport": "stop_position", "bus": "yes", "stop_role": "platform", "operator": null, "district_name": "Sergeli district", "district_assignment": "within" }, "geometry": { "type": "Point", "coordinates": [ 69.2212246, 41.2244556 ] } },
{ "type": "Feature", "properties": { "osm_element": "node", "osm_id": 13352014246, "name": "A. Navoiy jamoa xo'jaligi", "name_ru": "Фермерское хозяйство им. А. Навои", "highway": "bus_stop", "public_transport": "stop_position", "bus": "yes", "stop_role": "platform", "operator": null, "district_name": "Sergeli district", "district_assignment": "within" }, "geometry": { "type": "Point", "coordinates": [ 69.2156077, 41.2403015 ] } },
{ "type": "Feature", "properties": { "osm_element": "node", "osm_id": 13354206931, "name": "Toshkent MUM", "name_ru": "ЦУМ \"Ташкент\"", "highway": "bus_stop", "public_transport": "stop_position", "bus": "yes", "stop_role": "platform", "operator": null, "district_name": "Mirabad district", "district_assignment": "within" }, "geometry": { "type": "Point", "coordinates": [ 69.2703317, 41.3082143 ] } },
{ "type": "Feature", "properties": { "osm_element": "node", "osm_id": 13357903086, "name": "Chilonzor dahasi 7-mavze", "name_ru": "Массив \"Чиланзар\", квартал 7", "highway": "bus_stop", "public_transport": "stop_position", "bus": "yes", "stop_role": "platform", "operator": null, "district_name": "Chilanzar district", "district_assignment": "within" }, "geometry": { "type": "Point", "coordinates": [ 69.2057684, 41.2978191 ] } },
{ "type": "Feature", "properties": { "osm_element": "node", "osm_id": 13357903094, "name": "Novza metro bekati", "name_ru": "Станция метро \"Новза\"", "highway": "bus_stop", "public_transport": "stop_position", "bus": "yes", "stop_role": "platform", "operator": null, "district_name": "Chilanzar district", "district_assignment": "within" }, "geometry": { "type": "Point", "coordinates": [ 69.224345, 41.2924823 ] } },
{ "type": "Feature", "properties": { "osm_element": "node", "osm_id": 13357905529, "name": "Chilonzor dahasi 24-mavze", "name_ru": "Массив Чиланзар, квартал 24", "highway": "bus_stop", "public_transport": "platform", "bus": "yes", "stop_role": "platform", "operator": null, "district_name": "Uchtepa district", "district_assignment": "within" }, "geometry": { "type": "Point", "coordinates": [ 69.1812649, 41.2807756 ] } },
{ "type": "Feature", "properties": { "osm_element": "node", "osm_id": 13357905530, "name": "Chilonzor dahasi 24-mavze", "name_ru": "Массив Чиланзар, квартал 24", "highway": "bus_stop", "public_transport": "stop_position", "bus": "yes", "stop_role": "platform", "operator": null, "district_name": "Uchtepa district", "district_assignment": "within" }, "geometry": { "type": "Point", "coordinates": [ 69.181397, 41.2807775 ] } },
{ "type": "Feature", "properties": { "osm_element": "node", "osm_id": 13357905531, "name": "Chilonzor dahasi 24-mavze", "name_ru": "Массив Чиланзар, квартал 24", "highway": null, "public_transport": "platform", "bus": "yes", "stop_role": "platform", "operator": null, "district_name": "Uchtepa district", "district_assignment": "within" }, "geometry": { "type": "Point", "coordinates": [ 69.1798232, 41.2813616 ] } },
{ "type": "Feature", "properties": { "osm_element": "node", "osm_id": 13357905534, "name": "\"Vatan\" kinoteatri", "name_ru": "Кинотеатр \"Ватан\"", "highway": "bus_stop", "public_transport": "stop_position", "bus": "yes", "stop_role": "platform", "operator": null, "district_name": "Uchtepa district", "district_assignment": "within" }, "geometry": { "type": "Point", "coordinates": [ 69.1728465, 41.276134 ] } },
{ "type": "Feature", "properties": { "osm_element": "node", "osm_id": 13357905535, "name": "\"Vatan\" kinoteatri", "name_ru": "Кинотеатр \"Ватан\"", "highway": "bus_stop", "public_transport": "stop_position", "bus": "yes", "stop_role": "platform", "operator": null, "district_name": "Uchtepa district", "district_assignment": "within" }, "geometry": { "type": "Point", "coordinates": [ 69.1715607, 41.2765215 ] } },
{ "type": "Feature", "properties": { "osm_element": "node", "osm_id": 13357905556, "name": "Chilonzor dahasi 25-mavze", "name_ru": "Массив \"Чиланзар\", квартал 25", "highway": "bus_stop", "public_transport": "stop_position", "bus": "yes", "stop_role": "platform", "operator": null, "district_name": "Uchtepa district", "district_assignment": "within" }, "geometry": { "type": "Point", "coordinates": [ 69.1705425, 41.2799368 ] } },
{ "type": "Feature", "properties": { "osm_element": "node", "osm_id": 13358444192, "name": "Grand Mir mehmonxonasi", "name_ru": "Гостиница \"Гранд Мир\"", "highway": "bus_stop", "public_transport": "stop_position", "bus": "yes", "stop_role": "platform", "operator": null, "district_name": "Yakkasaray district", "district_assignment": "within" }, "geometry": { "type": "Point", "coordinates": [ 69.2671948, 41.2949115 ] } },
{ "type": "Feature", "properties": { "osm_element": "node", "osm_id": 13359926414, "name": "Beshyog'och maydoni", "name_ru": "Площадь Бешагач", "highway": "bus_stop", "public_transport": "stop_position", "bus": "yes", "stop_role": "platform", "operator": null, "district_name": "Chilanzar district", "district_assignment": "within" }, "geometry": { "type": "Point", "coordinates": [ 69.2470546, 41.3049552 ] } },
{ "type": "Feature", "properties": { "osm_element": "node", "osm_id": 13359926439, "name": "Saodat savdo markazi", "name_ru": "Торговый центр \"Саодат\"", "highway": "bus_stop", "public_transport": "stop_position", "bus": "yes", "stop_role": "platform", "operator": null, "district_name": "Yakkasaray district", "district_assignment": "within" }, "geometry": { "type": "Point", "coordinates": [ 69.2547984, 41.2864013 ] } },
{ "type": "Feature", "properties": { "osm_element": "node", "osm_id": 13359926440, "name": "Qumariq mahallasi", "name_ru": "Махалля Кумарык", "highway": "bus_stop", "public_transport": "stop_position", "bus": "yes", "stop_role": "platform", "operator": null, "district_name": "Sergeli district", "district_assignment": "within" }, "geometry": { "type": "Point", "coordinates": [ 69.2570201, 41.2486845 ] } },
{ "type": "Feature", "properties": { "osm_element": "node", "osm_id": 13359926453, "name": "Mahalliy havo yo'llari aeroporti", "name_ru": "Аэропорт местных авиалиний", "highway": "bus_stop", "public_transport": "stop_position", "bus": "yes", "stop_role": "platform", "operator": null, "district_name": "Sergeli district", "district_assignment": "within" }, "geometry": { "type": "Point", "coordinates": [ 69.2675842, 41.2494097 ] } },
{ "type": "Feature", "properties": { "osm_element": "node", "osm_id": 13359926454, "name": "Mahalliy havo yo'llari aeroporti", "name_ru": "Аэропорт местных авиалиний", "highway": "bus_stop", "public_transport": "stop_position", "bus": "yes", "stop_role": "platform", "operator": null, "district_name": "Sergeli district", "district_assignment": "within" }, "geometry": { "type": "Point", "coordinates": [ 69.2676748, 41.2494147 ] } },
{ "type": "Feature", "properties": { "osm_element": "node", "osm_id": 13362132518, "name": "Проходная", "name_ru": "Проходная", "highway": "bus_stop", "public_transport": "stop_position", "bus": "yes", "stop_role": "platform", "operator": null, "district_name": "Mirabad district", "district_assignment": "within" }, "geometry": { "type": "Point", "coordinates": [ 69.3025675, 41.2768341 ] } },
{ "type": "Feature", "properties": { "osm_element": "node", "osm_id": 13362132522, "name": "Uysozlar tor ko'chasi", "name_ru": "Проезд Уйсозлар", "highway": "bus_stop", "public_transport": "stop_position", "bus": "yes", "stop_role": "platform", "operator": null, "district_name": "Yashnabad district", "district_assignment": "within" }, "geometry": { "type": "Point", "coordinates": [ 69.3430385, 41.2467404 ] } },
{ "type": "Feature", "properties": { "osm_element": "node", "osm_id": 13362132523, "name": "AYoQSh", "name_ru": "АЗС", "highway": "bus_stop", "public_transport": "stop_position", "bus": "yes", "stop_role": "platform", "operator": null, "district_name": "Bektemir district", "district_assignment": "boundary_nearest" }, "geometry": { "type": "Point", "coordinates": [ 69.3379498, 41.2432519 ] } },
{ "type": "Feature", "properties": { "osm_element": "node", "osm_id": 13362132573, "name": "Завод ЖБИ-1", "name_ru": "Завод ЖБИ-1", "highway": "bus_stop", "public_transport": "stop_position", "bus": "yes", "stop_role": "platform", "operator": null, "district_name": "Yashnabad district", "district_assignment": "within" }, "geometry": { "type": "Point", "coordinates": [ 69.3415931, 41.248872 ] } },
{ "type": "Feature", "properties": { "osm_element": "node", "osm_id": 13362139514, "name": "Chashma ko‘chasi", "name_ru": "Улица Чашма", "highway": "bus_stop", "public_transport": "stop_position", "bus": "yes", "stop_role": "platform", "operator": null, "district_name": "Yashnabad district", "district_assignment": "within" }, "geometry": { "type": "Point", "coordinates": [ 69.3321032, 41.2559788 ] } },
{ "type": "Feature", "properties": { "osm_element": "node", "osm_id": 13362139515, "name": "Chashma ko‘chasi", "name_ru": "Улица Чашма", "highway": "bus_stop", "public_transport": "stop_position", "bus": "yes", "stop_role": "platform", "operator": null, "district_name": "Yashnabad district", "district_assignment": "within" }, "geometry": { "type": "Point", "coordinates": [ 69.3323396, 41.2560623 ] } },
{ "type": "Feature", "properties": { "osm_element": "node", "osm_id": 13362139518, "name": "Проходная", "name_ru": "Проходная", "highway": "bus_stop", "public_transport": "stop_position", "bus": "yes", "stop_role": "platform", "operator": null, "district_name": "Mirabad district", "district_assignment": "within" }, "geometry": { "type": "Point", "coordinates": [ 69.3034706, 41.277513 ] } },
{ "type": "Feature", "properties": { "osm_element": "node", "osm_id": 13362139519, "name": "Furqat bog'i", "name_ru": "Парк Фурката", "highway": "bus_stop", "public_transport": "stop_position", "bus": "yes", "stop_role": "platform", "operator": null, "district_name": "Mirabad district", "district_assignment": "within" }, "geometry": { "type": "Point", "coordinates": [ 69.300487, 41.274747 ] } },
{ "type": "Feature", "properties": { "osm_element": "node", "osm_id": 13362139521, "name": "Furqat bog'i", "name_ru": "Парк Фурката", "highway": "bus_stop", "public_transport": "stop_position", "bus": "yes", "stop_role": "platform", "operator": null, "district_name": "Mirabad district", "district_assignment": "within" }, "geometry": { "type": "Point", "coordinates": [ 69.3007981, 41.2755183 ] } },
{ "type": "Feature", "properties": { "osm_element": "node", "osm_id": 13362139522, "name": "Yangizamon ko'chasi", "name_ru": "Улица Янгизамон", "highway": "bus_stop", "public_transport": "stop_position", "bus": "yes", "stop_role": "platform", "operator": null, "district_name": "Mirabad district", "district_assignment": "within" }, "geometry": { "type": "Point", "coordinates": [ 69.2862185, 41.2712711 ] } },
{ "type": "Feature", "properties": { "osm_element": "node", "osm_id": 13362139523, "name": "Mirobod tuman IIB", "name_ru": "Мирабадский РОВД", "highway": "bus_stop", "public_transport": "stop_position", "bus": "yes", "stop_role": "platform", "operator": null, "district_name": "Mirabad district", "district_assignment": "within" }, "geometry": { "type": "Point", "coordinates": [ 69.2850917, 41.2721708 ] } },
{ "type": "Feature", "properties": { "osm_element": "node", "osm_id": 13364326094, "name": "Izza mavzesi", "name_ru": "Массив \"Изза\"", "highway": "bus_stop", "public_transport": "stop_position", "bus": "yes", "stop_role": "platform", "operator": null, "district_name": "Uchtepa district", "district_assignment": "within" }, "geometry": { "type": "Point", "coordinates": [ 69.1472965, 41.2756203 ] } },
{ "type": "Feature", "properties": { "osm_element": "node", "osm_id": 13364326095, "name": "Izza mavzesi", "name_ru": "Массив \"Изза\"", "highway": "bus_stop", "public_transport": "stop_position", "bus": "yes", "stop_role": "platform", "operator": null, "district_name": "Uchtepa district", "district_assignment": "within" }, "geometry": { "type": "Point", "coordinates": [ 69.147303, 41.2755565 ] } },
{ "type": "Feature", "properties": { "osm_element": "node", "osm_id": 13364326096, "name": "Izza mavzesi", "name_ru": "Массив \"Изза\"", "highway": "bus_stop", "public_transport": "stop_position", "bus": "yes", "stop_role": "platform", "operator": null, "district_name": "Uchtepa district", "district_assignment": "within" }, "geometry": { "type": "Point", "coordinates": [ 69.1473092, 41.2754927 ] } },
{ "type": "Feature", "properties": { "osm_element": "node", "osm_id": 13364326097, "name": "Izza mavzesi", "name_ru": "Массив \"Изза\"", "highway": "bus_stop", "public_transport": "stop_position", "bus": "yes", "stop_role": "platform", "operator": null, "district_name": "Uchtepa district", "district_assignment": "within" }, "geometry": { "type": "Point", "coordinates": [ 69.1473146, 41.2754285 ] } },
{ "type": "Feature", "properties": { "osm_element": "node", "osm_id": 13364326098, "name": "Izza mavzesi", "name_ru": "Массив \"Изза\"", "highway": "bus_stop", "public_transport": "stop_position", "bus": "yes", "stop_role": "platform", "operator": null, "district_name": "Uchtepa district", "district_assignment": "within" }, "geometry": { "type": "Point", "coordinates": [ 69.1473202, 41.2753644 ] } },
{ "type": "Feature", "properties": { "osm_element": "node", "osm_id": 13364358814, "name": "Chilonzor dahasi 12-mavze", "name_ru": "Массив Чиланзар, квартал 15", "highway": "bus_stop", "public_transport": "stop_position", "bus": "yes", "stop_role": "platform", "operator": null, "district_name": "Uchtepa district", "district_assignment": "within" }, "geometry": { "type": "Point", "coordinates": [ 69.1796227, 41.296899 ] } },
{ "type": "Feature", "properties": { "osm_element": "node", "osm_id": 13364358817, "name": "Chilonzor dahasi 12-mavze", "name_ru": "Массив Чиланзар, квартал 15", "highway": "bus_stop", "public_transport": "stop_position", "bus": "yes", "stop_role": "platform", "operator": null, "district_name": "Uchtepa district", "district_assignment": "within" }, "geometry": { "type": "Point", "coordinates": [ 69.1804366, 41.2972049 ] } },
{ "type": "Feature", "properties": { "osm_element": "node", "osm_id": 13364358824, "name": "Tez yordam shifoxonasi", "name_ru": "Больница скорой помощи", "highway": "bus_stop", "public_transport": "stop_position", "bus": "yes", "stop_role": "platform", "operator": null, "district_name": "Uchtepa district", "district_assignment": "within" }, "geometry": { "type": "Point", "coordinates": [ 69.1888123, 41.2983433 ] } },
{ "type": "Feature", "properties": { "osm_element": "node", "osm_id": 13364358833, "name": "Zarkent ​ ko'chasi", "name_ru": "Улица Заркент", "highway": "bus_stop", "public_transport": "stop_position", "bus": "yes", "stop_role": "platform", "operator": null, "district_name": "Chilanzar district", "district_assignment": "within" }, "geometry": { "type": "Point", "coordinates": [ 69.217225, 41.3006143 ] } },
{ "type": "Feature", "properties": { "osm_element": "node", "osm_id": 13364358834, "name": "Zarkent ​ ko'chasi", "name_ru": "Улица Заркент", "highway": "bus_stop", "public_transport": "stop_position", "bus": "yes", "stop_role": "platform", "operator": null, "district_name": "Chilanzar district", "district_assignment": "within" }, "geometry": { "type": "Point", "coordinates": [ 69.216268, 41.3006573 ] } },
{ "type": "Feature", "properties": { "osm_element": "node", "osm_id": 13364358847, "name": "Улица Зухры", "name_ru": "Улица Зухры", "highway": "bus_stop", "public_transport": "stop_position", "bus": "yes", "stop_role": "platform", "operator": null, "district_name": "Chilanzar district", "district_assignment": "within" }, "geometry": { "type": "Point", "coordinates": [ 69.2219848, 41.3017306 ] } },
{ "type": "Feature", "properties": { "osm_element": "node", "osm_id": 13370248396, "name": "Doʻkon", "name_ru": "Магазин", "highway": "bus_stop", "public_transport": "stop_position", "bus": "yes", "stop_role": "platform", "operator": null, "district_name": "Uchtepa district", "district_assignment": "within" }, "geometry": { "type": "Point", "coordinates": [ 69.1472636, 41.2725683 ] } },
{ "type": "Feature", "properties": { "osm_element": "node", "osm_id": 13370315818, "name": "Chilonzor dahasi 30-mavze", "name_ru": "Массив \"Чиланзар\", квартал 30", "highway": "bus_stop", "public_transport": "stop_position", "bus": "yes", "stop_role": "platform", "operator": null, "district_name": "Uchtepa district", "district_assignment": "within" }, "geometry": { "type": "Point", "coordinates": [ 69.1526175, 41.2694686 ] } },
{ "type": "Feature", "properties": { "osm_element": "node", "osm_id": 13370315819, "name": "ATS", "name_ru": "АТС", "highway": "bus_stop", "public_transport": "stop_position", "bus": "yes", "stop_role": "platform", "operator": null, "district_name": "Uchtepa district", "district_assignment": "within" }, "geometry": { "type": "Point", "coordinates": [ 69.1534882, 41.2667478 ] } },
{ "type": "Feature", "properties": { "osm_element": "node", "osm_id": 13370315829, "name": "Chilonzor dahasi 31-mavze", "name_ru": "Массив \"Чиланзар\", квартал 31", "highway": "bus_stop", "public_transport": "stop_position", "bus": "yes", "stop_role": "platform", "operator": null, "district_name": "Chilanzar district", "district_assignment": "within" }, "geometry": { "type": "Point", "coordinates": [ 69.1547358, 41.2625943 ] } },
{ "type": "Feature", "properties": { "osm_element": "node", "osm_id": 13370315830, "name": "Al-Xorazmiy dahasi", "name_ru": "Массив \"Аль-Хорезми\"", "highway": "bus_stop", "public_transport": "stop_position", "bus": "yes", "stop_role": "platform", "operator": null, "district_name": "Chilanzar district", "district_assignment": "within" }, "geometry": { "type": "Point", "coordinates": [ 69.1503955, 41.2615343 ] } },
{ "type": "Feature", "properties": { "osm_element": "node", "osm_id": 13370315832, "name": "Массив Аль-Хорезми-1", "name_ru": "Массив Аль-Хорезми-1", "highway": "bus_stop", "public_transport": "stop_position", "bus": "yes", "stop_role": "platform", "operator": null, "district_name": "Chilanzar district", "district_assignment": "within" }, "geometry": { "type": "Point", "coordinates": [ 69.1552797, 41.2566164 ] } },
{ "type": "Feature", "properties": { "osm_element": "node", "osm_id": 13370315841, "name": "Doʻkon", "name_ru": "Магазин", "highway": "bus_stop", "public_transport": "stop_position", "bus": "yes", "stop_role": "platform", "operator": null, "district_name": "Chilanzar district", "district_assignment": "within" }, "geometry": { "type": "Point", "coordinates": [ 69.1600143, 41.2581418 ] } },
{ "type": "Feature", "properties": { "osm_element": "node", "osm_id": 13370315843, "name": "Doʻkon", "name_ru": "Магазин", "highway": "bus_stop", "public_transport": "stop_position", "bus": "yes", "stop_role": "platform", "operator": null, "district_name": "Chilanzar district", "district_assignment": "within" }, "geometry": { "type": "Point", "coordinates": [ 69.1589228, 41.2572841 ] } },
{ "type": "Feature", "properties": { "osm_element": "node", "osm_id": 13370315855, "name": "Массив Аль-Хорезми-2", "name_ru": "Массив Аль-Хорезми-2", "highway": "bus_stop", "public_transport": "stop_position", "bus": "yes", "stop_role": "platform", "operator": null, "district_name": "Chilanzar district", "district_assignment": "within" }, "geometry": { "type": "Point", "coordinates": [ 69.161133, 41.2593609 ] } },
{ "type": "Feature", "properties": { "osm_element": "node", "osm_id": 13370315856, "name": "Массив Аль-Хорезми-2", "name_ru": "Массив Аль-Хорезми-2", "highway": "bus_stop", "public_transport": "stop_position", "bus": "yes", "stop_role": "platform", "operator": null, "district_name": "Chilanzar district", "district_assignment": "within" }, "geometry": { "type": "Point", "coordinates": [ 69.162515, 41.2604805 ] } },
{ "type": "Feature", "properties": { "osm_element": "node", "osm_id": 13370315872, "name": "OʻzSamsung", "name_ru": "Завод \"УзСамсунг\"", "highway": "bus_stop", "public_transport": "stop_position", "bus": "yes", "stop_role": "platform", "operator": null, "district_name": "Chilanzar district", "district_assignment": "within" }, "geometry": { "type": "Point", "coordinates": [ 69.167534, 41.2607277 ] } },
{ "type": "Feature", "properties": { "osm_element": "node", "osm_id": 13370315878, "name": "Dilband ko'chasi", "name_ru": "Улица Дилбанд, 1-й проезд", "highway": "bus_stop", "public_transport": "stop_position", "bus": "yes", "stop_role": "platform", "operator": null, "district_name": "Chilanzar district", "district_assignment": "within" }, "geometry": { "type": "Point", "coordinates": [ 69.17148, 41.2639737 ] } },
{ "type": "Feature", "properties": { "osm_element": "node", "osm_id": 13370315903, "name": "Dilband ko'chasi", "name_ru": "Улица Дилбанд, 1-й проезд", "highway": "bus_stop", "public_transport": "stop_position", "bus": "yes", "stop_role": "platform", "operator": null, "district_name": "Chilanzar district", "district_assignment": "within" }, "geometry": { "type": "Point", "coordinates": [ 69.170832, 41.2635659 ] } },
{ "type": "Feature", "properties": { "osm_element": "node", "osm_id": 13370315904, "name": "Hakimxon ko'chasi", "name_ru": "Улица Хакимхон", "highway": "bus_stop", "public_transport": "stop_position", "bus": "yes", "stop_role": "platform", "operator": null, "district_name": "Chilanzar district", "district_assignment": "within" }, "geometry": { "type": "Point", "coordinates": [ 69.1732469, 41.2657867 ] } },
{ "type": "Feature", "properties": { "osm_element": "node", "osm_id": 13370315905, "name": "Hakimxon ko'chasi", "name_ru": "Улица Хакимхон", "highway": "bus_stop", "public_transport": "stop_position", "bus": "yes", "stop_role": "platform", "operator": null, "district_name": "Chilanzar district", "district_assignment": "within" }, "geometry": { "type": "Point", "coordinates": [ 69.1727459, 41.2654545 ] } },
{ "type": "Feature", "properties": { "osm_element": "node", "osm_id": 13370315906, "name": "Kizil shark mahallasi", "name_ru": "Махалля \"Кызыл-Шарк\"", "highway": "bus_stop", "public_transport": "stop_position", "bus": "yes", "stop_role": "platform", "operator": null, "district_name": "Uchtepa district", "district_assignment": "within" }, "geometry": { "type": "Point", "coordinates": [ 69.1692584, 41.2716112 ] } },
{ "type": "Feature", "properties": { "osm_element": "node", "osm_id": 13370315972, "name": "\"Depo Mall\" savdo markazi", "name_ru": "ТРЦ \"Depo Mall\"", "highway": "bus_stop", "public_transport": "stop_position", "bus": "yes", "stop_role": "platform", "operator": null, "district_name": "Uchtepa district", "district_assignment": "within" }, "geometry": { "type": "Point", "coordinates": [ 69.1669136, 41.2737804 ] } },
{ "type": "Feature", "properties": { "osm_element": "node", "osm_id": 13374548873, "name": "Beshyog'och maydoni", "name_ru": "Площадь Бешагач", "highway": "bus_stop", "public_transport": "stop_position", "bus": "yes", "stop_role": "platform", "operator": null, "district_name": "Chilanzar district", "district_assignment": "within" }, "geometry": { "type": "Point", "coordinates": [ 69.2493327, 41.3052257 ] } },
{ "type": "Feature", "properties": { "osm_element": "node", "osm_id": 13374548878, "name": "Milliy Bogʻ metro bekati", "name_ru": "Станция метро Миллий бог", "highway": "bus_stop", "public_transport": "stop_position", "bus": "yes", "stop_role": "platform", "operator": null, "district_name": "Chilanzar district", "district_assignment": "within" }, "geometry": { "type": "Point", "coordinates": [ 69.235855, 41.3043208 ] } },
{ "type": "Feature", "properties": { "osm_element": "node", "osm_id": 13374559205, "name": "ATS", "name_ru": "АТС", "highway": "bus_stop", "public_transport": "stop_position", "bus": "yes", "stop_role": "platform", "operator": null, "district_name": "Uchtepa district", "district_assignment": "within" }, "geometry": { "type": "Point", "coordinates": [ 69.1536027, 41.2661566 ] } },
{ "type": "Feature", "properties": { "osm_element": "node", "osm_id": 13374559210, "name": "Chilonzor dahasi 30-mavze", "name_ru": "Массив \"Чиланзар\", квартал 30", "highway": "bus_stop", "public_transport": "stop_position", "bus": "yes", "stop_role": "platform", "operator": null, "district_name": "Uchtepa district", "district_assignment": "within" }, "geometry": { "type": "Point", "coordinates": [ 69.152677, 41.2689997 ] } },
{ "type": "Feature", "properties": { "osm_element": "node", "osm_id": 13376416753, "name": "Suvsoz stadioni", "name_ru": "Стадион \"Сувсоз\"", "highway": "bus_stop", "public_transport": "stop_position", "bus": "yes", "stop_role": "platform", "operator": null, "district_name": "Bektemir district", "district_assignment": "within" }, "geometry": { "type": "Point", "coordinates": [ 69.3777564, 41.2566657 ] } },
{ "type": "Feature", "properties": { "osm_element": "node", "osm_id": 13376416758, "name": "Mebellar uyi", "name_ru": "Дом мебели", "highway": "bus_stop", "public_transport": "stop_position", "bus": "yes", "stop_role": "platform", "operator": null, "district_name": "Bektemir district", "district_assignment": "within" }, "geometry": { "type": "Point", "coordinates": [ 69.3669644, 41.2493564 ] } },
{ "type": "Feature", "properties": { "osm_element": "node", "osm_id": 13376416784, "name": "Mebellar uyi", "name_ru": "Дом мебели", "highway": "bus_stop", "public_transport": "stop_position", "bus": "yes", "stop_role": "platform", "operator": null, "district_name": "Bektemir district", "district_assignment": "within" }, "geometry": { "type": "Point", "coordinates": [ 69.3671962, 41.2495589 ] } },
{ "type": "Feature", "properties": { "osm_element": "node", "osm_id": 13376416786, "name": "Aloqa bog'lanmasi", "name_ru": "Узел связи", "highway": "bus_stop", "public_transport": "stop_position", "bus": "yes", "stop_role": "platform", "operator": null, "district_name": "Bektemir district", "district_assignment": "within" }, "geometry": { "type": "Point", "coordinates": [ 69.352194, 41.2435025 ] } },
{ "type": "Feature", "properties": { "osm_element": "node", "osm_id": 13376423207, "name": "Biliol Nozim ko'chasi", "name_ru": "Улица Билола Назима", "highway": "bus_stop", "public_transport": "stop_position", "bus": "yes", "stop_role": "platform", "operator": null, "district_name": "Bektemir district", "district_assignment": "within" }, "geometry": { "type": "Point", "coordinates": [ 69.3465662, 41.2388646 ] } },
{ "type": "Feature", "properties": { "osm_element": "node", "osm_id": 13376423213, "name": "O'quv kombinat", "name_ru": "Учебный комбинат", "highway": "bus_stop", "public_transport": "stop_position", "bus": "yes", "stop_role": "platform", "operator": null, "district_name": "Bektemir district", "district_assignment": "within" }, "geometry": { "type": "Point", "coordinates": [ 69.3437057, 41.2371877 ] } },
{ "type": "Feature", "properties": { "osm_element": "node", "osm_id": 13376423218, "name": "O'quv kombinat", "name_ru": "Учебный комбинат", "highway": "bus_stop", "public_transport": "stop_position", "bus": "yes", "stop_role": "platform", "operator": null, "district_name": "Bektemir district", "district_assignment": "within" }, "geometry": { "type": "Point", "coordinates": [ 69.3427061, 41.2367365 ] } },
{ "type": "Feature", "properties": { "osm_element": "node", "osm_id": 13376423294, "name": "Tabassum ko'chasi", "name_ru": "Улица Табассум", "highway": "bus_stop", "public_transport": "stop_position", "bus": "yes", "stop_role": "platform", "operator": null, "district_name": "Mirabad district", "district_assignment": "boundary_nearest" }, "geometry": { "type": "Point", "coordinates": [ 69.3267942, 41.2448717 ] } },
{ "type": "Feature", "properties": { "osm_element": "node", "osm_id": 13376423307, "name": "Munis ko'chasi", "name_ru": "Улица Муниса", "highway": "bus_stop", "public_transport": "stop_position", "bus": "yes", "stop_role": "platform", "operator": null, "district_name": "Mirabad district", "district_assignment": "boundary_nearest" }, "geometry": { "type": "Point", "coordinates": [ 69.3246675, 41.2486425 ] } },
{ "type": "Feature", "properties": { "osm_element": "node", "osm_id": 13376423322, "name": "Munis ko'chasi", "name_ru": "Улица Муниса", "highway": "bus_stop", "public_transport": "stop_position", "bus": "yes", "stop_role": "platform", "operator": null, "district_name": "Mirabad district", "district_assignment": "within" }, "geometry": { "type": "Point", "coordinates": [ 69.3255021, 41.246557 ] } },
{ "type": "Feature", "properties": { "osm_element": "node", "osm_id": 13376423335, "name": "Elektroapparat", "name_ru": "Электроаппарат", "highway": "bus_stop", "public_transport": "stop_position", "bus": "yes", "stop_role": "platform", "operator": null, "district_name": "Mirabad district", "district_assignment": "within" }, "geometry": { "type": "Point", "coordinates": [ 69.3049372, 41.2807731 ] } },
{ "type": "Feature", "properties": { "osm_element": "node", "osm_id": 13376423337, "name": "Sayxun ko'chasi", "name_ru": "Улица Сайхун", "highway": "bus_stop", "public_transport": "stop_position", "bus": "yes", "stop_role": "platform", "operator": null, "district_name": "Mirabad district", "district_assignment": "within" }, "geometry": { "type": "Point", "coordinates": [ 69.3002656, 41.2846983 ] } },
{ "type": "Feature", "properties": { "osm_element": "node", "osm_id": 13376423338, "name": "Sayxun ko'chasi", "name_ru": "Улица Сайхун", "highway": "bus_stop", "public_transport": "stop_position", "bus": "yes", "stop_role": "platform", "operator": null, "district_name": "Mirabad district", "district_assignment": "within" }, "geometry": { "type": "Point", "coordinates": [ 69.3004302, 41.2845618 ] } },
{ "type": "Feature", "properties": { "osm_element": "node", "osm_id": 13376423347, "name": "Mehrjon ko'chasi", "name_ru": "Улица Мехржон", "highway": "bus_stop", "public_transport": "stop_position", "bus": "yes", "stop_role": "platform", "operator": null, "district_name": "Mirabad district", "district_assignment": "within" }, "geometry": { "type": "Point", "coordinates": [ 69.2958141, 41.2823031 ] } },
{ "type": "Feature", "properties": { "osm_element": "node", "osm_id": 13376423348, "name": "Mehrjon ko'chasi", "name_ru": "Улица Мехржон", "highway": "bus_stop", "public_transport": "stop_position", "bus": "yes", "stop_role": "platform", "operator": null, "district_name": "Mirabad district", "district_assignment": "within" }, "geometry": { "type": "Point", "coordinates": [ 69.2957676, 41.2824151 ] } },
{ "type": "Feature", "properties": { "osm_element": "node", "osm_id": 13376423380, "name": "Chirchiq Qirg'og'i", "name_ru": "Экономический сектор \"Бектемир\"", "highway": "bus_stop", "public_transport": "stop_position", "bus": "yes", "stop_role": "platform", "operator": null, "district_name": "Bektemir district", "district_assignment": "within" }, "geometry": { "type": "Point", "coordinates": [ 69.3714208, 41.2578577 ] } },
{ "type": "Feature", "properties": { "osm_element": "node", "osm_id": 13382060334, "name": "Akademiklar shaharchasi", "name_ru": "Академгородок", "highway": "bus_stop", "public_transport": "stop_position", "bus": "yes", "stop_role": "platform", "operator": null, "district_name": "Mirzo Ulugbek district", "district_assignment": "within" }, "geometry": { "type": "Point", "coordinates": [ 69.3401722, 41.3395117 ] } },
{ "type": "Feature", "properties": { "osm_element": "node", "osm_id": 13382060367, "name": "Feruza daxasi", "name_ru": "Массив Феруза", "highway": "bus_stop", "public_transport": "stop_position", "bus": "yes", "stop_role": "platform", "operator": null, "district_name": "Mirzo Ulugbek district", "district_assignment": "within" }, "geometry": { "type": "Point", "coordinates": [ 69.3620158, 41.3550218 ] } },
{ "type": "Feature", "properties": { "osm_element": "node", "osm_id": 13382168615, "name": "Do'stlik metro bekati", "name_ru": "Станция метро \"Дустлик\"", "highway": "bus_stop", "public_transport": "stop_position", "bus": "yes", "stop_role": "platform", "operator": null, "district_name": "Yashnabad district", "district_assignment": "within" }, "geometry": { "type": "Point", "coordinates": [ 69.3239056, 41.2936743 ] } },
{ "type": "Feature", "properties": { "osm_element": "node", "osm_id": 13382168680, "name": "Qo‘yliq dahasi 1-mavze", "name_ru": "Массив \"Куйлюк\", квартал 1", "highway": "bus_stop", "public_transport": "stop_position", "bus": "yes", "stop_role": "platform", "operator": null, "district_name": "Mirabad district", "district_assignment": "within" }, "geometry": { "type": "Point", "coordinates": [ 69.3098306, 41.247179 ] } },
{ "type": "Feature", "properties": { "osm_element": "node", "osm_id": 13383907084, "name": "Hayot mehmonxonasi", "name_ru": "Автоколоннна", "highway": "bus_stop", "public_transport": "stop_position", "bus": "yes", "stop_role": "platform", "operator": null, "district_name": "Mirabad district", "district_assignment": "within" }, "geometry": { "type": "Point", "coordinates": [ 69.3181953, 41.2458 ] } },
{ "type": "Feature", "properties": { "osm_element": "node", "osm_id": 13383907090, "name": "Munis ko'chasi", "name_ru": "Улица Муниса", "highway": "bus_stop", "public_transport": "stop_position", "bus": "yes", "stop_role": "platform", "operator": null, "district_name": "Mirabad district", "district_assignment": "within" }, "geometry": { "type": "Point", "coordinates": [ 69.3239439, 41.2472949 ] } },
{ "type": "Feature", "properties": { "osm_element": "node", "osm_id": 13389302254, "name": "G'azalkent ko'chasi", "name_ru": "Улица Газалкент", "highway": "bus_stop", "public_transport": "stop_position", "bus": "yes", "stop_role": "platform", "operator": null, "district_name": "Mirzo Ulugbek district", "district_assignment": "within" }, "geometry": { "type": "Point", "coordinates": [ 69.3551246, 41.3294408 ] } },
{ "type": "Feature", "properties": { "osm_element": "node", "osm_id": 13389302269, "name": "Intizor ko'chasi", "name_ru": "Улица Интизор", "highway": "bus_stop", "public_transport": "stop_position", "bus": "yes", "stop_role": "platform", "operator": null, "district_name": "Mirzo Ulugbek district", "district_assignment": "within" }, "geometry": { "type": "Point", "coordinates": [ 69.3585269, 41.3336934 ] } },
{ "type": "Feature", "properties": { "osm_element": "node", "osm_id": 13389302270, "name": "Shukur Burkhanov ko'chasi", "name_ru": "Улица Шукура Бурханова", "highway": "bus_stop", "public_transport": "stop_position", "bus": "yes", "stop_role": "platform", "operator": null, "district_name": "Mirzo Ulugbek district", "district_assignment": "within" }, "geometry": { "type": "Point", "coordinates": [ 69.3595461, 41.33438 ] } },
{ "type": "Feature", "properties": { "osm_element": "node", "osm_id": 13391400895, "name": "Uspenskiy Nomidagi Maktab", "name_ru": "Музыкальный лицей им. Успенского", "highway": "bus_stop", "public_transport": "platform", "bus": null, "stop_role": "platform", "operator": null, "district_name": "Yashnabad district", "district_assignment": "within" }, "geometry": { "type": "Point", "coordinates": [ 69.291442, 41.307018 ] } },
{ "type": "Feature", "properties": { "osm_element": "node", "osm_id": 13391400896, "name": null, "name_ru": "Детский сад", "highway": "bus_stop", "public_transport": "stop_position", "bus": "yes", "stop_role": "platform", "operator": null, "district_name": "Yashnabad district", "district_assignment": "within" }, "geometry": { "type": "Point", "coordinates": [ 69.3186499, 41.3101606 ] } },
{ "type": "Feature", "properties": { "osm_element": "node", "osm_id": 13391420503, "name": "Oltintepa ko'chasi", "name_ru": "Улица Олтинтепа", "highway": "bus_stop", "public_transport": "stop_position", "bus": "yes", "stop_role": "platform", "operator": null, "district_name": "Yashnabad district", "district_assignment": "within" }, "geometry": { "type": "Point", "coordinates": [ 69.3307648, 41.3126449 ] } },
{ "type": "Feature", "properties": { "osm_element": "node", "osm_id": 13392724361, "name": "Transport agentligi", "name_ru": "Транспортное агентство", "highway": "bus_stop", "public_transport": "stop_position", "bus": "yes", "stop_role": "platform", "operator": null, "district_name": "Shaykhantakhur district", "district_assignment": "within" }, "geometry": { "type": "Point", "coordinates": [ 69.2591416, 41.3247495 ] } },
{ "type": "Feature", "properties": { "osm_element": "node", "osm_id": 13392724363, "name": "Matonat yodgorligi", "name_ru": "Монумент \"Мужество\"", "highway": "bus_stop", "public_transport": "stop_position", "bus": "yes", "stop_role": "platform", "operator": null, "district_name": "Yunusabad district", "district_assignment": "within" }, "geometry": { "type": "Point", "coordinates": [ 69.2737856, 41.3229439 ] } },
{ "type": "Feature", "properties": { "osm_element": "node", "osm_id": 13392724374, "name": "Statistika boshqarmasi", "name_ru": "Статистическое управление", "highway": "bus_stop", "public_transport": "stop_position", "bus": "yes", "stop_role": "platform", "operator": null, "district_name": "Mirzo Ulugbek district", "district_assignment": "within" }, "geometry": { "type": "Point", "coordinates": [ 69.3162877, 41.3232811 ] } },
{ "type": "Feature", "properties": { "osm_element": "node", "osm_id": 13392724379, "name": "5-sonli Poliklinika", "name_ru": "Поликлиника № 5", "highway": "bus_stop", "public_transport": "stop_position", "bus": "yes", "stop_role": "platform", "operator": null, "district_name": "Mirzo Ulugbek district", "district_assignment": "within" }, "geometry": { "type": "Point", "coordinates": [ 69.292273, 41.3165593 ] } },
{ "type": "Feature", "properties": { "osm_element": "node", "osm_id": 13392741404, "name": "48-poliklinika", "name_ru": "Поликлиника № 48", "highway": "bus_stop", "public_transport": "stop_position", "bus": "yes", "stop_role": "platform", "operator": null, "district_name": "Shaykhantakhur district", "district_assignment": "within" }, "geometry": { "type": "Point", "coordinates": [ 69.2548088, 41.3234349 ] } },
{ "type": "Feature", "properties": { "osm_element": "node", "osm_id": 13392741449, "name": "Sirk", "name_ru": "Цирк", "highway": "bus_stop", "public_transport": "stop_position", "bus": "yes", "stop_role": "platform", "operator": null, "district_name": "Shaykhantakhur district", "district_assignment": "within" }, "geometry": { "type": "Point", "coordinates": [ 69.2437748, 41.3236807 ] } },
{ "type": "Feature", "properties": { "osm_element": "node", "osm_id": 13392741450, "name": "Chorsu savdo markazi", "name_ru": "Торговый центр \"Чорсу\"", "highway": "bus_stop", "public_transport": "stop_position", "bus": "yes", "stop_role": "platform", "operator": null, "district_name": "Shaykhantakhur district", "district_assignment": "within" }, "geometry": { "type": "Point", "coordinates": [ 69.2388728, 41.3214644 ] } },
{ "type": "Feature", "properties": { "osm_element": "node", "osm_id": 13393175406, "name": "Fabrika", "name_ru": "Текстильная фабрика", "highway": "bus_stop", "public_transport": "stop_position", "bus": "yes", "stop_role": "platform", "operator": null, "district_name": "Uchtepa district", "district_assignment": "within" }, "geometry": { "type": "Point", "coordinates": [ 69.16178, 41.3068616 ] } },
{ "type": "Feature", "properties": { "osm_element": "node", "osm_id": 13393175408, "name": "Chevar ko'chasi", "name_ru": "Улица Чевар", "highway": "bus_stop", "public_transport": "stop_position", "bus": "yes", "stop_role": "platform", "operator": null, "district_name": "Uchtepa district", "district_assignment": "within" }, "geometry": { "type": "Point", "coordinates": [ 69.1609668, 41.3087938 ] } },
{ "type": "Feature", "properties": { "osm_element": "node", "osm_id": 13393175410, "name": "Ona va bola markazi", "name_ru": "Центр матери и ребёнка", "highway": "bus_stop", "public_transport": "stop_position", "bus": "yes", "stop_role": "platform", "operator": null, "district_name": "Uchtepa district", "district_assignment": "within" }, "geometry": { "type": "Point", "coordinates": [ 69.1612072, 41.3148946 ] } },
{ "type": "Feature", "properties": { "osm_element": "node", "osm_id": 13393175416, "name": "Yangi Labzak ko'chasi", "name_ru": "Улица Янги Лабзак", "highway": "bus_stop", "public_transport": "stop_position", "bus": "yes", "stop_role": "platform", "operator": null, "district_name": "Uchtepa district", "district_assignment": "within" }, "geometry": { "type": "Point", "coordinates": [ 69.1600289, 41.3143397 ] } },
{ "type": "Feature", "properties": { "osm_element": "node", "osm_id": 13393175417, "name": "Yangi Labzak ko'chasi", "name_ru": "Улица Янги Лабзак", "highway": "bus_stop", "public_transport": "stop_position", "bus": "yes", "stop_role": "platform", "operator": null, "district_name": "Uchtepa district", "district_assignment": "within" }, "geometry": { "type": "Point", "coordinates": [ 69.1590604, 41.3135356 ] } },
{ "type": "Feature", "properties": { "osm_element": "node", "osm_id": 13393175442, "name": "Nonvoyxona", "name_ru": "Пекарня", "highway": "bus_stop", "public_transport": "stop_position", "bus": "yes", "stop_role": "platform", "operator": null, "district_name": "Uchtepa district", "district_assignment": "within" }, "geometry": { "type": "Point", "coordinates": [ 69.163625, 41.3179793 ] } },
{ "type": "Feature", "properties": { "osm_element": "node", "osm_id": 13393175443, "name": "Muallim ko'chasi", "name_ru": "Улица Муалимма", "highway": "bus_stop", "public_transport": "stop_position", "bus": "yes", "stop_role": "platform", "operator": null, "district_name": "Uchtepa district", "district_assignment": "within" }, "geometry": { "type": "Point", "coordinates": [ 69.1629136, 41.3251613 ] } },
{ "type": "Feature", "properties": { "osm_element": "node", "osm_id": 13393175444, "name": "Muallim ko'chasi", "name_ru": "Улица Муалимма", "highway": "bus_stop", "public_transport": "stop_position", "bus": "yes", "stop_role": "platform", "operator": null, "district_name": "Uchtepa district", "district_assignment": "within" }, "geometry": { "type": "Point", "coordinates": [ 69.1632875, 41.3249107 ] } },
{ "type": "Feature", "properties": { "osm_element": "node", "osm_id": 13393175445, "name": "Muallim ko'chasi", "name_ru": "Улица Муалимма", "highway": "bus_stop", "public_transport": "stop_position", "bus": "yes", "stop_role": "platform", "operator": null, "district_name": "Uchtepa district", "district_assignment": "within" }, "geometry": { "type": "Point", "coordinates": [ 69.1632223, 41.324511 ] } },
{ "type": "Feature", "properties": { "osm_element": "node", "osm_id": 13393175482, "name": "Bekobod dahasi", "name_ru": "Массив Бекабад", "highway": "bus_stop", "public_transport": "stop_position", "bus": "yes", "stop_role": "platform", "operator": null, "district_name": "Uchtepa district", "district_assignment": "within" }, "geometry": { "type": "Point", "coordinates": [ 69.1572741, 41.3215066 ] } },
{ "type": "Feature", "properties": { "osm_element": "node", "osm_id": 13393175483, "name": "Bekobod dahasi", "name_ru": "Массив Бекабад", "highway": "bus_stop", "public_transport": "stop_position", "bus": "yes", "stop_role": "platform", "operator": null, "district_name": "Uchtepa district", "district_assignment": "within" }, "geometry": { "type": "Point", "coordinates": [ 69.1571438, 41.3216209 ] } },
{ "type": "Feature", "properties": { "osm_element": "node", "osm_id": 13409294047, "name": "Bekobod mahallasi", "name_ru": "Махалля \"Бекабад\"", "highway": "bus_stop", "public_transport": "stop_position", "bus": "yes", "stop_role": "platform", "operator": null, "district_name": "Uchtepa district", "district_assignment": "within" }, "geometry": { "type": "Point", "coordinates": [ 69.1664068, 41.3274074 ] } },
{ "type": "Feature", "properties": { "osm_element": "node", "osm_id": 13409294048, "name": "177-sonli maktab", "name_ru": "Школа № 177", "highway": "bus_stop", "public_transport": "stop_position", "bus": "yes", "stop_role": "platform", "operator": null, "district_name": "Shaykhantakhur district", "district_assignment": "boundary_nearest" }, "geometry": { "type": "Point", "coordinates": [ 69.1688786, 41.3281792 ] } },
{ "type": "Feature", "properties": { "osm_element": "node", "osm_id": 13409294049, "name": "Bekobod ko'chasi", "name_ru": "Улица Бекабад", "highway": "bus_stop", "public_transport": "stop_position", "bus": "yes", "stop_role": "platform", "operator": null, "district_name": "Shaykhantakhur district", "district_assignment": "boundary_nearest" }, "geometry": { "type": "Point", "coordinates": [ 69.1740215, 41.3278979 ] } },
{ "type": "Feature", "properties": { "osm_element": "node", "osm_id": 13409294050, "name": "Bekobod ko'chasi", "name_ru": "Улица Мехмондуст", "highway": "bus_stop", "public_transport": "stop_position", "bus": "yes", "stop_role": "platform", "operator": null, "district_name": "Uchtepa district", "district_assignment": "within" }, "geometry": { "type": "Point", "coordinates": [ 69.1748044, 41.325375 ] } },
{ "type": "Feature", "properties": { "osm_element": "node", "osm_id": 13409294051, "name": "Shtab", "name_ru": "Штаб", "highway": "bus_stop", "public_transport": "stop_position", "bus": "yes", "stop_role": "platform", "operator": null, "district_name": "Uchtepa district", "district_assignment": "within" }, "geometry": { "type": "Point", "coordinates": [ 69.1785618, 41.32193 ] } },
{ "type": "Feature", "properties": { "osm_element": "node", "osm_id": 13409294054, "name": "Chilonzor dahasi 19-mavze", "name_ru": "Массив Чиланзар, квартал 19", "highway": "bus_stop", "public_transport": "stop_position", "bus": "yes", "stop_role": "platform", "operator": null, "district_name": "Chilanzar district", "district_assignment": "within" }, "geometry": { "type": "Point", "coordinates": [ 69.183007, 41.267626 ] } },
{ "type": "Feature", "properties": { "osm_element": "node", "osm_id": 13409294056, "name": "Soʻgalli ota koʻchasi", "name_ru": "Махалля \"Хайриабад\"", "highway": "bus_stop", "public_transport": "stop_position", "bus": "yes", "stop_role": "platform", "operator": null, "district_name": "Chilanzar district", "district_assignment": "within" }, "geometry": { "type": "Point", "coordinates": [ 69.1895628, 41.2603794 ] } },
{ "type": "Feature", "properties": { "osm_element": "node", "osm_id": 13409294057, "name": "Sh. Galyamova maxallasi", "name_ru": "Махалля Ш. Гулямова", "highway": "bus_stop", "public_transport": "stop_position", "bus": "yes", "stop_role": "platform", "operator": null, "district_name": "Chilanzar district", "district_assignment": "within" }, "geometry": { "type": "Point", "coordinates": [ 69.1954201, 41.2605205 ] } },
{ "type": "Feature", "properties": { "osm_element": "node", "osm_id": 13409294058, "name": "Mevazor mahallasi", "name_ru": "Махалля \"Мевазар\"", "highway": "bus_stop", "public_transport": "stop_position", "bus": "yes", "stop_role": "platform", "operator": null, "district_name": "Chilanzar district", "district_assignment": "within" }, "geometry": { "type": "Point", "coordinates": [ 69.1983125, 41.2642725 ] } },
{ "type": "Feature", "properties": { "osm_element": "node", "osm_id": 13409294064, "name": "7-sonli avtokorxona", "name_ru": "Автобусный парк № 7", "highway": "bus_stop", "public_transport": "stop_position", "bus": "yes", "stop_role": "platform", "operator": null, "district_name": "Chilanzar district", "district_assignment": "within" }, "geometry": { "type": "Point", "coordinates": [ 69.1877572, 41.2528512 ] } },
{ "type": "Feature", "properties": { "osm_element": "node", "osm_id": 13409294065, "name": "Chorbog' ko'chasi", "name_ru": "Улица Бирлик", "highway": "bus_stop", "public_transport": "stop_position", "bus": "yes", "stop_role": "platform", "operator": null, "district_name": "Chilanzar district", "district_assignment": "within" }, "geometry": { "type": "Point", "coordinates": [ 69.183139, 41.2500045 ] } },
{ "type": "Feature", "properties": { "osm_element": "node", "osm_id": 13409294067, "name": "Otchopar", "name_ru": "Ипподром", "highway": "bus_stop", "public_transport": "stop_position", "bus": "yes", "stop_role": "platform", "operator": null, "district_name": "Chilanzar district", "district_assignment": "within" }, "geometry": { "type": "Point", "coordinates": [ 69.1796445, 41.2478795 ] } },
{ "type": "Feature", "properties": { "osm_element": "node", "osm_id": 13409294068, "name": "Bunyodkor shoh ko'chasi", "name_ru": "Махалля \"Бешкурган\"", "highway": "bus_stop", "public_transport": "stop_position", "bus": "yes", "stop_role": "platform", "operator": null, "district_name": "Chilanzar district", "district_assignment": "within" }, "geometry": { "type": "Point", "coordinates": [ 69.169229, 41.2398954 ] } },
{ "type": "Feature", "properties": { "osm_element": "node", "osm_id": 13409294069, "name": "Chilonzor buyum bozori", "name_ru": "Вещевой рынок \"Чиланзар\"", "highway": "bus_stop", "public_transport": "stop_position", "bus": "yes", "stop_role": "platform", "operator": null, "district_name": "Chilanzar district", "district_assignment": "within" }, "geometry": { "type": "Point", "coordinates": [ 69.1712713, 41.2426426 ] } },
{ "type": "Feature", "properties": { "osm_element": "node", "osm_id": 13409294077, "name": "Chorbog' ko'chasi", "name_ru": "Улица Бирлик", "highway": "bus_stop", "public_transport": "stop_position", "bus": "yes", "stop_role": "platform", "operator": null, "district_name": "Chilanzar district", "district_assignment": "within" }, "geometry": { "type": "Point", "coordinates": [ 69.1822691, 41.25023 ] } },
{ "type": "Feature", "properties": { "osm_element": "node", "osm_id": 13409294090, "name": "7-sonli avtokorxona", "name_ru": "Автобусный парк № 7", "highway": "bus_stop", "public_transport": "stop_position", "bus": "yes", "stop_role": "platform", "operator": null, "district_name": "Chilanzar district", "district_assignment": "within" }, "geometry": { "type": "Point", "coordinates": [ 69.1860705, 41.2525664 ] } },
{ "type": "Feature", "properties": { "osm_element": "node", "osm_id": 13409294099, "name": "Sh. Galyamova maxallasi", "name_ru": "Махалля Ш. Гулямова", "highway": "bus_stop", "public_transport": "stop_position", "bus": "yes", "stop_role": "platform", "operator": null, "district_name": "Chilanzar district", "district_assignment": "within" }, "geometry": { "type": "Point", "coordinates": [ 69.1959143, 41.2598923 ] } },
{ "type": "Feature", "properties": { "osm_element": "node", "osm_id": 13409294100, "name": "Soʻgalli ota koʻchasi", "name_ru": "Махалля \"Хайриабад\"", "highway": "bus_stop", "public_transport": "stop_position", "bus": "yes", "stop_role": "platform", "operator": null, "district_name": "Chilanzar district", "district_assignment": "within" }, "geometry": { "type": "Point", "coordinates": [ 69.1891485, 41.260152 ] } },
{ "type": "Feature", "properties": { "osm_element": "node", "osm_id": 13409313015, "name": "Katta Xirmontepa maxallasi", "name_ru": "Махалля Катта Хирмонтепа", "highway": "bus_stop", "public_transport": "stop_position", "bus": "yes", "stop_role": "platform", "operator": null, "district_name": "Chilanzar district", "district_assignment": "within" }, "geometry": { "type": "Point", "coordinates": [ 69.1791512, 41.2696238 ] } },
{ "type": "Feature", "properties": { "osm_element": "node", "osm_id": 13409313021, "name": "Zargarlik zavodi", "name_ru": "Улица Заргарлик", "highway": "bus_stop", "public_transport": "stop_position", "bus": "yes", "stop_role": "platform", "operator": null, "district_name": "Uchtepa district", "district_assignment": "within" }, "geometry": { "type": "Point", "coordinates": [ 69.1766765, 41.2719705 ] } },
{ "type": "Feature", "properties": { "osm_element": "node", "osm_id": 13409313045, "name": "Yusuf Sakkoniy ko'chasi", "name_ru": "Улица Юсуфа Саккокий", "highway": "bus_stop", "public_transport": "stop_position", "bus": "yes", "stop_role": "platform", "operator": null, "district_name": "Uchtepa district", "district_assignment": "within" }, "geometry": { "type": "Point", "coordinates": [ 69.1732538, 41.2981279 ] } },
{ "type": "Feature", "properties": { "osm_element": "node", "osm_id": 13409313088, "name": "Yusuf Sakkoniy ko'chasi", "name_ru": "Улица Юсуфа Саккокий", "highway": "bus_stop", "public_transport": "stop_position", "bus": "yes", "stop_role": "platform", "operator": null, "district_name": "Uchtepa district", "district_assignment": "within" }, "geometry": { "type": "Point", "coordinates": [ 69.173227, 41.2980608 ] } },
{ "type": "Feature", "properties": { "osm_element": "node", "osm_id": 13409313092, "name": "Mehribon ko'chasi", "name_ru": "Улица Алмоний", "highway": "bus_stop", "public_transport": "stop_position", "bus": "yes", "stop_role": "platform", "operator": null, "district_name": "Uchtepa district", "district_assignment": "within" }, "geometry": { "type": "Point", "coordinates": [ 69.1699095, 41.2973341 ] } },
{ "type": "Feature", "properties": { "osm_element": "node", "osm_id": 13409313113, "name": "Uchtepa ko'chasi", "name_ru": "Улица Учтепа", "highway": "bus_stop", "public_transport": "stop_position", "bus": "yes", "stop_role": "platform", "operator": null, "district_name": "Uchtepa district", "district_assignment": "within" }, "geometry": { "type": "Point", "coordinates": [ 69.1672776, 41.3000647 ] } },
{ "type": "Feature", "properties": { "osm_element": "node", "osm_id": 13409313114, "name": "Beshqayrag'och mavzesi", "name_ru": "Массив \"Бешкайрагач\"", "highway": "bus_stop", "public_transport": "stop_position", "bus": "yes", "stop_role": "platform", "operator": null, "district_name": "Uchtepa district", "district_assignment": "within" }, "geometry": { "type": "Point", "coordinates": [ 69.1631159, 41.3042885 ] } },
{ "type": "Feature", "properties": { "osm_element": "node", "osm_id": 13409313115, "name": "Beshqayrag'och mavzesi", "name_ru": "Массив \"Бешкайрагач\"", "highway": "bus_stop", "public_transport": "stop_position", "bus": "yes", "stop_role": "platform", "operator": null, "district_name": "Uchtepa district", "district_assignment": "within" }, "geometry": { "type": "Point", "coordinates": [ 69.1629423, 41.3046213 ] } },
{ "type": "Feature", "properties": { "osm_element": "node", "osm_id": 13414265677, "name": "Kichik Mirobod ko'chasi", "name_ru": "Улица Кичик Мирабад", "highway": "bus_stop", "public_transport": "stop_position", "bus": "yes", "stop_role": "platform", "operator": null, "district_name": "Yakkasaray district", "district_assignment": "within" }, "geometry": { "type": "Point", "coordinates": [ 69.2639531, 41.2932455 ] } },
{ "type": "Feature", "properties": { "osm_element": "node", "osm_id": 13414265755, "name": "Harbiy memorial", "name_ru": "Воинский мемориал", "highway": "bus_stop", "public_transport": "stop_position", "bus": "yes", "stop_role": "platform", "operator": null, "district_name": "Yakkasaray district", "district_assignment": "within" }, "geometry": { "type": "Point", "coordinates": [ 69.23387, 41.267622 ] } },
{ "type": "Feature", "properties": { "osm_element": "node", "osm_id": 13416450060, "name": "Grand Mir mehmonxonasi", "name_ru": "Гостиница \"Гранд Мир\"", "highway": "bus_stop", "public_transport": "stop_position", "bus": "yes", "stop_role": "platform", "operator": null, "district_name": "Mirabad district", "district_assignment": "within" }, "geometry": { "type": "Point", "coordinates": [ 69.2696027, 41.2964348 ] } },
{ "type": "Feature", "properties": { "osm_element": "node", "osm_id": 13416450081, "name": "59-sonli poliklinika", "name_ru": "Поликлиника № 59", "highway": "bus_stop", "public_transport": "stop_position", "bus": "yes", "stop_role": "platform", "operator": null, "district_name": "Yakkasaray district", "district_assignment": "within" }, "geometry": { "type": "Point", "coordinates": [ 69.2381482, 41.2715035 ] } },
{ "type": "Feature", "properties": { "osm_element": "node", "osm_id": 13418520171, "name": "Aviasozlar kolleji", "name_ru": "Авиалицей", "highway": "bus_stop", "public_transport": "stop_position", "bus": "yes", "stop_role": "platform", "operator": null, "district_name": "Yashnabad district", "district_assignment": "within" }, "geometry": { "type": "Point", "coordinates": [ 69.3534612, 41.2953502 ] } },
{ "type": "Feature", "properties": { "osm_element": "node", "osm_id": 13418520194, "name": "Yashnobod metrosi", "name_ru": "Станция метро \"Яшнабад\"", "highway": "bus_stop", "public_transport": "stop_position", "bus": "yes", "stop_role": "platform", "operator": null, "district_name": "Yashnabad district", "district_assignment": "within" }, "geometry": { "type": "Point", "coordinates": [ 69.3492993, 41.2983927 ] } },
{ "type": "Feature", "properties": { "osm_element": "node", "osm_id": 13418520195, "name": "Dorixona", "name_ru": "Аптека", "highway": "bus_stop", "public_transport": "stop_position", "bus": "yes", "stop_role": "platform", "operator": null, "district_name": "Yashnabad district", "district_assignment": "within" }, "geometry": { "type": "Point", "coordinates": [ 69.3474166, 41.2995408 ] } },
{ "type": "Feature", "properties": { "osm_element": "node", "osm_id": 13421332038, "name": "Qizilqo'rg'on kochasi", "name_ru": "Улица Кызылкурган", "highway": "bus_stop", "public_transport": "stop_position", "bus": "yes", "stop_role": "platform", "operator": null, "district_name": "Yunusabad district", "district_assignment": "within" }, "geometry": { "type": "Point", "coordinates": [ 69.3217137, 41.350042 ] } },
{ "type": "Feature", "properties": { "osm_element": "node", "osm_id": 13421332096, "name": "Bodomzor mavzesi", "name_ru": "Массив \"Бадамазар\"", "highway": "bus_stop", "public_transport": "stop_position", "bus": "yes", "stop_role": "platform", "operator": null, "district_name": "Yunusabad district", "district_assignment": "within" }, "geometry": { "type": "Point", "coordinates": [ 69.2927248, 41.3402346 ] } },
{ "type": "Feature", "properties": { "osm_element": "node", "osm_id": 13424093145, "name": "Geologorazvedka", "name_ru": "Геологоразведка", "highway": "bus_stop", "public_transport": "stop_position", "bus": "yes", "stop_role": "platform", "operator": null, "district_name": "Yunusabad district", "district_assignment": "within" }, "geometry": { "type": "Point", "coordinates": [ 69.2840485, 41.3318809 ] } },
{ "type": "Feature", "properties": { "osm_element": "node", "osm_id": 13424093178, "name": "Lokomotiv Parki", "name_ru": "Парк \"Локомотив\"", "highway": "bus_stop", "public_transport": "stop_position", "bus": "yes", "stop_role": "platform", "operator": null, "district_name": "Mirzo Ulugbek district", "district_assignment": "within" }, "geometry": { "type": "Point", "coordinates": [ 69.344972, 41.3551703 ] } },
{ "type": "Feature", "properties": { "osm_element": "node", "osm_id": 13424095647, "name": "1-sonli bog'cha", "name_ru": "Детский сад № 1", "highway": "bus_stop", "public_transport": "stop_position", "bus": "yes", "stop_role": "platform", "operator": null, "district_name": "Yunusabad district", "district_assignment": "within" }, "geometry": { "type": "Point", "coordinates": [ 69.336527, 41.3573533 ] } },
{ "type": "Feature", "properties": { "osm_element": "node", "osm_id": 13426651877, "name": null, "name_ru": "Улица Джарарык", "highway": "bus_stop", "public_transport": "stop_position", "bus": "yes", "stop_role": "platform", "operator": null, "district_name": "Shaykhantakhur district", "district_assignment": "within" }, "geometry": { "type": "Point", "coordinates": [ 69.1786293, 41.3354944 ] } },
{ "type": "Feature", "properties": { "osm_element": "node", "osm_id": 13426651891, "name": "Jarariq ko'chasi", "name_ru": "Улица Джарарык", "highway": "bus_stop", "public_transport": "stop_position", "bus": "yes", "stop_role": "platform", "operator": null, "district_name": "Shaykhantakhur district", "district_assignment": "within" }, "geometry": { "type": "Point", "coordinates": [ 69.1780724, 41.3359355 ] } },
{ "type": "Feature", "properties": { "osm_element": "node", "osm_id": 13426651892, "name": "Do'kon", "name_ru": "Магазин", "highway": "bus_stop", "public_transport": "stop_position", "bus": "yes", "stop_role": "platform", "operator": null, "district_name": "Shaykhantakhur district", "district_assignment": "within" }, "geometry": { "type": "Point", "coordinates": [ 69.1788985, 41.3314342 ] } },
{ "type": "Feature", "properties": { "osm_element": "node", "osm_id": 13426651893, "name": "Ko'ksaroy ko'chasi", "name_ru": "Улица Коксарай", "highway": "bus_stop", "public_transport": "stop_position", "bus": "yes", "stop_role": "platform", "operator": null, "district_name": "Shaykhantakhur district", "district_assignment": "within" }, "geometry": { "type": "Point", "coordinates": [ 69.1834229, 41.3297705 ] } },
{ "type": "Feature", "properties": { "osm_element": "node", "osm_id": 13426693308, "name": "Ipakchi ko'chasi", "name_ru": "Улица Ипакчилик", "highway": "bus_stop", "public_transport": "stop_position", "bus": "yes", "stop_role": "platform", "operator": null, "district_name": "Shaykhantakhur district", "district_assignment": "within" }, "geometry": { "type": "Point", "coordinates": [ 69.18897, 41.3294989 ] } },
{ "type": "Feature", "properties": { "osm_element": "node", "osm_id": 13426693309, "name": "Ko'kcha masjidi", "name_ru": "Мечеть \"Кукча\"", "highway": "bus_stop", "public_transport": "stop_position", "bus": "yes", "stop_role": "platform", "operator": null, "district_name": "Shaykhantakhur district", "district_assignment": "within" }, "geometry": { "type": "Point", "coordinates": [ 69.2061915, 41.3229071 ] } },
{ "type": "Feature", "properties": { "osm_element": "node", "osm_id": 13426693318, "name": "Ko'kcha Darvoza ko'chasi", "name_ru": "Улица Кукча Дарвоза", "highway": "bus_stop", "public_transport": "stop_position", "bus": "yes", "stop_role": "platform", "operator": null, "district_name": "Shaykhantakhur district", "district_assignment": "within" }, "geometry": { "type": "Point", "coordinates": [ 69.2151432, 41.3222131 ] } },
{ "type": "Feature", "properties": { "osm_element": "node", "osm_id": 13426693323, "name": "Maktab", "name_ru": "Школа", "highway": "bus_stop", "public_transport": "stop_position", "bus": "yes", "stop_role": "platform", "operator": null, "district_name": "Shaykhantakhur district", "district_assignment": "within" }, "geometry": { "type": "Point", "coordinates": [ 69.2284669, 41.3220165 ] } },
{ "type": "Feature", "properties": { "osm_element": "node", "osm_id": 13429276690, "name": "Qorasuv 1-mavzesi", "name_ru": "Массив \"Карасу\"-1", "highway": "bus_stop", "public_transport": "stop_position", "bus": "yes", "stop_role": "platform", "operator": null, "district_name": "Mirzo Ulugbek district", "district_assignment": "within" }, "geometry": { "type": "Point", "coordinates": [ 69.3754626, 41.3341669 ] } },
{ "type": "Feature", "properties": { "osm_element": "node", "osm_id": 13448637072, "name": "Bolalar Milliy Tibbiyot Markazi", "name_ru": "Национальный детский медицинский центр", "highway": "bus_stop", "public_transport": "stop_position", "bus": "yes", "stop_role": "platform", "operator": null, "district_name": "Mirzo Ulugbek district", "district_assignment": "within" }, "geometry": { "type": "Point", "coordinates": [ 69.3383983, 41.3074788 ] } },
{ "type": "Feature", "properties": { "osm_element": "node", "osm_id": 13448637077, "name": "AYoQSh", "name_ru": "АЗС", "highway": "bus_stop", "public_transport": "stop_position", "bus": "yes", "stop_role": "platform", "operator": null, "district_name": "Mirzo Ulugbek district", "district_assignment": "within" }, "geometry": { "type": "Point", "coordinates": [ 69.3451534, 41.3106292 ] } },
{ "type": "Feature", "properties": { "osm_element": "node", "osm_id": 13448637079, "name": "Toshkent viloyati IIBB", "name_ru": "Лицей", "highway": "bus_stop", "public_transport": "stop_position", "bus": "yes", "stop_role": "platform", "operator": null, "district_name": "Mirzo Ulugbek district", "district_assignment": "within" }, "geometry": { "type": "Point", "coordinates": [ 69.3504682, 41.3136228 ] } },
{ "type": "Feature", "properties": { "osm_element": "node", "osm_id": 13448637087, "name": "8-sonli avtobaza", "name_ru": "Автобаза № 8", "highway": "bus_stop", "public_transport": "stop_position", "bus": "yes", "stop_role": "platform", "operator": null, "district_name": "Mirzo Ulugbek district", "district_assignment": "within" }, "geometry": { "type": "Point", "coordinates": [ 69.3635096, 41.3236642 ] } },
{ "type": "Feature", "properties": { "osm_element": "node", "osm_id": 13448637088, "name": "Hushxavo koʻchasi", "name_ru": "Улица Хушхаво", "highway": "bus_stop", "public_transport": "stop_position", "bus": "yes", "stop_role": "platform", "operator": null, "district_name": "Mirzo Ulugbek district", "district_assignment": "within" }, "geometry": { "type": "Point", "coordinates": [ 69.3601108, 41.3257155 ] } },
{ "type": "Feature", "properties": { "osm_element": "node", "osm_id": 13448639834, "name": "8-sonli avtobaza", "name_ru": "Автобаза № 8", "highway": "bus_stop", "public_transport": "stop_position", "bus": "yes", "stop_role": "platform", "operator": null, "district_name": "Mirzo Ulugbek district", "district_assignment": "within" }, "geometry": { "type": "Point", "coordinates": [ 69.3643434, 41.3232908 ] } },
{ "type": "Feature", "properties": { "osm_element": "node", "osm_id": 13448639847, "name": "Toshkent viloyati IIBB", "name_ru": "Лицей", "highway": "bus_stop", "public_transport": "stop_position", "bus": "yes", "stop_role": "platform", "operator": null, "district_name": "Mirzo Ulugbek district", "district_assignment": "within" }, "geometry": { "type": "Point", "coordinates": [ 69.3527922, 41.3147295 ] } },
{ "type": "Feature", "properties": { "osm_element": "node", "osm_id": 13448639865, "name": "AYoQSh", "name_ru": "АЗС", "highway": "bus_stop", "public_transport": "stop_position", "bus": "yes", "stop_role": "platform", "operator": null, "district_name": "Mirzo Ulugbek district", "district_assignment": "within" }, "geometry": { "type": "Point", "coordinates": [ 69.3452469, 41.310508 ] } },
{ "type": "Feature", "properties": { "osm_element": "node", "osm_id": 13448639869, "name": "Bolalar Milliy Tibbiyot Markazi", "name_ru": "Национальный детский медицинский центр", "highway": "bus_stop", "public_transport": "stop_position", "bus": "yes", "stop_role": "platform", "operator": null, "district_name": "Mirzo Ulugbek district", "district_assignment": "within" }, "geometry": { "type": "Point", "coordinates": [ 69.3412828, 41.3075526 ] } },
{ "type": "Feature", "properties": { "osm_element": "node", "osm_id": 13448639871, "name": "Parkent 5-tor ko'chasi", "name_ru": "Улица Паркент, 5-й проезд", "highway": "bus_stop", "public_transport": "stop_position", "bus": "yes", "stop_role": "platform", "operator": null, "district_name": "Mirzo Ulugbek district", "district_assignment": "within" }, "geometry": { "type": "Point", "coordinates": [ 69.3360052, 41.3094923 ] } },
{ "type": "Feature", "properties": { "osm_element": "node", "osm_id": 13448639884, "name": "Parkent 5-tor ko'chasi", "name_ru": "Улица Паркент, 5-й проезд", "highway": "bus_stop", "public_transport": "stop_position", "bus": "yes", "stop_role": "platform", "operator": null, "district_name": "Yashnabad district", "district_assignment": "within" }, "geometry": { "type": "Point", "coordinates": [ 69.3357914, 41.3094626 ] } },
{ "type": "Feature", "properties": { "osm_element": "node", "osm_id": 13448639896, "name": "Foton IChB", "name_ru": "ПО \"Фотон\"", "highway": "bus_stop", "public_transport": "stop_position", "bus": "yes", "stop_role": "platform", "operator": null, "district_name": "Mirabad district", "district_assignment": "within" }, "geometry": { "type": "Point", "coordinates": [ 69.2782763, 41.3046101 ] } },
{ "type": "Feature", "properties": { "osm_element": "node", "osm_id": 13474555234, "name": "Farg'ona bozori", "name_ru": "Ферганский рынок", "highway": "bus_stop", "public_transport": "stop_position", "bus": "yes", "stop_role": "platform", "operator": null, "district_name": "Yashnabad district", "district_assignment": "within" }, "geometry": { "type": "Point", "coordinates": [ 69.3121505, 41.273488 ] } },
{ "type": "Feature", "properties": { "osm_element": "node", "osm_id": 13474555236, "name": "Yangizamon ko'chasi", "name_ru": "Улица Янгизамон", "highway": "bus_stop", "public_transport": "stop_position", "bus": "yes", "stop_role": "platform", "operator": null, "district_name": "Mirabad district", "district_assignment": "within" }, "geometry": { "type": "Point", "coordinates": [ 69.2975196, 41.2772046 ] } },
{ "type": "Feature", "properties": { "osm_element": "node", "osm_id": 13474555241, "name": "Yangizamon ko'chasi", "name_ru": "Улица Янгизамон", "highway": "bus_stop", "public_transport": "stop_position", "bus": "yes", "stop_role": "platform", "operator": null, "district_name": "Mirabad district", "district_assignment": "within" }, "geometry": { "type": "Point", "coordinates": [ 69.2978275, 41.2769748 ] } },
{ "type": "Feature", "properties": { "osm_element": "node", "osm_id": 13474555243, "name": "Eski Sariko'l ko'chasi", "name_ru": "Улица Эски Сарыкуль", "highway": "bus_stop", "public_transport": "stop_position", "bus": "yes", "stop_role": "platform", "operator": null, "district_name": "Mirabad district", "district_assignment": "within" }, "geometry": { "type": "Point", "coordinates": [ 69.2942096, 41.2797663 ] } },
{ "type": "Feature", "properties": { "osm_element": "node", "osm_id": 13474555245, "name": "Eski Sariko'l ko'chasi", "name_ru": "Улица Эски Сарыкуль", "highway": "bus_stop", "public_transport": "stop_position", "bus": "yes", "stop_role": "platform", "operator": null, "district_name": "Mirabad district", "district_assignment": "within" }, "geometry": { "type": "Point", "coordinates": [ 69.2944212, 41.2794739 ] } },
{ "type": "Feature", "properties": { "osm_element": "node", "osm_id": 13519342370, "name": "Islom Sivilizatsiyasi markazi", "name_ru": "Центр исламской цивилизации", "highway": "bus_stop", "public_transport": "stop_position", "bus": "yes", "stop_role": "platform", "operator": null, "district_name": "Almazar district", "district_assignment": "within" }, "geometry": { "type": "Point", "coordinates": [ 69.2432547, 41.3360114 ] } },
{ "type": "Feature", "properties": { "osm_element": "node", "osm_id": 13534580201, "name": "Fidokor ko'chasi", "name_ru": "Улица Фидокор", "highway": "bus_stop", "public_transport": "stop_position", "bus": "yes", "stop_role": "platform", "operator": null, "district_name": "Mirabad district", "district_assignment": "within" }, "geometry": { "type": "Point", "coordinates": [ 69.2759205, 41.2965248 ] } },
{ "type": "Feature", "properties": { "osm_element": "node", "osm_id": 13534580228, "name": "Farg'ona bozori", "name_ru": "Ферганский рынок", "highway": "bus_stop", "public_transport": "stop_position", "bus": "yes", "stop_role": "platform", "operator": null, "district_name": "Yashnabad district", "district_assignment": "within" }, "geometry": { "type": "Point", "coordinates": [ 69.3106196, 41.2740638 ] } },
{ "type": "Feature", "properties": { "osm_element": "node", "osm_id": 13534580229, "name": "Obishir ko'chasi", "name_ru": "Мечеть", "highway": "bus_stop", "public_transport": "stop_position", "bus": "yes", "stop_role": "platform", "operator": null, "district_name": "Yashnabad district", "district_assignment": "within" }, "geometry": { "type": "Point", "coordinates": [ 69.3086725, 41.2774231 ] } },
{ "type": "Feature", "properties": { "osm_element": "node", "osm_id": 13534580262, "name": "Ekspeditsiya", "name_ru": "Экспедиция", "highway": "bus_stop", "public_transport": "stop_position", "bus": "yes", "stop_role": "platform", "operator": null, "district_name": "Yashnabad district", "district_assignment": "within" }, "geometry": { "type": "Point", "coordinates": [ 69.3150581, 41.2748501 ] } },
{ "type": "Feature", "properties": { "osm_element": "node", "osm_id": 13534580263, "name": "Sovutkichlar kombinati", "name_ru": "Хладокомбинат", "highway": "bus_stop", "public_transport": "stop_position", "bus": "yes", "stop_role": "platform", "operator": null, "district_name": "Yashnabad district", "district_assignment": "within" }, "geometry": { "type": "Point", "coordinates": [ 69.318517, 41.2764365 ] } },
{ "type": "Feature", "properties": { "osm_element": "node", "osm_id": 13534580264, "name": "Xatirchi ko'chasi", "name_ru": "Улица Хатирчи", "highway": "bus_stop", "public_transport": "stop_position", "bus": "yes", "stop_role": "platform", "operator": null, "district_name": "Yashnabad district", "district_assignment": "within" }, "geometry": { "type": "Point", "coordinates": [ 69.3256265, 41.2797396 ] } },
{ "type": "Feature", "properties": { "osm_element": "node", "osm_id": 13534580265, "name": "Xovos ko'chasi", "name_ru": "Улица Хаваст", "highway": "bus_stop", "public_transport": "stop_position", "bus": "yes", "stop_role": "platform", "operator": null, "district_name": "Yashnabad district", "district_assignment": "within" }, "geometry": { "type": "Point", "coordinates": [ 69.3303914, 41.281668 ] } },
{ "type": "Feature", "properties": { "osm_element": "node", "osm_id": 13534580266, "name": "Do'kon", "name_ru": "Магазин", "highway": "bus_stop", "public_transport": "stop_position", "bus": "yes", "stop_role": "platform", "operator": null, "district_name": "Yashnabad district", "district_assignment": "within" }, "geometry": { "type": "Point", "coordinates": [ 69.3355683, 41.2838949 ] } },
{ "type": "Feature", "properties": { "osm_element": "node", "osm_id": 13534580267, "name": "Qozonxona", "name_ru": "Котельная", "highway": "bus_stop", "public_transport": "stop_position", "bus": "yes", "stop_role": "platform", "operator": null, "district_name": "Yashnabad district", "district_assignment": "within" }, "geometry": { "type": "Point", "coordinates": [ 69.3373384, 41.2864744 ] } },
{ "type": "Feature", "properties": { "osm_element": "node", "osm_id": 13534580268, "name": "Qozonxona", "name_ru": "Котельная", "highway": "bus_stop", "public_transport": "stop_position", "bus": "yes", "stop_role": "platform", "operator": null, "district_name": "Yashnabad district", "district_assignment": "within" }, "geometry": { "type": "Point", "coordinates": [ 69.3384022, 41.2863864 ] } },
{ "type": "Feature", "properties": { "osm_element": "node", "osm_id": 13534580273, "name": "Poliklinika", "name_ru": "Поликлиника", "highway": "bus_stop", "public_transport": "stop_position", "bus": "yes", "stop_role": "platform", "operator": null, "district_name": "Yashnabad district", "district_assignment": "within" }, "geometry": { "type": "Point", "coordinates": [ 69.3470418, 41.2897704 ] } },
{ "type": "Feature", "properties": { "osm_element": "node", "osm_id": 13534580275, "name": "204-son maktab", "name_ru": "Школа 204", "highway": "bus_stop", "public_transport": "stop_position", "bus": "yes", "stop_role": "platform", "operator": null, "district_name": "Yashnabad district", "district_assignment": "within" }, "geometry": { "type": "Point", "coordinates": [ 69.3443189, 41.2944976 ] } },
{ "type": "Feature", "properties": { "osm_element": "node", "osm_id": 13534580276, "name": "Aviasozlar madaniyat uyi", "name_ru": "ДК Авиастроителей", "highway": "bus_stop", "public_transport": "stop_position", "bus": "yes", "stop_role": "platform", "operator": null, "district_name": "Yashnabad district", "district_assignment": "within" }, "geometry": { "type": "Point", "coordinates": [ 69.3403211, 41.2931368 ] } },
{ "type": "Feature", "properties": { "osm_element": "node", "osm_id": 13534580277, "name": "Do'stlik metro bekati", "name_ru": "Станция метро \"Дустлик\"", "highway": "bus_stop", "public_transport": "stop_position", "bus": "yes", "stop_role": "platform", "operator": null, "district_name": "Yashnabad district", "district_assignment": "within" }, "geometry": { "type": "Point", "coordinates": [ 69.3238644, 41.2937531 ] } },
{ "type": "Feature", "properties": { "osm_element": "node", "osm_id": 13534580278, "name": "Aviasozlar madaniyat uyi", "name_ru": "ДК Авиастроителей", "highway": "bus_stop", "public_transport": "stop_position", "bus": "yes", "stop_role": "platform", "operator": null, "district_name": "Yashnabad district", "district_assignment": "within" }, "geometry": { "type": "Point", "coordinates": [ 69.339243, 41.2923167 ] } },
{ "type": "Feature", "properties": { "osm_element": "node", "osm_id": 13534580309, "name": "Poliklinika", "name_ru": "Поликлиника", "highway": "bus_stop", "public_transport": "stop_position", "bus": "yes", "stop_role": "platform", "operator": null, "district_name": "Yashnabad district", "district_assignment": "within" }, "geometry": { "type": "Point", "coordinates": [ 69.3470793, 41.2897197 ] } },
{ "type": "Feature", "properties": { "osm_element": "node", "osm_id": 13534580347, "name": "Do'kon", "name_ru": "Магазин", "highway": "bus_stop", "public_transport": "stop_position", "bus": "yes", "stop_role": "platform", "operator": null, "district_name": "Yashnabad district", "district_assignment": "within" }, "geometry": { "type": "Point", "coordinates": [ 69.3351516, 41.2836185 ] } },
{ "type": "Feature", "properties": { "osm_element": "node", "osm_id": 13534580348, "name": "Xatirchi ko'chasi", "name_ru": "Улица Хатирчи", "highway": "bus_stop", "public_transport": "stop_position", "bus": "yes", "stop_role": "platform", "operator": null, "district_name": "Yashnabad district", "district_assignment": "within" }, "geometry": { "type": "Point", "coordinates": [ 69.3250104, 41.2794932 ] } },
{ "type": "Feature", "properties": { "osm_element": "node", "osm_id": 13534580349, "name": "Xovos ko'chasi", "name_ru": "Улица Хаваст", "highway": "bus_stop", "public_transport": "stop_position", "bus": "yes", "stop_role": "platform", "operator": null, "district_name": "Yashnabad district", "district_assignment": "within" }, "geometry": { "type": "Point", "coordinates": [ 69.3284687, 41.2808893 ] } },
{ "type": "Feature", "properties": { "osm_element": "node", "osm_id": 13541191526, "name": "Televideniye va radio kolleji", "name_ru": "Колледж", "highway": "bus_stop", "public_transport": "stop_position", "bus": "yes", "stop_role": "platform", "operator": null, "district_name": "Bektemir district", "district_assignment": "within" }, "geometry": { "type": "Point", "coordinates": [ 69.3756694, 41.2463754 ] } },
{ "type": "Feature", "properties": { "osm_element": "node", "osm_id": 13551083459, "name": "Do'stlik metro bekati", "name_ru": "Станция метро \"Дустлик\"", "highway": "bus_stop", "public_transport": "stop_position", "bus": "yes", "stop_role": "platform", "operator": null, "district_name": "Yashnabad district", "district_assignment": "within" }, "geometry": { "type": "Point", "coordinates": [ 69.3238325, 41.2938526 ] } },
{ "type": "Feature", "properties": { "osm_element": "node", "osm_id": 13551083460, "name": "Do'stlik metro bekati", "name_ru": "Станция метро \"Дустлик\"", "highway": "bus_stop", "public_transport": "stop_position", "bus": "yes", "stop_role": "platform", "operator": null, "district_name": "Yashnabad district", "district_assignment": "within" }, "geometry": { "type": "Point", "coordinates": [ 69.3238366, 41.2939451 ] } },
{ "type": "Feature", "properties": { "osm_element": "node", "osm_id": 13565459515, "name": "Chorsu metrosi", "name_ru": "Станция метро \"Чорсу\"", "highway": "bus_stop", "public_transport": "stop_position", "bus": "yes", "stop_role": "platform", "operator": null, "district_name": "Shaykhantakhur district", "district_assignment": "within" }, "geometry": { "type": "Point", "coordinates": [ 69.239515, 41.3270919 ] } },
{ "type": "Feature", "properties": { "osm_element": "node", "osm_id": 13567441312, "name": "Rahmat Fayziy ko'chasi", "name_ru": "Улица Рахмата Файзи", "highway": "bus_stop", "public_transport": "stop_position", "bus": "yes", "stop_role": "platform", "operator": null, "district_name": "Shaykhantakhur district", "district_assignment": "within" }, "geometry": { "type": "Point", "coordinates": [ 69.2085529, 41.3122127 ] } },
{ "type": "Feature", "properties": { "osm_element": "node", "osm_id": 13567441326, "name": "Chilonzor dahasi G9A-mavze", "name_ru": "Махалля \"Чиланзар\", квартал Г9А", "highway": "bus_stop", "public_transport": "stop_position", "bus": "yes", "stop_role": "platform", "operator": null, "district_name": "Chilanzar district", "district_assignment": "within" }, "geometry": { "type": "Point", "coordinates": [ 69.1944272, 41.290208 ] } },
{ "type": "Feature", "properties": { "osm_element": "node", "osm_id": 13612699340, "name": "Ahmad Yugnaki mavzesi", "name_ru": "массив Ахмад Югнаки", "highway": "bus_stop", "public_transport": "stop_position", "bus": "yes", "stop_role": "platform", "operator": null, "district_name": "Mirzo Ulugbek district", "district_assignment": "within" }, "geometry": { "type": "Point", "coordinates": [ 69.3824104, 41.3444735 ] } },
{ "type": "Feature", "properties": { "osm_element": "node", "osm_id": 13612699341, "name": "Do'stlik ko`chasi", "name_ru": "Улица Дустлик", "highway": "bus_stop", "public_transport": "stop_position", "bus": "yes", "stop_role": "platform", "operator": null, "district_name": "Mirzo Ulugbek district", "district_assignment": "within" }, "geometry": { "type": "Point", "coordinates": [ 69.3803566, 41.3403774 ] } },
{ "type": "Feature", "properties": { "osm_element": "node", "osm_id": 13612699344, "name": "Mexanik institut", "name_ru": "Институт механики", "highway": "bus_stop", "public_transport": "stop_position", "bus": "yes", "stop_role": "platform", "operator": null, "district_name": "Mirzo Ulugbek district", "district_assignment": "within" }, "geometry": { "type": "Point", "coordinates": [ 69.3436895, 41.3357687 ] } },
{ "type": "Feature", "properties": { "osm_element": "node", "osm_id": 13612699348, "name": "Mexanik institut", "name_ru": "Институт механики", "highway": "bus_stop", "public_transport": "stop_position", "bus": "yes", "stop_role": "platform", "operator": null, "district_name": "Mirzo Ulugbek district", "district_assignment": "within" }, "geometry": { "type": "Point", "coordinates": [ 69.3444194, 41.3352032 ] } },
{ "type": "Feature", "properties": { "osm_element": "node", "osm_id": 13612699374, "name": "Oliy Himmat", "name_ru": "Махалля \"Олий Химмат\"", "highway": "bus_stop", "public_transport": "stop_position", "bus": "yes", "stop_role": "platform", "operator": null, "district_name": "Mirzo Ulugbek district", "district_assignment": "within" }, "geometry": { "type": "Point", "coordinates": [ 69.3332245, 41.3419955 ] } },
{ "type": "Feature", "properties": { "osm_element": "node", "osm_id": 13612699376, "name": "Navnihol ko'chasi", "name_ru": "Электрокабельный завод", "highway": "bus_stop", "public_transport": "stop_position", "bus": "yes", "stop_role": "platform", "operator": null, "district_name": "Mirzo Ulugbek district", "district_assignment": "within" }, "geometry": { "type": "Point", "coordinates": [ 69.3303539, 41.343742 ] } },
{ "type": "Feature", "properties": { "osm_element": "node", "osm_id": 13612699380, "name": "Elektrokabel zavodi", "name_ru": "Электрокабельный завод (проходная)", "highway": "bus_stop", "public_transport": "stop_position", "bus": "yes", "stop_role": "platform", "operator": null, "district_name": "Mirzo Ulugbek district", "district_assignment": "within" }, "geometry": { "type": "Point", "coordinates": [ 69.3252742, 41.3466159 ] } },
{ "type": "Feature", "properties": { "osm_element": "node", "osm_id": 13612707804, "name": "High Town City", "name_ru": "Абразивный комбинат", "highway": "bus_stop", "public_transport": "stop_position", "bus": "yes", "stop_role": "platform", "operator": null, "district_name": "Yunusabad district", "district_assignment": "within" }, "geometry": { "type": "Point", "coordinates": [ 69.3104287, 41.3555947 ] } },
{ "type": "Feature", "properties": { "osm_element": "node", "osm_id": 13612707805, "name": "8-Avtobus saroyi", "name_ru": "Автопарк № 8", "highway": "bus_stop", "public_transport": "stop_position", "bus": "yes", "stop_role": "platform", "operator": null, "district_name": "Yunusabad district", "district_assignment": "within" }, "geometry": { "type": "Point", "coordinates": [ 69.3031899, 41.359976 ] } },
{ "type": "Feature", "properties": { "osm_element": "node", "osm_id": 13612707924, "name": "Shahriston ko'chasi", "name_ru": "Улица Шахристанская", "highway": "bus_stop", "public_transport": "stop_position", "bus": "yes", "stop_role": "platform", "operator": null, "district_name": "Yunusabad district", "district_assignment": "within" }, "geometry": { "type": "Point", "coordinates": [ 69.287543, 41.350567 ] } },
{ "type": "Feature", "properties": { "osm_element": "node", "osm_id": 13612707927, "name": "Shahriston metro bekati", "name_ru": "Станция метро \"Шахристан\"", "highway": "bus_stop", "public_transport": "stop_position", "bus": "yes", "stop_role": "platform", "operator": null, "district_name": "Yunusabad district", "district_assignment": "within" }, "geometry": { "type": "Point", "coordinates": [ 69.2886294, 41.3552773 ] } },
{ "type": "Feature", "properties": { "osm_element": "node", "osm_id": 13612707945, "name": "Yunusobod dahasi 9-mavze", "name_ru": "Массив \"Юнусабад\", квартал 9", "highway": "bus_stop", "public_transport": "stop_position", "bus": "yes", "stop_role": "platform", "operator": null, "district_name": "Yunusabad district", "district_assignment": "within" }, "geometry": { "type": "Point", "coordinates": [ 69.2822835, 41.3779028 ] } },
{ "type": "Feature", "properties": { "osm_element": "node", "osm_id": 13618378749, "name": "Chinobod ko'chasi", "name_ru": "Улица Чинабад", "highway": "bus_stop", "public_transport": "stop_position", "bus": "yes", "stop_role": "platform", "operator": null, "district_name": "Yunusabad district", "district_assignment": "within" }, "geometry": { "type": "Point", "coordinates": [ 69.3123154, 41.3545859 ] } },
{ "type": "Feature", "properties": { "osm_element": "node", "osm_id": 13618378756, "name": "Elektrokabel zavodi", "name_ru": "Электрокабельный завод (проходная)", "highway": "bus_stop", "public_transport": "stop_position", "bus": "yes", "stop_role": "platform", "operator": null, "district_name": "Yunusabad district", "district_assignment": "within" }, "geometry": { "type": "Point", "coordinates": [ 69.3235919, 41.3477816 ] } },
{ "type": "Feature", "properties": { "osm_element": "node", "osm_id": 13618378762, "name": null, "name_ru": "Электрокабельный завод", "highway": "bus_stop", "public_transport": "stop_position", "bus": "yes", "stop_role": "platform", "operator": null, "district_name": "Mirzo Ulugbek district", "district_assignment": "within" }, "geometry": { "type": "Point", "coordinates": [ 69.328534, 41.3449477 ] } },
{ "type": "Feature", "properties": { "osm_element": "node", "osm_id": 13618378767, "name": "Oliy Himmat", "name_ru": "Махалля \"Олий Химмат\"", "highway": "bus_stop", "public_transport": "stop_position", "bus": "yes", "stop_role": "platform", "operator": null, "district_name": "Mirzo Ulugbek district", "district_assignment": "within" }, "geometry": { "type": "Point", "coordinates": [ 69.3331397, 41.3421446 ] } },
{ "type": "Feature", "properties": { "osm_element": "node", "osm_id": 13618378772, "name": null, "name_ru": "Школа-интернат", "highway": "bus_stop", "public_transport": "stop_position", "bus": "yes", "stop_role": "platform", "operator": null, "district_name": "Mirzo Ulugbek district", "district_assignment": "within" }, "geometry": { "type": "Point", "coordinates": [ 69.3702664, 41.3409683 ] } },
{ "type": "Feature", "properties": { "osm_element": "node", "osm_id": 13618378774, "name": "Ahmad Yugnaki mavzesi", "name_ru": "массив Ахмад Югнаки", "highway": "bus_stop", "public_transport": "stop_position", "bus": "yes", "stop_role": "platform", "operator": null, "district_name": "Mirzo Ulugbek district", "district_assignment": "within" }, "geometry": { "type": "Point", "coordinates": [ 69.3820279, 41.3442063 ] } },
{ "type": "Feature", "properties": { "osm_element": "node", "osm_id": 13623178162, "name": "Al Xorazmiy maydoni", "name_ru": "Площадь \"Аль-Хорезми\"", "highway": "bus_stop", "public_transport": "stop_position", "bus": "yes", "stop_role": "platform", "operator": null, "district_name": "Chilanzar district", "district_assignment": "boundary_nearest" }, "geometry": { "type": "Point", "coordinates": [ 69.1937462, 41.2754722 ] } },
{ "type": "Feature", "properties": { "osm_element": "node", "osm_id": 13623700791, "name": "Majnuntol mahallasi", "name_ru": "Махалля Мажнунтол", "highway": "bus_stop", "public_transport": "stop_position", "bus": "yes", "stop_role": "platform", "operator": null, "district_name": "Bektemir district", "district_assignment": "within" }, "geometry": { "type": "Point", "coordinates": [ 69.3881353, 41.2462734 ] } },
{ "type": "Feature", "properties": { "osm_element": "node", "osm_id": 13626605766, "name": "Baxt ko'li", "name_ru": "Озеро \"Бахт\"", "highway": "bus_stop", "public_transport": "stop_position", "bus": "yes", "stop_role": "platform", "operator": null, "district_name": "Bektemir district", "district_assignment": "within" }, "geometry": { "type": "Point", "coordinates": [ 69.3687686, 41.2662774 ] } },
{ "type": "Feature", "properties": { "osm_element": "node", "osm_id": 13626605790, "name": "Moturidiy koʻchasi", "name_ru": "Улица Матуриди", "highway": "bus_stop", "public_transport": "stop_position", "bus": "yes", "stop_role": "platform", "operator": null, "district_name": "Bektemir district", "district_assignment": "within" }, "geometry": { "type": "Point", "coordinates": [ 69.388733, 41.2437083 ] } },
{ "type": "Feature", "properties": { "osm_element": "node", "osm_id": 13626605791, "name": "Qoziyon koʻchasi", "name_ru": "Улица Козиён", "highway": "bus_stop", "public_transport": "stop_position", "bus": "yes", "stop_role": "platform", "operator": null, "district_name": "Bektemir district", "district_assignment": "within" }, "geometry": { "type": "Point", "coordinates": [ 69.3838946, 41.2423702 ] } },
{ "type": "Feature", "properties": { "osm_element": "node", "osm_id": 13626605792, "name": "Barhayot koʻchasi", "name_ru": "Улица Чексарой", "highway": "bus_stop", "public_transport": "stop_position", "bus": "yes", "stop_role": "platform", "operator": null, "district_name": "Bektemir district", "district_assignment": "within" }, "geometry": { "type": "Point", "coordinates": [ 69.3821334, 41.2441485 ] } },
{ "type": "Feature", "properties": { "osm_element": "node", "osm_id": 13626605799, "name": "Baxt ko'li", "name_ru": "Озеро \"Бахт\"", "highway": "bus_stop", "public_transport": "stop_position", "bus": "yes", "stop_role": "platform", "operator": null, "district_name": "Bektemir district", "district_assignment": "within" }, "geometry": { "type": "Point", "coordinates": [ 69.3684249, 41.2663646 ] } },
{ "type": "Feature", "properties": { "osm_element": "node", "osm_id": 13626619110, "name": "Shohsanam ko'chasi", "name_ru": "Улица Шохсанам", "highway": "bus_stop", "public_transport": "stop_position", "bus": "yes", "stop_role": "platform", "operator": null, "district_name": "Yashnabad district", "district_assignment": "within" }, "geometry": { "type": "Point", "coordinates": [ 69.3655928, 41.2684162 ] } },
{ "type": "Feature", "properties": { "osm_element": "node", "osm_id": 13626619112, "name": "Nigora ko'chasi", "name_ru": "Улица Нигоры", "highway": "bus_stop", "public_transport": "stop_position", "bus": "yes", "stop_role": "platform", "operator": null, "district_name": "Yashnabad district", "district_assignment": "within" }, "geometry": { "type": "Point", "coordinates": [ 69.3578189, 41.2665116 ] } },
{ "type": "Feature", "properties": { "osm_element": "node", "osm_id": 13626619114, "name": "Nigora ko'chasi", "name_ru": "Улица Нигоры", "highway": "bus_stop", "public_transport": "stop_position", "bus": "yes", "stop_role": "platform", "operator": null, "district_name": "Yashnabad district", "district_assignment": "within" }, "geometry": { "type": "Point", "coordinates": [ 69.3583193, 41.2668486 ] } },
{ "type": "Feature", "properties": { "osm_element": "node", "osm_id": 13626619117, "name": "Yangiobod mavzesi", "name_ru": "Массив \"Янгиабад\"", "highway": "bus_stop", "public_transport": "stop_position", "bus": "yes", "stop_role": "platform", "operator": null, "district_name": "Yashnabad district", "district_assignment": "within" }, "geometry": { "type": "Point", "coordinates": [ 69.3541214, 41.2646697 ] } },
{ "type": "Feature", "properties": { "osm_element": "node", "osm_id": 13626619120, "name": "Chilonota ko'chasi", "name_ru": "Улица Чилонота", "highway": "bus_stop", "public_transport": "stop_position", "bus": "yes", "stop_role": "platform", "operator": null, "district_name": "Yashnabad district", "district_assignment": "within" }, "geometry": { "type": "Point", "coordinates": [ 69.3511976, 41.2689289 ] } },
{ "type": "Feature", "properties": { "osm_element": "node", "osm_id": 13626619124, "name": "Gastronom", "name_ru": "Гастроном", "highway": "bus_stop", "public_transport": "stop_position", "bus": "yes", "stop_role": "platform", "operator": null, "district_name": "Yashnabad district", "district_assignment": "within" }, "geometry": { "type": "Point", "coordinates": [ 69.3498163, 41.2735717 ] } },
{ "type": "Feature", "properties": { "osm_element": "node", "osm_id": 13626619125, "name": "Gastronom", "name_ru": "Гастроном", "highway": "bus_stop", "public_transport": "stop_position", "bus": "yes", "stop_role": "platform", "operator": null, "district_name": "Yashnabad district", "district_assignment": "within" }, "geometry": { "type": "Point", "coordinates": [ 69.3506879, 41.2731538 ] } },
{ "type": "Feature", "properties": { "osm_element": "node", "osm_id": 13626619134, "name": "Zanjirsaroy ko'chasi", "name_ru": "Улица Занжирсарай", "highway": "bus_stop", "public_transport": "stop_position", "bus": "yes", "stop_role": "platform", "operator": null, "district_name": "Yashnabad district", "district_assignment": "within" }, "geometry": { "type": "Point", "coordinates": [ 69.347115, 41.2733823 ] } },
{ "type": "Feature", "properties": { "osm_element": "node", "osm_id": 13626619158, "name": "Zanjirsaroy ko'chasi", "name_ru": "Улица Занжирсарай", "highway": "bus_stop", "public_transport": "stop_position", "bus": "yes", "stop_role": "platform", "operator": null, "district_name": "Yashnabad district", "district_assignment": "within" }, "geometry": { "type": "Point", "coordinates": [ 69.346776, 41.2733679 ] } },
{ "type": "Feature", "properties": { "osm_element": "node", "osm_id": 13626619180, "name": "Nodirabegim ko'chasi", "name_ru": "Улица Нодирабегим", "highway": "bus_stop", "public_transport": "stop_position", "bus": "yes", "stop_role": "platform", "operator": null, "district_name": "Yashnabad district", "district_assignment": "within" }, "geometry": { "type": "Point", "coordinates": [ 69.3430401, 41.2747183 ] } },
{ "type": "Feature", "properties": { "osm_element": "node", "osm_id": 13626619223, "name": "Barhayot koʻchasi", "name_ru": "Улица Чексарой", "highway": "bus_stop", "public_transport": "stop_position", "bus": "yes", "stop_role": "platform", "operator": null, "district_name": "Bektemir district", "district_assignment": "within" }, "geometry": { "type": "Point", "coordinates": [ 69.3818453, 41.2443876 ] } },
{ "type": "Feature", "properties": { "osm_element": "node", "osm_id": 13627019543, "name": "Geologorazvedka kolleji", "name_ru": "Колледж геологоразведки", "highway": "bus_stop", "public_transport": "stop_position", "bus": "yes", "stop_role": "platform", "operator": null, "district_name": "Almazar district", "district_assignment": "within" }, "geometry": { "type": "Point", "coordinates": [ 69.1983842, 41.3562009 ] } },
{ "type": "Feature", "properties": { "osm_element": "node", "osm_id": 13627044471, "name": "Tibbiyot Akademiyasi", "name_ru": "Медицинская академия", "highway": "bus_stop", "public_transport": "stop_position", "bus": "yes", "stop_role": "platform", "operator": null, "district_name": "Almazar district", "district_assignment": "within" }, "geometry": { "type": "Point", "coordinates": [ 69.1735694, 41.3580533 ] } },
{ "type": "Feature", "properties": { "osm_element": "node", "osm_id": 13630292374, "name": "San'at saroyi", "name_ru": "Дворец искусств", "highway": "bus_stop", "public_transport": "stop_position", "bus": "yes", "stop_role": "platform", "operator": null, "district_name": "Shaykhantakhur district", "district_assignment": "within" }, "geometry": { "type": "Point", "coordinates": [ 69.259938, 41.3208885 ] } },
{ "type": "Feature", "properties": { "osm_element": "node", "osm_id": 13630292382, "name": "Wyndham Tashkent mehmonxonasi", "name_ru": "Гостиница Wyndham", "highway": "bus_stop", "public_transport": "stop_position", "bus": "yes", "stop_role": "platform", "operator": null, "district_name": "Yunusabad district", "district_assignment": "within" }, "geometry": { "type": "Point", "coordinates": [ 69.2792757, 41.3172127 ] } },
{ "type": "Feature", "properties": { "osm_element": "node", "osm_id": 13666312296, "name": null, "name_ru": null, "highway": "bus_stop", "public_transport": "platform", "bus": "yes", "stop_role": "platform", "operator": null, "district_name": "Chilanzar district", "district_assignment": "within" }, "geometry": { "type": "Point", "coordinates": [ 69.217751, 41.2874807 ] } },
{ "type": "Feature", "properties": { "osm_element": "node", "osm_id": 13667215837, "name": "Xamza qurilish kolleji", "name_ru": "Хамзинский строительный колледж", "highway": "bus_stop", "public_transport": "stop_position", "bus": "yes", "stop_role": "platform", "operator": null, "district_name": "Yashnabad district", "district_assignment": "within" }, "geometry": { "type": "Point", "coordinates": [ 69.3391041, 41.2794476 ] } },
{ "type": "Feature", "properties": { "osm_element": "node", "osm_id": 13667215863, "name": "Yangiobod mavzesi", "name_ru": "Массив \"Янгиабад\"", "highway": "bus_stop", "public_transport": "stop_position", "bus": "yes", "stop_role": "platform", "operator": null, "district_name": "Yashnabad district", "district_assignment": "within" }, "geometry": { "type": "Point", "coordinates": [ 69.3538611, 41.2647916 ] } },
{ "type": "Feature", "properties": { "osm_element": "node", "osm_id": 13667215864, "name": "Do'stlik metro bekati", "name_ru": "Станция метро \"Дустлик\"", "highway": "bus_stop", "public_transport": "stop_position", "bus": "yes", "stop_role": "platform", "operator": null, "district_name": "Yashnabad district", "district_assignment": "within" }, "geometry": { "type": "Point", "coordinates": [ 69.3215263, 41.2940493 ] } },
{ "type": "Feature", "properties": { "osm_element": "node", "osm_id": 13667215868, "name": "Mashinasozlar metro bekati", "name_ru": "Станция метро \"Машинасозлар\"", "highway": "bus_stop", "public_transport": "stop_position", "bus": "yes", "stop_role": "platform", "operator": null, "district_name": "Yashnabad district", "district_assignment": "within" }, "geometry": { "type": "Point", "coordinates": [ 69.3062783, 41.2990259 ] } },
{ "type": "Feature", "properties": { "osm_element": "node", "osm_id": 13667215869, "name": "Maxmur ko`chasi", "name_ru": "Улица Махмур", "highway": "bus_stop", "public_transport": "stop_position", "bus": "yes", "stop_role": "platform", "operator": null, "district_name": "Yashnabad district", "district_assignment": "within" }, "geometry": { "type": "Point", "coordinates": [ 69.333799, 41.2835629 ] } },
{ "type": "Feature", "properties": { "osm_element": "node", "osm_id": 13667215879, "name": "Maxmur ko`chasi", "name_ru": "Улица Махмур", "highway": "bus_stop", "public_transport": "stop_position", "bus": "yes", "stop_role": "platform", "operator": null, "district_name": "Yashnabad district", "district_assignment": "within" }, "geometry": { "type": "Point", "coordinates": [ 69.3335838, 41.284593 ] } },
{ "type": "Feature", "properties": { "osm_element": "node", "osm_id": 13667263120, "name": "Do'stlik metro bekati", "name_ru": "Станция метро \"Дустлик\"", "highway": "bus_stop", "public_transport": "stop_position", "bus": "yes", "stop_role": "platform", "operator": null, "district_name": "Yashnabad district", "district_assignment": "within" }, "geometry": { "type": "Point", "coordinates": [ 69.3222168, 41.293707 ] } },
{ "type": "Feature", "properties": { "osm_element": "node", "osm_id": 13667263124, "name": "Toshkent-tovar stansiyasi", "name_ru": "Товарная станция", "highway": "bus_stop", "public_transport": "stop_position", "bus": "yes", "stop_role": "platform", "operator": null, "district_name": "Yashnabad district", "district_assignment": "within" }, "geometry": { "type": "Point", "coordinates": [ 69.313208, 41.2972827 ] } },
{ "type": "Feature", "properties": { "osm_element": "node", "osm_id": 13670183265, "name": "Qozonxona", "name_ru": "Котельная", "highway": "bus_stop", "public_transport": "stop_position", "bus": "yes", "stop_role": "platform", "operator": null, "district_name": "Shaykhantakhur district", "district_assignment": "within" }, "geometry": { "type": "Point", "coordinates": [ 69.2023554, 41.3420128 ] } },
{ "type": "Feature", "properties": { "osm_element": "node", "osm_id": 13670183266, "name": "E. Boboxonov ko'chasi", "name_ru": "Улица Бабаханова", "highway": "bus_stop", "public_transport": "stop_position", "bus": "yes", "stop_role": "platform", "operator": null, "district_name": "Shaykhantakhur district", "district_assignment": "within" }, "geometry": { "type": "Point", "coordinates": [ 69.1954825, 41.3415755 ] } },
{ "type": "Feature", "properties": { "osm_element": "node", "osm_id": 13670183267, "name": "Al-Xorazmiy ko'chasi", "name_ru": "Улица Аль-Хорезми", "highway": "bus_stop", "public_transport": "stop_position", "bus": "yes", "stop_role": "platform", "operator": null, "district_name": "Shaykhantakhur district", "district_assignment": "within" }, "geometry": { "type": "Point", "coordinates": [ 69.1973202, 41.3441681 ] } },
{ "type": "Feature", "properties": { "osm_element": "node", "osm_id": 13670183268, "name": "Qozonxona", "name_ru": "Котельная", "highway": "bus_stop", "public_transport": "stop_position", "bus": "yes", "stop_role": "platform", "operator": null, "district_name": "Shaykhantakhur district", "district_assignment": "within" }, "geometry": { "type": "Point", "coordinates": [ 69.2013147, 41.3430987 ] } },
{ "type": "Feature", "properties": { "osm_element": "node", "osm_id": 13670183269, "name": null, "name_ru": "ПО \"Орзу\"", "highway": "bus_stop", "public_transport": "stop_position", "bus": "yes", "stop_role": "platform", "operator": null, "district_name": "Shaykhantakhur district", "district_assignment": "within" }, "geometry": { "type": "Point", "coordinates": [ 69.2048188, 41.3419515 ] } },
{ "type": "Feature", "properties": { "osm_element": "node", "osm_id": 13670183270, "name": "Huvaydo mahallasi", "name_ru": "Махалля \"Хувайдо\"", "highway": "bus_stop", "public_transport": "stop_position", "bus": "yes", "stop_role": "platform", "operator": null, "district_name": "Shaykhantakhur district", "district_assignment": "within" }, "geometry": { "type": "Point", "coordinates": [ 69.199272, 41.3402362 ] } },
{ "type": "Feature", "properties": { "osm_element": "node", "osm_id": 13672763592, "name": "Yangiobod bozori", "name_ru": "Рынок \"Янгиабад\"", "highway": "bus_stop", "public_transport": "stop_position", "bus": "yes", "stop_role": "platform", "operator": null, "district_name": "Yashnabad district", "district_assignment": "within" }, "geometry": { "type": "Point", "coordinates": [ 69.3584016, 41.2907515 ] } },
{ "type": "Feature", "properties": { "osm_element": "node", "osm_id": 13672765407, "name": "Zumrad ko'chasi", "name_ru": "Улица Ширмонбулок", "highway": "bus_stop", "public_transport": "stop_position", "bus": "yes", "stop_role": "platform", "operator": null, "district_name": "Yashnabad district", "district_assignment": "within" }, "geometry": { "type": "Point", "coordinates": [ 69.3535891, 41.2759891 ] } },
{ "type": "Feature", "properties": { "osm_element": "node", "osm_id": 13672765408, "name": "Shohimardon ko'chasi", "name_ru": "Улица Шохимардан", "highway": "bus_stop", "public_transport": "stop_position", "bus": "yes", "stop_role": "platform", "operator": null, "district_name": "Yashnabad district", "district_assignment": "within" }, "geometry": { "type": "Point", "coordinates": [ 69.3606988, 41.2761047 ] } },
{ "type": "Feature", "properties": { "osm_element": "node", "osm_id": 13672765409, "name": "Sokin koʻchasi", "name_ru": "Улица Сокин", "highway": "bus_stop", "public_transport": "stop_position", "bus": "yes", "stop_role": "platform", "operator": null, "district_name": "Yashnabad district", "district_assignment": "within" }, "geometry": { "type": "Point", "coordinates": [ 69.3682304, 41.2806907 ] } },
{ "type": "Feature", "properties": { "osm_element": "node", "osm_id": 13672765410, "name": "58a Harbiy shaharchasi", "name_ru": "Военный городок", "highway": "bus_stop", "public_transport": "stop_position", "bus": "yes", "stop_role": "platform", "operator": null, "district_name": "Yashnabad district", "district_assignment": "within" }, "geometry": { "type": "Point", "coordinates": [ 69.3688688, 41.2832761 ] } },
{ "type": "Feature", "properties": { "osm_element": "node", "osm_id": 13672765411, "name": "Sokin koʻchasi", "name_ru": "Улица Сокин", "highway": "bus_stop", "public_transport": "stop_position", "bus": "yes", "stop_role": "platform", "operator": null, "district_name": "Yashnabad district", "district_assignment": "within" }, "geometry": { "type": "Point", "coordinates": [ 69.368109, 41.2808779 ] } },
{ "type": "Feature", "properties": { "osm_element": "node", "osm_id": 13672765412, "name": "Olmos mahallasi", "name_ru": "Махалля \"Олмос\"", "highway": "bus_stop", "public_transport": "stop_position", "bus": "yes", "stop_role": "platform", "operator": null, "district_name": "Yashnabad district", "district_assignment": "within" }, "geometry": { "type": "Point", "coordinates": [ 69.3711679, 41.2756506 ] } },
{ "type": "Feature", "properties": { "osm_element": "node", "osm_id": 13672765413, "name": "Zumrad ko'chasi", "name_ru": "Улица Ширмонбулок", "highway": "bus_stop", "public_transport": "stop_position", "bus": "yes", "stop_role": "platform", "operator": null, "district_name": "Yashnabad district", "district_assignment": "within" }, "geometry": { "type": "Point", "coordinates": [ 69.3538844, 41.2752725 ] } },
{ "type": "Feature", "properties": { "osm_element": "node", "osm_id": 13672765420, "name": "Tuzel metro bekati", "name_ru": "Станция метро \"Тузель\"", "highway": "bus_stop", "public_transport": "stop_position", "bus": "yes", "stop_role": "platform", "operator": null, "district_name": "Yashnabad district", "district_assignment": "within" }, "geometry": { "type": "Point", "coordinates": [ 69.3564884, 41.2921757 ] } },
{ "type": "Feature", "properties": { "osm_element": "node", "osm_id": 13688388493, "name": null, "name_ru": null, "highway": "bus_stop", "public_transport": "stop_position", "bus": "yes", "stop_role": "platform", "operator": null, "district_name": "Almazar district", "district_assignment": "within" }, "geometry": { "type": "Point", "coordinates": [ 69.2051336, 41.3710026 ] } },
{ "type": "Feature", "properties": { "osm_element": "node", "osm_id": 13688388498, "name": "Qoraqamish 2/4-mavzesi", "name_ru": "Массив Каракамыш 2/4", "highway": "bus_stop", "public_transport": "stop_position", "bus": "yes", "stop_role": "platform", "operator": null, "district_name": "Almazar district", "district_assignment": "within" }, "geometry": { "type": "Point", "coordinates": [ 69.2054794, 41.3710384 ] } },
{ "type": "Feature", "properties": { "osm_element": "node", "osm_id": 13688388499, "name": "Qoraqamish 2/4-mavzesi", "name_ru": "Массив Каракамыш 2/4", "highway": "bus_stop", "public_transport": "stop_position", "bus": "yes", "stop_role": "platform", "operator": null, "district_name": "Almazar district", "district_assignment": "within" }, "geometry": { "type": "Point", "coordinates": [ 69.2052299, 41.3710304 ] } },
{ "type": "Feature", "properties": { "osm_element": "node", "osm_id": 13688388500, "name": "Qoraqamish 2/4-mavzesi", "name_ru": "Массив Каракамыш 2/4", "highway": "bus_stop", "public_transport": "stop_position", "bus": "yes", "stop_role": "platform", "operator": null, "district_name": "Almazar district", "district_assignment": "within" }, "geometry": { "type": "Point", "coordinates": [ 69.2053869, 41.3710375 ] } },
{ "type": "Feature", "properties": { "osm_element": "node", "osm_id": 13688394701, "name": "Qoraqamish 2/4-mavzesi", "name_ru": "Массив Каракамыш 2/4", "highway": "bus_stop", "public_transport": "stop_position", "bus": "yes", "stop_role": "platform", "operator": null, "district_name": "Almazar district", "district_assignment": "within" }, "geometry": { "type": "Point", "coordinates": [ 69.2053139, 41.3710334 ] } },
{ "type": "Feature", "properties": { "osm_element": "node", "osm_id": 13689134813, "name": "Qoraqamish bozori", "name_ru": "Каракамышский рынок", "highway": "bus_stop", "public_transport": "stop_position", "bus": "yes", "stop_role": "platform", "operator": null, "district_name": "Almazar district", "district_assignment": "within" }, "geometry": { "type": "Point", "coordinates": [ 69.2043559, 41.3664926 ] } },
{ "type": "Feature", "properties": { "osm_element": "node", "osm_id": 13699121967, "name": "Izza dahasi", "name_ru": "Массив \"Изза\"", "highway": "bus_stop", "public_transport": "stop_position", "bus": "yes", "stop_role": "platform", "operator": null, "district_name": "Uchtepa district", "district_assignment": "within" }, "geometry": { "type": "Point", "coordinates": [ 69.1467461, 41.2739984 ] } },
{ "type": "Feature", "properties": { "osm_element": "node", "osm_id": 13699121968, "name": "Eshonguzar bozori", "name_ru": "Рынок \"Эшангузар\"", "highway": "bus_stop", "public_transport": "stop_position", "bus": "yes", "stop_role": "platform", "operator": null, "district_name": "Chilanzar district", "district_assignment": "within" }, "geometry": { "type": "Point", "coordinates": [ 69.1559391, 41.2558002 ] } },
{ "type": "Feature", "properties": { "osm_element": "node", "osm_id": 13699121994, "name": "Oʻrikzor markazi", "name_ru": "Урикзор центр", "highway": "bus_stop", "public_transport": "stop_position", "bus": "yes", "stop_role": "platform", "operator": null, "district_name": "Uchtepa district", "district_assignment": "within" }, "geometry": { "type": "Point", "coordinates": [ 69.1496603, 41.2896266 ] } },
{ "type": "Feature", "properties": { "osm_element": "node", "osm_id": 13699121995, "name": "Mahzuna ko'chasi", "name_ru": "Улица Махзуны", "highway": "bus_stop", "public_transport": "stop_position", "bus": "yes", "stop_role": "platform", "operator": null, "district_name": "Uchtepa district", "district_assignment": "within" }, "geometry": { "type": "Point", "coordinates": [ 69.1502641, 41.2931478 ] } },
{ "type": "Feature", "properties": { "osm_element": "node", "osm_id": 13699121996, "name": "Mahzuna ko'chasi", "name_ru": "Улица Махзуны", "highway": "bus_stop", "public_transport": "stop_position", "bus": "yes", "stop_role": "platform", "operator": null, "district_name": "Uchtepa district", "district_assignment": "within" }, "geometry": { "type": "Point", "coordinates": [ 69.1499258, 41.2918447 ] } },
{ "type": "Feature", "properties": { "osm_element": "node", "osm_id": 13699121998, "name": "Qishloq xo'jaligi kolleji", "name_ru": "Агролицей", "highway": "bus_stop", "public_transport": "stop_position", "bus": "yes", "stop_role": "platform", "operator": null, "district_name": "Uchtepa district", "district_assignment": "within" }, "geometry": { "type": "Point", "coordinates": [ 69.1507726, 41.2974009 ] } },
{ "type": "Feature", "properties": { "osm_element": "node", "osm_id": 13699135803, "name": "Qishloq xo'jaligi kolleji", "name_ru": "Агролицей", "highway": "bus_stop", "public_transport": "stop_position", "bus": "yes", "stop_role": "platform", "operator": null, "district_name": "Uchtepa district", "district_assignment": "within" }, "geometry": { "type": "Point", "coordinates": [ 69.1505626, 41.296748 ] } },
{ "type": "Feature", "properties": { "osm_element": "node", "osm_id": 13699135809, "name": "18-sonli avtobus saroyi", "name_ru": "Автопарк № 18", "highway": null, "public_transport": "platform", "bus": "yes", "stop_role": "platform", "operator": null, "district_name": "Uchtepa district", "district_assignment": "within" }, "geometry": { "type": "Point", "coordinates": [ 69.1543724, 41.3145137 ] } },
{ "type": "Feature", "properties": { "osm_element": "node", "osm_id": 13699135810, "name": "Beshqayrag'och dahasi", "name_ru": "Массив \"Бешкайрагач\"", "highway": "bus_stop", "public_transport": "stop_position", "bus": "yes", "stop_role": "platform", "operator": null, "district_name": "Uchtepa district", "district_assignment": "within" }, "geometry": { "type": "Point", "coordinates": [ 69.1526096, 41.3103241 ] } },
{ "type": "Feature", "properties": { "osm_element": "node", "osm_id": 13699135817, "name": "18-sonli avtobus saroyi", "name_ru": "Автопарк № 18", "highway": "bus_stop", "public_transport": "stop_position", "bus": "yes", "stop_role": "platform", "operator": null, "district_name": "Uchtepa district", "district_assignment": "within" }, "geometry": { "type": "Point", "coordinates": [ 69.1541113, 41.3146538 ] } },
{ "type": "Feature", "properties": { "osm_element": "node", "osm_id": 13699135822, "name": "Ibn Sino 1 dahasi", "name_ru": "Массив \"Ибн Сино\"-1", "highway": "bus_stop", "public_transport": "stop_position", "bus": "yes", "stop_role": "platform", "operator": null, "district_name": "Shaykhantakhur district", "district_assignment": "within" }, "geometry": { "type": "Point", "coordinates": [ 69.1631493, 41.3340395 ] } },
{ "type": "Feature", "properties": { "osm_element": "node", "osm_id": 13709445349, "name": "Bobur maydoni", "name_ru": "Площадь им. Бабура", "highway": "bus_stop", "public_transport": "stop_position", "bus": "yes", "stop_role": "platform", "operator": null, "district_name": "Yakkasaray district", "district_assignment": "within" }, "geometry": { "type": "Point", "coordinates": [ 69.2493803, 41.2930857 ] } },
{ "type": "Feature", "properties": { "osm_element": "node", "osm_id": 13709445351, "name": "Toshbuloq ko'chasi", "name_ru": "Улица Ташбулак", "highway": "bus_stop", "public_transport": "stop_position", "bus": "yes", "stop_role": "platform", "operator": null, "district_name": "Yakkasaray district", "district_assignment": "within" }, "geometry": { "type": "Point", "coordinates": [ 69.2419162, 41.2925131 ] } },
{ "type": "Feature", "properties": { "osm_element": "node", "osm_id": 13709445352, "name": "Avloniy ko'chasi", "name_ru": "Улица Авлони", "highway": "bus_stop", "public_transport": "stop_position", "bus": "yes", "stop_role": "platform", "operator": null, "district_name": "Yakkasaray district", "district_assignment": "within" }, "geometry": { "type": "Point", "coordinates": [ 69.2424007, 41.2891615 ] } },
{ "type": "Feature", "properties": { "osm_element": "node", "osm_id": 13709455809, "name": "Avloniy ko'chasi", "name_ru": "Улица Авлони", "highway": "bus_stop", "public_transport": "stop_position", "bus": "yes", "stop_role": "platform", "operator": null, "district_name": "Yakkasaray district", "district_assignment": "within" }, "geometry": { "type": "Point", "coordinates": [ 69.2419824, 41.289965 ] } },
{ "type": "Feature", "properties": { "osm_element": "node", "osm_id": 13709455811, "name": "Toshbuloq ko'chasi", "name_ru": "Улица Ташбулак", "highway": "bus_stop", "public_transport": "stop_position", "bus": "yes", "stop_role": "platform", "operator": null, "district_name": "Yakkasaray district", "district_assignment": "within" }, "geometry": { "type": "Point", "coordinates": [ 69.2412582, 41.2917477 ] } },
{ "type": "Feature", "properties": { "osm_element": "node", "osm_id": 13713906955, "name": "ДК Общества Слепых", "name_ru": null, "highway": "bus_stop", "public_transport": "platform", "bus": "yes", "stop_role": "platform", "operator": null, "district_name": "Chilanzar district", "district_assignment": "within" }, "geometry": { "type": "Point", "coordinates": [ 69.2001489, 41.2908077 ] } },
{ "type": "Feature", "properties": { "osm_element": "node", "osm_id": 13717037603, "name": "3-sonli shahar shifoxonasi", "name_ru": "Городская больница № 3", "highway": "bus_stop", "public_transport": "stop_position", "bus": "yes", "stop_role": "platform", "operator": null, "district_name": "Yakkasaray district", "district_assignment": "within" }, "geometry": { "type": "Point", "coordinates": [ 69.2426322, 41.2656753 ] } },
{ "type": "Feature", "properties": { "osm_element": "node", "osm_id": 13717037604, "name": "Sadiiy mahallasi", "name_ru": "Махалля \"Садиий\"", "highway": "bus_stop", "public_transport": "stop_position", "bus": "yes", "stop_role": "platform", "operator": null, "district_name": "Yakkasaray district", "district_assignment": "within" }, "geometry": { "type": "Point", "coordinates": [ 69.2345854, 41.2635286 ] } },
{ "type": "Feature", "properties": { "osm_element": "node", "osm_id": 13717037611, "name": "Harbiy qism", "name_ru": "Военная часть", "highway": "bus_stop", "public_transport": "stop_position", "bus": "yes", "stop_role": "platform", "operator": null, "district_name": "Chilanzar district", "district_assignment": "within" }, "geometry": { "type": "Point", "coordinates": [ 69.2090087, 41.2567645 ] } },
{ "type": "Feature", "properties": { "osm_element": "node", "osm_id": 13717037635, "name": "Doʻmbirobod koʻchasi", "name_ru": "Улица Домбрабад", "highway": "bus_stop", "public_transport": "stop_position", "bus": "yes", "stop_role": "platform", "operator": null, "district_name": "Chilanzar district", "district_assignment": "within" }, "geometry": { "type": "Point", "coordinates": [ 69.205626, 41.2549109 ] } },
{ "type": "Feature", "properties": { "osm_element": "node", "osm_id": 13717037640, "name": "Harbiy qism", "name_ru": "Военная часть", "highway": "bus_stop", "public_transport": "stop_position", "bus": "yes", "stop_role": "platform", "operator": null, "district_name": "Chilanzar district", "district_assignment": "within" }, "geometry": { "type": "Point", "coordinates": [ 69.2105023, 41.2577907 ] } },
{ "type": "Feature", "properties": { "osm_element": "node", "osm_id": 13717037650, "name": "3-sonli shahar shifoxonasi", "name_ru": "Городская больница № 3", "highway": "bus_stop", "public_transport": "stop_position", "bus": "yes", "stop_role": "platform", "operator": null, "district_name": "Yakkasaray district", "district_assignment": "within" }, "geometry": { "type": "Point", "coordinates": [ 69.2411671, 41.2656928 ] } },
{ "type": "Feature", "properties": { "osm_element": "node", "osm_id": 13719378267, "name": "Chorbog' ko'chasi", "name_ru": "Улица Чарвак", "highway": "bus_stop", "public_transport": "stop_position", "bus": "yes", "stop_role": "platform", "operator": null, "district_name": "Chilanzar district", "district_assignment": "within" }, "geometry": { "type": "Point", "coordinates": [ 69.176164, 41.2291497 ] } },
{ "type": "Feature", "properties": { "osm_element": "node", "osm_id": 13719378268, "name": "Yangi Choshtepa mahallasi", "name_ru": "Канал \"Жон\"", "highway": "bus_stop", "public_transport": "stop_position", "bus": "yes", "stop_role": "platform", "operator": null, "district_name": "Yangikhayot district", "district_assignment": "within" }, "geometry": { "type": "Point", "coordinates": [ 69.1914182, 41.2267809 ] } },
{ "type": "Feature", "properties": { "osm_element": "node", "osm_id": 13719378269, "name": "Yangi Choshtepa dahasi", "name_ru": "Массив \"Янги-Чаштепа\"", "highway": "bus_stop", "public_transport": "stop_position", "bus": "yes", "stop_role": "platform", "operator": null, "district_name": "Yangikhayot district", "district_assignment": "within" }, "geometry": { "type": "Point", "coordinates": [ 69.1928061, 41.2314281 ] } },
{ "type": "Feature", "properties": { "osm_element": "node", "osm_id": 13719378270, "name": "Oʻzar koʻchasi", "name_ru": "Магазин", "highway": "bus_stop", "public_transport": "stop_position", "bus": "yes", "stop_role": "platform", "operator": null, "district_name": "Yangikhayot district", "district_assignment": "within" }, "geometry": { "type": "Point", "coordinates": [ 69.1906132, 41.2285187 ] } },
{ "type": "Feature", "properties": { "osm_element": "node", "osm_id": 13719378277, "name": "Yangi Darxon mahallasi", "name_ru": "Паст Дархан", "highway": "bus_stop", "public_transport": "stop_position", "bus": "yes", "stop_role": "platform", "operator": null, "district_name": "Yangikhayot district", "district_assignment": "within" }, "geometry": { "type": "Point", "coordinates": [ 69.1973828, 41.2271071 ] } },
{ "type": "Feature", "properties": { "osm_element": "node", "osm_id": 13719378279, "name": "Yangi Choshtepa mahallasi", "name_ru": "Канал \"Жон\"", "highway": "bus_stop", "public_transport": "stop_position", "bus": "yes", "stop_role": "platform", "operator": null, "district_name": "Yangikhayot district", "district_assignment": "within" }, "geometry": { "type": "Point", "coordinates": [ 69.1915906, 41.2266946 ] } },
{ "type": "Feature", "properties": { "osm_element": "node", "osm_id": 13719422810, "name": "Chorbog' ko'chasi", "name_ru": "Улица Чарвак", "highway": "bus_stop", "public_transport": "stop_position", "bus": "yes", "stop_role": "platform", "operator": null, "district_name": "Chilanzar district", "district_assignment": "within" }, "geometry": { "type": "Point", "coordinates": [ 69.17616, 41.2290378 ] } },
{ "type": "Feature", "properties": { "osm_element": "node", "osm_id": 13721372085, "name": "Foziltepa ko'chasi", "name_ru": "Улица Фозилтепа", "highway": "bus_stop", "public_transport": "stop_position", "bus": "yes", "stop_role": "platform", "operator": null, "district_name": "Uchtepa district", "district_assignment": "within" }, "geometry": { "type": "Point", "coordinates": [ 69.1647195, 41.283522 ] } },
{ "type": "Feature", "properties": { "osm_element": "node", "osm_id": 13721372087, "name": "Aeratsiya ko'chasi", "name_ru": "Улица Аэрации", "highway": "bus_stop", "public_transport": "stop_position", "bus": "yes", "stop_role": "platform", "operator": null, "district_name": "Uchtepa district", "district_assignment": "within" }, "geometry": { "type": "Point", "coordinates": [ 69.1479509, 41.2778923 ] } },
{ "type": "Feature", "properties": { "osm_element": "node", "osm_id": 13721372088, "name": "Mahalla", "name_ru": "Махалля", "highway": "bus_stop", "public_transport": "stop_position", "bus": "yes", "stop_role": "platform", "operator": null, "district_name": "Uchtepa district", "district_assignment": "within" }, "geometry": { "type": "Point", "coordinates": [ 69.1559125, 41.2817481 ] } },
{ "type": "Feature", "properties": { "osm_element": "node", "osm_id": 13721372089, "name": "Foziltepa ko'chasi", "name_ru": "Улица Фозилтепа", "highway": "bus_stop", "public_transport": "stop_position", "bus": "yes", "stop_role": "platform", "operator": null, "district_name": "Uchtepa district", "district_assignment": "within" }, "geometry": { "type": "Point", "coordinates": [ 69.1646728, 41.283606 ] } },
{ "type": "Feature", "properties": { "osm_element": "node", "osm_id": 13723794947, "name": "Chilonzor dahasi 10-mavze", "name_ru": "Массив \"Чиланзар\", квартал 10", "highway": "bus_stop", "public_transport": "stop_position", "bus": "yes", "stop_role": "platform", "operator": null, "district_name": "Chilanzar district", "district_assignment": "within" }, "geometry": { "type": "Point", "coordinates": [ 69.2009052, 41.2817996 ] } },
{ "type": "Feature", "properties": { "osm_element": "node", "osm_id": 13723794948, "name": "Chilonzor dahasi 9-mavze", "name_ru": "Массив \"Чиланзар\", квартал 9", "highway": "bus_stop", "public_transport": "stop_position", "bus": "yes", "stop_role": "platform", "operator": null, "district_name": "Chilanzar district", "district_assignment": "within" }, "geometry": { "type": "Point", "coordinates": [ 69.205047, 41.2860282 ] } },
{ "type": "Feature", "properties": { "osm_element": "node", "osm_id": 13733656400, "name": "Professorlar mavzesi", "name_ru": "Микрорайон Професоров", "highway": "bus_stop", "public_transport": "stop_position", "bus": "yes", "stop_role": "platform", "operator": null, "district_name": "Almazar district", "district_assignment": "within" }, "geometry": { "type": "Point", "coordinates": [ 69.1883794, 41.3625763 ] } },
{ "type": "Feature", "properties": { "osm_element": "node", "osm_id": 13733659101, "name": "Bozor", "name_ru": "Рынок", "highway": "bus_stop", "public_transport": "stop_position", "bus": "yes", "stop_role": "platform", "operator": null, "district_name": "Almazar district", "district_assignment": "within" }, "geometry": { "type": "Point", "coordinates": [ 69.18547, 41.3639568 ] } },
{ "type": "Feature", "properties": { "osm_element": "node", "osm_id": 13733659102, "name": "Shifokorlar shaharchasi", "name_ru": "Медицинский городок", "highway": "bus_stop", "public_transport": "stop_position", "bus": "yes", "stop_role": "platform", "operator": null, "district_name": "Almazar district", "district_assignment": "within" }, "geometry": { "type": "Point", "coordinates": [ 69.1836346, 41.365247 ] } },
{ "type": "Feature", "properties": { "osm_element": "node", "osm_id": 13733659116, "name": "Ipakchilik instituti", "name_ru": "Институт шелководства", "highway": "bus_stop", "public_transport": "stop_position", "bus": "yes", "stop_role": "platform", "operator": null, "district_name": "Shaykhantakhur district", "district_assignment": "within" }, "geometry": { "type": "Point", "coordinates": [ 69.1989677, 41.3309846 ] } },
{ "type": "Feature", "properties": { "osm_element": "node", "osm_id": 13735497836, "name": "Adabiyot instituti", "name_ru": "Литературный институт", "highway": "bus_stop", "public_transport": "stop_position", "bus": "yes", "stop_role": "platform", "operator": null, "district_name": "Uchtepa district", "district_assignment": "within" }, "geometry": { "type": "Point", "coordinates": [ 69.1885139, 41.3099726 ] } },
{ "type": "Feature", "properties": { "osm_element": "node", "osm_id": 13735497837, "name": "Mergancha 4-tor ko'chasi", "name_ru": "4-й проезд улицы Мерганча", "highway": "bus_stop", "public_transport": "stop_position", "bus": "yes", "stop_role": "platform", "operator": null, "district_name": "Uchtepa district", "district_assignment": "within" }, "geometry": { "type": "Point", "coordinates": [ 69.1890323, 41.3073356 ] } },
{ "type": "Feature", "properties": { "osm_element": "node", "osm_id": 13735497844, "name": "Universam", "name_ru": "Универсам", "highway": "bus_stop", "public_transport": "stop_position", "bus": "yes", "stop_role": "platform", "operator": null, "district_name": "Shaykhantakhur district", "district_assignment": "within" }, "geometry": { "type": "Point", "coordinates": [ 69.2551983, 41.3266193 ] } },
{ "type": "Feature", "properties": { "osm_element": "node", "osm_id": 13735497849, "name": "Akademik litsey", "name_ru": "Академический Лицей", "highway": "bus_stop", "public_transport": "stop_position", "bus": "yes", "stop_role": "platform", "operator": null, "district_name": "Shaykhantakhur district", "district_assignment": "within" }, "geometry": { "type": "Point", "coordinates": [ 69.2554594, 41.3286307 ] } },
{ "type": "Feature", "properties": { "osm_element": "node", "osm_id": 13735497861, "name": "Malika", "name_ru": "ШПО \"Малика\"", "highway": "bus_stop", "public_transport": "stop_position", "bus": "yes", "stop_role": "platform", "operator": null, "district_name": "Shaykhantakhur district", "district_assignment": "within" }, "geometry": { "type": "Point", "coordinates": [ 69.2684498, 41.3389766 ] } },
{ "type": "Feature", "properties": { "osm_element": "node", "osm_id": 13735497867, "name": "Mukarram Turg`unboeva ko`chasi", "name_ru": "Улица Мукаррам Тургунбаевой", "highway": "bus_stop", "public_transport": "stop_position", "bus": "yes", "stop_role": "platform", "operator": null, "district_name": "Yunusabad district", "district_assignment": "within" }, "geometry": { "type": "Point", "coordinates": [ 69.2723592, 41.3513609 ] } },
{ "type": "Feature", "properties": { "osm_element": "node", "osm_id": 13735497868, "name": "Bog'iravon ko'chasi", "name_ru": "Улица Богиравон, 2-й проезд", "highway": "bus_stop", "public_transport": "stop_position", "bus": "yes", "stop_role": "platform", "operator": null, "district_name": "Yunusabad district", "district_assignment": "within" }, "geometry": { "type": "Point", "coordinates": [ 69.2712354, 41.3502997 ] } },
{ "type": "Feature", "properties": { "osm_element": "node", "osm_id": 13735497871, "name": "Bog`iravon ko`chasi", "name_ru": "Улица Богиравон", "highway": "bus_stop", "public_transport": "stop_position", "bus": "yes", "stop_role": "platform", "operator": null, "district_name": "Yunusabad district", "district_assignment": "within" }, "geometry": { "type": "Point", "coordinates": [ 69.2676646, 41.3469801 ] } },
{ "type": "Feature", "properties": { "osm_element": "node", "osm_id": 13735497873, "name": "Oybek uy-muzeyi", "name_ru": "Дом-музей Ойбека", "highway": "bus_stop", "public_transport": "stop_position", "bus": "yes", "stop_role": "platform", "operator": null, "district_name": "Yunusabad district", "district_assignment": "within" }, "geometry": { "type": "Point", "coordinates": [ 69.2729844, 41.3431895 ] } },
{ "type": "Feature", "properties": { "osm_element": "node", "osm_id": 13735497888, "name": "Ishchilar shaharchasi", "name_ru": "Рабочий городок", "highway": "bus_stop", "public_transport": "stop_position", "bus": "yes", "stop_role": "platform", "operator": null, "district_name": "Yunusabad district", "district_assignment": "within" }, "geometry": { "type": "Point", "coordinates": [ 69.270569, 41.3405287 ] } },
{ "type": "Feature", "properties": { "osm_element": "node", "osm_id": 13735497900, "name": "Universam", "name_ru": "Универсам", "highway": "bus_stop", "public_transport": "stop_position", "bus": "yes", "stop_role": "platform", "operator": null, "district_name": "Shaykhantakhur district", "district_assignment": "within" }, "geometry": { "type": "Point", "coordinates": [ 69.2552777, 41.3262212 ] } },
{ "type": "Feature", "properties": { "osm_element": "node", "osm_id": 13735720501, "name": "48-poliklinika", "name_ru": "Поликлиника № 48", "highway": "bus_stop", "public_transport": "stop_position", "bus": "yes", "stop_role": "platform", "operator": null, "district_name": "Shaykhantakhur district", "district_assignment": "within" }, "geometry": { "type": "Point", "coordinates": [ 69.2548635, 41.3227527 ] } },
{ "type": "Feature", "properties": { "osm_element": "node", "osm_id": 13735720506, "name": "Behzod ko'chasi", "name_ru": "Улица Бехзода", "highway": "bus_stop", "public_transport": "stop_position", "bus": "yes", "stop_role": "platform", "operator": null, "district_name": "Shaykhantakhur district", "district_assignment": "within" }, "geometry": { "type": "Point", "coordinates": [ 69.2022165, 41.321821 ] } },
{ "type": "Feature", "properties": { "osm_element": "node", "osm_id": 13735720538, "name": "Qurilish kolleji", "name_ru": "Строительный колледж", "highway": "bus_stop", "public_transport": "stop_position", "bus": "yes", "stop_role": "platform", "operator": null, "district_name": "Uchtepa district", "district_assignment": "within" }, "geometry": { "type": "Point", "coordinates": [ 69.1830207, 41.3130721 ] } },
{ "type": "Feature", "properties": { "osm_element": "node", "osm_id": 13735720548, "name": "Xondamir ko'chasi", "name_ru": "Улица Хондамир", "highway": "bus_stop", "public_transport": "stop_position", "bus": "yes", "stop_role": "platform", "operator": null, "district_name": "Uchtepa district", "district_assignment": "within" }, "geometry": { "type": "Point", "coordinates": [ 69.1762818, 41.3111949 ] } },
{ "type": "Feature", "properties": { "osm_element": "node", "osm_id": 13735720549, "name": "Chevar fabrikasi", "name_ru": "Швейная фабрика", "highway": "bus_stop", "public_transport": "stop_position", "bus": "yes", "stop_role": "platform", "operator": null, "district_name": "Uchtepa district", "district_assignment": "within" }, "geometry": { "type": "Point", "coordinates": [ 69.1770532, 41.3077617 ] } },
{ "type": "Feature", "properties": { "osm_element": "node", "osm_id": 13735720550, "name": "Choyxona", "name_ru": "Чайхана", "highway": "bus_stop", "public_transport": "stop_position", "bus": "yes", "stop_role": "platform", "operator": null, "district_name": "Uchtepa district", "district_assignment": "within" }, "geometry": { "type": "Point", "coordinates": [ 69.1813688, 41.3064633 ] } },
{ "type": "Feature", "properties": { "osm_element": "node", "osm_id": 13735720551, "name": "5-son bolalar yuqumli kasalliklar shifoxonasi", "name_ru": "Детская инфекционная больница № 5", "highway": "bus_stop", "public_transport": "stop_position", "bus": "yes", "stop_role": "platform", "operator": null, "district_name": "Uchtepa district", "district_assignment": "within" }, "geometry": { "type": "Point", "coordinates": [ 69.1840595, 41.3051776 ] } },
{ "type": "Feature", "properties": { "osm_element": "node", "osm_id": 13738367997, "name": "Shivli ko'chasi", "name_ru": "Улица Шивли", "highway": "bus_stop", "public_transport": "stop_position", "bus": "yes", "stop_role": "platform", "operator": null, "district_name": "Yunusabad district", "district_assignment": "within" }, "geometry": { "type": "Point", "coordinates": [ 69.2927469, 41.3359132 ] } },
{ "type": "Feature", "properties": { "osm_element": "node", "osm_id": 13738456204, "name": "Gidrometsentr", "name_ru": "Гидрометцентр", "highway": "bus_stop", "public_transport": "stop_position", "bus": "yes", "stop_role": "platform", "operator": null, "district_name": "Yunusabad district", "district_assignment": "within" }, "geometry": { "type": "Point", "coordinates": [ 69.2913253, 41.3276071 ] } },
{ "type": "Feature", "properties": { "osm_element": "node", "osm_id": 13738456219, "name": "Sergeli 6-mavzesi", "name_ru": "Массив \"Сергели\", квартал 6", "highway": "bus_stop", "public_transport": "stop_position", "bus": "yes", "stop_role": "platform", "operator": null, "district_name": "Sergeli district", "district_assignment": "within" }, "geometry": { "type": "Point", "coordinates": [ 69.2151481, 41.2250897 ] } },
{ "type": "Feature", "properties": { "osm_element": "node", "osm_id": 13738456220, "name": "Sergeli dahasi 7-mavze", "name_ru": "Массив \"Сергели\", квартал 7", "highway": "bus_stop", "public_transport": "stop_position", "bus": "yes", "stop_role": "platform", "operator": null, "district_name": "Sergeli district", "district_assignment": "within" }, "geometry": { "type": "Point", "coordinates": [ 69.2085611, 41.2223335 ] } },
{ "type": "Feature", "properties": { "osm_element": "node", "osm_id": 13738456230, "name": "331-maktab", "name_ru": "Школа № 331", "highway": "bus_stop", "public_transport": "stop_position", "bus": "yes", "stop_role": "platform", "operator": null, "district_name": "Yangikhayot district", "district_assignment": "within" }, "geometry": { "type": "Point", "coordinates": [ 69.1996169, 41.2094946 ] } },
{ "type": "Feature", "properties": { "osm_element": "node", "osm_id": 13738456231, "name": "Ibrat mahallasi", "name_ru": "Махалля \"Алмазар\"", "highway": "bus_stop", "public_transport": "stop_position", "bus": "yes", "stop_role": "platform", "operator": null, "district_name": "Yangikhayot district", "district_assignment": "within" }, "geometry": { "type": "Point", "coordinates": [ 69.2027978, 41.2112744 ] } },
{ "type": "Feature", "properties": { "osm_element": "node", "osm_id": 13738456244, "name": "Gematologiya instituti", "name_ru": "Институт гематологии", "highway": "bus_stop", "public_transport": "stop_position", "bus": "yes", "stop_role": "platform", "operator": null, "district_name": "Yakkasaray district", "district_assignment": "within" }, "geometry": { "type": "Point", "coordinates": [ 69.2296207, 41.2637695 ] } },
{ "type": "Feature", "properties": { "osm_element": "node", "osm_id": 13738456245, "name": "Gematologiya instituti", "name_ru": "Институт гематологии", "highway": "bus_stop", "public_transport": "stop_position", "bus": "yes", "stop_role": "platform", "operator": null, "district_name": "Yakkasaray district", "district_assignment": "within" }, "geometry": { "type": "Point", "coordinates": [ 69.2300207, 41.264169 ] } },
{ "type": "Feature", "properties": { "osm_element": "node", "osm_id": 13740915766, "name": "Food City SM", "name_ru": "Рынок \"Food City\"", "highway": "bus_stop", "public_transport": "stop_position", "bus": "yes", "stop_role": "platform", "operator": null, "district_name": "Bektemir district", "district_assignment": "within" }, "geometry": { "type": "Point", "coordinates": [ 69.3235288, 41.2056052 ] } },
{ "type": "Feature", "properties": { "osm_element": "node", "osm_id": 13740915767, "name": "Oqdaryo koʻchasi", "name_ru": "Улица Акдарья", "highway": "bus_stop", "public_transport": "stop_position", "bus": "yes", "stop_role": "platform", "operator": null, "district_name": "Yashnabad district", "district_assignment": "within" }, "geometry": { "type": "Point", "coordinates": [ 69.3263941, 41.2624451 ] } },
{ "type": "Feature", "properties": { "osm_element": "node", "osm_id": 13740915769, "name": "Oltin topgan ko'chasi", "name_ru": "Улица Олтинтопган", "highway": "bus_stop", "public_transport": "stop_position", "bus": "yes", "stop_role": "platform", "operator": null, "district_name": "Bektemir district", "district_assignment": "within" }, "geometry": { "type": "Point", "coordinates": [ 69.3355792, 41.2319408 ] } },
{ "type": "Feature", "properties": { "osm_element": "node", "osm_id": 13740915770, "name": "17 Paxtakorchilar ko'chasi", "name_ru": "Улица Джамиля Ташканди", "highway": "bus_stop", "public_transport": "stop_position", "bus": "yes", "stop_role": "platform", "operator": null, "district_name": "Bektemir district", "district_assignment": "within" }, "geometry": { "type": "Point", "coordinates": [ 69.3356472, 41.2269124 ] } },
{ "type": "Feature", "properties": { "osm_element": "node", "osm_id": 13740915771, "name": "Sobir Rahimov ko'chasi", "name_ru": "Улица Сабира Рахимова", "highway": "bus_stop", "public_transport": "stop_position", "bus": "yes", "stop_role": "platform", "operator": null, "district_name": "Bektemir district", "district_assignment": "within" }, "geometry": { "type": "Point", "coordinates": [ 69.3343242, 41.2207996 ] } },
{ "type": "Feature", "properties": { "osm_element": "node", "osm_id": 13740915772, "name": "Parkent trakt", "name_ru": "Паркентское шоссе", "highway": "bus_stop", "public_transport": "stop_position", "bus": "yes", "stop_role": "platform", "operator": null, "district_name": "Bektemir district", "district_assignment": "within" }, "geometry": { "type": "Point", "coordinates": [ 69.3346617, 41.2168456 ] } },
{ "type": "Feature", "properties": { "osm_element": "node", "osm_id": 13740915773, "name": "Поворот на Food City", "name_ru": null, "highway": "bus_stop", "public_transport": "stop_position", "bus": "yes", "stop_role": "platform", "operator": null, "district_name": "Bektemir district", "district_assignment": "within" }, "geometry": { "type": "Point", "coordinates": [ 69.32508, 41.1963309 ] } },
{ "type": "Feature", "properties": { "osm_element": "node", "osm_id": 13740915774, "name": "Bektemir", "name_ru": "Бектемир", "highway": "bus_stop", "public_transport": "stop_position", "bus": "yes", "stop_role": "platform", "operator": null, "district_name": "Bektemir district", "district_assignment": "within" }, "geometry": { "type": "Point", "coordinates": [ 69.3334083, 41.2088428 ] } },
{ "type": "Feature", "properties": { "osm_element": "node", "osm_id": 13740915775, "name": "Parkent trakt", "name_ru": "Паркентское шоссе", "highway": "bus_stop", "public_transport": "stop_position", "bus": "yes", "stop_role": "platform", "operator": null, "district_name": "Bektemir district", "district_assignment": "within" }, "geometry": { "type": "Point", "coordinates": [ 69.33431, 41.2153338 ] } },
{ "type": "Feature", "properties": { "osm_element": "node", "osm_id": 13740915776, "name": "Sobir Rahimov ko'chasi", "name_ru": "Улица Сабира Рахимова", "highway": "bus_stop", "public_transport": "stop_position", "bus": "yes", "stop_role": "platform", "operator": null, "district_name": "Bektemir district", "district_assignment": "within" }, "geometry": { "type": "Point", "coordinates": [ 69.3342826, 41.2198984 ] } },
{ "type": "Feature", "properties": { "osm_element": "node", "osm_id": 13740915778, "name": "17 Paxtakorchilar ko'chasi", "name_ru": "Улица Джамиля Ташканди", "highway": "bus_stop", "public_transport": "stop_position", "bus": "yes", "stop_role": "platform", "operator": null, "district_name": "Bektemir district", "district_assignment": "within" }, "geometry": { "type": "Point", "coordinates": [ 69.3355204, 41.2267254 ] } },
{ "type": "Feature", "properties": { "osm_element": "node", "osm_id": 13740915779, "name": "Oltin topgan ko'chasi", "name_ru": "Улица Олтинтопган", "highway": "bus_stop", "public_transport": "stop_position", "bus": "yes", "stop_role": "platform", "operator": null, "district_name": "Bektemir district", "district_assignment": "within" }, "geometry": { "type": "Point", "coordinates": [ 69.3354034, 41.2320839 ] } },
{ "type": "Feature", "properties": { "osm_element": "node", "osm_id": 13740915800, "name": "Food City SM", "name_ru": "Рынок \"Food City\"", "highway": "bus_stop", "public_transport": "stop_position", "bus": "yes", "stop_role": "platform", "operator": null, "district_name": "Bektemir district", "district_assignment": "within" }, "geometry": { "type": "Point", "coordinates": [ 69.3233862, 41.2057453 ] } },
{ "type": "Feature", "properties": { "osm_element": "node", "osm_id": 13740928908, "name": "Tolariq ko'chasi", "name_ru": "Улица Таларык", "highway": "bus_stop", "public_transport": "stop_position", "bus": "yes", "stop_role": "platform", "operator": null, "district_name": "Yashnabad district", "district_assignment": "within" }, "geometry": { "type": "Point", "coordinates": [ 69.3203199, 41.2567728 ] } },
{ "type": "Feature", "properties": { "osm_element": "node", "osm_id": 13740928909, "name": null, "name_ru": "Улица Муйнак", "highway": "bus_stop", "public_transport": "stop_position", "bus": "yes", "stop_role": "platform", "operator": null, "district_name": "Yashnabad district", "district_assignment": "within" }, "geometry": { "type": "Point", "coordinates": [ 69.3197073, 41.2599719 ] } },
{ "type": "Feature", "properties": { "osm_element": "node", "osm_id": 13740928910, "name": "Oqdaryo koʻchasi", "name_ru": "Улица Акдарья", "highway": "bus_stop", "public_transport": "stop_position", "bus": "yes", "stop_role": "platform", "operator": null, "district_name": "Yashnabad district", "district_assignment": "within" }, "geometry": { "type": "Point", "coordinates": [ 69.3257131, 41.2621941 ] } },
{ "type": "Feature", "properties": { "osm_element": "node", "osm_id": 13743090591, "name": "Yo'ldosh dahasi 16-mavze", "name_ru": "Массив \"Спутник\", квартал 16", "highway": "bus_stop", "public_transport": "stop_position", "bus": "yes", "stop_role": "platform", "operator": null, "district_name": "Yangikhayot district", "district_assignment": "within" }, "geometry": { "type": "Point", "coordinates": [ 69.2112766, 41.2010597 ] } },
{ "type": "Feature", "properties": { "osm_element": "node", "osm_id": 13743090596, "name": "Sirgʻali yarmarkasi", "name_ru": "Сергелийская ярмарка", "highway": "bus_stop", "public_transport": "stop_position", "bus": "yes", "stop_role": "platform", "operator": null, "district_name": "Sergeli district", "district_assignment": "within" }, "geometry": { "type": "Point", "coordinates": [ 69.2296229, 41.2138056 ] } },
{ "type": "Feature", "properties": { "osm_element": "node", "osm_id": 13743090598, "name": "Hosilot mehmonxonasi", "name_ru": "Гостиница \"Хосилот\"", "highway": "bus_stop", "public_transport": "stop_position", "bus": "yes", "stop_role": "platform", "operator": null, "district_name": "Yakkasaray district", "district_assignment": "within" }, "geometry": { "type": "Point", "coordinates": [ 69.2315306, 41.2655319 ] } },
{ "type": "Feature", "properties": { "osm_element": "node", "osm_id": 13743110790, "name": "Qipchoq metrosi", "name_ru": "Станция метро \"Кипчак\"", "highway": "bus_stop", "public_transport": "stop_position", "bus": "yes", "stop_role": "platform", "operator": null, "district_name": "Yangikhayot district", "district_assignment": "within" }, "geometry": { "type": "Point", "coordinates": [ 69.2207217, 41.2053398 ] } },
{ "type": "Feature", "properties": { "osm_element": "node", "osm_id": 13743110795, "name": "Sirg'ali-I dahasi", "name_ru": "Массив \"Сергели\", квартал 1", "highway": "bus_stop", "public_transport": "stop_position", "bus": "yes", "stop_role": "platform", "operator": null, "district_name": "Yangikhayot district", "district_assignment": "within" }, "geometry": { "type": "Point", "coordinates": [ 69.2164419, 41.2035792 ] } },
{ "type": "Feature", "properties": { "osm_element": "node", "osm_id": 13743110796, "name": "Yo'ldosh dahasi 16-mavze", "name_ru": "Массив \"Спутник\", квартал 16", "highway": "bus_stop", "public_transport": "stop_position", "bus": "yes", "stop_role": "platform", "operator": null, "district_name": "Yangikhayot district", "district_assignment": "within" }, "geometry": { "type": "Point", "coordinates": [ 69.2116212, 41.2015813 ] } },
{ "type": "Feature", "properties": { "osm_element": "node", "osm_id": 13743110838, "name": "Qipchoq metrosi", "name_ru": "Станция метро \"Кипчак\"", "highway": "bus_stop", "public_transport": "stop_position", "bus": "yes", "stop_role": "platform", "operator": null, "district_name": "Yangikhayot district", "district_assignment": "within" }, "geometry": { "type": "Point", "coordinates": [ 69.2189206, 41.2048759 ] } },
{ "type": "Feature", "properties": { "osm_element": "node", "osm_id": 13743110914, "name": "Sergeli dahasi 12-mavze", "name_ru": "Массив \"Сергели\", квартал 12", "highway": "bus_stop", "public_transport": "stop_position", "bus": "yes", "stop_role": "platform", "operator": null, "district_name": "Yangikhayot district", "district_assignment": "within" }, "geometry": { "type": "Point", "coordinates": [ 69.2173904, 41.192516 ] } },
{ "type": "Feature", "properties": { "osm_element": "node", "osm_id": 13750188842, "name": "Mevazor mahallasi", "name_ru": "Махалля \"Мевазар\"", "highway": "bus_stop", "public_transport": "stop_position", "bus": "yes", "stop_role": "platform", "operator": null, "district_name": "Chilanzar district", "district_assignment": "within" }, "geometry": { "type": "Point", "coordinates": [ 69.199116, 41.264377 ] } },
{ "type": "Feature", "properties": { "osm_element": "node", "osm_id": 13750188844, "name": "Sh. Galyamova maxallasi", "name_ru": "Махалля Ш. Гулямова", "highway": "bus_stop", "public_transport": "stop_position", "bus": "yes", "stop_role": "platform", "operator": null, "district_name": "Chilanzar district", "district_assignment": "within" }, "geometry": { "type": "Point", "coordinates": [ 69.1972522, 41.2609613 ] } },
{ "type": "Feature", "properties": { "osm_element": "node", "osm_id": 13750188850, "name": "Bojxona qo'mitasi", "name_ru": "Таможенный комитет", "highway": "bus_stop", "public_transport": "stop_position", "bus": "yes", "stop_role": "platform", "operator": null, "district_name": "Chilanzar district", "district_assignment": "within" }, "geometry": { "type": "Point", "coordinates": [ 69.2003249, 41.2679374 ] } },
{ "type": "Feature", "properties": { "osm_element": "node", "osm_id": 13750188851, "name": "Bojxona qo'mitasi", "name_ru": "Таможенный комитет", "highway": "bus_stop", "public_transport": "stop_position", "bus": "yes", "stop_role": "platform", "operator": null, "district_name": "Chilanzar district", "district_assignment": "within" }, "geometry": { "type": "Point", "coordinates": [ 69.2014194, 41.2686206 ] } },
{ "type": "Feature", "properties": { "osm_element": "node", "osm_id": 13753424727, "name": "Boshqarma", "name_ru": "Управление", "highway": "bus_stop", "public_transport": "stop_position", "bus": "yes", "stop_role": "platform", "operator": null, "district_name": "Almazar district", "district_assignment": "within" }, "geometry": { "type": "Point", "coordinates": [ 69.219299, 41.3801094 ] } },
{ "type": "Feature", "properties": { "osm_element": "node", "osm_id": 13753424737, "name": "Yangi Toshkent mahallasi", "name_ru": "Махалля \"Янги Ташкент\"", "highway": "bus_stop", "public_transport": "stop_position", "bus": "yes", "stop_role": "platform", "operator": null, "district_name": "Almazar district", "district_assignment": "within" }, "geometry": { "type": "Point", "coordinates": [ 69.2251359, 41.3661986 ] } },
{ "type": "Feature", "properties": { "osm_element": "node", "osm_id": 13753424763, "name": "9-ShRZ", "name_ru": "ШРЗ-9", "highway": "bus_stop", "public_transport": "stop_position", "bus": "yes", "stop_role": "platform", "operator": null, "district_name": "Almazar district", "district_assignment": "within" }, "geometry": { "type": "Point", "coordinates": [ 69.2329592, 41.3661488 ] } },
{ "type": "Feature", "properties": { "osm_element": "node", "osm_id": 13753424767, "name": "Toshkent o'yinchoqlar fabrikasi", "name_ru": "Фабрика \"Ташигрушка\"", "highway": "bus_stop", "public_transport": "stop_position", "bus": "yes", "stop_role": "platform", "operator": null, "district_name": "Almazar district", "district_assignment": "within" }, "geometry": { "type": "Point", "coordinates": [ 69.240434, 41.3671522 ] } },
{ "type": "Feature", "properties": { "osm_element": "node", "osm_id": 13753424770, "name": "Chuqursoy", "name_ru": "Чукурсай", "highway": "bus_stop", "public_transport": "stop_position", "bus": "yes", "stop_role": "platform", "operator": null, "district_name": "Almazar district", "district_assignment": "within" }, "geometry": { "type": "Point", "coordinates": [ 69.241851, 41.3623598 ] } },
{ "type": "Feature", "properties": { "osm_element": "node", "osm_id": 13753424784, "name": "Qoraqamish-1/2 mavzesi", "name_ru": "Массив \"Каракамыш\" 1/2", "highway": "bus_stop", "public_transport": "stop_position", "bus": "yes", "stop_role": "platform", "operator": null, "district_name": "Almazar district", "district_assignment": "within" }, "geometry": { "type": "Point", "coordinates": [ 69.2392535, 41.3605491 ] } },
{ "type": "Feature", "properties": { "osm_element": "node", "osm_id": 13753424797, "name": "1-ATK", "name_ru": "АТП № 1", "highway": "bus_stop", "public_transport": "stop_position", "bus": "yes", "stop_role": "platform", "operator": null, "district_name": "Almazar district", "district_assignment": "within" }, "geometry": { "type": "Point", "coordinates": [ 69.2406152, 41.3517872 ] } },
{ "type": "Feature", "properties": { "osm_element": "node", "osm_id": 13753491609, "name": "28-sonli maktab", "name_ru": "Школа № 24", "highway": "bus_stop", "public_transport": "stop_position", "bus": "yes", "stop_role": "platform", "operator": null, "district_name": "Almazar district", "district_assignment": "within" }, "geometry": { "type": "Point", "coordinates": [ 69.2418815, 41.3435263 ] } },
{ "type": "Feature", "properties": { "osm_element": "node", "osm_id": 13753491619, "name": "Chorsu savdo markazi", "name_ru": "Торговый центр \"Чорсу\"", "highway": "bus_stop", "public_transport": "stop_position", "bus": "yes", "stop_role": "platform", "operator": null, "district_name": "Shaykhantakhur district", "district_assignment": "within" }, "geometry": { "type": "Point", "coordinates": [ 69.2388658, 41.3213958 ] } },
{ "type": "Feature", "properties": { "osm_element": "node", "osm_id": 13756262238, "name": "Hazrati Imom masjidi", "name_ru": null, "highway": "bus_stop", "public_transport": "stop_position", "bus": "yes", "stop_role": "platform", "operator": null, "district_name": "Almazar district", "district_assignment": "within" }, "geometry": { "type": "Point", "coordinates": [ 69.2420049, 41.3406065 ] } },
{ "type": "Feature", "properties": { "osm_element": "node", "osm_id": 13756262239, "name": "28-sonli maktab", "name_ru": "Школа № 24", "highway": "bus_stop", "public_transport": "stop_position", "bus": "yes", "stop_role": "platform", "operator": null, "district_name": "Almazar district", "district_assignment": "within" }, "geometry": { "type": "Point", "coordinates": [ 69.2418833, 41.3424009 ] } },
{ "type": "Feature", "properties": { "osm_element": "node", "osm_id": 13756262240, "name": "Chuqursoy", "name_ru": "Чукурсай", "highway": "bus_stop", "public_transport": "stop_position", "bus": "yes", "stop_role": "platform", "operator": null, "district_name": "Almazar district", "district_assignment": "within" }, "geometry": { "type": "Point", "coordinates": [ 69.2414782, 41.3616519 ] } },
{ "type": "Feature", "properties": { "osm_element": "node", "osm_id": 13756262241, "name": "9-ShRZ", "name_ru": "ШРЗ-9", "highway": "bus_stop", "public_transport": "stop_position", "bus": "yes", "stop_role": "platform", "operator": null, "district_name": "Almazar district", "district_assignment": "within" }, "geometry": { "type": "Point", "coordinates": [ 69.2327447, 41.3660769 ] } },
{ "type": "Feature", "properties": { "osm_element": "node", "osm_id": 13756262242, "name": "10-ARZ", "name_ru": "АРЗ-10", "highway": "bus_stop", "public_transport": "stop_position", "bus": "yes", "stop_role": "platform", "operator": null, "district_name": "Almazar district", "district_assignment": "within" }, "geometry": { "type": "Point", "coordinates": [ 69.2299305, 41.3651155 ] } },
{ "type": "Feature", "properties": { "osm_element": "node", "osm_id": 13756262243, "name": "Yangi Toshkent mahallasi", "name_ru": "Махалля \"Янги Ташкент\"", "highway": "bus_stop", "public_transport": "stop_position", "bus": "yes", "stop_role": "platform", "operator": null, "district_name": "Almazar district", "district_assignment": "within" }, "geometry": { "type": "Point", "coordinates": [ 69.2251026, 41.3652459 ] } },
{ "type": "Feature", "properties": { "osm_element": "node", "osm_id": 13756262244, "name": "Mevazor ko'chasi", "name_ru": "Махалля \"Мевазор\"", "highway": "bus_stop", "public_transport": "stop_position", "bus": "yes", "stop_role": "platform", "operator": null, "district_name": "Almazar district", "district_assignment": "within" }, "geometry": { "type": "Point", "coordinates": [ 69.2250036, 41.369013 ] } },
{ "type": "Feature", "properties": { "osm_element": "node", "osm_id": 13756262245, "name": "Abdullayev ko'chasi", "name_ru": "Улица Абдуллаева", "highway": "bus_stop", "public_transport": "stop_position", "bus": "yes", "stop_role": "platform", "operator": null, "district_name": "Almazar district", "district_assignment": "within" }, "geometry": { "type": "Point", "coordinates": [ 69.2153779, 41.3835692 ] } },
{ "type": "Feature", "properties": { "osm_element": "node", "osm_id": 13756262246, "name": "Koʻprik", "name_ru": "Путепровод", "highway": "bus_stop", "public_transport": "stop_position", "bus": "yes", "stop_role": "platform", "operator": null, "district_name": "Almazar district", "district_assignment": "within" }, "geometry": { "type": "Point", "coordinates": [ 69.2245931, 41.3927122 ] } },
{ "type": "Feature", "properties": { "osm_element": "node", "osm_id": 13756262247, "name": "Katta Hasanboy 2-tor ko’chasi", "name_ru": "Автогазцентр", "highway": "bus_stop", "public_transport": "stop_position", "bus": "yes", "stop_role": "platform", "operator": null, "district_name": "Yunusabad district", "district_assignment": "within" }, "geometry": { "type": "Point", "coordinates": [ 69.2424983, 41.3983279 ] } },
{ "type": "Feature", "properties": { "osm_element": "node", "osm_id": 13756327741, "name": "Yangiqoʻrgʻon 2-tor koʻchasi", "name_ru": null, "highway": "bus_stop", "public_transport": "stop_position", "bus": "yes", "stop_role": "platform", "operator": null, "district_name": "Yunusabad district", "district_assignment": "within" }, "geometry": { "type": "Point", "coordinates": [ 69.2503359, 41.3979462 ] } },
{ "type": "Feature", "properties": { "osm_element": "node", "osm_id": 13756327742, "name": "Katta Hasanboy 2-tor ko’chasi", "name_ru": "Автогазцентр", "highway": "bus_stop", "public_transport": "stop_position", "bus": "yes", "stop_role": "platform", "operator": null, "district_name": "Yunusabad district", "district_assignment": "within" }, "geometry": { "type": "Point", "coordinates": [ 69.2408253, 41.3982317 ] } },
{ "type": "Feature", "properties": { "osm_element": "node", "osm_id": 13756327764, "name": "Katta Hasanboy mahallasi", "name_ru": "Махалля \"Катта асанбой\"", "highway": "bus_stop", "public_transport": "stop_position", "bus": "yes", "stop_role": "platform", "operator": null, "district_name": "Yunusabad district", "district_assignment": "within" }, "geometry": { "type": "Point", "coordinates": [ 69.235742, 41.3981242 ] } },
{ "type": "Feature", "properties": { "osm_element": "node", "osm_id": 13756327769, "name": "Koʻprik", "name_ru": "Путепровод", "highway": "bus_stop", "public_transport": "stop_position", "bus": "yes", "stop_role": "platform", "operator": null, "district_name": "Almazar district", "district_assignment": "within" }, "geometry": { "type": "Point", "coordinates": [ 69.2259473, 41.3934003 ] } },
{ "type": "Feature", "properties": { "osm_element": "node", "osm_id": 13756327770, "name": "Hazrati Imom masjidi", "name_ru": null, "highway": "bus_stop", "public_transport": "stop_position", "bus": "yes", "stop_role": "platform", "operator": null, "district_name": "Almazar district", "district_assignment": "within" }, "geometry": { "type": "Point", "coordinates": [ 69.2421049, 41.3404446 ] } },
{ "type": "Feature", "properties": { "osm_element": "node", "osm_id": 13761426752, "name": "Oq-Tepa sohil boʻyi TJM", "name_ru": null, "highway": "bus_stop", "public_transport": "stop_position", "bus": "yes", "stop_role": "platform", "operator": null, "district_name": "Chilanzar district", "district_assignment": "within" }, "geometry": { "type": "Point", "coordinates": [ 69.2049812, 41.3004439 ] } },
{ "type": "Feature", "properties": { "osm_element": "node", "osm_id": 13761426753, "name": "Shahar onkologiya dispanseri", "name_ru": "Городской онкологический диспансер", "highway": "bus_stop", "public_transport": "stop_position", "bus": "yes", "stop_role": "platform", "operator": null, "district_name": "Chilanzar district", "district_assignment": "within" }, "geometry": { "type": "Point", "coordinates": [ 69.1951949, 41.2993864 ] } },
{ "type": "Feature", "properties": { "osm_element": "node", "osm_id": 13761426766, "name": "Shahar onkologiya dispanseri", "name_ru": "Городской онкологический диспансер", "highway": "bus_stop", "public_transport": "stop_position", "bus": "yes", "stop_role": "platform", "operator": null, "district_name": "Chilanzar district", "district_assignment": "within" }, "geometry": { "type": "Point", "coordinates": [ 69.1957021, 41.2993018 ] } },
{ "type": "Feature", "properties": { "osm_element": "node", "osm_id": 13761426767, "name": "Oq-Tepa sohil boʻyi TJM", "name_ru": null, "highway": "bus_stop", "public_transport": "stop_position", "bus": "yes", "stop_role": "platform", "operator": null, "district_name": "Chilanzar district", "district_assignment": "within" }, "geometry": { "type": "Point", "coordinates": [ 69.2046676, 41.3004262 ] } },
{ "type": "Feature", "properties": { "osm_element": "node", "osm_id": 13761426776, "name": "Asrlar Sadosi ko‘chasi", "name_ru": "Улица Асрлар Садоси", "highway": "bus_stop", "public_transport": "stop_position", "bus": "yes", "stop_role": "platform", "operator": null, "district_name": "Chilanzar district", "district_assignment": "within" }, "geometry": { "type": "Point", "coordinates": [ 69.2092739, 41.3005344 ] } },
{ "type": "Feature", "properties": { "osm_element": "node", "osm_id": 13761596173, "name": "Xamdam ko'chasi", "name_ru": "Улица Хамдам", "highway": "bus_stop", "public_transport": "stop_position", "bus": "yes", "stop_role": "platform", "operator": null, "district_name": "Shaykhantakhur district", "district_assignment": "within" }, "geometry": { "type": "Point", "coordinates": [ 69.2023331, 41.300981 ] } },
{ "type": "Feature", "properties": { "osm_element": "node", "osm_id": 13761596175, "name": "Ftiziatriya instituti", "name_ru": "Институт фтизиатрии", "highway": "bus_stop", "public_transport": "stop_position", "bus": "yes", "stop_role": "platform", "operator": null, "district_name": "Shaykhantakhur district", "district_assignment": "within" }, "geometry": { "type": "Point", "coordinates": [ 69.1980529, 41.3027686 ] } },
{ "type": "Feature", "properties": { "osm_element": "node", "osm_id": 13763587644, "name": "Oqtepa maydoni", "name_ru": "Площадь \"Актепа\"", "highway": "bus_stop", "public_transport": "stop_position", "bus": "yes", "stop_role": "platform", "operator": null, "district_name": "Shaykhantakhur district", "district_assignment": "within" }, "geometry": { "type": "Point", "coordinates": [ 69.2116333, 41.3021234 ] } },
{ "type": "Feature", "properties": { "osm_element": "node", "osm_id": 13763587645, "name": "Kollej", "name_ru": "Колледж", "highway": "bus_stop", "public_transport": "stop_position", "bus": "yes", "stop_role": "platform", "operator": null, "district_name": "Shaykhantakhur district", "district_assignment": "within" }, "geometry": { "type": "Point", "coordinates": [ 69.2146122, 41.3044777 ] } },
{ "type": "Feature", "properties": { "osm_element": "node", "osm_id": 13763587646, "name": "46-sonli oilaviy poliklininkasi", "name_ru": "Семейная поликлиника № 46", "highway": "bus_stop", "public_transport": "stop_position", "bus": "yes", "stop_role": "platform", "operator": null, "district_name": "Shaykhantakhur district", "district_assignment": "within" }, "geometry": { "type": "Point", "coordinates": [ 69.2171397, 41.3065437 ] } },
{ "type": "Feature", "properties": { "osm_element": "node", "osm_id": 13763587650, "name": "Sanepidemstansiya", "name_ru": "Санэпидемстанция", "highway": "bus_stop", "public_transport": "stop_position", "bus": "yes", "stop_role": "platform", "operator": null, "district_name": "Almazar district", "district_assignment": "within" }, "geometry": { "type": "Point", "coordinates": [ 69.24105, 41.3559161 ] } },
{ "type": "Feature", "properties": { "osm_element": "node", "osm_id": 13763587655, "name": "Jomiy maydoni", "name_ru": "Площадь им. Джами", "highway": "bus_stop", "public_transport": "stop_position", "bus": "yes", "stop_role": "platform", "operator": null, "district_name": "Almazar district", "district_assignment": "within" }, "geometry": { "type": "Point", "coordinates": [ 69.254743, 41.3542473 ] } },
{ "type": "Feature", "properties": { "osm_element": "node", "osm_id": 13763587656, "name": "Toshkent metropolitan universiteti", "name_ru": "Компрессорный завод", "highway": "bus_stop", "public_transport": "stop_position", "bus": "yes", "stop_role": "platform", "operator": null, "district_name": "Almazar district", "district_assignment": "within" }, "geometry": { "type": "Point", "coordinates": [ 69.2582338, 41.3521039 ] } },
{ "type": "Feature", "properties": { "osm_element": "node", "osm_id": 13763587665, "name": "Jomiy mahallasi", "name_ru": "Завод \"Геологоразведка\"", "highway": "bus_stop", "public_transport": "stop_position", "bus": "yes", "stop_role": "platform", "operator": null, "district_name": "Almazar district", "district_assignment": "within" }, "geometry": { "type": "Point", "coordinates": [ 69.2622479, 41.3497992 ] } },
{ "type": "Feature", "properties": { "osm_element": "node", "osm_id": 13763587679, "name": "Jomiy mahallasi", "name_ru": "Завод \"Геологоразведка\"", "highway": "bus_stop", "public_transport": "stop_position", "bus": "yes", "stop_role": "platform", "operator": null, "district_name": "Yunusabad district", "district_assignment": "within" }, "geometry": { "type": "Point", "coordinates": [ 69.2634845, 41.3496703 ] } },
{ "type": "Feature", "properties": { "osm_element": "node", "osm_id": 13763587681, "name": "Toshkent metropolitan universiteti", "name_ru": "Компрессорный завод", "highway": "bus_stop", "public_transport": "stop_position", "bus": "yes", "stop_role": "platform", "operator": null, "district_name": "Almazar district", "district_assignment": "within" }, "geometry": { "type": "Point", "coordinates": [ 69.2589196, 41.3516837 ] } },
{ "type": "Feature", "properties": { "osm_element": "node", "osm_id": 13763588611, "name": "Chorsu mavzesi", "name_ru": "Массив Чорсу", "highway": "bus_stop", "public_transport": "stop_position", "bus": "yes", "stop_role": "platform", "operator": null, "district_name": "Shaykhantakhur district", "district_assignment": "within" }, "geometry": { "type": "Point", "coordinates": [ 69.2338448, 41.3199947 ] } },
{ "type": "Feature", "properties": { "osm_element": "node", "osm_id": 13763588719, "name": "Kollej", "name_ru": "Колледж", "highway": "bus_stop", "public_transport": "stop_position", "bus": "yes", "stop_role": "platform", "operator": null, "district_name": "Shaykhantakhur district", "district_assignment": "within" }, "geometry": { "type": "Point", "coordinates": [ 69.2152371, 41.3048485 ] } },
{ "type": "Feature", "properties": { "osm_element": "node", "osm_id": 13764011016, "name": "Aviasozlar ko'chasi", "name_ru": "Автостанция \"Авиасозлар\"", "highway": "bus_stop", "public_transport": "stop_position", "bus": "yes", "stop_role": "platform", "operator": null, "district_name": "Yashnabad district", "district_assignment": "within" }, "geometry": { "type": "Point", "coordinates": [ 69.3510037, 41.2821078 ] } },
{ "type": "Feature", "properties": { "osm_element": "node", "osm_id": 13771633495, "name": "3-sonli avtokombinat", "name_ru": "Автокомбинат № 3", "highway": "bus_stop", "public_transport": "stop_position", "bus": "yes", "stop_role": "platform", "operator": null, "district_name": "Sergeli district", "district_assignment": "within" }, "geometry": { "type": "Point", "coordinates": [ 69.256471, 41.2450994 ] } },
{ "type": "Feature", "properties": { "osm_element": "node", "osm_id": 13771633496, "name": "Obod mahallasi", "name_ru": "Махалля Обод", "highway": "bus_stop", "public_transport": "stop_position", "bus": "yes", "stop_role": "platform", "operator": null, "district_name": "Sergeli district", "district_assignment": "within" }, "geometry": { "type": "Point", "coordinates": [ 69.2641425, 41.2444905 ] } },
{ "type": "Feature", "properties": { "osm_element": "node", "osm_id": 13775859120, "name": "Yangiobod mahallasi", "name_ru": "Махалля \"Янгиабад\"", "highway": "bus_stop", "public_transport": "stop_position", "bus": "yes", "stop_role": "platform", "operator": null, "district_name": "Uchtepa district", "district_assignment": "within" }, "geometry": { "type": "Point", "coordinates": [ 69.1637646, 41.2974294 ] } },
{ "type": "Feature", "properties": { "osm_element": "node", "osm_id": 13775859138, "name": "RET zavodi", "name_ru": "Завод \"РЭТ\"", "highway": "bus_stop", "public_transport": "stop_position", "bus": "yes", "stop_role": "platform", "operator": null, "district_name": "Mirabad district", "district_assignment": "within" }, "geometry": { "type": "Point", "coordinates": [ 69.2833186, 41.272582 ] } },
{ "type": "Feature", "properties": { "osm_element": "node", "osm_id": 13775859187, "name": "106-sonli maktab", "name_ru": "Школа № 106", "highway": "bus_stop", "public_transport": "stop_position", "bus": "yes", "stop_role": "platform", "operator": null, "district_name": "Uchtepa district", "district_assignment": "within" }, "geometry": { "type": "Point", "coordinates": [ 69.1876245, 41.3226671 ] } },
{ "type": "Feature", "properties": { "osm_element": "node", "osm_id": 13775859188, "name": "106-sonli maktab", "name_ru": "Школа № 106", "highway": "bus_stop", "public_transport": "stop_position", "bus": "yes", "stop_role": "platform", "operator": null, "district_name": "Uchtepa district", "district_assignment": "within" }, "geometry": { "type": "Point", "coordinates": [ 69.1888227, 41.3225237 ] } },
{ "type": "Feature", "properties": { "osm_element": "node", "osm_id": 13775867202, "name": "Nigina doʻkoni", "name_ru": "Магазин Нигина", "highway": "bus_stop", "public_transport": "stop_position", "bus": "yes", "stop_role": "platform", "operator": null, "district_name": "Uchtepa district", "district_assignment": "within" }, "geometry": { "type": "Point", "coordinates": [ 69.1848399, 41.3227653 ] } },
{ "type": "Feature", "properties": { "osm_element": "node", "osm_id": 13775867203, "name": "Nigina doʻkoni", "name_ru": "Магазин Нигина", "highway": "bus_stop", "public_transport": "stop_position", "bus": "yes", "stop_role": "platform", "operator": null, "district_name": "Uchtepa district", "district_assignment": "within" }, "geometry": { "type": "Point", "coordinates": [ 69.1851394, 41.3226578 ] } },
{ "type": "Feature", "properties": { "osm_element": "node", "osm_id": 13775867213, "name": "Yangiobod mahallasi", "name_ru": "Махалля \"Янгиабад\"", "highway": "bus_stop", "public_transport": "stop_position", "bus": "yes", "stop_role": "platform", "operator": null, "district_name": "Uchtepa district", "district_assignment": "within" }, "geometry": { "type": "Point", "coordinates": [ 69.1643146, 41.2977934 ] } },
{ "type": "Feature", "properties": { "osm_element": "node", "osm_id": 13775867214, "name": "Birlik dahasi", "name_ru": "Массив Бирлик", "highway": "bus_stop", "public_transport": "stop_position", "bus": "yes", "stop_role": "platform", "operator": null, "district_name": "Uchtepa district", "district_assignment": "within" }, "geometry": { "type": "Point", "coordinates": [ 69.1593671, 41.2952056 ] } },
{ "type": "Feature", "properties": { "osm_element": "node", "osm_id": 13777422628, "name": "Qumariq ko'chasi", "name_ru": "Улица Кумарык", "highway": "bus_stop", "public_transport": "stop_position", "bus": "yes", "stop_role": "platform", "operator": null, "district_name": "Sergeli district", "district_assignment": "within" }, "geometry": { "type": "Point", "coordinates": [ 69.2485005, 41.2443417 ] } },
{ "type": "Feature", "properties": { "osm_element": "node", "osm_id": 13777422629, "name": "Bobur mahallasi", "name_ru": "Махалля Бабура", "highway": "bus_stop", "public_transport": "stop_position", "bus": "yes", "stop_role": "platform", "operator": null, "district_name": "Sergeli district", "district_assignment": "within" }, "geometry": { "type": "Point", "coordinates": [ 69.2239275, 41.2437576 ] } },
{ "type": "Feature", "properties": { "osm_element": "node", "osm_id": 13777422631, "name": "121-sonli bolalar boʻgchasi bekati", "name_ru": "Детский сад № 121", "highway": "bus_stop", "public_transport": "stop_position", "bus": "yes", "stop_role": "platform", "operator": null, "district_name": "Yangikhayot district", "district_assignment": "within" }, "geometry": { "type": "Point", "coordinates": [ 69.2148656, 41.19498 ] } },
{ "type": "Feature", "properties": { "osm_element": "node", "osm_id": 13777422632, "name": "Do'stlik-1 dahasi", "name_ru": "Массив \"Дустлик\", квартал 1", "highway": "bus_stop", "public_transport": "stop_position", "bus": "yes", "stop_role": "platform", "operator": null, "district_name": "Yangikhayot district", "district_assignment": "within" }, "geometry": { "type": "Point", "coordinates": [ 69.2105469, 41.1932205 ] } },
{ "type": "Feature", "properties": { "osm_element": "node", "osm_id": 13777422646, "name": "Do'stlik-2 dahasi", "name_ru": "Массив \"Дустлик\", квартал 2", "highway": "bus_stop", "public_transport": "stop_position", "bus": "yes", "stop_role": "platform", "operator": null, "district_name": "Yangikhayot district", "district_assignment": "within" }, "geometry": { "type": "Point", "coordinates": [ 69.2057604, 41.1918892 ] } },
{ "type": "Feature", "properties": { "osm_element": "node", "osm_id": 13777422659, "name": "Bobur mahallasi", "name_ru": "Махалля Бабура", "highway": "bus_stop", "public_transport": "stop_position", "bus": "yes", "stop_role": "platform", "operator": null, "district_name": "Sergeli district", "district_assignment": "within" }, "geometry": { "type": "Point", "coordinates": [ 69.2238678, 41.2438814 ] } },
{ "type": "Feature", "properties": { "osm_element": "node", "osm_id": 13777422676, "name": "Qumariq ko'chasi", "name_ru": "Улица Кумарык", "highway": "bus_stop", "public_transport": "stop_position", "bus": "yes", "stop_role": "platform", "operator": null, "district_name": "Sergeli district", "district_assignment": "within" }, "geometry": { "type": "Point", "coordinates": [ 69.2488828, 41.2444885 ] } },
{ "type": "Feature", "properties": { "osm_element": "node", "osm_id": 13777422681, "name": "3-sonli avtokombinat", "name_ru": "Автокомбинат № 3", "highway": "bus_stop", "public_transport": "stop_position", "bus": "yes", "stop_role": "platform", "operator": null, "district_name": "Sergeli district", "district_assignment": "within" }, "geometry": { "type": "Point", "coordinates": [ 69.2554756, 41.2444893 ] } },
{ "type": "Feature", "properties": { "osm_element": "node", "osm_id": 13784730783, "name": "Chilonzor dahasi 19-mavze", "name_ru": "Массив \"Чиланзар\", квартал 19", "highway": "bus_stop", "public_transport": "stop_position", "bus": "yes", "stop_role": "platform", "operator": null, "district_name": "Chilanzar district", "district_assignment": "within" }, "geometry": { "type": "Point", "coordinates": [ 69.1792583, 41.2718878 ] } },
{ "type": "Feature", "properties": { "osm_element": "node", "osm_id": 13784730788, "name": "Qizil Sharq mavzesi", "name_ru": "Массив \"Кызыл Шарк\"", "highway": "bus_stop", "public_transport": "stop_position", "bus": "yes", "stop_role": "platform", "operator": null, "district_name": "Chilanzar district", "district_assignment": "within" }, "geometry": { "type": "Point", "coordinates": [ 69.1607133, 41.2649048 ] } },
{ "type": "Feature", "properties": { "osm_element": "node", "osm_id": 13784730797, "name": "Zargarlik zavodi", "name_ru": "Поликлиника № 35", "highway": "bus_stop", "public_transport": "stop_position", "bus": "yes", "stop_role": "platform", "operator": null, "district_name": "Uchtepa district", "district_assignment": "within" }, "geometry": { "type": "Point", "coordinates": [ 69.1752375, 41.2707487 ] } },
{ "type": "Feature", "properties": { "osm_element": "node", "osm_id": 13784730798, "name": "Chilonzor dahasi 19-mavze", "name_ru": "Массив \"Чиланзар\", квартал 19", "highway": "bus_stop", "public_transport": "stop_position", "bus": "yes", "stop_role": "platform", "operator": null, "district_name": "Chilanzar district", "district_assignment": "boundary_nearest" }, "geometry": { "type": "Point", "coordinates": [ 69.1785084, 41.2718002 ] } },
{ "type": "Feature", "properties": { "osm_element": "node", "osm_id": 13784730799, "name": "Al-Xorazmiy dahasi", "name_ru": "Массив \"Аль-Хорезми\"", "highway": "bus_stop", "public_transport": "stop_position", "bus": "yes", "stop_role": "platform", "operator": null, "district_name": "Chilanzar district", "district_assignment": "within" }, "geometry": { "type": "Point", "coordinates": [ 69.150722, 41.2612474 ] } },
{ "type": "Feature", "properties": { "osm_element": "node", "osm_id": 13784730800, "name": "Chilonzor dahasi 18-mavze", "name_ru": "Массив \"Чиланзар\", квартал 18", "highway": "bus_stop", "public_transport": "stop_position", "bus": "yes", "stop_role": "platform", "operator": null, "district_name": "Chilanzar district", "district_assignment": "boundary_nearest" }, "geometry": { "type": "Point", "coordinates": [ 69.1869906, 41.2737958 ] } },
{ "type": "Feature", "properties": { "osm_element": "node", "osm_id": 13784814809, "name": "Yo'ldosh dahasi 11-mavze", "name_ru": "Массив \"Спутник\", квартал 11", "highway": "bus_stop", "public_transport": "stop_position", "bus": "yes", "stop_role": "platform", "operator": null, "district_name": "Yangikhayot district", "district_assignment": "within" }, "geometry": { "type": "Point", "coordinates": [ 69.2291165, 41.1965829 ] } },
{ "type": "Feature", "properties": { "osm_element": "node", "osm_id": 13784814810, "name": "Yo'ldosh dahasi 10-mavze", "name_ru": "Массив \"Спутник\", квартал 13", "highway": "bus_stop", "public_transport": "stop_position", "bus": "yes", "stop_role": "platform", "operator": null, "district_name": "Yangikhayot district", "district_assignment": "within" }, "geometry": { "type": "Point", "coordinates": [ 69.222755, 41.194314 ] } },
{ "type": "Feature", "properties": { "osm_element": "node", "osm_id": 13784814815, "name": "Yo'ldosh dahasi 10-mavze", "name_ru": "Массив \"Спутник\", квартал 13", "highway": "bus_stop", "public_transport": "stop_position", "bus": "yes", "stop_role": "platform", "operator": null, "district_name": "Yangikhayot district", "district_assignment": "within" }, "geometry": { "type": "Point", "coordinates": [ 69.2218413, 41.1939416 ] } },
{ "type": "Feature", "properties": { "osm_element": "node", "osm_id": 13784814816, "name": "Yo'ldosh dahasi 11-mavze", "name_ru": "Массив \"Спутник\", квартал 11", "highway": "bus_stop", "public_transport": "stop_position", "bus": "yes", "stop_role": "platform", "operator": null, "district_name": "Yangikhayot district", "district_assignment": "within" }, "geometry": { "type": "Point", "coordinates": [ 69.2279112, 41.1964395 ] } },
{ "type": "Feature", "properties": { "osm_element": "node", "osm_id": 13784814818, "name": "Rayhon ko'chasiga burilish", "name_ru": "Улица Чартак", "highway": "bus_stop", "public_transport": "stop_position", "bus": "yes", "stop_role": "platform", "operator": null, "district_name": "Yangikhayot district", "district_assignment": "within" }, "geometry": { "type": "Point", "coordinates": [ 69.2343055, 41.1941458 ] } },
{ "type": "Feature", "properties": { "osm_element": "node", "osm_id": 13784814824, "name": "Zavod ko'chasi", "name_ru": "Улица Заводская", "highway": "bus_stop", "public_transport": "stop_position", "bus": "yes", "stop_role": "platform", "operator": null, "district_name": "Yangikhayot district", "district_assignment": "within" }, "geometry": { "type": "Point", "coordinates": [ 69.2302316, 41.1866436 ] } },
{ "type": "Feature", "properties": { "osm_element": "node", "osm_id": 13784814837, "name": "Novator IChB", "name_ru": "Посёлок \"Новатор\"", "highway": "bus_stop", "public_transport": "stop_position", "bus": "yes", "stop_role": "platform", "operator": null, "district_name": "Yangikhayot district", "district_assignment": "within" }, "geometry": { "type": "Point", "coordinates": [ 69.2377673, 41.1861003 ] } },
{ "type": "Feature", "properties": { "osm_element": "node", "osm_id": 13787226403, "name": "Yangiobod mavzesi", "name_ru": "Массив \"Янгиабад\"", "highway": "bus_stop", "public_transport": "stop_position", "bus": "yes", "stop_role": "platform", "operator": null, "district_name": "Yashnabad district", "district_assignment": "within" }, "geometry": { "type": "Point", "coordinates": [ 69.353592, 41.2644292 ] } },
{ "type": "Feature", "properties": { "osm_element": "node", "osm_id": 13787601875, "name": "Chingeldi qabristoni", "name_ru": null, "highway": "bus_stop", "public_transport": "stop_position", "bus": "yes", "stop_role": "platform", "operator": null, "district_name": "Yashnabad district", "district_assignment": "within" }, "geometry": { "type": "Point", "coordinates": [ 69.4511989, 41.3345502 ] } },
{ "type": "Feature", "properties": { "osm_element": "node", "osm_id": 13787601878, "name": "Asalarichi koʻchasi", "name_ru": null, "highway": "bus_stop", "public_transport": "stop_position", "bus": "yes", "stop_role": "platform", "operator": null, "district_name": "Yashnabad district", "district_assignment": "within" }, "geometry": { "type": "Point", "coordinates": [ 69.4458403, 41.3361158 ] } },
{ "type": "Feature", "properties": { "osm_element": "node", "osm_id": 13787601879, "name": "Asalarichi koʻchasi", "name_ru": null, "highway": "bus_stop", "public_transport": "stop_position", "bus": "yes", "stop_role": "platform", "operator": null, "district_name": "Yashnabad district", "district_assignment": "within" }, "geometry": { "type": "Point", "coordinates": [ 69.4470744, 41.335661 ] } },
{ "type": "Feature", "properties": { "osm_element": "node", "osm_id": 13787601882, "name": "Iqtidor mahallasi", "name_ru": null, "highway": "bus_stop", "public_transport": "stop_position", "bus": "yes", "stop_role": "platform", "operator": null, "district_name": "Yashnabad district", "district_assignment": "within" }, "geometry": { "type": "Point", "coordinates": [ 69.4417233, 41.3354938 ] } },
{ "type": "Feature", "properties": { "osm_element": "node", "osm_id": 13787601883, "name": "Iqtidor mahallasi", "name_ru": null, "highway": "bus_stop", "public_transport": "stop_position", "bus": "yes", "stop_role": "platform", "operator": null, "district_name": "Yashnabad district", "district_assignment": "within" }, "geometry": { "type": "Point", "coordinates": [ 69.4422036, 41.335525 ] } },
{ "type": "Feature", "properties": { "osm_element": "node", "osm_id": 13787601885, "name": "344-Maktab", "name_ru": null, "highway": "bus_stop", "public_transport": "stop_position", "bus": "yes", "stop_role": "platform", "operator": null, "district_name": "Yashnabad district", "district_assignment": "within" }, "geometry": { "type": "Point", "coordinates": [ 69.4396851, 41.3349545 ] } },
{ "type": "Feature", "properties": { "osm_element": "node", "osm_id": 13787601890, "name": "Choʻlpon koʻchasi", "name_ru": "Улица Чулпон", "highway": "bus_stop", "public_transport": "stop_position", "bus": "yes", "stop_role": "platform", "operator": null, "district_name": "Yashnabad district", "district_assignment": "within" }, "geometry": { "type": "Point", "coordinates": [ 69.4337259, 41.3337807 ] } },
{ "type": "Feature", "properties": { "osm_element": "node", "osm_id": 13787601891, "name": "Choʻlpon koʻchasi", "name_ru": "Улица Чулпон", "highway": "bus_stop", "public_transport": "stop_position", "bus": "yes", "stop_role": "platform", "operator": null, "district_name": "Yashnabad district", "district_assignment": "within" }, "geometry": { "type": "Point", "coordinates": [ 69.4351396, 41.333981 ] } },
{ "type": "Feature", "properties": { "osm_element": "node", "osm_id": 13787601894, "name": "Uchxoz mahallasi", "name_ru": "Махаля \"Учхоз\"", "highway": "bus_stop", "public_transport": "stop_position", "bus": "yes", "stop_role": "platform", "operator": null, "district_name": "Yashnabad district", "district_assignment": "within" }, "geometry": { "type": "Point", "coordinates": [ 69.4290433, 41.3327333 ] } },
{ "type": "Feature", "properties": { "osm_element": "node", "osm_id": 13787601895, "name": "Uchxoz mahallasi", "name_ru": "Махаля \"Учхоз\"", "highway": "bus_stop", "public_transport": "stop_position", "bus": "yes", "stop_role": "platform", "operator": null, "district_name": "Yashnabad district", "district_assignment": "within" }, "geometry": { "type": "Point", "coordinates": [ 69.4279371, 41.3325705 ] } },
{ "type": "Feature", "properties": { "osm_element": "node", "osm_id": 13787601898, "name": "Kollej", "name_ru": null, "highway": "bus_stop", "public_transport": "stop_position", "bus": "yes", "stop_role": "platform", "operator": null, "district_name": "Yashnabad district", "district_assignment": "within" }, "geometry": { "type": "Point", "coordinates": [ 69.4139428, 41.3335406 ] } },
{ "type": "Feature", "properties": { "osm_element": "node", "osm_id": 13787603408, "name": "Milliy Bogʻ koʻchasi", "name_ru": null, "highway": "bus_stop", "public_transport": "stop_position", "bus": "yes", "stop_role": "platform", "operator": null, "district_name": "Yashnabad district", "district_assignment": "within" }, "geometry": { "type": "Point", "coordinates": [ 69.4007472, 41.335925 ] } },
{ "type": "Feature", "properties": { "osm_element": "node", "osm_id": 13787603409, "name": "Milliy Bogʻ koʻchasi", "name_ru": null, "highway": "bus_stop", "public_transport": "stop_position", "bus": "yes", "stop_role": "platform", "operator": null, "district_name": "Yashnabad district", "district_assignment": "within" }, "geometry": { "type": "Point", "coordinates": [ 69.3992743, 41.3362717 ] } },
{ "type": "Feature", "properties": { "osm_element": "node", "osm_id": 13787603410, "name": "Shukur Burhonov ko'chasi", "name_ru": "Улица Шукура Бурханова", "highway": "bus_stop", "public_transport": "stop_position", "bus": "yes", "stop_role": "platform", "operator": null, "district_name": "Mirzo Ulugbek district", "district_assignment": "within" }, "geometry": { "type": "Point", "coordinates": [ 69.3498828, 41.3410131 ] } },
{ "type": "Feature", "properties": { "osm_element": "node", "osm_id": 13787603411, "name": "Maishiy xizmat uyi", "name_ru": "Дом быта", "highway": "bus_stop", "public_transport": "stop_position", "bus": "yes", "stop_role": "platform", "operator": null, "district_name": "Mirzo Ulugbek district", "district_assignment": "within" }, "geometry": { "type": "Point", "coordinates": [ 69.3457725, 41.3435139 ] } },
{ "type": "Feature", "properties": { "osm_element": "node", "osm_id": 13787603412, "name": "IT Park", "name_ru": "Городской архив", "highway": "bus_stop", "public_transport": "stop_position", "bus": "yes", "stop_role": "platform", "operator": null, "district_name": "Mirzo Ulugbek district", "district_assignment": "within" }, "geometry": { "type": "Point", "coordinates": [ 69.3363983, 41.340675 ] } },
{ "type": "Feature", "properties": { "osm_element": "node", "osm_id": 13787603456, "name": "Ziyolilar ko'chasi", "name_ru": "Улица Зиёлилар", "highway": "bus_stop", "public_transport": "stop_position", "bus": "yes", "stop_role": "platform", "operator": null, "district_name": "Mirzo Ulugbek district", "district_assignment": "within" }, "geometry": { "type": "Point", "coordinates": [ 69.3187579, 41.3360105 ] } },
{ "type": "Feature", "properties": { "osm_element": "node", "osm_id": 13787603457, "name": "Bojxona kolleji", "name_ru": "Таможенный колледж", "highway": "bus_stop", "public_transport": "stop_position", "bus": "yes", "stop_role": "platform", "operator": null, "district_name": "Mirzo Ulugbek district", "district_assignment": "within" }, "geometry": { "type": "Point", "coordinates": [ 69.3038726, 41.3337186 ] } },
{ "type": "Feature", "properties": { "osm_element": "node", "osm_id": 13787603492, "name": "Yunusobod dahasi 9-mavze", "name_ru": "Массив \"Юнусабад\", квартал 9", "highway": "bus_stop", "public_transport": "stop_position", "bus": "yes", "stop_role": "platform", "operator": null, "district_name": "Yunusabad district", "district_assignment": "within" }, "geometry": { "type": "Point", "coordinates": [ 69.2822273, 41.3778506 ] } },
{ "type": "Feature", "properties": { "osm_element": "node", "osm_id": 13787728632, "name": "Bojxona kolleji", "name_ru": "Таможенный колледж", "highway": "bus_stop", "public_transport": "stop_position", "bus": "yes", "stop_role": "platform", "operator": null, "district_name": "Mirzo Ulugbek district", "district_assignment": "within" }, "geometry": { "type": "Point", "coordinates": [ 69.3019807, 41.3335129 ] } },
{ "type": "Feature", "properties": { "osm_element": "node", "osm_id": 13787728634, "name": "Maishiy xizmat uyi", "name_ru": "Дом быта", "highway": "bus_stop", "public_transport": "stop_position", "bus": "yes", "stop_role": "platform", "operator": null, "district_name": "Mirzo Ulugbek district", "district_assignment": "within" }, "geometry": { "type": "Point", "coordinates": [ 69.3445349, 41.3443711 ] } },
{ "type": "Feature", "properties": { "osm_element": "node", "osm_id": 13787728636, "name": "Qorasuv 2-mavzesi", "name_ru": "Массив \"Карасу\"-2", "highway": "bus_stop", "public_transport": "stop_position", "bus": "yes", "stop_role": "platform", "operator": null, "district_name": "Mirzo Ulugbek district", "district_assignment": "within" }, "geometry": { "type": "Point", "coordinates": [ 69.365195, 41.331784 ] } },
{ "type": "Feature", "properties": { "osm_element": "node", "osm_id": 13787728639, "name": "Toʻqaytepa", "name_ru": "Махалля \"Тукайтепа\"", "highway": "bus_stop", "public_transport": "stop_position", "bus": "yes", "stop_role": "platform", "operator": null, "district_name": "Yashnabad district", "district_assignment": "within" }, "geometry": { "type": "Point", "coordinates": [ 69.4086766, 41.3345705 ] } },
{ "type": "Feature", "properties": { "osm_element": "node", "osm_id": 13787728640, "name": "Uchxoz", "name_ru": "Массив \"Учхоз\"", "highway": "bus_stop", "public_transport": "stop_position", "bus": "yes", "stop_role": "platform", "operator": null, "district_name": "Yashnabad district", "district_assignment": "within" }, "geometry": { "type": "Point", "coordinates": [ 69.4224513, 41.3320799 ] } },
{ "type": "Feature", "properties": { "osm_element": "node", "osm_id": 13787728642, "name": "344-Maktab", "name_ru": null, "highway": "bus_stop", "public_transport": "stop_position", "bus": "yes", "stop_role": "platform", "operator": null, "district_name": "Yashnabad district", "district_assignment": "within" }, "geometry": { "type": "Point", "coordinates": [ 69.4385665, 41.334803 ] } },
{ "type": "Feature", "properties": { "osm_element": "node", "osm_id": 13789894603, "name": "Toshkent MUM", "name_ru": "ЦУМ \"Ташкент\"", "highway": "bus_stop", "public_transport": "stop_position", "bus": "yes", "stop_role": "platform", "operator": null, "district_name": "Mirabad district", "district_assignment": "within" }, "geometry": { "type": "Point", "coordinates": [ 69.2701401, 41.3088627 ] } },
{ "type": "Feature", "properties": { "osm_element": "node", "osm_id": 13789894706, "name": "Toshkent MUM", "name_ru": "ЦУМ \"Ташкент\"", "highway": "bus_stop", "public_transport": "stop_position", "bus": "yes", "stop_role": "platform", "operator": null, "district_name": "Mirabad district", "district_assignment": "within" }, "geometry": { "type": "Point", "coordinates": [ 69.2705141, 41.3086721 ] } },
{ "type": "Feature", "properties": { "osm_element": "node", "osm_id": 13803049083, "name": "Gagarin ko'chasi", "name_ru": "ул. Гагарина", "highway": "bus_stop", "public_transport": "stop_position", "bus": "yes", "stop_role": "platform", "operator": null, "district_name": "Chilanzar district", "district_assignment": "within" }, "geometry": { "type": "Point", "coordinates": [ 69.2280957, 41.2808963 ] } },
{ "type": "Feature", "properties": { "osm_element": "node", "osm_id": 13803049084, "name": "Gagarin ko'chasi", "name_ru": "ул. Гагарина", "highway": "bus_stop", "public_transport": "stop_position", "bus": "yes", "stop_role": "platform", "operator": null, "district_name": "Chilanzar district", "district_assignment": "within" }, "geometry": { "type": "Point", "coordinates": [ 69.2281586, 41.280856 ] } },
{ "type": "Feature", "properties": { "osm_element": "node", "osm_id": 13803896858, "name": "Bayot 1-tor ko'chasi", "name_ru": "Улица Баёт", "highway": "bus_stop", "public_transport": "stop_position", "bus": "yes", "stop_role": "platform", "operator": null, "district_name": "Uchtepa district", "district_assignment": "within" }, "geometry": { "type": "Point", "coordinates": [ 69.1335548, 41.2751127 ] } },
{ "type": "Feature", "properties": { "osm_element": "node", "osm_id": 13803896859, "name": "297-sonli maktab", "name_ru": "Школа № 297", "highway": "bus_stop", "public_transport": "stop_position", "bus": "yes", "stop_role": "platform", "operator": null, "district_name": "Uchtepa district", "district_assignment": "within" }, "geometry": { "type": "Point", "coordinates": [ 69.1394876, 41.2814212 ] } },
{ "type": "Feature", "properties": { "osm_element": "node", "osm_id": 13803896861, "name": "Fabrika", "name_ru": "Текстильная фабрика", "highway": "bus_stop", "public_transport": "stop_position", "bus": "yes", "stop_role": "platform", "operator": null, "district_name": "Uchtepa district", "district_assignment": "within" }, "geometry": { "type": "Point", "coordinates": [ 69.1610765, 41.3071068 ] } },
{ "type": "Feature", "properties": { "osm_element": "node", "osm_id": 13803896862, "name": "Yong'oq", "name_ru": "Ёнгок", "highway": "bus_stop", "public_transport": "stop_position", "bus": "yes", "stop_role": "platform", "operator": null, "district_name": "Uchtepa district", "district_assignment": "within" }, "geometry": { "type": "Point", "coordinates": [ 69.1737617, 41.3103982 ] } },
{ "type": "Feature", "properties": { "osm_element": "node", "osm_id": 13803896863, "name": "Qurilish kolleji", "name_ru": "Строительный колледж", "highway": "bus_stop", "public_transport": "stop_position", "bus": "yes", "stop_role": "platform", "operator": null, "district_name": "Uchtepa district", "district_assignment": "within" }, "geometry": { "type": "Point", "coordinates": [ 69.1829594, 41.3131382 ] } },
{ "type": "Feature", "properties": { "osm_element": "node", "osm_id": 13803896870, "name": "Yong'oq", "name_ru": "Ёнгок", "highway": "bus_stop", "public_transport": "stop_position", "bus": "yes", "stop_role": "platform", "operator": null, "district_name": "Uchtepa district", "district_assignment": "within" }, "geometry": { "type": "Point", "coordinates": [ 69.1727457, 41.3101578 ] } },
{ "type": "Feature", "properties": { "osm_element": "node", "osm_id": 13803896871, "name": "Beshqayrag'och do'koni", "name_ru": "Магазин \"Бешкайрагач\"", "highway": "bus_stop", "public_transport": "stop_position", "bus": "yes", "stop_role": "platform", "operator": null, "district_name": "Uchtepa district", "district_assignment": "within" }, "geometry": { "type": "Point", "coordinates": [ 69.1684834, 41.3094608 ] } },
{ "type": "Feature", "properties": { "osm_element": "node", "osm_id": 13803896872, "name": "Fabrika", "name_ru": "Текстильная фабрика", "highway": "bus_stop", "public_transport": "stop_position", "bus": "yes", "stop_role": "platform", "operator": null, "district_name": "Uchtepa district", "district_assignment": "within" }, "geometry": { "type": "Point", "coordinates": [ 69.1620043, 41.3076124 ] } },
{ "type": "Feature", "properties": { "osm_element": "node", "osm_id": 13803896897, "name": "Sharaf ko'chasi", "name_ru": "Улица Шарафа", "highway": "bus_stop", "public_transport": "stop_position", "bus": "yes", "stop_role": "platform", "operator": null, "district_name": "Uchtepa district", "district_assignment": "within" }, "geometry": { "type": "Point", "coordinates": [ 69.1585084, 41.3054053 ] } },
{ "type": "Feature", "properties": { "osm_element": "node", "osm_id": 13803900004, "name": "Nazarbek ko'prik", "name_ru": "Мост Назарбек", "highway": "bus_stop", "public_transport": "stop_position", "bus": "yes", "stop_role": "platform", "operator": null, "district_name": "Uchtepa district", "district_assignment": "within" }, "geometry": { "type": "Point", "coordinates": [ 69.1532119, 41.3054616 ] } },
{ "type": "Feature", "properties": { "osm_element": "node", "osm_id": 13803900008, "name": "Masjid", "name_ru": "Мечеть", "highway": "bus_stop", "public_transport": "stop_position", "bus": "yes", "stop_role": "platform", "operator": null, "district_name": "Uchtepa district", "district_assignment": "within" }, "geometry": { "type": "Point", "coordinates": [ 69.1424811, 41.2868527 ] } },
{ "type": "Feature", "properties": { "osm_element": "node", "osm_id": 13803900013, "name": "297-sonli maktab", "name_ru": "Школа № 297", "highway": "bus_stop", "public_transport": "stop_position", "bus": "yes", "stop_role": "platform", "operator": null, "district_name": "Uchtepa district", "district_assignment": "within" }, "geometry": { "type": "Point", "coordinates": [ 69.1392224, 41.2810597 ] } },
{ "type": "Feature", "properties": { "osm_element": "node", "osm_id": 13803900014, "name": "Mustaqillik mahallasi", "name_ru": "Махалля \"Мустакиллик\"", "highway": "bus_stop", "public_transport": "stop_position", "bus": "yes", "stop_role": "platform", "operator": null, "district_name": "Uchtepa district", "district_assignment": "within" }, "geometry": { "type": "Point", "coordinates": [ 69.1366317, 41.2776721 ] } },
{ "type": "Feature", "properties": { "osm_element": "node", "osm_id": 13807012925, "name": null, "name_ru": "ОМЗ", "highway": "bus_stop", "public_transport": "stop_position", "bus": "yes", "stop_role": "platform", "operator": null, "district_name": "Bektemir district", "district_assignment": "within" }, "geometry": { "type": "Point", "coordinates": [ 69.3403786, 41.2330197 ] } },
{ "type": "Feature", "properties": { "osm_element": "node", "osm_id": 13807012928, "name": "Zanjirsaroy ko'chasi", "name_ru": "Улица Занжирсарай", "highway": "bus_stop", "public_transport": "stop_position", "bus": "yes", "stop_role": "platform", "operator": null, "district_name": "Yashnabad district", "district_assignment": "within" }, "geometry": { "type": "Point", "coordinates": [ 69.3454925, 41.2794214 ] } },
{ "type": "Feature", "properties": { "osm_element": "node", "osm_id": 13840873548, "name": "Guliston koʻchasi", "name_ru": "Улица Гулистан", "highway": "bus_stop", "public_transport": "stop_position", "bus": "yes", "stop_role": "platform", "operator": null, "district_name": "Uchtepa district", "district_assignment": "within" }, "geometry": { "type": "Point", "coordinates": [ 69.1643744, 41.2688641 ] } },
{ "type": "Feature", "properties": { "osm_element": "node", "osm_id": 13840873549, "name": "Xiva koʻchasi", "name_ru": "Улица Хива", "highway": "bus_stop", "public_transport": "stop_position", "bus": "yes", "stop_role": "platform", "operator": null, "district_name": "Chilanzar district", "district_assignment": "within" }, "geometry": { "type": "Point", "coordinates": [ 69.226863, 41.2956284 ] } },
{ "type": "Feature", "properties": { "osm_element": "node", "osm_id": 13840873559, "name": "Xiva koʻchasi", "name_ru": "Улица Хива", "highway": "bus_stop", "public_transport": "stop_position", "bus": "yes", "stop_role": "platform", "operator": null, "district_name": "Chilanzar district", "district_assignment": "within" }, "geometry": { "type": "Point", "coordinates": [ 69.2279124, 41.2957404 ] } },
{ "type": "Feature", "properties": { "osm_element": "node", "osm_id": 13840873568, "name": "Guliston koʻchasi", "name_ru": "Улица Гулистан", "highway": "bus_stop", "public_transport": "stop_position", "bus": "yes", "stop_role": "platform", "operator": null, "district_name": "Uchtepa district", "district_assignment": "within" }, "geometry": { "type": "Point", "coordinates": [ 69.1648766, 41.2691029 ] } },
{ "type": "Feature", "properties": { "osm_element": "node", "osm_id": 13846500098, "name": "Choshtepa 6-tor koʻchasi", "name_ru": "Почта", "highway": "bus_stop", "public_transport": "stop_position", "bus": "yes", "stop_role": "platform", "operator": null, "district_name": "Yangikhayot district", "district_assignment": "within" }, "geometry": { "type": "Point", "coordinates": [ 69.1844772, 41.2309358 ] } },
{ "type": "Feature", "properties": { "osm_element": "node", "osm_id": 13846524520, "name": "32-Maktab", "name_ru": "Школа № 32", "highway": "bus_stop", "public_transport": "stop_position", "bus": "yes", "stop_role": "platform", "operator": null, "district_name": "Yangikhayot district", "district_assignment": "within" }, "geometry": { "type": "Point", "coordinates": [ 69.1875017, 41.2346413 ] } },
{ "type": "Feature", "properties": { "osm_element": "node", "osm_id": 13846524521, "name": "Choshtepa 13-berk koʻchasi", "name_ru": "Экспедиция", "highway": "bus_stop", "public_transport": "stop_position", "bus": "yes", "stop_role": "platform", "operator": null, "district_name": "Yangikhayot district", "district_assignment": "within" }, "geometry": { "type": "Point", "coordinates": [ 69.191963, 41.2383177 ] } },
{ "type": "Feature", "properties": { "osm_element": "node", "osm_id": 13846524524, "name": "11-Oilaviy poliklinika", "name_ru": "Поликлиника № 11", "highway": "bus_stop", "public_transport": "stop_position", "bus": "yes", "stop_role": "platform", "operator": null, "district_name": "Sergeli district", "district_assignment": "within" }, "geometry": { "type": "Point", "coordinates": [ 69.197493, 41.2412786 ] } },
{ "type": "Feature", "properties": { "osm_element": "node", "osm_id": 13846524526, "name": "Choshtepa 1-berk koʻchasi", "name_ru": "Махалля им. Алишера Навои", "highway": "bus_stop", "public_transport": "stop_position", "bus": "yes", "stop_role": "platform", "operator": null, "district_name": "Sergeli district", "district_assignment": "within" }, "geometry": { "type": "Point", "coordinates": [ 69.201359, 41.2440239 ] } },
{ "type": "Feature", "properties": { "osm_element": "node", "osm_id": 13846524527, "name": "Sobir Rahimov stansiyasi", "name_ru": "Станция Сабира Рахимова", "highway": "bus_stop", "public_transport": "stop_position", "bus": "yes", "stop_role": "platform", "operator": null, "district_name": "Sergeli district", "district_assignment": "within" }, "geometry": { "type": "Point", "coordinates": [ 69.2082692, 41.2478923 ] } },
{ "type": "Feature", "properties": { "osm_element": "node", "osm_id": 13846524529, "name": "4-Avtobus saroyi", "name_ru": "Автобусный парк № 4", "highway": "bus_stop", "public_transport": "stop_position", "bus": "yes", "stop_role": "platform", "operator": null, "district_name": "Sergeli district", "district_assignment": "within" }, "geometry": { "type": "Point", "coordinates": [ 69.2124801, 41.250613 ] } },
{ "type": "Feature", "properties": { "osm_element": "node", "osm_id": 13846524531, "name": "Choshtepa koʻchasi", "name_ru": "Кафе \"Табассум\"", "highway": "bus_stop", "public_transport": "stop_position", "bus": "yes", "stop_role": "platform", "operator": null, "district_name": "Sergeli district", "district_assignment": "within" }, "geometry": { "type": "Point", "coordinates": [ 69.2144487, 41.2520332 ] } },
{ "type": "Feature", "properties": { "osm_element": "node", "osm_id": 13846524550, "name": "Choshtepa koʻchasi", "name_ru": "Кафе \"Табассум\"", "highway": "bus_stop", "public_transport": "stop_position", "bus": "yes", "stop_role": "platform", "operator": null, "district_name": "Sergeli district", "district_assignment": "within" }, "geometry": { "type": "Point", "coordinates": [ 69.2150996, 41.2523806 ] } },
{ "type": "Feature", "properties": { "osm_element": "node", "osm_id": 13846524554, "name": "4-Avtobus saroyi", "name_ru": "Автобусный парк № 4", "highway": "bus_stop", "public_transport": "stop_position", "bus": "yes", "stop_role": "platform", "operator": null, "district_name": "Sergeli district", "district_assignment": "within" }, "geometry": { "type": "Point", "coordinates": [ 69.2132745, 41.2510436 ] } },
{ "type": "Feature", "properties": { "osm_element": "node", "osm_id": 13846524556, "name": "Sobir Rahimov stansiyasi", "name_ru": "Станция Сабира Рахимова", "highway": "bus_stop", "public_transport": "stop_position", "bus": "yes", "stop_role": "platform", "operator": null, "district_name": "Sergeli district", "district_assignment": "within" }, "geometry": { "type": "Point", "coordinates": [ 69.2096292, 41.2486207 ] } },
{ "type": "Feature", "properties": { "osm_element": "node", "osm_id": 13846524558, "name": "Choshtepa 1-berk koʻchasi", "name_ru": "Махалля им. Алишера Навои", "highway": "bus_stop", "public_transport": "stop_position", "bus": "yes", "stop_role": "platform", "operator": null, "district_name": "Sergeli district", "district_assignment": "within" }, "geometry": { "type": "Point", "coordinates": [ 69.2020368, 41.2443757 ] } },
{ "type": "Feature", "properties": { "osm_element": "node", "osm_id": 13846524562, "name": "Choshtepa metro bekati", "name_ru": "Станция метро \"Чаштепа\"", "highway": "bus_stop", "public_transport": "stop_position", "bus": "yes", "stop_role": "platform", "operator": null, "district_name": "Yangikhayot district", "district_assignment": "within" }, "geometry": { "type": "Point", "coordinates": [ 69.1948643, 41.2393905 ] } },
{ "type": "Feature", "properties": { "osm_element": "node", "osm_id": 13846524576, "name": "Choshtepa 13-berk koʻchasi", "name_ru": "Экспедиция", "highway": "bus_stop", "public_transport": "stop_position", "bus": "yes", "stop_role": "platform", "operator": null, "district_name": "Yangikhayot district", "district_assignment": "within" }, "geometry": { "type": "Point", "coordinates": [ 69.1929755, 41.2386639 ] } },
{ "type": "Feature", "properties": { "osm_element": "node", "osm_id": 13846524578, "name": "32-Maktab", "name_ru": "Школа № 32", "highway": "bus_stop", "public_transport": "stop_position", "bus": "yes", "stop_role": "platform", "operator": null, "district_name": "Yangikhayot district", "district_assignment": "within" }, "geometry": { "type": "Point", "coordinates": [ 69.1881694, 41.2352939 ] } },
{ "type": "Feature", "properties": { "osm_element": "node", "osm_id": 13846524582, "name": "Choshtepa 6-tor koʻchasi", "name_ru": "Почта", "highway": "bus_stop", "public_transport": "stop_position", "bus": "yes", "stop_role": "platform", "operator": null, "district_name": "Yangikhayot district", "district_assignment": "within" }, "geometry": { "type": "Point", "coordinates": [ 69.1852947, 41.2317787 ] } },
{ "type": "Feature", "properties": { "osm_element": "node", "osm_id": 13846524591, "name": "Erkin qoʻrgʻoni", "name_ru": "Посёлок \"Эркин\"", "highway": "bus_stop", "public_transport": "stop_position", "bus": "yes", "stop_role": "platform", "operator": null, "district_name": "Yangikhayot district", "district_assignment": "within" }, "geometry": { "type": "Point", "coordinates": [ 69.18033, 41.2268387 ] } },
{ "type": "Feature", "properties": { "osm_element": "node", "osm_id": 13846524592, "name": "Erkin qoʻrgʻoni", "name_ru": "Посёлок \"Эркин\"", "highway": "bus_stop", "public_transport": "stop_position", "bus": "yes", "stop_role": "platform", "operator": null, "district_name": "Yangikhayot district", "district_assignment": "within" }, "geometry": { "type": "Point", "coordinates": [ 69.1790263, 41.2258724 ] } },
{ "type": "Feature", "properties": { "osm_element": "node", "osm_id": 13846524596, "name": "Erkin qoʻrgʻoni", "name_ru": "Посёлок \"Эркин\"", "highway": "bus_stop", "public_transport": "stop_position", "bus": "yes", "stop_role": "platform", "operator": null, "district_name": "Yangikhayot district", "district_assignment": "within" }, "geometry": { "type": "Point", "coordinates": [ 69.1791671, 41.2258045 ] } },
{ "type": "Feature", "properties": { "osm_element": "node", "osm_id": 13850385062, "name": "Прокуратура", "name_ru": "Прокуратура", "highway": "bus_stop", "public_transport": "stop_position", "bus": "yes", "stop_role": "platform", "operator": null, "district_name": "Yangikhayot district", "district_assignment": "within" }, "geometry": { "type": "Point", "coordinates": [ 69.2211654, 41.202012 ] } },
{ "type": "Feature", "properties": { "osm_element": "node", "osm_id": 13850385063, "name": "Passport stoli", "name_ru": "Паспортный стол", "highway": "bus_stop", "public_transport": "stop_position", "bus": "yes", "stop_role": "platform", "operator": null, "district_name": "Yangikhayot district", "district_assignment": "within" }, "geometry": { "type": "Point", "coordinates": [ 69.2284636, 41.2030719 ] } },
{ "type": "Feature", "properties": { "osm_element": "node", "osm_id": 13850385064, "name": "Sofdil ko'chasi", "name_ru": "Улица Софдил", "highway": "bus_stop", "public_transport": "stop_position", "bus": "yes", "stop_role": "platform", "operator": null, "district_name": "Yangikhayot district", "district_assignment": "within" }, "geometry": { "type": "Point", "coordinates": [ 69.2332714, 41.2050539 ] } },
{ "type": "Feature", "properties": { "osm_element": "node", "osm_id": 13850385066, "name": "Litsey", "name_ru": "Лицей", "highway": "bus_stop", "public_transport": "stop_position", "bus": "yes", "stop_role": "platform", "operator": null, "district_name": "Yangikhayot district", "district_assignment": "within" }, "geometry": { "type": "Point", "coordinates": [ 69.2324286, 41.2089551 ] } },
{ "type": "Feature", "properties": { "osm_element": "node", "osm_id": 13850385071, "name": "Yo'ldosh dahasi 4-mavze", "name_ru": "Массив \"Спутник\", квартал 4", "highway": "bus_stop", "public_transport": "stop_position", "bus": "yes", "stop_role": "platform", "operator": null, "district_name": "Yangikhayot district", "district_assignment": "within" }, "geometry": { "type": "Point", "coordinates": [ 69.2297207, 41.2055462 ] } },
{ "type": "Feature", "properties": { "osm_element": "node", "osm_id": 13850385072, "name": "Sofdil ko'chasi", "name_ru": "Улица Софдил", "highway": "bus_stop", "public_transport": "stop_position", "bus": "yes", "stop_role": "platform", "operator": null, "district_name": "Yangikhayot district", "district_assignment": "within" }, "geometry": { "type": "Point", "coordinates": [ 69.225268, 41.2019857 ] } },
{ "type": "Feature", "properties": { "osm_element": "node", "osm_id": 13850385073, "name": "Yo'ldosh dahasi 10-mavze", "name_ru": "Массив \"Спутник\", квартал 10", "highway": "bus_stop", "public_transport": "stop_position", "bus": "yes", "stop_role": "platform", "operator": null, "district_name": "Yangikhayot district", "district_assignment": "within" }, "geometry": { "type": "Point", "coordinates": [ 69.2263218, 41.2005006 ] } },
{ "type": "Feature", "properties": { "osm_element": "node", "osm_id": 13850385098, "name": "Do'stlik-2 dahasi", "name_ru": "Массив \"Дустлик\", квартал 2", "highway": "bus_stop", "public_transport": "stop_position", "bus": "yes", "stop_role": "platform", "operator": null, "district_name": "Yangikhayot district", "district_assignment": "within" }, "geometry": { "type": "Point", "coordinates": [ 69.2057911, 41.1918399 ] } },
{ "type": "Feature", "properties": { "osm_element": "node", "osm_id": 13867451960, "name": "Yuristlar malakasini oshirish markazi", "name_ru": "Лицей № 17", "highway": "bus_stop", "public_transport": "stop_position", "bus": "yes", "stop_role": "platform", "operator": null, "district_name": "Mirzo Ulugbek district", "district_assignment": "within" }, "geometry": { "type": "Point", "coordinates": [ 69.3074536, 41.3308718 ] } },
{ "type": "Feature", "properties": { "osm_element": "node", "osm_id": 13867451961, "name": "Yuristlar malakasini oshirish markazi", "name_ru": "Лицей № 17", "highway": "bus_stop", "public_transport": "stop_position", "bus": "yes", "stop_role": "platform", "operator": null, "district_name": "Mirzo Ulugbek district", "district_assignment": "within" }, "geometry": { "type": "Point", "coordinates": [ 69.3095915, 41.3313036 ] } },
{ "type": "Feature", "properties": { "osm_element": "node", "osm_id": 13867451964, "name": "Ekskovator zavodi", "name_ru": "Экскаваторный завод", "highway": "bus_stop", "public_transport": "stop_position", "bus": "yes", "stop_role": "platform", "operator": null, "district_name": "Mirzo Ulugbek district", "district_assignment": "within" }, "geometry": { "type": "Point", "coordinates": [ 69.3112394, 41.3316394 ] } },
{ "type": "Feature", "properties": { "osm_element": "node", "osm_id": 13868195054, "name": "Bank", "name_ru": "Банк", "highway": "bus_stop", "public_transport": "stop_position", "bus": "yes", "stop_role": "platform", "operator": null, "district_name": "Sergeli district", "district_assignment": "within" }, "geometry": { "type": "Point", "coordinates": [ 69.2238748, 41.2190531 ] } },
{ "type": "Feature", "properties": { "osm_element": "node", "osm_id": 13868195056, "name": "Qoʻrgʻontepa koʻchasi", "name_ru": null, "highway": "bus_stop", "public_transport": "stop_position", "bus": "yes", "stop_role": "platform", "operator": null, "district_name": "Yangikhayot district", "district_assignment": "within" }, "geometry": { "type": "Point", "coordinates": [ 69.1957967, 41.2173354 ] } },
{ "type": "Feature", "properties": { "osm_element": "node", "osm_id": 13868195057, "name": "Sergeli dahasi 5A-mavze", "name_ru": "Массив \"Сергели\", квартал 5А", "highway": "bus_stop", "public_transport": "stop_position", "bus": "yes", "stop_role": "platform", "operator": null, "district_name": "Yangikhayot district", "district_assignment": "within" }, "geometry": { "type": "Point", "coordinates": [ 69.2001225, 41.2229113 ] } },
{ "type": "Feature", "properties": { "osm_element": "node", "osm_id": 13868195058, "name": "Qoʻrgʻontepa koʻchasi", "name_ru": null, "highway": "bus_stop", "public_transport": "stop_position", "bus": "yes", "stop_role": "platform", "operator": null, "district_name": "Yangikhayot district", "district_assignment": "within" }, "geometry": { "type": "Point", "coordinates": [ 69.1966625, 41.2181785 ] } },
{ "type": "Feature", "properties": { "osm_element": "node", "osm_id": 13868195060, "name": "Sergeli dahasi 7-mavze", "name_ru": "Массив \"Сергели\", квартал 7", "highway": "bus_stop", "public_transport": "stop_position", "bus": "yes", "stop_role": "platform", "operator": null, "district_name": "Sergeli district", "district_assignment": "within" }, "geometry": { "type": "Point", "coordinates": [ 69.2085362, 41.2213914 ] } },
{ "type": "Feature", "properties": { "osm_element": "node", "osm_id": 13868195063, "name": "Do'stlik-2 dahasi", "name_ru": "Массив \"Дустлик\", квартал 2", "highway": "bus_stop", "public_transport": "stop_position", "bus": "yes", "stop_role": "platform", "operator": null, "district_name": "Yangikhayot district", "district_assignment": "within" }, "geometry": { "type": "Point", "coordinates": [ 69.2058232, 41.1917889 ] } },
{ "type": "Feature", "properties": { "osm_element": "node", "osm_id": 13897443950, "name": "Uspenskiy Nomidagi Maktab", "name_ru": "Музыкальный лицей им. Успенского", "highway": "bus_stop", "public_transport": "stop_position", "bus": "yes", "stop_role": "platform", "operator": null, "district_name": "Mirzo Ulugbek district", "district_assignment": "within" }, "geometry": { "type": "Point", "coordinates": [ 69.2921177, 41.3083973 ] } },
{ "type": "Feature", "properties": { "osm_element": "node", "osm_id": 13897443952, "name": "Muxtor Ashrafiy muzeyi", "name_ru": "Музей Мухтара Ашрафи", "highway": "bus_stop", "public_transport": "stop_position", "bus": "yes", "stop_role": "platform", "operator": null, "district_name": "Mirzo Ulugbek district", "district_assignment": "within" }, "geometry": { "type": "Point", "coordinates": [ 69.2906583, 41.3145733 ] } },
{ "type": "Feature", "properties": { "osm_element": "node", "osm_id": 13897443962, "name": "Shastri koʻchasi", "name_ru": "Улица Шастри", "highway": "bus_stop", "public_transport": "stop_position", "bus": "yes", "stop_role": "platform", "operator": null, "district_name": "Mirzo Ulugbek district", "district_assignment": "within" }, "geometry": { "type": "Point", "coordinates": [ 69.2916567, 41.3125359 ] } },
{ "type": "Feature", "properties": { "osm_element": "node", "osm_id": 355227180, "name": null, "name_ru": null, "highway": null, "public_transport": "stop_position", "bus": "yes", "stop_role": "stop_position", "operator": null, "district_name": "Uchtepa district", "district_assignment": "within" }, "geometry": { "type": "Point", "coordinates": [ 69.1526766, 41.3057695 ] } },
{ "type": "Feature", "properties": { "osm_element": "node", "osm_id": 845839146, "name": "Mirzo Ulug'bek shox ko'chasi", "name_ru": "проспект Мирзо Улугбека", "highway": null, "public_transport": "stop_position", "bus": "yes", "stop_role": "stop_position", "operator": null, "district_name": "Yashnabad district", "district_assignment": "within" }, "geometry": { "type": "Point", "coordinates": [ 69.3077292, 41.3059575 ] } },
{ "type": "Feature", "properties": { "osm_element": "node", "osm_id": 956093771, "name": "Aeroport", "name_ru": "Аэропорт", "highway": null, "public_transport": "stop_position", "bus": "yes", "stop_role": "stop_position", "operator": null, "district_name": "Yakkasaray district", "district_assignment": "within" }, "geometry": { "type": "Point", "coordinates": [ 69.265253, 41.2704447 ] } },
{ "type": "Feature", "properties": { "osm_element": "node", "osm_id": 988621305, "name": "Minor metrosi", "name_ru": "Юнусабадский хокимият", "highway": null, "public_transport": "stop_position", "bus": "yes", "stop_role": "stop_position", "operator": null, "district_name": "Yunusabad district", "district_assignment": "within" }, "geometry": { "type": "Point", "coordinates": [ 69.2830543, 41.3271295 ] } },
{ "type": "Feature", "properties": { "osm_element": "node", "osm_id": 1024585825, "name": "Xusayn Boyqaro mahallasi", "name_ru": "Завод ЖБИ", "highway": null, "public_transport": "stop_position", "bus": "yes", "stop_role": "stop_position", "operator": null, "district_name": "Bektemir district", "district_assignment": "within" }, "geometry": { "type": "Point", "coordinates": [ 69.3505689, 41.2411185 ] } },
{ "type": "Feature", "properties": { "osm_element": "node", "osm_id": 1143717093, "name": "Salom choyxonasi", "name_ru": "Чайхана Салом", "highway": null, "public_transport": "stop_position", "bus": "yes", "stop_role": "stop_position", "operator": null, "district_name": "Mirzo Ulugbek district", "district_assignment": "within" }, "geometry": { "type": "Point", "coordinates": [ 69.3428541, 41.3279834 ] } },
{ "type": "Feature", "properties": { "osm_element": "node", "osm_id": 1143717117, "name": "Salom choyxonasi", "name_ru": "Чайхана Салом", "highway": null, "public_transport": "stop_position", "bus": "yes", "stop_role": "stop_position", "operator": null, "district_name": "Mirzo Ulugbek district", "district_assignment": "within" }, "geometry": { "type": "Point", "coordinates": [ 69.3429937, 41.3280959 ] } },
{ "type": "Feature", "properties": { "osm_element": "node", "osm_id": 1777835289, "name": "Chilonzor metro bekati", "name_ru": "Станция метро \"Чиланзар\"", "highway": null, "public_transport": "stop_position", "bus": "yes", "stop_role": "stop_position", "operator": null, "district_name": "Chilanzar district", "district_assignment": "within" }, "geometry": { "type": "Point", "coordinates": [ 69.2054386, 41.2736669 ] } },
{ "type": "Feature", "properties": { "osm_element": "node", "osm_id": 2006083390, "name": "Temiryo'lchilar san'at saroyi", "name_ru": "ДК Железнодорожников", "highway": null, "public_transport": "stop_position", "bus": "yes", "stop_role": "stop_position", "operator": null, "district_name": "Mirabad district", "district_assignment": "within" }, "geometry": { "type": "Point", "coordinates": [ 69.2865066, 41.2970278 ] } },
{ "type": "Feature", "properties": { "osm_element": "node", "osm_id": 2479937332, "name": "Hadra Maydoni", "name_ru": "Площадь Хадра", "highway": null, "public_transport": "stop_position", "bus": "yes", "stop_role": "stop_position", "operator": null, "district_name": "Shaykhantakhur district", "district_assignment": "within" }, "geometry": { "type": "Point", "coordinates": [ 69.2421196, 41.3209263 ] } },
{ "type": "Feature", "properties": { "osm_element": "node", "osm_id": 3128988827, "name": "Ruhiy kasalliklar shifoxonasi", "name_ru": "Психиатрическая больница", "highway": null, "public_transport": "stop_position", "bus": "yes", "stop_role": "stop_position", "operator": null, "district_name": "Mirabad district", "district_assignment": "within" }, "geometry": { "type": "Point", "coordinates": [ 69.2891102, 41.2861046 ] } },
{ "type": "Feature", "properties": { "osm_element": "node", "osm_id": 3933442264, "name": "Temiryo'lchilar san'at saroyi", "name_ru": "ДК Железнодорожников", "highway": null, "public_transport": "stop_position", "bus": "yes", "stop_role": "stop_position", "operator": null, "district_name": "Mirabad district", "district_assignment": "within" }, "geometry": { "type": "Point", "coordinates": [ 69.2864972, 41.2962719 ] } },
{ "type": "Feature", "properties": { "osm_element": "node", "osm_id": 3957625857, "name": "Beltepa dahasi", "name_ru": "Массив Белтепа", "highway": null, "public_transport": "stop_position", "bus": "yes", "stop_role": "stop_position", "operator": null, "district_name": "Shaykhantakhur district", "district_assignment": "within" }, "geometry": { "type": "Point", "coordinates": [ 69.1649308, 41.3400543 ] } },
{ "type": "Feature", "properties": { "osm_element": "node", "osm_id": 4180633197, "name": "Temiryo'lchilar san'at saroyi", "name_ru": "ДК Железнодорожников", "highway": null, "public_transport": "stop_position", "bus": "yes", "stop_role": "stop_position", "operator": null, "district_name": "Mirabad district", "district_assignment": "within" }, "geometry": { "type": "Point", "coordinates": [ 69.2865246, 41.2964288 ] } },
{ "type": "Feature", "properties": { "osm_element": "node", "osm_id": 4350615774, "name": "Oltintepa ko'chasi", "name_ru": "Улица Олтинтепа", "highway": null, "public_transport": "stop_position", "bus": "yes", "stop_role": "stop_position", "operator": null, "district_name": "Mirzo Ulugbek district", "district_assignment": "within" }, "geometry": { "type": "Point", "coordinates": [ 69.3308425, 41.3132864 ] } },
{ "type": "Feature", "properties": { "osm_element": "node", "osm_id": 4398412344, "name": null, "name_ru": null, "highway": null, "public_transport": "stop_position", "bus": "yes", "stop_role": "stop_position", "operator": null, "district_name": "Yashnabad district", "district_assignment": "within" }, "geometry": { "type": "Point", "coordinates": [ 69.3600676, 41.2999287 ] } },
{ "type": "Feature", "properties": { "osm_element": "node", "osm_id": 4412941710, "name": "Navro'z bozori", "name_ru": "рынок Навруз", "highway": null, "public_transport": "stop_position", "bus": "yes", "stop_role": "stop_position", "operator": null, "district_name": "Mirzo Ulugbek district", "district_assignment": "within" }, "geometry": { "type": "Point", "coordinates": [ 69.3552799, 41.3371442 ] } },
{ "type": "Feature", "properties": { "osm_element": "node", "osm_id": 4412941713, "name": "Navro'z bozori", "name_ru": "рынок Навруз", "highway": null, "public_transport": "stop_position", "bus": "yes", "stop_role": "stop_position", "operator": null, "district_name": "Mirzo Ulugbek district", "district_assignment": "within" }, "geometry": { "type": "Point", "coordinates": [ 69.3555003, 41.337243 ] } },
{ "type": "Feature", "properties": { "osm_element": "node", "osm_id": 4872114821, "name": "Gulobod kochasi ASHB", "name_ru": "Улица Гулабад", "highway": null, "public_transport": "stop_position", "bus": "yes", "stop_role": "stop_position", "operator": null, "district_name": "Shaykhantakhur district", "district_assignment": "within" }, "geometry": { "type": "Point", "coordinates": [ 69.2295735, 41.3241342 ] } },
{ "type": "Feature", "properties": { "osm_element": "node", "osm_id": 5108128025, "name": "Bobur maydoni", "name_ru": "Площадь Бабура", "highway": null, "public_transport": "stop_position", "bus": "yes", "stop_role": "stop_position", "operator": null, "district_name": "Yakkasaray district", "district_assignment": "within" }, "geometry": { "type": "Point", "coordinates": [ 69.2508356, 41.2920522 ] } },
{ "type": "Feature", "properties": { "osm_element": "node", "osm_id": 5174417821, "name": "Bel-Tepa 7 tor ko`cha", "name_ru": "7-й проезд Белтепа", "highway": null, "public_transport": "stop_position", "bus": "yes", "stop_role": "stop_position", "operator": null, "district_name": "Shaykhantakhur district", "district_assignment": "within" }, "geometry": { "type": "Point", "coordinates": [ 69.178005, 41.3455479 ] } },
{ "type": "Feature", "properties": { "osm_element": "node", "osm_id": 5254460878, "name": "Standart markazi", "name_ru": "Центр стандартов", "highway": null, "public_transport": "stop_position", "bus": "yes", "stop_role": "stop_position", "operator": null, "district_name": "Almazar district", "district_assignment": "within" }, "geometry": { "type": "Point", "coordinates": [ 69.2101947, 41.3420677 ] } },
{ "type": "Feature", "properties": { "osm_element": "node", "osm_id": 5641725966, "name": null, "name_ru": null, "highway": null, "public_transport": "stop_position", "bus": "yes", "stop_role": "stop_position", "operator": null, "district_name": "Almazar district", "district_assignment": "within" }, "geometry": { "type": "Point", "coordinates": [ 69.1788874, 41.3546071 ] } },
{ "type": "Feature", "properties": { "osm_element": "node", "osm_id": 5653146401, "name": null, "name_ru": null, "highway": null, "public_transport": "stop_position", "bus": "yes", "stop_role": "stop_position", "operator": null, "district_name": "Almazar district", "district_assignment": "within" }, "geometry": { "type": "Point", "coordinates": [ 69.178618, 41.3497186 ] } },
{ "type": "Feature", "properties": { "osm_element": "node", "osm_id": 5653349833, "name": "Standartlashtirish markazi", "name_ru": "Центр стандартизации", "highway": null, "public_transport": "stop_position", "bus": "yes", "stop_role": "stop_position", "operator": null, "district_name": "Almazar district", "district_assignment": "within" }, "geometry": { "type": "Point", "coordinates": [ 69.2102333, 41.3429146 ] } },
{ "type": "Feature", "properties": { "osm_element": "node", "osm_id": 5653750940, "name": "Professorlar mavzesi", "name_ru": "Микрорайон Професоров", "highway": null, "public_transport": "stop_position", "bus": "yes", "stop_role": "stop_position", "operator": null, "district_name": "Almazar district", "district_assignment": "within" }, "geometry": { "type": "Point", "coordinates": [ 69.189177, 41.3620053 ] } },
{ "type": "Feature", "properties": { "osm_element": "node", "osm_id": 5785991383, "name": "Dermatologiya instituti", "name_ru": "Институт Дерматалогии", "highway": null, "public_transport": "stop_position", "bus": "yes", "stop_role": "stop_position", "operator": null, "district_name": "Shaykhantakhur district", "district_assignment": "within" }, "geometry": { "type": "Point", "coordinates": [ 69.1710585, 41.3482636 ] } },
{ "type": "Feature", "properties": { "osm_element": "node", "osm_id": 5785991384, "name": null, "name_ru": "Институт Дерматалогии", "highway": null, "public_transport": "stop_position", "bus": "yes", "stop_role": "stop_position", "operator": null, "district_name": "Almazar district", "district_assignment": "boundary_nearest" }, "geometry": { "type": "Point", "coordinates": [ 69.1698588, 41.3483486 ] } },
{ "type": "Feature", "properties": { "osm_element": "node", "osm_id": 5837446953, "name": "Tinchlik metrosi", "name_ru": "метро Тинчлик", "highway": null, "public_transport": "stop_position", "bus": "yes", "stop_role": "stop_position", "operator": null, "district_name": "Shaykhantakhur district", "district_assignment": "within" }, "geometry": { "type": "Point", "coordinates": [ 69.2191436, 41.3321 ] } },
{ "type": "Feature", "properties": { "osm_element": "node", "osm_id": 5912581257, "name": "Tongi bog‘bonchilik xo‘jaligi", "name_ru": "Садовое хозяйство", "highway": null, "public_transport": "stop_position", "bus": "yes", "stop_role": "stop_position", "operator": null, "district_name": "Shaykhantakhur district", "district_assignment": "within" }, "geometry": { "type": "Point", "coordinates": [ 69.1985274, 41.3477834 ] } },
{ "type": "Feature", "properties": { "osm_element": "node", "osm_id": 5919394236, "name": "Oqlon mahallasi", "name_ru": "Махалля Аклан", "highway": null, "public_transport": "stop_position", "bus": "yes", "stop_role": "stop_position", "operator": null, "district_name": "Shaykhantakhur district", "district_assignment": "within" }, "geometry": { "type": "Point", "coordinates": [ 69.2091845, 41.3223033 ] } },
{ "type": "Feature", "properties": { "osm_element": "node", "osm_id": 5921792012, "name": "243-sonli maktab", "name_ru": "Школа №243", "highway": null, "public_transport": "stop_position", "bus": "yes", "stop_role": "stop_position", "operator": null, "district_name": "Almazar district", "district_assignment": "boundary_nearest" }, "geometry": { "type": "Point", "coordinates": [ 69.2054462, 41.3418639 ] } },
{ "type": "Feature", "properties": { "osm_element": "node", "osm_id": 5921792022, "name": "243-sonli maktab", "name_ru": "Школа №243", "highway": null, "public_transport": "stop_position", "bus": "yes", "stop_role": "stop_position", "operator": null, "district_name": "Shaykhantakhur district", "district_assignment": "within" }, "geometry": { "type": "Point", "coordinates": [ 69.2049441, 41.3412913 ] } },
{ "type": "Feature", "properties": { "osm_element": "node", "osm_id": 5992031443, "name": "Stadion", "name_ru": "Стадион", "highway": null, "public_transport": "stop_position", "bus": "yes", "stop_role": "stop_position", "operator": null, "district_name": "Shaykhantakhur district", "district_assignment": "within" }, "geometry": { "type": "Point", "coordinates": [ 69.2245751, 41.3209026 ] } },
{ "type": "Feature", "properties": { "osm_element": "node", "osm_id": 6016088509, "name": null, "name_ru": null, "highway": null, "public_transport": "stop_position", "bus": "yes", "stop_role": "stop_position", "operator": null, "district_name": "Uchtepa district", "district_assignment": "within" }, "geometry": { "type": "Point", "coordinates": [ 69.1513205, 41.3056159 ] } },
{ "type": "Feature", "properties": { "osm_element": "node", "osm_id": 6016128462, "name": null, "name_ru": null, "highway": null, "public_transport": "stop_position", "bus": "yes", "stop_role": "stop_position", "operator": null, "district_name": "Uchtepa district", "district_assignment": "within" }, "geometry": { "type": "Point", "coordinates": [ 69.1677338, 41.3089609 ] } },
{ "type": "Feature", "properties": { "osm_element": "node", "osm_id": 6016128464, "name": null, "name_ru": null, "highway": null, "public_transport": "stop_position", "bus": "yes", "stop_role": "stop_position", "operator": null, "district_name": "Uchtepa district", "district_assignment": "within" }, "geometry": { "type": "Point", "coordinates": [ 69.1717641, 41.3028945 ] } },
{ "type": "Feature", "properties": { "osm_element": "node", "osm_id": 6030387132, "name": null, "name_ru": null, "highway": null, "public_transport": "stop_position", "bus": "yes", "stop_role": "stop_position", "operator": null, "district_name": "Shaykhantakhur district", "district_assignment": "within" }, "geometry": { "type": "Point", "coordinates": [ 69.258512, 41.3386895 ] } },
{ "type": "Feature", "properties": { "osm_element": "node", "osm_id": 6038256371, "name": "Oqlon mahallasi", "name_ru": "Махалля Аклан", "highway": null, "public_transport": "stop_position", "bus": "yes", "stop_role": "stop_position", "operator": null, "district_name": "Shaykhantakhur district", "district_assignment": "within" }, "geometry": { "type": "Point", "coordinates": [ 69.2098063, 41.3215143 ] } },
{ "type": "Feature", "properties": { "osm_element": "node", "osm_id": 6050565573, "name": null, "name_ru": null, "highway": null, "public_transport": "stop_position", "bus": "yes", "stop_role": "stop_position", "operator": null, "district_name": "Almazar district", "district_assignment": "within" }, "geometry": { "type": "Point", "coordinates": [ 69.219817, 41.3501196 ] } },
{ "type": "Feature", "properties": { "osm_element": "node", "osm_id": 6050711762, "name": "Qorasaroy", "name_ru": "Карасарай", "highway": null, "public_transport": "stop_position", "bus": "yes", "stop_role": "stop_position", "operator": null, "district_name": "Almazar district", "district_assignment": "within" }, "geometry": { "type": "Point", "coordinates": [ 69.2400555, 41.3483697 ] } },
{ "type": "Feature", "properties": { "osm_element": "node", "osm_id": 6050761663, "name": null, "name_ru": null, "highway": null, "public_transport": "stop_position", "bus": "yes", "stop_role": "stop_position", "operator": null, "district_name": "Almazar district", "district_assignment": "within" }, "geometry": { "type": "Point", "coordinates": [ 69.2529273, 41.3482022 ] } },
{ "type": "Feature", "properties": { "osm_element": "node", "osm_id": 6050813834, "name": null, "name_ru": null, "highway": null, "public_transport": "stop_position", "bus": "yes", "stop_role": "stop_position", "operator": null, "district_name": "Almazar district", "district_assignment": "within" }, "geometry": { "type": "Point", "coordinates": [ 69.2587905, 41.3465501 ] } },
{ "type": "Feature", "properties": { "osm_element": "node", "osm_id": 6087035007, "name": null, "name_ru": null, "highway": null, "public_transport": "stop_position", "bus": "yes", "stop_role": "stop_position", "operator": null, "district_name": "Almazar district", "district_assignment": "within" }, "geometry": { "type": "Point", "coordinates": [ 69.1788189, 41.3552444 ] } },
{ "type": "Feature", "properties": { "osm_element": "node", "osm_id": 6087035008, "name": null, "name_ru": null, "highway": null, "public_transport": "stop_position", "bus": "yes", "stop_role": "stop_position", "operator": null, "district_name": "Almazar district", "district_assignment": "within" }, "geometry": { "type": "Point", "coordinates": [ 69.1765155, 41.3564046 ] } },
{ "type": "Feature", "properties": { "osm_element": "node", "osm_id": 6087355859, "name": null, "name_ru": null, "highway": null, "public_transport": "stop_position", "bus": "yes", "stop_role": "stop_position", "operator": null, "district_name": "Almazar district", "district_assignment": "within" }, "geometry": { "type": "Point", "coordinates": [ 69.2147367, 41.3699875 ] } },
{ "type": "Feature", "properties": { "osm_element": "node", "osm_id": 6087355862, "name": null, "name_ru": null, "highway": null, "public_transport": "stop_position", "bus": "yes", "stop_role": "stop_position", "operator": null, "district_name": "Almazar district", "district_assignment": "within" }, "geometry": { "type": "Point", "coordinates": [ 69.2148547, 41.3701472 ] } },
{ "type": "Feature", "properties": { "osm_element": "node", "osm_id": 6091356090, "name": "Poliklinika", "name_ru": "Поликлиника", "highway": null, "public_transport": "stop_position", "bus": "yes", "stop_role": "stop_position", "operator": null, "district_name": "Shaykhantakhur district", "district_assignment": "within" }, "geometry": { "type": "Point", "coordinates": [ 69.1688531, 41.3359488 ] } },
{ "type": "Feature", "properties": { "osm_element": "node", "osm_id": 6091356091, "name": "Beltepa koʻchasi", "name_ru": "Улиыа Белтепа", "highway": null, "public_transport": "stop_position", "bus": "yes", "stop_role": "stop_position", "operator": null, "district_name": "Shaykhantakhur district", "district_assignment": "within" }, "geometry": { "type": "Point", "coordinates": [ 69.1710319, 41.3398804 ] } },
{ "type": "Feature", "properties": { "osm_element": "node", "osm_id": 6094908251, "name": null, "name_ru": null, "highway": null, "public_transport": "stop_position", "bus": "yes", "stop_role": "stop_position", "operator": null, "district_name": "Almazar district", "district_assignment": "within" }, "geometry": { "type": "Point", "coordinates": [ 69.1656462, 41.3489365 ] } },
{ "type": "Feature", "properties": { "osm_element": "node", "osm_id": 6140909820, "name": "Next savdo markazi", "name_ru": "ТРЦ Next", "highway": null, "public_transport": "stop_position", "bus": "yes", "stop_role": "stop_position", "operator": null, "district_name": "Yakkasaray district", "district_assignment": "within" }, "geometry": { "type": "Point", "coordinates": [ 69.2501954, 41.2964492 ] } },
{ "type": "Feature", "properties": { "osm_element": "node", "osm_id": 6150473494, "name": null, "name_ru": null, "highway": null, "public_transport": "stop_position", "bus": "yes", "stop_role": "stop_position", "operator": null, "district_name": "Shaykhantakhur district", "district_assignment": "boundary_nearest" }, "geometry": { "type": "Point", "coordinates": [ 69.1858352, 41.3270934 ] } },
{ "type": "Feature", "properties": { "osm_element": "node", "osm_id": 6150773861, "name": "ул. Дергез", "name_ru": null, "highway": null, "public_transport": "stop_position", "bus": "yes", "stop_role": "stop_position", "operator": null, "district_name": "Shaykhantakhur district", "district_assignment": "boundary_nearest" }, "geometry": { "type": "Point", "coordinates": [ 69.1889297, 41.3268989 ] } },
{ "type": "Feature", "properties": { "osm_element": "node", "osm_id": 6150773862, "name": "ул. Дергез", "name_ru": null, "highway": null, "public_transport": "stop_position", "bus": "yes", "stop_role": "stop_position", "operator": null, "district_name": "Uchtepa district", "district_assignment": "within" }, "geometry": { "type": "Point", "coordinates": [ 69.1893706, 41.3264222 ] } },
{ "type": "Feature", "properties": { "osm_element": "node", "osm_id": 6150773878, "name": "Школа №106", "name_ru": null, "highway": null, "public_transport": "stop_position", "bus": "yes", "stop_role": "stop_position", "operator": null, "district_name": "Uchtepa district", "district_assignment": "within" }, "geometry": { "type": "Point", "coordinates": [ 69.1866501, 41.3227026 ] } },
{ "type": "Feature", "properties": { "osm_element": "node", "osm_id": 6150773884, "name": "Институт шелководства", "name_ru": null, "highway": null, "public_transport": "stop_position", "bus": "yes", "stop_role": "stop_position", "operator": null, "district_name": "Shaykhantakhur district", "district_assignment": "within" }, "geometry": { "type": "Point", "coordinates": [ 69.1971864, 41.3296118 ] } },
{ "type": "Feature", "properties": { "osm_element": "node", "osm_id": 6150775385, "name": "Институт шелководства", "name_ru": null, "highway": null, "public_transport": "stop_position", "bus": "yes", "stop_role": "stop_position", "operator": null, "district_name": "Shaykhantakhur district", "district_assignment": "within" }, "geometry": { "type": "Point", "coordinates": [ 69.1984027, 41.3304371 ] } },
{ "type": "Feature", "properties": { "osm_element": "node", "osm_id": 6452062803, "name": null, "name_ru": null, "highway": null, "public_transport": "stop_position", "bus": "yes", "stop_role": "stop_position", "operator": null, "district_name": "Chilanzar district", "district_assignment": "within" }, "geometry": { "type": "Point", "coordinates": [ 69.1948668, 41.2816339 ] } },
{ "type": "Feature", "properties": { "osm_element": "node", "osm_id": 6717982190, "name": null, "name_ru": null, "highway": null, "public_transport": "stop_position", "bus": "yes", "stop_role": "stop_position", "operator": null, "district_name": "Shaykhantakhur district", "district_assignment": "within" }, "geometry": { "type": "Point", "coordinates": [ 69.1933589, 41.3185999 ] } },
{ "type": "Feature", "properties": { "osm_element": "node", "osm_id": 7112623666, "name": "Школа Интернат", "name_ru": "Школа Интернат", "highway": null, "public_transport": "stop_position", "bus": "yes", "stop_role": "stop_position", "operator": null, "district_name": "Chilanzar district", "district_assignment": "within" }, "geometry": { "type": "Point", "coordinates": [ 69.2087598, 41.2663424 ] } },
{ "type": "Feature", "properties": { "osm_element": "node", "osm_id": 7112623667, "name": "Школа Интернат", "name_ru": "Школа Интернат", "highway": null, "public_transport": "stop_position", "bus": "yes", "stop_role": "stop_position", "operator": null, "district_name": "Chilanzar district", "district_assignment": "within" }, "geometry": { "type": "Point", "coordinates": [ 69.2092011, 41.2668902 ] } },
{ "type": "Feature", "properties": { "osm_element": "node", "osm_id": 7368941850, "name": "Novza metro bekati", "name_ru": "Станция метро \"Новза\"", "highway": null, "public_transport": "stop_position", "bus": "yes", "stop_role": "stop_position", "operator": null, "district_name": "Chilanzar district", "district_assignment": "within" }, "geometry": { "type": "Point", "coordinates": [ 69.2219642, 41.2912648 ] } },
{ "type": "Feature", "properties": { "osm_element": "node", "osm_id": 7824442794, "name": "Xaydar ko'chasi", "name_ru": "улица Хайдар", "highway": null, "public_transport": "stop_position", "bus": "yes", "stop_role": "stop_position", "operator": null, "district_name": "Sergeli district", "district_assignment": "within" }, "geometry": { "type": "Point", "coordinates": [ 69.2569091, 41.2634529 ] } },
{ "type": "Feature", "properties": { "osm_element": "node", "osm_id": 7824442839, "name": "Xalqlar Doʻstligi metro bekati", "name_ru": "Станция метро \"Халклар Дустлиги\"", "highway": null, "public_transport": "stop_position", "bus": "yes", "stop_role": "stop_position", "operator": null, "district_name": "Shaykhantakhur district", "district_assignment": "within" }, "geometry": { "type": "Point", "coordinates": [ 69.2422775, 41.3124698 ] } },
{ "type": "Feature", "properties": { "osm_element": "node", "osm_id": 7824442848, "name": "Xaydar ko'chasi", "name_ru": "улица Хайдар", "highway": null, "public_transport": "stop_position", "bus": "yes", "stop_role": "stop_position", "operator": null, "district_name": "Sergeli district", "district_assignment": "within" }, "geometry": { "type": "Point", "coordinates": [ 69.2585993, 41.2639812 ] } },
{ "type": "Feature", "properties": { "osm_element": "node", "osm_id": 7824442899, "name": "Mahalliy havo yo'llari aeroporti", "name_ru": "Аэропорт-3 местных авиолиний", "highway": null, "public_transport": "stop_position", "bus": "yes", "stop_role": "stop_position", "operator": null, "district_name": "Sergeli district", "district_assignment": "within" }, "geometry": { "type": "Point", "coordinates": [ 69.2637372, 41.2494007 ] } },
{ "type": "Feature", "properties": { "osm_element": "node", "osm_id": 8044531461, "name": "Maktab", "name_ru": "Школа", "highway": null, "public_transport": "stop_position", "bus": "yes", "stop_role": "stop_position", "operator": null, "district_name": "Shaykhantakhur district", "district_assignment": "within" }, "geometry": { "type": "Point", "coordinates": [ 69.2294565, 41.3228575 ] } },
{ "type": "Feature", "properties": { "osm_element": "node", "osm_id": 8051636859, "name": "\"Мухокама\" маҳалласи", "name_ru": null, "highway": null, "public_transport": "stop_position", "bus": "yes", "stop_role": "stop_position", "operator": null, "district_name": "Almazar district", "district_assignment": "within" }, "geometry": { "type": "Point", "coordinates": [ 69.2257408, 41.3364989 ] } },
{ "type": "Feature", "properties": { "osm_element": "node", "osm_id": 8051671045, "name": "\"Мухокама\" маҳалласи", "name_ru": null, "highway": null, "public_transport": "stop_position", "bus": "yes", "stop_role": "stop_position", "operator": null, "district_name": "Almazar district", "district_assignment": "within" }, "geometry": { "type": "Point", "coordinates": [ 69.2260036, 41.3363822 ] } },
{ "type": "Feature", "properties": { "osm_element": "node", "osm_id": 8123238856, "name": null, "name_ru": null, "highway": null, "public_transport": "stop_position", "bus": "yes", "stop_role": "stop_position", "operator": null, "district_name": "Almazar district", "district_assignment": "within" }, "geometry": { "type": "Point", "coordinates": [ 69.2253996, 41.3616218 ] } },
{ "type": "Feature", "properties": { "osm_element": "node", "osm_id": 8123238857, "name": null, "name_ru": null, "highway": null, "public_transport": "stop_position", "bus": "yes", "stop_role": "stop_position", "operator": null, "district_name": "Almazar district", "district_assignment": "within" }, "geometry": { "type": "Point", "coordinates": [ 69.2255803, 41.3608845 ] } },
{ "type": "Feature", "properties": { "osm_element": "node", "osm_id": 8283274806, "name": null, "name_ru": null, "highway": null, "public_transport": "stop_position", "bus": "yes", "stop_role": "stop_position", "operator": null, "district_name": "Sergeli district", "district_assignment": "within" }, "geometry": { "type": "Point", "coordinates": [ 69.2097162, 41.2307828 ] } },
{ "type": "Feature", "properties": { "osm_element": "node", "osm_id": 9879155848, "name": null, "name_ru": null, "highway": null, "public_transport": "stop_position", "bus": "yes", "stop_role": "stop_position", "operator": null, "district_name": "Yunusabad district", "district_assignment": "within" }, "geometry": { "type": "Point", "coordinates": [ 69.2940283, 41.352042 ] } },
{ "type": "Feature", "properties": { "osm_element": "node", "osm_id": 11367100334, "name": "Samarqand Darvoza savdo markazi", "name_ru": "ТРЦ \"Самарканд-Дарвоза\"", "highway": null, "public_transport": "stop_position", "bus": "yes", "stop_role": "stop_position", "operator": null, "district_name": "Shaykhantakhur district", "district_assignment": "within" }, "geometry": { "type": "Point", "coordinates": [ 69.2298665, 41.3168646 ] } },
{ "type": "Feature", "properties": { "osm_element": "node", "osm_id": 11782927938, "name": "Ruhiy kasalliklar shifoxonasi", "name_ru": "Психиатрическая больница", "highway": null, "public_transport": "stop_position", "bus": "yes", "stop_role": "stop_position", "operator": null, "district_name": "Mirabad district", "district_assignment": "within" }, "geometry": { "type": "Point", "coordinates": [ 69.2889965, 41.2860696 ] } },
{ "type": "Feature", "properties": { "osm_element": "node", "osm_id": 12247618462, "name": "Beltepa dahasi", "name_ru": "Массив Белтепа", "highway": null, "public_transport": "stop_position", "bus": "yes", "stop_role": "stop_position", "operator": null, "district_name": "Shaykhantakhur district", "district_assignment": "within" }, "geometry": { "type": "Point", "coordinates": [ 69.1643336, 41.339731 ] } },
{ "type": "Feature", "properties": { "osm_element": "node", "osm_id": 13191334787, "name": null, "name_ru": null, "highway": null, "public_transport": "stop_position", "bus": "yes", "stop_role": "stop_position", "operator": null, "district_name": "Almazar district", "district_assignment": "within" }, "geometry": { "type": "Point", "coordinates": [ 69.2183767, 41.3807906 ] } },
{ "type": "Feature", "properties": { "osm_element": "node", "osm_id": 13191334790, "name": null, "name_ru": null, "highway": null, "public_transport": "stop_position", "bus": "yes", "stop_role": "stop_position", "operator": null, "district_name": "Almazar district", "district_assignment": "within" }, "geometry": { "type": "Point", "coordinates": [ 69.218022, 41.3813741 ] } },
{ "type": "Feature", "properties": { "osm_element": "node", "osm_id": 13246453182, "name": "Oqlon mahallasi", "name_ru": "Махалля Аклан", "highway": null, "public_transport": "stop_position", "bus": "yes", "stop_role": "stop_position", "operator": null, "district_name": "Shaykhantakhur district", "district_assignment": "within" }, "geometry": { "type": "Point", "coordinates": [ 69.21033, 41.3227247 ] } },
{ "type": "Feature", "properties": { "osm_element": "node", "osm_id": 13297033800, "name": "Issiqlik elektr markazi", "name_ru": "ТЭЦ", "highway": null, "public_transport": "stop_position", "bus": "yes", "stop_role": "stop_position", "operator": null, "district_name": "Yakkasaray district", "district_assignment": "within" }, "geometry": { "type": "Point", "coordinates": [ 69.2574862, 41.276441 ] } },
{ "type": "Feature", "properties": { "osm_element": "node", "osm_id": 13297153507, "name": "Rassomchilik kolleji", "name_ru": "Художественный колледж", "highway": null, "public_transport": "stop_position", "bus": "yes", "stop_role": "stop_position", "operator": null, "district_name": "Shaykhantakhur district", "district_assignment": "within" }, "geometry": { "type": "Point", "coordinates": [ 69.2418371, 41.3176928 ] } },
{ "type": "Feature", "properties": { "osm_element": "node", "osm_id": 13297153529, "name": "Zarbdor ko‘chasi", "name_ru": "Улица Зарбдор", "highway": null, "public_transport": "stop_position", "bus": "yes", "stop_role": "stop_position", "operator": null, "district_name": "Shaykhantakhur district", "district_assignment": "within" }, "geometry": { "type": "Point", "coordinates": [ 69.1798661, 41.3493213 ] } },
{ "type": "Feature", "properties": { "osm_element": "node", "osm_id": 13297153541, "name": "DAN posti", "name_ru": "Пост ГАИ", "highway": null, "public_transport": "stop_position", "bus": "yes", "stop_role": "stop_position", "operator": null, "district_name": "Shaykhantakhur district", "district_assignment": "within" }, "geometry": { "type": "Point", "coordinates": [ 69.1667857, 41.3482868 ] } },
{ "type": "Feature", "properties": { "osm_element": "node", "osm_id": 13297153566, "name": "Jarariq dahasi", "name_ru": "Массив Джарарык", "highway": null, "public_transport": "stop_position", "bus": "yes", "stop_role": "stop_position", "operator": null, "district_name": "Shaykhantakhur district", "district_assignment": "within" }, "geometry": { "type": "Point", "coordinates": [ 69.1762478, 41.3411253 ] } },
{ "type": "Feature", "properties": { "osm_element": "node", "osm_id": 13297153574, "name": "Beruniy metro bekati", "name_ru": "Станция метро \"Беруни\"", "highway": null, "public_transport": "stop_position", "bus": "yes", "stop_role": "stop_position", "operator": null, "district_name": "Almazar district", "district_assignment": "within" }, "geometry": { "type": "Point", "coordinates": [ 69.2059062, 41.3457707 ] } },
{ "type": "Feature", "properties": { "osm_element": "node", "osm_id": 13297153589, "name": "Doʻstlik bogʻi", "name_ru": "Парк Дружбы", "highway": null, "public_transport": "stop_position", "bus": "yes", "stop_role": "stop_position", "operator": null, "district_name": "Yakkasaray district", "district_assignment": "within" }, "geometry": { "type": "Point", "coordinates": [ 69.2518652, 41.2894974 ] } },
{ "type": "Feature", "properties": { "osm_element": "node", "osm_id": 13299450363, "name": "Sarhumdon", "name_ru": "Мавзолей Сузук ота", "highway": null, "public_transport": "stop_position", "bus": "yes", "stop_role": "stop_position", "operator": null, "district_name": "Shaykhantakhur district", "district_assignment": "within" }, "geometry": { "type": "Point", "coordinates": [ 69.2268813, 41.3193566 ] } },
{ "type": "Feature", "properties": { "osm_element": "node", "osm_id": 13308770768, "name": "Kichik sanoat zonasi", "name_ru": "Экономический сектор Мирзо Улугбек", "highway": null, "public_transport": "stop_position", "bus": "yes", "stop_role": "stop_position", "operator": null, "district_name": "Mirzo Ulugbek district", "district_assignment": "within" }, "geometry": { "type": "Point", "coordinates": [ 69.4023982, 41.3416026 ] } },
{ "type": "Feature", "properties": { "osm_element": "node", "osm_id": 13317658832, "name": "Fidokor ko'chasi", "name_ru": "Улица Фидокор", "highway": null, "public_transport": "stop_position", "bus": "yes", "stop_role": "stop_position", "operator": null, "district_name": "Mirabad district", "district_assignment": "within" }, "geometry": { "type": "Point", "coordinates": [ 69.2709453, 41.2932493 ] } },
{ "type": "Feature", "properties": { "osm_element": "node", "osm_id": 13317658836, "name": "Fidokor ko'chasi", "name_ru": "Улица Фидокор", "highway": null, "public_transport": "stop_position", "bus": "yes", "stop_role": "stop_position", "operator": null, "district_name": "Mirabad district", "district_assignment": "boundary_nearest" }, "geometry": { "type": "Point", "coordinates": [ 69.2696183, 41.294421 ] } },
{ "type": "Feature", "properties": { "osm_element": "node", "osm_id": 13317658889, "name": "Yunusobod hokimiyati", "name_ru": "Юнусабадский хокимият", "highway": null, "public_transport": "stop_position", "bus": "yes", "stop_role": "stop_position", "operator": null, "district_name": "Yunusabad district", "district_assignment": "within" }, "geometry": { "type": "Point", "coordinates": [ 69.2841626, 41.3275809 ] } },
{ "type": "Feature", "properties": { "osm_element": "node", "osm_id": 13359545727, "name": "Aeroport", "name_ru": "Аэропорт", "highway": null, "public_transport": "stop_position", "bus": "yes", "stop_role": "stop_position", "operator": null, "district_name": "Yakkasaray district", "district_assignment": "within" }, "geometry": { "type": "Point", "coordinates": [ 69.2643469, 41.270265 ] } },
{ "type": "Feature", "properties": { "osm_element": "node", "osm_id": 13389302224, "name": "Navro'z bozori", "name_ru": "рынок Навруз", "highway": null, "public_transport": "stop_position", "bus": "yes", "stop_role": "stop_position", "operator": null, "district_name": "Mirzo Ulugbek district", "district_assignment": "within" }, "geometry": { "type": "Point", "coordinates": [ 69.3565246, 41.336978 ] } },
{ "type": "Feature", "properties": { "osm_element": "node", "osm_id": 13390386887, "name": "Beltepa dahasi", "name_ru": "Массив Белтепа", "highway": null, "public_transport": "stop_position", "bus": "yes", "stop_role": "stop_position", "operator": null, "district_name": "Shaykhantakhur district", "district_assignment": "within" }, "geometry": { "type": "Point", "coordinates": [ 69.1645757, 41.3402581 ] } },
{ "type": "Feature", "properties": { "osm_element": "node", "osm_id": 13630304126, "name": "Beruniy metro bekati", "name_ru": "Станция метро \"Беруни\"", "highway": null, "public_transport": "stop_position", "bus": "yes", "stop_role": "stop_position", "operator": null, "district_name": "Almazar district", "district_assignment": "within" }, "geometry": { "type": "Point", "coordinates": [ 69.2058834, 41.3457133 ] } },
{ "type": "Feature", "properties": { "osm_element": "node", "osm_id": 13699121966, "name": "Aeratsiya ko'chasi", "name_ru": "Улица Аэрации", "highway": null, "public_transport": "stop_position", "bus": "yes", "stop_role": "stop_position", "operator": null, "district_name": "Uchtepa district", "district_assignment": "within" }, "geometry": { "type": "Point", "coordinates": [ 69.146787, 41.2779966 ] } },
{ "type": "Feature", "properties": { "osm_element": "node", "osm_id": 13787728635, "name": "Navro'z bozori", "name_ru": "рынок Навруз", "highway": null, "public_transport": "stop_position", "bus": "yes", "stop_role": "stop_position", "operator": null, "district_name": "Mirzo Ulugbek district", "district_assignment": "within" }, "geometry": { "type": "Point", "coordinates": [ 69.3552732, 41.3377326 ] } },
{ "type": "Feature", "properties": { "osm_element": "node", "osm_id": 13807012926, "name": "Xusayn Boyqaro mahallasi", "name_ru": "Завод ЖБИ", "highway": null, "public_transport": "stop_position", "bus": "yes", "stop_role": "stop_position", "operator": null, "district_name": "Bektemir district", "district_assignment": "within" }, "geometry": { "type": "Point", "coordinates": [ 69.3510597, 41.2407083 ] } }
]
}
