{
  "features": [
    {
      "geometry": {
        "coordinates": [
          69.2226639,
          41.293804
        ],
        "type": "Point"
      },
      "properties": {
        "amenity": "clinic",
        "district_assignment": "within",
        "district_name": "Chilanzar district",
        "facility_category": "clinic",
        "facility_id": "hc_node_564648022",
        "geometry_assembly": "osm_node",
        "healthcare": null,
        "latitude": 41.293804,
        "longitude": 69.2226639,
        "name": "Семейная поликлиника №36",
        "normalized_name": "семейная поликлиника 36",
        "operator": null,
        "osm_id": 564648022,
        "osm_relation_type": null,
        "osm_type": "node",
        "representative_point_method": "osm_node"
      },
      "type": "Feature"
    },
    {
      "geometry": {
        "coordinates": [
          69.441436,
          41.1819333
        ],
        "type": "Point"
      },
      "properties": {
        "amenity": "hospital",
        "district_assignment": "outside_analysis_districts",
        "district_name": null,
        "facility_category": "hospital",
        "facility_id": "hc_node_1176832050",
        "geometry_assembly": "osm_node",
        "healthcare": null,
        "latitude": 41.1819333,
        "longitude": 69.441436,
        "name": null,
        "normalized_name": "",
        "operator": null,
        "osm_id": 1176832050,
        "osm_relation_type": null,
        "osm_type": "node",
        "representative_point_method": "osm_node"
      },
      "type": "Feature"
    },
    {
      "geometry": {
        "coordinates": [
          69.3067455,
          41.3066623
        ],
        "type": "Point"
      },
      "properties": {
        "amenity": "hospital",
        "district_assignment": "within",
        "district_name": "Yashnabad district",
        "facility_category": "hospital",
        "facility_id": "hc_node_1179003660",
        "geometry_assembly": "osm_node",
        "healthcare": null,
        "latitude": 41.3066623,
        "longitude": 69.3067455,
        "name": "Vega Med",
        "normalized_name": "vega med",
        "operator": null,
        "osm_id": 1179003660,
        "osm_relation_type": null,
        "osm_type": "node",
        "representative_point_method": "osm_node"
      },
      "type": "Feature"
    },
    {
      "geometry": {
        "coordinates": [
          69.2796366,
          41.2922393
        ],
        "type": "Point"
      },
      "properties": {
        "amenity": "hospital",
        "district_assignment": "within",
        "district_name": "Mirabad district",
        "facility_category": "hospital",
        "facility_id": "hc_node_1430019299",
        "geometry_assembly": "osm_node",
        "healthcare": "hospital",
        "latitude": 41.2922393,
        "longitude": 69.2796366,
        "name": "Shox Med Centre",
        "normalized_name": "shox med centre",
        "operator": null,
        "osm_id": 1430019299,
        "osm_relation_type": null,
        "osm_type": "node",
        "representative_point_method": "osm_node"
      },
      "type": "Feature"
    },
    {
      "geometry": {
        "coordinates": [
          69.2378497,
          41.358432
        ],
        "type": "Point"
      },
      "properties": {
        "amenity": "clinic",
        "district_assignment": "within",
        "district_name": "Almazar district",
        "facility_category": "clinic",
        "facility_id": "hc_node_1532589929",
        "geometry_assembly": "osm_node",
        "healthcare": "clinic",
        "latitude": 41.358432,
        "longitude": 69.2378497,
        "name": "Поликлиника №20",
        "normalized_name": "поликлиника 20",
        "operator": "C",
        "osm_id": 1532589929,
        "osm_relation_type": null,
        "osm_type": "node",
        "representative_point_method": "osm_node"
      },
      "type": "Feature"
    },
    {
      "geometry": {
        "coordinates": [
          69.2857305,
          41.3173473
        ],
        "type": "Point"
      },
      "properties": {
        "amenity": "hospital",
        "district_assignment": "within",
        "district_name": "Mirzo Ulugbek district",
        "facility_category": "hospital",
        "facility_id": "hc_node_1768289405",
        "geometry_assembly": "osm_node",
        "healthcare": "hospital",
        "latitude": 41.3173473,
        "longitude": 69.2857305,
        "name": "Dr. Summit",
        "normalized_name": "dr summit",
        "operator": null,
        "osm_id": 1768289405,
        "osm_relation_type": null,
        "osm_type": "node",
        "representative_point_method": "osm_node"
      },
      "type": "Feature"
    },
    {
      "geometry": {
        "coordinates": [
          69.2286131,
          41.3431916
        ],
        "type": "Point"
      },
      "properties": {
        "amenity": "clinic",
        "district_assignment": "within",
        "district_name": "Almazar district",
        "facility_category": "clinic",
        "facility_id": "hc_node_1770376144",
        "geometry_assembly": "osm_node",
        "healthcare": "clinic",
        "latitude": 41.3431916,
        "longitude": 69.2286131,
        "name": "17-поликлиника",
        "normalized_name": "17 поликлиника",
        "operator": null,
        "osm_id": 1770376144,
        "osm_relation_type": null,
        "osm_type": "node",
        "representative_point_method": "osm_node"
      },
      "type": "Feature"
    },
    {
      "geometry": {
        "coordinates": [
          69.2343459,
          41.3294937
        ],
        "type": "Point"
      },
      "properties": {
        "amenity": "clinic",
        "district_assignment": "within",
        "district_name": "Almazar district",
        "facility_category": "clinic",
        "facility_id": "hc_node_1770559123",
        "geometry_assembly": "osm_node",
        "healthcare": "clinic",
        "latitude": 41.3294937,
        "longitude": 69.2343459,
        "name": "14 семейная поликлиника",
        "normalized_name": "14 семейная поликлиника",
        "operator": null,
        "osm_id": 1770559123,
        "osm_relation_type": null,
        "osm_type": "node",
        "representative_point_method": "osm_node"
      },
      "type": "Feature"
    },
    {
      "geometry": {
        "coordinates": [
          69.2081285,
          41.3012565
        ],
        "type": "Point"
      },
      "properties": {
        "amenity": "doctors",
        "district_assignment": "within",
        "district_name": "Shaykhantakhur district",
        "facility_category": "clinic",
        "facility_id": "hc_node_1824099256",
        "geometry_assembly": "osm_node",
        "healthcare": "clinic",
        "latitude": 41.3012565,
        "longitude": 69.2081285,
        "name": "Поликлиника №43",
        "normalized_name": "поликлиника 43",
        "operator": null,
        "osm_id": 1824099256,
        "osm_relation_type": null,
        "osm_type": "node",
        "representative_point_method": "osm_node"
      },
      "type": "Feature"
    },
    {
      "geometry": {
        "coordinates": [
          69.1917765,
          41.2808515
        ],
        "type": "Point"
      },
      "properties": {
        "amenity": "clinic",
        "district_assignment": "within",
        "district_name": "Uchtepa district",
        "facility_category": "clinic",
        "facility_id": "hc_node_1830368952",
        "geometry_assembly": "osm_node",
        "healthcare": null,
        "latitude": 41.2808515,
        "longitude": 69.1917765,
        "name": "Семейная поликлиника №24",
        "normalized_name": "семейная поликлиника 24",
        "operator": null,
        "osm_id": 1830368952,
        "osm_relation_type": null,
        "osm_type": "node",
        "representative_point_method": "osm_node"
      },
      "type": "Feature"
    },
    {
      "geometry": {
        "coordinates": [
          69.2696745,
          41.3008737
        ],
        "type": "Point"
      },
      "properties": {
        "amenity": "hospital",
        "district_assignment": "within",
        "district_name": "Mirabad district",
        "facility_category": "hospital",
        "facility_id": "hc_node_1830590597",
        "geometry_assembly": "osm_node",
        "healthcare": null,
        "latitude": 41.3008737,
        "longitude": 69.2696745,
        "name": "BRAVO PHARMA",
        "normalized_name": "bravo pharma",
        "operator": null,
        "osm_id": 1830590597,
        "osm_relation_type": null,
        "osm_type": "node",
        "representative_point_method": "osm_node"
      },
      "type": "Feature"
    },
    {
      "geometry": {
        "coordinates": [
          69.279884,
          41.298575
        ],
        "type": "Point"
      },
      "properties": {
        "amenity": "clinic",
        "district_assignment": "within",
        "district_name": "Mirabad district",
        "facility_category": "clinic",
        "facility_id": "hc_node_1838606109",
        "geometry_assembly": "osm_node",
        "healthcare": "clinic",
        "latitude": 41.298575,
        "longitude": 69.279884,
        "name": "1-son Oilaviy Poliklinika",
        "normalized_name": "1 son oilaviy poliklinika",
        "operator": null,
        "osm_id": 1838606109,
        "osm_relation_type": null,
        "osm_type": "node",
        "representative_point_method": "osm_node"
      },
      "type": "Feature"
    },
    {
      "geometry": {
        "coordinates": [
          69.1617323,
          41.3146969
        ],
        "type": "Point"
      },
      "properties": {
        "amenity": "hospital",
        "district_assignment": "within",
        "district_name": "Uchtepa district",
        "facility_category": "hospital",
        "facility_id": "hc_node_1839625065",
        "geometry_assembly": "osm_node",
        "healthcare": null,
        "latitude": 41.3146969,
        "longitude": 69.1617323,
        "name": "Детская городская клиническая больница №3",
        "normalized_name": "детская городская клиническая больница 3",
        "operator": null,
        "osm_id": 1839625065,
        "osm_relation_type": null,
        "osm_type": "node",
        "representative_point_method": "osm_node"
      },
      "type": "Feature"
    },
    {
      "geometry": {
        "coordinates": [
          69.2486832,
          41.3305099
        ],
        "type": "Point"
      },
      "properties": {
        "amenity": "hospital",
        "district_assignment": "within",
        "district_name": "Almazar district",
        "facility_category": "hospital",
        "facility_id": "hc_node_2442288054",
        "geometry_assembly": "osm_node",
        "healthcare": null,
        "latitude": 41.3305099,
        "longitude": 69.2486832,
        "name": "Sebzor Med - Себзор Мед",
        "normalized_name": "sebzor med себзор мед",
        "operator": null,
        "osm_id": 2442288054,
        "osm_relation_type": null,
        "osm_type": "node",
        "representative_point_method": "osm_node"
      },
      "type": "Feature"
    },
    {
      "geometry": {
        "coordinates": [
          69.2231016,
          41.2623121
        ],
        "type": "Point"
      },
      "properties": {
        "amenity": "clinic",
        "district_assignment": "within",
        "district_name": "Yakkasaray district",
        "facility_category": "clinic",
        "facility_id": "hc_node_3002076224",
        "geometry_assembly": "osm_node",
        "healthcare": null,
        "latitude": 41.2623121,
        "longitude": 69.2231016,
        "name": "ВТЭК Ташкентской области",
        "normalized_name": "втэк ташкентской области",
        "operator": null,
        "osm_id": 3002076224,
        "osm_relation_type": null,
        "osm_type": "node",
        "representative_point_method": "osm_node"
      },
      "type": "Feature"
    },
    {
      "geometry": {
        "coordinates": [
          69.3068573,
          41.3310754
        ],
        "type": "Point"
      },
      "properties": {
        "amenity": "clinic",
        "district_assignment": "within",
        "district_name": "Mirzo Ulugbek district",
        "facility_category": "clinic",
        "facility_id": "hc_node_3332003797",
        "geometry_assembly": "osm_node",
        "healthcare": null,
        "latitude": 41.3310754,
        "longitude": 69.3068573,
        "name": "Медецинский центр Алексея Назарова",
        "normalized_name": "медецинский центр алексея назарова",
        "operator": null,
        "osm_id": 3332003797,
        "osm_relation_type": null,
        "osm_type": "node",
        "representative_point_method": "osm_node"
      },
      "type": "Feature"
    },
    {
      "geometry": {
        "coordinates": [
          69.2915153,
          41.3113989
        ],
        "type": "Point"
      },
      "properties": {
        "amenity": "clinic",
        "district_assignment": "within",
        "district_name": "Mirzo Ulugbek district",
        "facility_category": "clinic",
        "facility_id": "hc_node_3428151251",
        "geometry_assembly": "osm_node",
        "healthcare": "clinic",
        "latitude": 41.3113989,
        "longitude": 69.2915153,
        "name": "Sifat va Farog'at",
        "normalized_name": "sifat va farogat",
        "operator": null,
        "osm_id": 3428151251,
        "osm_relation_type": null,
        "osm_type": "node",
        "representative_point_method": "osm_node"
      },
      "type": "Feature"
    },
    {
      "geometry": {
        "coordinates": [
          69.2592394,
          41.2912309
        ],
        "type": "Point"
      },
      "properties": {
        "amenity": "clinic",
        "district_assignment": "within",
        "district_name": "Yakkasaray district",
        "facility_category": "clinic",
        "facility_id": "hc_node_3661835105",
        "geometry_assembly": "osm_node",
        "healthcare": null,
        "latitude": 41.2912309,
        "longitude": 69.2592394,
        "name": "Семейная поликлиника № 60",
        "normalized_name": "семейная поликлиника 60",
        "operator": null,
        "osm_id": 3661835105,
        "osm_relation_type": null,
        "osm_type": "node",
        "representative_point_method": "osm_node"
      },
      "type": "Feature"
    },
    {
      "geometry": {
        "coordinates": [
          69.2139513,
          41.2984107
        ],
        "type": "Point"
      },
      "properties": {
        "amenity": "clinic",
        "district_assignment": "within",
        "district_name": "Chilanzar district",
        "facility_category": "clinic",
        "facility_id": "hc_node_3809481575",
        "geometry_assembly": "osm_node",
        "healthcare": null,
        "latitude": 41.2984107,
        "longitude": 69.2139513,
        "name": "DOKTOR-SERVIS",
        "normalized_name": "doktor servis",
        "operator": null,
        "osm_id": 3809481575,
        "osm_relation_type": null,
        "osm_type": "node",
        "representative_point_method": "osm_node"
      },
      "type": "Feature"
    },
    {
      "geometry": {
        "coordinates": [
          69.1649711,
          41.315824
        ],
        "type": "Point"
      },
      "properties": {
        "amenity": "clinic",
        "district_assignment": "within",
        "district_name": "Uchtepa district",
        "facility_category": "clinic",
        "facility_id": "hc_node_3983763663",
        "geometry_assembly": "osm_node",
        "healthcare": "clinic",
        "latitude": 41.315824,
        "longitude": 69.1649711,
        "name": "Поликлиника №22",
        "normalized_name": "поликлиника 22",
        "operator": null,
        "osm_id": 3983763663,
        "osm_relation_type": null,
        "osm_type": "node",
        "representative_point_method": "osm_node"
      },
      "type": "Feature"
    },
    {
      "geometry": {
        "coordinates": [
          69.2253569,
          41.3699212
        ],
        "type": "Point"
      },
      "properties": {
        "amenity": "hospital",
        "district_assignment": "within",
        "district_name": "Almazar district",
        "facility_category": "hospital",
        "facility_id": "hc_node_4112048691",
        "geometry_assembly": "osm_node",
        "healthcare": null,
        "latitude": 41.3699212,
        "longitude": 69.2253569,
        "name": "STAR MED SERVICE",
        "normalized_name": "star med service",
        "operator": null,
        "osm_id": 4112048691,
        "osm_relation_type": null,
        "osm_type": "node",
        "representative_point_method": "osm_node"
      },
      "type": "Feature"
    },
    {
      "geometry": {
        "coordinates": [
          69.2646033,
          41.3193301
        ],
        "type": "Point"
      },
      "properties": {
        "amenity": "clinic",
        "district_assignment": "within",
        "district_name": "Shaykhantakhur district",
        "facility_category": "clinic",
        "facility_id": "hc_node_4187625599",
        "geometry_assembly": "osm_node",
        "healthcare": null,
        "latitude": 41.3193301,
        "longitude": 69.2646033,
        "name": "MEDIK — AS",
        "normalized_name": "medik as",
        "operator": null,
        "osm_id": 4187625599,
        "osm_relation_type": null,
        "osm_type": "node",
        "representative_point_method": "osm_node"
      },
      "type": "Feature"
    },
    {
      "geometry": {
        "coordinates": [
          69.2241441,
          41.330202
        ],
        "type": "Point"
      },
      "properties": {
        "amenity": "clinic",
        "district_assignment": "within",
        "district_name": "Almazar district",
        "facility_category": "clinic",
        "facility_id": "hc_node_4191395630",
        "geometry_assembly": "osm_node",
        "healthcare": null,
        "latitude": 41.330202,
        "longitude": 69.2241441,
        "name": "G'uncha Med Servis",
        "normalized_name": "guncha med servis",
        "operator": null,
        "osm_id": 4191395630,
        "osm_relation_type": null,
        "osm_type": "node",
        "representative_point_method": "osm_node"
      },
      "type": "Feature"
    },
    {
      "geometry": {
        "coordinates": [
          69.2503635,
          41.2933986
        ],
        "type": "Point"
      },
      "properties": {
        "amenity": "clinic",
        "district_assignment": "within",
        "district_name": "Yakkasaray district",
        "facility_category": "clinic",
        "facility_id": "hc_node_4215037335",
        "geometry_assembly": "osm_node",
        "healthcare": "clinic",
        "latitude": 41.2933986,
        "longitude": 69.2503635,
        "name": "Oilaviy poliklinikasi №57",
        "normalized_name": "oilaviy poliklinikasi 57",
        "operator": null,
        "osm_id": 4215037335,
        "osm_relation_type": null,
        "osm_type": "node",
        "representative_point_method": "osm_node"
      },
      "type": "Feature"
    },
    {
      "geometry": {
        "coordinates": [
          69.1725,
          41.2878327
        ],
        "type": "Point"
      },
      "properties": {
        "amenity": "clinic",
        "district_assignment": "within",
        "district_name": "Uchtepa district",
        "facility_category": "clinic",
        "facility_id": "hc_node_4281399590",
        "geometry_assembly": "osm_node",
        "healthcare": null,
        "latitude": 41.2878327,
        "longitude": 69.1725,
        "name": "МедЦентр NBF",
        "normalized_name": "медцентр nbf",
        "operator": null,
        "osm_id": 4281399590,
        "osm_relation_type": null,
        "osm_type": "node",
        "representative_point_method": "osm_node"
      },
      "type": "Feature"
    },
    {
      "geometry": {
        "coordinates": [
          69.2508608,
          41.3055672
        ],
        "type": "Point"
      },
      "properties": {
        "amenity": "hospital",
        "district_assignment": "within",
        "district_name": "Chilanzar district",
        "facility_category": "hospital",
        "facility_id": "hc_node_4314037040",
        "geometry_assembly": "osm_node",
        "healthcare": null,
        "latitude": 41.3055672,
        "longitude": 69.2508608,
        "name": "АВИЦЕНА ДИАГНОСТИКА",
        "normalized_name": "авицена диагностика",
        "operator": null,
        "osm_id": 4314037040,
        "osm_relation_type": null,
        "osm_type": "node",
        "representative_point_method": "osm_node"
      },
      "type": "Feature"
    },
    {
      "geometry": {
        "coordinates": [
          69.2278318,
          41.3277029
        ],
        "type": "Point"
      },
      "properties": {
        "amenity": "clinic",
        "district_assignment": "within",
        "district_name": "Almazar district",
        "facility_category": "clinic",
        "facility_id": "hc_node_4315248092",
        "geometry_assembly": "osm_node",
        "healthcare": null,
        "latitude": 41.3277029,
        "longitude": 69.2278318,
        "name": "Айболит",
        "normalized_name": "айболит",
        "operator": null,
        "osm_id": 4315248092,
        "osm_relation_type": null,
        "osm_type": "node",
        "representative_point_method": "osm_node"
      },
      "type": "Feature"
    },
    {
      "geometry": {
        "coordinates": [
          69.2836098,
          41.36304
        ],
        "type": "Point"
      },
      "properties": {
        "amenity": "hospital",
        "district_assignment": "within",
        "district_name": "Yunusabad district",
        "facility_category": "hospital",
        "facility_id": "hc_node_4317471432",
        "geometry_assembly": "osm_node",
        "healthcare": null,
        "latitude": 41.36304,
        "longitude": 69.2836098,
        "name": "Shifo-Dono",
        "normalized_name": "shifo dono",
        "operator": null,
        "osm_id": 4317471432,
        "osm_relation_type": null,
        "osm_type": "node",
        "representative_point_method": "osm_node"
      },
      "type": "Feature"
    },
    {
      "geometry": {
        "coordinates": [
          69.2841983,
          41.3631861
        ],
        "type": "Point"
      },
      "properties": {
        "amenity": "clinic",
        "district_assignment": "within",
        "district_name": "Yunusabad district",
        "facility_category": "clinic",
        "facility_id": "hc_node_4317471445",
        "geometry_assembly": "osm_node",
        "healthcare": null,
        "latitude": 41.3631861,
        "longitude": 69.2841983,
        "name": "\"Layon\" Центр Здоровья Женщин",
        "normalized_name": "layon центр здоровья женщин",
        "operator": null,
        "osm_id": 4317471445,
        "osm_relation_type": null,
        "osm_type": "node",
        "representative_point_method": "osm_node"
      },
      "type": "Feature"
    },
    {
      "geometry": {
        "coordinates": [
          69.2848424,
          41.3635054
        ],
        "type": "Point"
      },
      "properties": {
        "amenity": "clinic",
        "district_assignment": "within",
        "district_name": "Yunusabad district",
        "facility_category": "clinic",
        "facility_id": "hc_node_4317471449",
        "geometry_assembly": "osm_node",
        "healthcare": null,
        "latitude": 41.3635054,
        "longitude": 69.2848424,
        "name": "Sihat Koz",
        "normalized_name": "sihat koz",
        "operator": "SIHAT KÓZ",
        "osm_id": 4317471449,
        "osm_relation_type": null,
        "osm_type": "node",
        "representative_point_method": "osm_node"
      },
      "type": "Feature"
    },
    {
      "geometry": {
        "coordinates": [
          69.3182749,
          41.3718404
        ],
        "type": "Point"
      },
      "properties": {
        "amenity": "clinic",
        "district_assignment": "within",
        "district_name": "Yunusabad district",
        "facility_category": "clinic",
        "facility_id": "hc_node_4325766391",
        "geometry_assembly": "osm_node",
        "healthcare": null,
        "latitude": 41.3718404,
        "longitude": 69.3182749,
        "name": "Ihlos-doctor",
        "normalized_name": "ihlos doctor",
        "operator": null,
        "osm_id": 4325766391,
        "osm_relation_type": null,
        "osm_type": "node",
        "representative_point_method": "osm_node"
      },
      "type": "Feature"
    },
    {
      "geometry": {
        "coordinates": [
          69.2022218,
          41.2882307
        ],
        "type": "Point"
      },
      "properties": {
        "amenity": "clinic",
        "district_assignment": "within",
        "district_name": "Chilanzar district",
        "facility_category": "clinic",
        "facility_id": "hc_node_4405623318",
        "geometry_assembly": "osm_node",
        "healthcare": null,
        "latitude": 41.2882307,
        "longitude": 69.2022218,
        "name": "Darmon Servis",
        "normalized_name": "darmon servis",
        "operator": null,
        "osm_id": 4405623318,
        "osm_relation_type": null,
        "osm_type": "node",
        "representative_point_method": "osm_node"
      },
      "type": "Feature"
    },
    {
      "geometry": {
        "coordinates": [
          69.1883461,
          41.2889613
        ],
        "type": "Point"
      },
      "properties": {
        "amenity": "clinic",
        "district_assignment": "within",
        "district_name": "Uchtepa district",
        "facility_category": "clinic",
        "facility_id": "hc_node_4405623798",
        "geometry_assembly": "osm_node",
        "healthcare": null,
        "latitude": 41.2889613,
        "longitude": 69.1883461,
        "name": "Хижамазулук",
        "normalized_name": "хижамазулук",
        "operator": "Отабек",
        "osm_id": 4405623798,
        "osm_relation_type": null,
        "osm_type": "node",
        "representative_point_method": "osm_node"
      },
      "type": "Feature"
    },
    {
      "geometry": {
        "coordinates": [
          69.1843995,
          41.2870729
        ],
        "type": "Point"
      },
      "properties": {
        "amenity": "clinic",
        "district_assignment": "within",
        "district_name": "Uchtepa district",
        "facility_category": "clinic",
        "facility_id": "hc_node_4405632499",
        "geometry_assembly": "osm_node",
        "healthcare": null,
        "latitude": 41.2870729,
        "longitude": 69.1843995,
        "name": "Поликлиника",
        "normalized_name": "поликлиника",
        "operator": null,
        "osm_id": 4405632499,
        "osm_relation_type": null,
        "osm_type": "node",
        "representative_point_method": "osm_node"
      },
      "type": "Feature"
    },
    {
      "geometry": {
        "coordinates": [
          69.189554,
          41.2898032
        ],
        "type": "Point"
      },
      "properties": {
        "amenity": "clinic",
        "district_assignment": "within",
        "district_name": "Uchtepa district",
        "facility_category": "clinic",
        "facility_id": "hc_node_4405632599",
        "geometry_assembly": "osm_node",
        "healthcare": null,
        "latitude": 41.2898032,
        "longitude": 69.189554,
        "name": "Neurofax-B private clinic",
        "normalized_name": "neurofax b private clinic",
        "operator": null,
        "osm_id": 4405632599,
        "osm_relation_type": null,
        "osm_type": "node",
        "representative_point_method": "osm_node"
      },
      "type": "Feature"
    },
    {
      "geometry": {
        "coordinates": [
          69.3105426,
          41.3744056
        ],
        "type": "Point"
      },
      "properties": {
        "amenity": "clinic",
        "district_assignment": "within",
        "district_name": "Yunusabad district",
        "facility_category": "clinic",
        "facility_id": "hc_node_4417419199",
        "geometry_assembly": "osm_node",
        "healthcare": null,
        "latitude": 41.3744056,
        "longitude": 69.3105426,
        "name": "Медцентр Nurshah",
        "normalized_name": "медцентр nurshah",
        "operator": null,
        "osm_id": 4417419199,
        "osm_relation_type": null,
        "osm_type": "node",
        "representative_point_method": "osm_node"
      },
      "type": "Feature"
    },
    {
      "geometry": {
        "coordinates": [
          69.2167394,
          41.2162805
        ],
        "type": "Point"
      },
      "properties": {
        "amenity": "clinic",
        "district_assignment": "within",
        "district_name": "Sergeli district",
        "facility_category": "clinic",
        "facility_id": "hc_node_4418444290",
        "geometry_assembly": "osm_node",
        "healthcare": null,
        "latitude": 41.2162805,
        "longitude": 69.2167394,
        "name": "OZODA SHIFO MED SERVIS",
        "normalized_name": "ozoda shifo med servis",
        "operator": null,
        "osm_id": 4418444290,
        "osm_relation_type": null,
        "osm_type": "node",
        "representative_point_method": "osm_node"
      },
      "type": "Feature"
    },
    {
      "geometry": {
        "coordinates": [
          69.1988482,
          41.298094
        ],
        "type": "Point"
      },
      "properties": {
        "amenity": "clinic",
        "district_assignment": "within",
        "district_name": "Chilanzar district",
        "facility_category": "clinic",
        "facility_id": "hc_node_4419005694",
        "geometry_assembly": "osm_node",
        "healthcare": null,
        "latitude": 41.298094,
        "longitude": 69.1988482,
        "name": "Дерматолог Саидкасим Арифов Медицинская косметология",
        "normalized_name": "дерматолог саидкасим арифов медицинская косметология",
        "operator": "Arifova M.X.",
        "osm_id": 4419005694,
        "osm_relation_type": null,
        "osm_type": "node",
        "representative_point_method": "osm_node"
      },
      "type": "Feature"
    },
    {
      "geometry": {
        "coordinates": [
          69.2895284,
          41.2961883
        ],
        "type": "Point"
      },
      "properties": {
        "amenity": "hospital",
        "district_assignment": "within",
        "district_name": "Mirabad district",
        "facility_category": "hospital",
        "facility_id": "hc_node_4423486689",
        "geometry_assembly": "osm_node",
        "healthcare": "hospital",
        "latitude": 41.2961883,
        "longitude": 69.2895284,
        "name": "Республиканская кожно-венерологическая клиническая больница",
        "normalized_name": "республиканская кожно венерологическая клиническая больница",
        "operator": null,
        "osm_id": 4423486689,
        "osm_relation_type": null,
        "osm_type": "node",
        "representative_point_method": "osm_node"
      },
      "type": "Feature"
    },
    {
      "geometry": {
        "coordinates": [
          69.2953924,
          41.3779816
        ],
        "type": "Point"
      },
      "properties": {
        "amenity": "clinic",
        "district_assignment": "within",
        "district_name": "Yunusabad district",
        "facility_category": "clinic",
        "facility_id": "hc_node_4423874789",
        "geometry_assembly": "osm_node",
        "healthcare": null,
        "latitude": 41.3779816,
        "longitude": 69.2953924,
        "name": "ATLANT",
        "normalized_name": "atlant",
        "operator": null,
        "osm_id": 4423874789,
        "osm_relation_type": null,
        "osm_type": "node",
        "representative_point_method": "osm_node"
      },
      "type": "Feature"
    },
    {
      "geometry": {
        "coordinates": [
          69.3032263,
          41.3103896
        ],
        "type": "Point"
      },
      "properties": {
        "amenity": "hospital",
        "district_assignment": "within",
        "district_name": "Yashnabad district",
        "facility_category": "hospital",
        "facility_id": "hc_node_4432073616",
        "geometry_assembly": "osm_node",
        "healthcare": null,
        "latitude": 41.3103896,
        "longitude": 69.3032263,
        "name": "1 отделение неврологии",
        "normalized_name": "1 отделение неврологии",
        "operator": null,
        "osm_id": 4432073616,
        "osm_relation_type": null,
        "osm_type": "node",
        "representative_point_method": "osm_node"
      },
      "type": "Feature"
    },
    {
      "geometry": {
        "coordinates": [
          69.3041832,
          41.310283
        ],
        "type": "Point"
      },
      "properties": {
        "amenity": "hospital",
        "district_assignment": "within",
        "district_name": "Yashnabad district",
        "facility_category": "hospital",
        "facility_id": "hc_node_4432075815",
        "geometry_assembly": "osm_node",
        "healthcare": null,
        "latitude": 41.310283,
        "longitude": 69.3041832,
        "name": "Отделение реабилитации неврологии и сердечно-сосудистых заболеваний",
        "normalized_name": "отделение реабилитации неврологии и сердечно сосудистых заболеваний",
        "operator": null,
        "osm_id": 4432075815,
        "osm_relation_type": null,
        "osm_type": "node",
        "representative_point_method": "osm_node"
      },
      "type": "Feature"
    },
    {
      "geometry": {
        "coordinates": [
          69.3051601,
          41.3099688
        ],
        "type": "Point"
      },
      "properties": {
        "amenity": "hospital",
        "district_assignment": "within",
        "district_name": "Yashnabad district",
        "facility_category": "hospital",
        "facility_id": "hc_node_4432080207",
        "geometry_assembly": "osm_node",
        "healthcare": null,
        "latitude": 41.3099688,
        "longitude": 69.3051601,
        "name": "Отделение детской хирургии",
        "normalized_name": "отделение детской хирургии",
        "operator": null,
        "osm_id": 4432080207,
        "osm_relation_type": null,
        "osm_type": "node",
        "representative_point_method": "osm_node"
      },
      "type": "Feature"
    },
    {
      "geometry": {
        "coordinates": [
          69.3042841,
          41.3103728
        ],
        "type": "Point"
      },
      "properties": {
        "amenity": "clinic",
        "district_assignment": "within",
        "district_name": "Yashnabad district",
        "facility_category": "clinic",
        "facility_id": "hc_node_4432088808",
        "geometry_assembly": "osm_node",
        "healthcare": null,
        "latitude": 41.3103728,
        "longitude": 69.3042841,
        "name": "Стоматологическая поликлиника",
        "normalized_name": "стоматологическая поликлиника",
        "operator": null,
        "osm_id": 4432088808,
        "osm_relation_type": null,
        "osm_type": "node",
        "representative_point_method": "osm_node"
      },
      "type": "Feature"
    },
    {
      "geometry": {
        "coordinates": [
          69.301741,
          41.3115219
        ],
        "type": "Point"
      },
      "properties": {
        "amenity": "hospital",
        "district_assignment": "within",
        "district_name": "Yashnabad district",
        "facility_category": "hospital",
        "facility_id": "hc_node_4432088810",
        "geometry_assembly": "osm_node",
        "healthcare": null,
        "latitude": 41.3115219,
        "longitude": 69.301741,
        "name": "Центр репродуктивного здоровья населения",
        "normalized_name": "центр репродуктивного здоровья населения",
        "operator": null,
        "osm_id": 4432088810,
        "osm_relation_type": null,
        "osm_type": "node",
        "representative_point_method": "osm_node"
      },
      "type": "Feature"
    },
    {
      "geometry": {
        "coordinates": [
          69.3032725,
          41.3114459
        ],
        "type": "Point"
      },
      "properties": {
        "amenity": "clinic",
        "district_assignment": "within",
        "district_name": "Yashnabad district",
        "facility_category": "clinic",
        "facility_id": "hc_node_4432091690",
        "geometry_assembly": "osm_node",
        "healthcare": null,
        "latitude": 41.3114459,
        "longitude": 69.3032725,
        "name": "2 отделение общей терапии и эндокринологии",
        "normalized_name": "2 отделение общей терапии и эндокринологии",
        "operator": null,
        "osm_id": 4432091690,
        "osm_relation_type": null,
        "osm_type": "node",
        "representative_point_method": "osm_node"
      },
      "type": "Feature"
    },
    {
      "geometry": {
        "coordinates": [
          69.2882294,
          41.2959948
        ],
        "type": "Point"
      },
      "properties": {
        "amenity": "clinic",
        "district_assignment": "within",
        "district_name": "Mirabad district",
        "facility_category": "clinic",
        "facility_id": "hc_node_4432340791",
        "geometry_assembly": "osm_node",
        "healthcare": "clinic",
        "latitude": 41.2959948,
        "longitude": 69.2882294,
        "name": "Служба СЭС Железной дороги",
        "normalized_name": "служба сэс железной дороги",
        "operator": null,
        "osm_id": 4432340791,
        "osm_relation_type": null,
        "osm_type": "node",
        "representative_point_method": "osm_node"
      },
      "type": "Feature"
    },
    {
      "geometry": {
        "coordinates": [
          69.2311899,
          41.3399752
        ],
        "type": "Point"
      },
      "properties": {
        "amenity": "clinic",
        "district_assignment": "within",
        "district_name": "Almazar district",
        "facility_category": "clinic",
        "facility_id": "hc_node_4432422428",
        "geometry_assembly": "osm_node",
        "healthcare": null,
        "latitude": 41.3399752,
        "longitude": 69.2311899,
        "name": "Дармон нури",
        "normalized_name": "дармон нури",
        "operator": null,
        "osm_id": 4432422428,
        "osm_relation_type": null,
        "osm_type": "node",
        "representative_point_method": "osm_node"
      },
      "type": "Feature"
    },
    {
      "geometry": {
        "coordinates": [
          69.3410158,
          41.2941478
        ],
        "type": "Point"
      },
      "properties": {
        "amenity": "clinic",
        "district_assignment": "within",
        "district_name": "Yashnabad district",
        "facility_category": "clinic",
        "facility_id": "hc_node_4433650692",
        "geometry_assembly": "osm_node",
        "healthcare": null,
        "latitude": 41.2941478,
        "longitude": 69.3410158,
        "name": "Alfa-Diagnostic",
        "normalized_name": "alfa diagnostic",
        "operator": null,
        "osm_id": 4433650692,
        "osm_relation_type": null,
        "osm_type": "node",
        "representative_point_method": "osm_node"
      },
      "type": "Feature"
    },
    {
      "geometry": {
        "coordinates": [
          69.177678,
          41.2886847
        ],
        "type": "Point"
      },
      "properties": {
        "amenity": "clinic",
        "district_assignment": "within",
        "district_name": "Uchtepa district",
        "facility_category": "clinic",
        "facility_id": "hc_node_4434207191",
        "geometry_assembly": "osm_node",
        "healthcare": null,
        "latitude": 41.2886847,
        "longitude": 69.177678,
        "name": "Частная Клиника",
        "normalized_name": "частная клиника",
        "operator": null,
        "osm_id": 4434207191,
        "osm_relation_type": null,
        "osm_type": "node",
        "representative_point_method": "osm_node"
      },
      "type": "Feature"
    },
    {
      "geometry": {
        "coordinates": [
          69.2058695,
          41.2804154
        ],
        "type": "Point"
      },
      "properties": {
        "amenity": "hospital",
        "district_assignment": "within",
        "district_name": "Chilanzar district",
        "facility_category": "hospital",
        "facility_id": "hc_node_4436525195",
        "geometry_assembly": "osm_node",
        "healthcare": null,
        "latitude": 41.2804154,
        "longitude": 69.2058695,
        "name": "Нор тиббиот",
        "normalized_name": "нор тиббиот",
        "operator": null,
        "osm_id": 4436525195,
        "osm_relation_type": null,
        "osm_type": "node",
        "representative_point_method": "osm_node"
      },
      "type": "Feature"
    },
    {
      "geometry": {
        "coordinates": [
          69.2200019,
          41.3506498
        ],
        "type": "Point"
      },
      "properties": {
        "amenity": "clinic",
        "district_assignment": "within",
        "district_name": "Almazar district",
        "facility_category": "clinic",
        "facility_id": "hc_node_4444124301",
        "geometry_assembly": "osm_node",
        "healthcare": null,
        "latitude": 41.3506498,
        "longitude": 69.2200019,
        "name": "Platinum Orto-Laborotoriya",
        "normalized_name": "platinum orto laborotoriya",
        "operator": null,
        "osm_id": 4444124301,
        "osm_relation_type": null,
        "osm_type": "node",
        "representative_point_method": "osm_node"
      },
      "type": "Feature"
    },
    {
      "geometry": {
        "coordinates": [
          69.2256166,
          41.2166089
        ],
        "type": "Point"
      },
      "properties": {
        "amenity": "clinic",
        "district_assignment": "within",
        "district_name": "Sergeli district",
        "facility_category": "clinic",
        "facility_id": "hc_node_4446415189",
        "geometry_assembly": "osm_node",
        "healthcare": null,
        "latitude": 41.2166089,
        "longitude": 69.2256166,
        "name": "Comfort",
        "normalized_name": "comfort",
        "operator": null,
        "osm_id": 4446415189,
        "osm_relation_type": null,
        "osm_type": "node",
        "representative_point_method": "osm_node"
      },
      "type": "Feature"
    },
    {
      "geometry": {
        "coordinates": [
          69.3906172,
          41.3380599
        ],
        "type": "Point"
      },
      "properties": {
        "amenity": "clinic",
        "district_assignment": "within",
        "district_name": "Mirzo Ulugbek district",
        "facility_category": "clinic",
        "facility_id": "hc_node_4454588789",
        "geometry_assembly": "osm_node",
        "healthcare": null,
        "latitude": 41.3380599,
        "longitude": 69.3906172,
        "name": "Сельский врачебный пункт Геофизика",
        "normalized_name": "сельский врачебный пункт геофизика",
        "operator": null,
        "osm_id": 4454588789,
        "osm_relation_type": null,
        "osm_type": "node",
        "representative_point_method": "osm_node"
      },
      "type": "Feature"
    },
    {
      "geometry": {
        "coordinates": [
          69.2931127,
          41.3136032
        ],
        "type": "Point"
      },
      "properties": {
        "amenity": "clinic",
        "district_assignment": "within",
        "district_name": "Mirzo Ulugbek district",
        "facility_category": "clinic",
        "facility_id": "hc_node_4461263896",
        "geometry_assembly": "osm_node",
        "healthcare": null,
        "latitude": 41.3136032,
        "longitude": 69.2931127,
        "name": "Сориз",
        "normalized_name": "сориз",
        "operator": null,
        "osm_id": 4461263896,
        "osm_relation_type": null,
        "osm_type": "node",
        "representative_point_method": "osm_node"
      },
      "type": "Feature"
    },
    {
      "geometry": {
        "coordinates": [
          69.2381841,
          41.3113352
        ],
        "type": "Point"
      },
      "properties": {
        "amenity": "clinic",
        "district_assignment": "within",
        "district_name": "Shaykhantakhur district",
        "facility_category": "clinic",
        "facility_id": "hc_node_4465899491",
        "geometry_assembly": "osm_node",
        "healthcare": null,
        "latitude": 41.3113352,
        "longitude": 69.2381841,
        "name": "Умид ва Ишонч",
        "normalized_name": "умид ва ишонч",
        "operator": null,
        "osm_id": 4465899491,
        "osm_relation_type": null,
        "osm_type": "node",
        "representative_point_method": "osm_node"
      },
      "type": "Feature"
    },
    {
      "geometry": {
        "coordinates": [
          69.2916391,
          41.3330001
        ],
        "type": "Point"
      },
      "properties": {
        "amenity": "clinic",
        "district_assignment": "within",
        "district_name": "Yunusabad district",
        "facility_category": "clinic",
        "facility_id": "hc_node_4479094594",
        "geometry_assembly": "osm_node",
        "healthcare": null,
        "latitude": 41.3330001,
        "longitude": 69.2916391,
        "name": "Vitros Diagnostics",
        "normalized_name": "vitros diagnostics",
        "operator": null,
        "osm_id": 4479094594,
        "osm_relation_type": null,
        "osm_type": "node",
        "representative_point_method": "osm_node"
      },
      "type": "Feature"
    },
    {
      "geometry": {
        "coordinates": [
          69.1734267,
          41.2943938
        ],
        "type": "Point"
      },
      "properties": {
        "amenity": "hospital",
        "district_assignment": "within",
        "district_name": "Uchtepa district",
        "facility_category": "hospital",
        "facility_id": "hc_node_4493216201",
        "geometry_assembly": "osm_node",
        "healthcare": null,
        "latitude": 41.2943938,
        "longitude": 69.1734267,
        "name": "Жэксофт МДЦ",
        "normalized_name": "жэксофт мдц",
        "operator": null,
        "osm_id": 4493216201,
        "osm_relation_type": null,
        "osm_type": "node",
        "representative_point_method": "osm_node"
      },
      "type": "Feature"
    },
    {
      "geometry": {
        "coordinates": [
          69.2575757,
          41.3292615
        ],
        "type": "Point"
      },
      "properties": {
        "amenity": "clinic",
        "district_assignment": "within",
        "district_name": "Shaykhantakhur district",
        "facility_category": "clinic",
        "facility_id": "hc_node_4508166889",
        "geometry_assembly": "osm_node",
        "healthcare": "clinic",
        "latitude": 41.3292615,
        "longitude": 69.2575757,
        "name": "Medion",
        "normalized_name": "medion",
        "operator": "Labzak Pro Med",
        "osm_id": 4508166889,
        "osm_relation_type": null,
        "osm_type": "node",
        "representative_point_method": "osm_node"
      },
      "type": "Feature"
    },
    {
      "geometry": {
        "coordinates": [
          69.2867811,
          41.362917
        ],
        "type": "Point"
      },
      "properties": {
        "amenity": "clinic",
        "district_assignment": "within",
        "district_name": "Yunusabad district",
        "facility_category": "clinic",
        "facility_id": "hc_node_4522869248",
        "geometry_assembly": "osm_node",
        "healthcare": null,
        "latitude": 41.362917,
        "longitude": 69.2867811,
        "name": "Medlook",
        "normalized_name": "medlook",
        "operator": null,
        "osm_id": 4522869248,
        "osm_relation_type": null,
        "osm_type": "node",
        "representative_point_method": "osm_node"
      },
      "type": "Feature"
    },
    {
      "geometry": {
        "coordinates": [
          69.2669387,
          41.3004206
        ],
        "type": "Point"
      },
      "properties": {
        "amenity": "clinic",
        "district_assignment": "within",
        "district_name": "Yakkasaray district",
        "facility_category": "clinic",
        "facility_id": "hc_node_4565255589",
        "geometry_assembly": "osm_node",
        "healthcare": "clinic",
        "latitude": 41.3004206,
        "longitude": 69.2669387,
        "name": "ProfiMed",
        "normalized_name": "profimed",
        "operator": "ProfiMed",
        "osm_id": 4565255589,
        "osm_relation_type": null,
        "osm_type": "node",
        "representative_point_method": "osm_node"
      },
      "type": "Feature"
    },
    {
      "geometry": {
        "coordinates": [
          69.3245786,
          41.3346658
        ],
        "type": "Point"
      },
      "properties": {
        "amenity": "hospital",
        "district_assignment": "within",
        "district_name": "Mirzo Ulugbek district",
        "facility_category": "hospital",
        "facility_id": "hc_node_4570443189",
        "geometry_assembly": "osm_node",
        "healthcare": null,
        "latitude": 41.3346658,
        "longitude": 69.3245786,
        "name": "Медсанчасть от Узбекэнерго",
        "normalized_name": "медсанчасть от узбекэнерго",
        "operator": null,
        "osm_id": 4570443189,
        "osm_relation_type": null,
        "osm_type": "node",
        "representative_point_method": "osm_node"
      },
      "type": "Feature"
    },
    {
      "geometry": {
        "coordinates": [
          69.2998166,
          41.3614415
        ],
        "type": "Point"
      },
      "properties": {
        "amenity": "hospital",
        "district_assignment": "within",
        "district_name": "Yunusabad district",
        "facility_category": "hospital",
        "facility_id": "hc_node_4578830895",
        "geometry_assembly": "osm_node",
        "healthcare": null,
        "latitude": 41.3614415,
        "longitude": 69.2998166,
        "name": "Военный госпиталь",
        "normalized_name": "военный госпиталь",
        "operator": null,
        "osm_id": 4578830895,
        "osm_relation_type": null,
        "osm_type": "node",
        "representative_point_method": "osm_node"
      },
      "type": "Feature"
    },
    {
      "geometry": {
        "coordinates": [
          69.2156107,
          41.3211106
        ],
        "type": "Point"
      },
      "properties": {
        "amenity": "clinic",
        "district_assignment": "within",
        "district_name": "Shaykhantakhur district",
        "facility_category": "clinic",
        "facility_id": "hc_node_4623344494",
        "geometry_assembly": "osm_node",
        "healthcare": null,
        "latitude": 41.3211106,
        "longitude": 69.2156107,
        "name": "ТАШКЕНТСКИЙ ГОРОДСКОЙ ЦЕНТР ПО БОРЬБЕ СО СПИДОМ",
        "normalized_name": "ташкентский городской центр по борьбе со спидом",
        "operator": null,
        "osm_id": 4623344494,
        "osm_relation_type": null,
        "osm_type": "node",
        "representative_point_method": "osm_node"
      },
      "type": "Feature"
    },
    {
      "geometry": {
        "coordinates": [
          69.2243531,
          41.3278772
        ],
        "type": "Point"
      },
      "properties": {
        "amenity": "clinic",
        "district_assignment": "within",
        "district_name": "Shaykhantakhur district",
        "facility_category": "clinic",
        "facility_id": "hc_node_4665329394",
        "geometry_assembly": "osm_node",
        "healthcare": null,
        "latitude": 41.3278772,
        "longitude": 69.2243531,
        "name": null,
        "normalized_name": "",
        "operator": null,
        "osm_id": 4665329394,
        "osm_relation_type": null,
        "osm_type": "node",
        "representative_point_method": "osm_node"
      },
      "type": "Feature"
    },
    {
      "geometry": {
        "coordinates": [
          69.3234757,
          41.2698378
        ],
        "type": "Point"
      },
      "properties": {
        "amenity": "clinic",
        "district_assignment": "within",
        "district_name": "Yashnabad district",
        "facility_category": "clinic",
        "facility_id": "hc_node_4714604791",
        "geometry_assembly": "osm_node",
        "healthcare": null,
        "latitude": 41.2698378,
        "longitude": 69.3234757,
        "name": "27-Семейная поликлиника",
        "normalized_name": "27 семейная поликлиника",
        "operator": "Узб. Мин. Здрав.",
        "osm_id": 4714604791,
        "osm_relation_type": null,
        "osm_type": "node",
        "representative_point_method": "osm_node"
      },
      "type": "Feature"
    },
    {
      "geometry": {
        "coordinates": [
          69.2976811,
          41.3616549
        ],
        "type": "Point"
      },
      "properties": {
        "amenity": "hospital",
        "district_assignment": "within",
        "district_name": "Yunusabad district",
        "facility_category": "hospital",
        "facility_id": "hc_node_4720158190",
        "geometry_assembly": "osm_node",
        "healthcare": null,
        "latitude": 41.3616549,
        "longitude": 69.2976811,
        "name": "Госпиталь пограничных войск",
        "normalized_name": "госпиталь пограничных войск",
        "operator": null,
        "osm_id": 4720158190,
        "osm_relation_type": null,
        "osm_type": "node",
        "representative_point_method": "osm_node"
      },
      "type": "Feature"
    },
    {
      "geometry": {
        "coordinates": [
          69.2095043,
          41.304085
        ],
        "type": "Point"
      },
      "properties": {
        "amenity": "clinic",
        "district_assignment": "within",
        "district_name": "Shaykhantakhur district",
        "facility_category": "clinic",
        "facility_id": "hc_node_4720197789",
        "geometry_assembly": "osm_node",
        "healthcare": null,
        "latitude": 41.304085,
        "longitude": 69.2095043,
        "name": "Районный ВТЭК",
        "normalized_name": "районный втэк",
        "operator": "Евсеев Николай",
        "osm_id": 4720197789,
        "osm_relation_type": null,
        "osm_type": "node",
        "representative_point_method": "osm_node"
      },
      "type": "Feature"
    },
    {
      "geometry": {
        "coordinates": [
          69.2256835,
          41.3292513
        ],
        "type": "Point"
      },
      "properties": {
        "amenity": "clinic",
        "district_assignment": "within",
        "district_name": "Almazar district",
        "facility_category": "clinic",
        "facility_id": "hc_node_4747264923",
        "geometry_assembly": "osm_node",
        "healthcare": null,
        "latitude": 41.3292513,
        "longitude": 69.2256835,
        "name": "Шифо нур куз",
        "normalized_name": "шифо нур куз",
        "operator": null,
        "osm_id": 4747264923,
        "osm_relation_type": null,
        "osm_type": "node",
        "representative_point_method": "osm_node"
      },
      "type": "Feature"
    },
    {
      "geometry": {
        "coordinates": [
          69.2153036,
          41.275131
        ],
        "type": "Point"
      },
      "properties": {
        "amenity": "clinic",
        "district_assignment": "within",
        "district_name": "Chilanzar district",
        "facility_category": "clinic",
        "facility_id": "hc_node_4750078222",
        "geometry_assembly": "osm_node",
        "healthcare": null,
        "latitude": 41.275131,
        "longitude": 69.2153036,
        "name": "Давр Мед Сервис",
        "normalized_name": "давр мед сервис",
        "operator": null,
        "osm_id": 4750078222,
        "osm_relation_type": null,
        "osm_type": "node",
        "representative_point_method": "osm_node"
      },
      "type": "Feature"
    },
    {
      "geometry": {
        "coordinates": [
          69.2009879,
          41.2697393
        ],
        "type": "Point"
      },
      "properties": {
        "amenity": "hospital",
        "district_assignment": "within",
        "district_name": "Chilanzar district",
        "facility_category": "hospital",
        "facility_id": "hc_node_4751126224",
        "geometry_assembly": "osm_node",
        "healthcare": null,
        "latitude": 41.2697393,
        "longitude": 69.2009879,
        "name": "Nur Med",
        "normalized_name": "nur med",
        "operator": null,
        "osm_id": 4751126224,
        "osm_relation_type": null,
        "osm_type": "node",
        "representative_point_method": "osm_node"
      },
      "type": "Feature"
    },
    {
      "geometry": {
        "coordinates": [
          69.2313602,
          41.3214204
        ],
        "type": "Point"
      },
      "properties": {
        "amenity": "clinic",
        "district_assignment": "within",
        "district_name": "Shaykhantakhur district",
        "facility_category": "clinic",
        "facility_id": "hc_node_4774099522",
        "geometry_assembly": "osm_node",
        "healthcare": "clinic",
        "latitude": 41.3214204,
        "longitude": 69.2313602,
        "name": "Клиника при ЖАР",
        "normalized_name": "клиника при жар",
        "operator": null,
        "osm_id": 4774099522,
        "osm_relation_type": null,
        "osm_type": "node",
        "representative_point_method": "osm_node"
      },
      "type": "Feature"
    },
    {
      "geometry": {
        "coordinates": [
          69.3492161,
          41.3310755
        ],
        "type": "Point"
      },
      "properties": {
        "amenity": "clinic",
        "district_assignment": "within",
        "district_name": "Mirzo Ulugbek district",
        "facility_category": "clinic",
        "facility_id": "hc_node_4774118830",
        "geometry_assembly": "osm_node",
        "healthcare": "clinic",
        "latitude": 41.3310755,
        "longitude": 69.3492161,
        "name": "Глазная областная поликлиника",
        "normalized_name": "глазная областная поликлиника",
        "operator": null,
        "osm_id": 4774118830,
        "osm_relation_type": null,
        "osm_type": "node",
        "representative_point_method": "osm_node"
      },
      "type": "Feature"
    },
    {
      "geometry": {
        "coordinates": [
          69.2150085,
          41.2688422
        ],
        "type": "Point"
      },
      "properties": {
        "amenity": "hospital",
        "district_assignment": "within",
        "district_name": "Chilanzar district",
        "facility_category": "hospital",
        "facility_id": "hc_node_4829015721",
        "geometry_assembly": "osm_node",
        "healthcare": null,
        "latitude": 41.2688422,
        "longitude": 69.2150085,
        "name": "Комбустология-Токсикология",
        "normalized_name": "комбустология токсикология",
        "operator": null,
        "osm_id": 4829015721,
        "osm_relation_type": null,
        "osm_type": "node",
        "representative_point_method": "osm_node"
      },
      "type": "Feature"
    },
    {
      "geometry": {
        "coordinates": [
          69.2884628,
          41.2961481
        ],
        "type": "Point"
      },
      "properties": {
        "amenity": "clinic",
        "district_assignment": "within",
        "district_name": "Mirabad district",
        "facility_category": "clinic",
        "facility_id": "hc_node_4831208921",
        "geometry_assembly": "osm_node",
        "healthcare": "clinic",
        "latitude": 41.2961481,
        "longitude": 69.2884628,
        "name": "Станция Переливания Крови Железной дороги",
        "normalized_name": "станция переливания крови железной дороги",
        "operator": null,
        "osm_id": 4831208921,
        "osm_relation_type": null,
        "osm_type": "node",
        "representative_point_method": "osm_node"
      },
      "type": "Feature"
    },
    {
      "geometry": {
        "coordinates": [
          69.2531412,
          41.327025
        ],
        "type": "Point"
      },
      "properties": {
        "amenity": "clinic",
        "district_assignment": "within",
        "district_name": "Shaykhantakhur district",
        "facility_category": "clinic",
        "facility_id": "hc_node_4855018421",
        "geometry_assembly": "osm_node",
        "healthcare": null,
        "latitude": 41.327025,
        "longitude": 69.2531412,
        "name": null,
        "normalized_name": "",
        "operator": null,
        "osm_id": 4855018421,
        "osm_relation_type": null,
        "osm_type": "node",
        "representative_point_method": "osm_node"
      },
      "type": "Feature"
    },
    {
      "geometry": {
        "coordinates": [
          69.2600411,
          41.2758412
        ],
        "type": "Point"
      },
      "properties": {
        "amenity": "clinic",
        "district_assignment": "within",
        "district_name": "Yakkasaray district",
        "facility_category": "clinic",
        "facility_id": "hc_node_4877156622",
        "geometry_assembly": "osm_node",
        "healthcare": null,
        "latitude": 41.2758412,
        "longitude": 69.2600411,
        "name": "Асрор тиб сервис",
        "normalized_name": "асрор тиб сервис",
        "operator": null,
        "osm_id": 4877156622,
        "osm_relation_type": null,
        "osm_type": "node",
        "representative_point_method": "osm_node"
      },
      "type": "Feature"
    },
    {
      "geometry": {
        "coordinates": [
          69.2751261,
          41.3640086
        ],
        "type": "Point"
      },
      "properties": {
        "amenity": "clinic",
        "district_assignment": "within",
        "district_name": "Yunusabad district",
        "facility_category": "clinic",
        "facility_id": "hc_node_4901015421",
        "geometry_assembly": "osm_node",
        "healthcare": null,
        "latitude": 41.3640086,
        "longitude": 69.2751261,
        "name": "Шифо Нур",
        "normalized_name": "шифо нур",
        "operator": null,
        "osm_id": 4901015421,
        "osm_relation_type": null,
        "osm_type": "node",
        "representative_point_method": "osm_node"
      },
      "type": "Feature"
    },
    {
      "geometry": {
        "coordinates": [
          69.2111057,
          41.2693657
        ],
        "type": "Point"
      },
      "properties": {
        "amenity": "clinic",
        "district_assignment": "within",
        "district_name": "Chilanzar district",
        "facility_category": "clinic",
        "facility_id": "hc_node_4914067256",
        "geometry_assembly": "osm_node",
        "healthcare": null,
        "latitude": 41.2693657,
        "longitude": 69.2111057,
        "name": "Lab Expert",
        "normalized_name": "lab expert",
        "operator": null,
        "osm_id": 4914067256,
        "osm_relation_type": null,
        "osm_type": "node",
        "representative_point_method": "osm_node"
      },
      "type": "Feature"
    },
    {
      "geometry": {
        "coordinates": [
          69.2846,
          41.3680922
        ],
        "type": "Point"
      },
      "properties": {
        "amenity": "clinic",
        "district_assignment": "within",
        "district_name": "Yunusabad district",
        "facility_category": "clinic",
        "facility_id": "hc_node_4935390521",
        "geometry_assembly": "osm_node",
        "healthcare": "clinic",
        "latitude": 41.3680922,
        "longitude": 69.2846,
        "name": "ООО Микдор",
        "normalized_name": "ооо микдор",
        "operator": null,
        "osm_id": 4935390521,
        "osm_relation_type": null,
        "osm_type": "node",
        "representative_point_method": "osm_node"
      },
      "type": "Feature"
    },
    {
      "geometry": {
        "coordinates": [
          69.1681819,
          41.3004064
        ],
        "type": "Point"
      },
      "properties": {
        "amenity": "clinic",
        "district_assignment": "within",
        "district_name": "Uchtepa district",
        "facility_category": "clinic",
        "facility_id": "hc_node_4956642421",
        "geometry_assembly": "osm_node",
        "healthcare": null,
        "latitude": 41.3004064,
        "longitude": 69.1681819,
        "name": "Маш табиб",
        "normalized_name": "маш табиб",
        "operator": null,
        "osm_id": 4956642421,
        "osm_relation_type": null,
        "osm_type": "node",
        "representative_point_method": "osm_node"
      },
      "type": "Feature"
    },
    {
      "geometry": {
        "coordinates": [
          69.1822238,
          41.3220438
        ],
        "type": "Point"
      },
      "properties": {
        "amenity": "clinic",
        "district_assignment": "within",
        "district_name": "Uchtepa district",
        "facility_category": "clinic",
        "facility_id": "hc_node_4977179122",
        "geometry_assembly": "osm_node",
        "healthcare": null,
        "latitude": 41.3220438,
        "longitude": 69.1822238,
        "name": "Babymed",
        "normalized_name": "babymed",
        "operator": null,
        "osm_id": 4977179122,
        "osm_relation_type": null,
        "osm_type": "node",
        "representative_point_method": "osm_node"
      },
      "type": "Feature"
    },
    {
      "geometry": {
        "coordinates": [
          69.3113053,
          41.3675218
        ],
        "type": "Point"
      },
      "properties": {
        "amenity": "hospital",
        "district_assignment": "within",
        "district_name": "Yunusabad district",
        "facility_category": "hospital",
        "facility_id": "hc_node_4985152127",
        "geometry_assembly": "osm_node",
        "healthcare": null,
        "latitude": 41.3675218,
        "longitude": 69.3113053,
        "name": "Кожно-венерологический диспансер",
        "normalized_name": "кожно венерологический диспансер",
        "operator": null,
        "osm_id": 4985152127,
        "osm_relation_type": null,
        "osm_type": "node",
        "representative_point_method": "osm_node"
      },
      "type": "Feature"
    },
    {
      "geometry": {
        "coordinates": [
          69.1876586,
          41.286731
        ],
        "type": "Point"
      },
      "properties": {
        "amenity": "hospital",
        "district_assignment": "within",
        "district_name": "Uchtepa district",
        "facility_category": "hospital",
        "facility_id": "hc_node_4985944527",
        "geometry_assembly": "osm_node",
        "healthcare": null,
        "latitude": 41.286731,
        "longitude": 69.1876586,
        "name": null,
        "normalized_name": "",
        "operator": null,
        "osm_id": 4985944527,
        "osm_relation_type": null,
        "osm_type": "node",
        "representative_point_method": "osm_node"
      },
      "type": "Feature"
    },
    {
      "geometry": {
        "coordinates": [
          69.1847195,
          41.2859238
        ],
        "type": "Point"
      },
      "properties": {
        "amenity": "clinic",
        "district_assignment": "within",
        "district_name": "Uchtepa district",
        "facility_category": "clinic",
        "facility_id": "hc_node_5020581154",
        "geometry_assembly": "osm_node",
        "healthcare": null,
        "latitude": 41.2859238,
        "longitude": 69.1847195,
        "name": "Дармон диагнозтика",
        "normalized_name": "дармон диагнозтика",
        "operator": null,
        "osm_id": 5020581154,
        "osm_relation_type": null,
        "osm_type": "node",
        "representative_point_method": "osm_node"
      },
      "type": "Feature"
    },
    {
      "geometry": {
        "coordinates": [
          69.2988661,
          41.3082638
        ],
        "type": "Point"
      },
      "properties": {
        "amenity": "clinic",
        "district_assignment": "within",
        "district_name": "Yashnabad district",
        "facility_category": "clinic",
        "facility_id": "hc_node_5052374921",
        "geometry_assembly": "osm_node",
        "healthcare": null,
        "latitude": 41.3082638,
        "longitude": 69.2988661,
        "name": "Андромед Хорев медицинский центр",
        "normalized_name": "андромед хорев медицинский центр",
        "operator": null,
        "osm_id": 5052374921,
        "osm_relation_type": null,
        "osm_type": "node",
        "representative_point_method": "osm_node"
      },
      "type": "Feature"
    },
    {
      "geometry": {
        "coordinates": [
          69.2082068,
          41.271606
        ],
        "type": "Point"
      },
      "properties": {
        "amenity": "hospital",
        "district_assignment": "within",
        "district_name": "Chilanzar district",
        "facility_category": "hospital",
        "facility_id": "hc_node_5054318021",
        "geometry_assembly": "osm_node",
        "healthcare": null,
        "latitude": 41.271606,
        "longitude": 69.2082068,
        "name": "Кингдом оф дреамс. Узбекистан.",
        "normalized_name": "кингдом оф дреамс узбекистан",
        "operator": null,
        "osm_id": 5054318021,
        "osm_relation_type": null,
        "osm_type": "node",
        "representative_point_method": "osm_node"
      },
      "type": "Feature"
    },
    {
      "geometry": {
        "coordinates": [
          69.2458081,
          41.3511327
        ],
        "type": "Point"
      },
      "properties": {
        "amenity": "hospital",
        "district_assignment": "within",
        "district_name": "Almazar district",
        "facility_category": "hospital",
        "facility_id": "hc_node_5063236022",
        "geometry_assembly": "osm_node",
        "healthcare": null,
        "latitude": 41.3511327,
        "longitude": 69.2458081,
        "name": "Диасон медицинский центр",
        "normalized_name": "диасон медицинский центр",
        "operator": null,
        "osm_id": 5063236022,
        "osm_relation_type": null,
        "osm_type": "node",
        "representative_point_method": "osm_node"
      },
      "type": "Feature"
    },
    {
      "geometry": {
        "coordinates": [
          69.2345508,
          41.2701142
        ],
        "type": "Point"
      },
      "properties": {
        "amenity": "clinic",
        "district_assignment": "within",
        "district_name": "Yakkasaray district",
        "facility_category": "clinic",
        "facility_id": "hc_node_5121747521",
        "geometry_assembly": "osm_node",
        "healthcare": "clinic",
        "latitude": 41.2701142,
        "longitude": 69.2345508,
        "name": "Здоровье Всем",
        "normalized_name": "здоровье всем",
        "operator": null,
        "osm_id": 5121747521,
        "osm_relation_type": null,
        "osm_type": "node",
        "representative_point_method": "osm_node"
      },
      "type": "Feature"
    },
    {
      "geometry": {
        "coordinates": [
          69.3673327,
          41.360456
        ],
        "type": "Point"
      },
      "properties": {
        "amenity": "clinic",
        "district_assignment": "within",
        "district_name": "Mirzo Ulugbek district",
        "facility_category": "clinic",
        "facility_id": "hc_node_5148281522",
        "geometry_assembly": "osm_node",
        "healthcare": null,
        "latitude": 41.360456,
        "longitude": 69.3673327,
        "name": "GloryMed",
        "normalized_name": "glorymed",
        "operator": null,
        "osm_id": 5148281522,
        "osm_relation_type": null,
        "osm_type": "node",
        "representative_point_method": "osm_node"
      },
      "type": "Feature"
    },
    {
      "geometry": {
        "coordinates": [
          69.3092496,
          41.3695032
        ],
        "type": "Point"
      },
      "properties": {
        "amenity": "clinic",
        "district_assignment": "within",
        "district_name": "Yunusabad district",
        "facility_category": "clinic",
        "facility_id": "hc_node_5199353021",
        "geometry_assembly": "osm_node",
        "healthcare": null,
        "latitude": 41.3695032,
        "longitude": 69.3092496,
        "name": "Nazar \"Глазная Клиника\"",
        "normalized_name": "nazar глазная клиника",
        "operator": null,
        "osm_id": 5199353021,
        "osm_relation_type": null,
        "osm_type": "node",
        "representative_point_method": "osm_node"
      },
      "type": "Feature"
    },
    {
      "geometry": {
        "coordinates": [
          69.2710819,
          41.2999548
        ],
        "type": "Point"
      },
      "properties": {
        "amenity": "hospital",
        "district_assignment": "within",
        "district_name": "Mirabad district",
        "facility_category": "hospital",
        "facility_id": "hc_node_5206333021",
        "geometry_assembly": "osm_node",
        "healthcare": "hospital",
        "latitude": 41.2999548,
        "longitude": 69.2710819,
        "name": "Диер мед",
        "normalized_name": "диер мед",
        "operator": null,
        "osm_id": 5206333021,
        "osm_relation_type": null,
        "osm_type": "node",
        "representative_point_method": "osm_node"
      },
      "type": "Feature"
    },
    {
      "geometry": {
        "coordinates": [
          69.2440898,
          41.3109948
        ],
        "type": "Point"
      },
      "properties": {
        "amenity": "hospital",
        "district_assignment": "within",
        "district_name": "Chilanzar district",
        "facility_category": "hospital",
        "facility_id": "hc_node_5245509721",
        "geometry_assembly": "osm_node",
        "healthcare": null,
        "latitude": 41.3109948,
        "longitude": 69.2440898,
        "name": "Medlans \"Медицинский центр\"",
        "normalized_name": "medlans медицинский центр",
        "operator": null,
        "osm_id": 5245509721,
        "osm_relation_type": null,
        "osm_type": "node",
        "representative_point_method": "osm_node"
      },
      "type": "Feature"
    },
    {
      "geometry": {
        "coordinates": [
          69.3657852,
          41.3466052
        ],
        "type": "Point"
      },
      "properties": {
        "amenity": "clinic",
        "district_assignment": "within",
        "district_name": "Mirzo Ulugbek district",
        "facility_category": "clinic",
        "facility_id": "hc_node_5249927922",
        "geometry_assembly": "osm_node",
        "healthcare": "clinic",
        "latitude": 41.3466052,
        "longitude": 69.3657852,
        "name": "Нейромед сервис",
        "normalized_name": "нейромед сервис",
        "operator": null,
        "osm_id": 5249927922,
        "osm_relation_type": null,
        "osm_type": "node",
        "representative_point_method": "osm_node"
      },
      "type": "Feature"
    },
    {
      "geometry": {
        "coordinates": [
          69.3536164,
          41.335397
        ],
        "type": "Point"
      },
      "properties": {
        "amenity": "clinic",
        "district_assignment": "within",
        "district_name": "Mirzo Ulugbek district",
        "facility_category": "clinic",
        "facility_id": "hc_node_5250377621",
        "geometry_assembly": "osm_node",
        "healthcare": "clinic",
        "latitude": 41.335397,
        "longitude": 69.3536164,
        "name": "Нейро мед сервис",
        "normalized_name": "нейро мед сервис",
        "operator": null,
        "osm_id": 5250377621,
        "osm_relation_type": null,
        "osm_type": "node",
        "representative_point_method": "osm_node"
      },
      "type": "Feature"
    },
    {
      "geometry": {
        "coordinates": [
          69.2790668,
          41.3212017
        ],
        "type": "Point"
      },
      "properties": {
        "amenity": "clinic",
        "district_assignment": "within",
        "district_name": "Yunusabad district",
        "facility_category": "clinic",
        "facility_id": "hc_node_5253453637",
        "geometry_assembly": "osm_node",
        "healthcare": "clinic",
        "latitude": 41.3212017,
        "longitude": 69.2790668,
        "name": "Клиника Доктора Овчарова",
        "normalized_name": "клиника доктора овчарова",
        "operator": null,
        "osm_id": 5253453637,
        "osm_relation_type": null,
        "osm_type": "node",
        "representative_point_method": "osm_node"
      },
      "type": "Feature"
    },
    {
      "geometry": {
        "coordinates": [
          69.3447535,
          41.3445096
        ],
        "type": "Point"
      },
      "properties": {
        "amenity": "clinic",
        "district_assignment": "within",
        "district_name": "Mirzo Ulugbek district",
        "facility_category": "clinic",
        "facility_id": "hc_node_5268208526",
        "geometry_assembly": "osm_node",
        "healthcare": null,
        "latitude": 41.3445096,
        "longitude": 69.3447535,
        "name": "Частное поликлиника Medik-AS",
        "normalized_name": "частное поликлиника medik as",
        "operator": null,
        "osm_id": 5268208526,
        "osm_relation_type": null,
        "osm_type": "node",
        "representative_point_method": "osm_node"
      },
      "type": "Feature"
    },
    {
      "geometry": {
        "coordinates": [
          69.3447724,
          41.3445098
        ],
        "type": "Point"
      },
      "properties": {
        "amenity": "hospital",
        "district_assignment": "within",
        "district_name": "Mirzo Ulugbek district",
        "facility_category": "hospital",
        "facility_id": "hc_node_5285176521",
        "geometry_assembly": "osm_node",
        "healthcare": null,
        "latitude": 41.3445098,
        "longitude": 69.3447724,
        "name": "medik-as",
        "normalized_name": "medik as",
        "operator": null,
        "osm_id": 5285176521,
        "osm_relation_type": null,
        "osm_type": "node",
        "representative_point_method": "osm_node"
      },
      "type": "Feature"
    },
    {
      "geometry": {
        "coordinates": [
          69.2744497,
          41.2924701
        ],
        "type": "Point"
      },
      "properties": {
        "amenity": "clinic",
        "district_assignment": "within",
        "district_name": "Mirabad district",
        "facility_category": "clinic",
        "facility_id": "hc_node_5286913824",
        "geometry_assembly": "osm_node",
        "healthcare": null,
        "latitude": 41.2924701,
        "longitude": 69.2744497,
        "name": null,
        "normalized_name": "",
        "operator": null,
        "osm_id": 5286913824,
        "osm_relation_type": null,
        "osm_type": "node",
        "representative_point_method": "osm_node"
      },
      "type": "Feature"
    },
    {
      "geometry": {
        "coordinates": [
          69.2088283,
          41.3430057
        ],
        "type": "Point"
      },
      "properties": {
        "amenity": "hospital",
        "district_assignment": "within",
        "district_name": "Almazar district",
        "facility_category": "hospital",
        "facility_id": "hc_node_5287204821",
        "geometry_assembly": "osm_node",
        "healthcare": "hospital",
        "latitude": 41.3430057,
        "longitude": 69.2088283,
        "name": "медицинский центр Akfa Medline",
        "normalized_name": "медицинский центр akfa medline",
        "operator": null,
        "osm_id": 5287204821,
        "osm_relation_type": null,
        "osm_type": "node",
        "representative_point_method": "osm_node"
      },
      "type": "Feature"
    },
    {
      "geometry": {
        "coordinates": [
          69.2960853,
          41.3647301
        ],
        "type": "Point"
      },
      "properties": {
        "amenity": "clinic",
        "district_assignment": "within",
        "district_name": "Yunusabad district",
        "facility_category": "clinic",
        "facility_id": "hc_node_5300397527",
        "geometry_assembly": "osm_node",
        "healthcare": null,
        "latitude": 41.3647301,
        "longitude": 69.2960853,
        "name": "\"Stomaworld\" stomatologiya klinikasi",
        "normalized_name": "stomaworld stomatologiya klinikasi",
        "operator": null,
        "osm_id": 5300397527,
        "osm_relation_type": null,
        "osm_type": "node",
        "representative_point_method": "osm_node"
      },
      "type": "Feature"
    },
    {
      "geometry": {
        "coordinates": [
          69.3447712,
          41.3444759
        ],
        "type": "Point"
      },
      "properties": {
        "amenity": "clinic",
        "district_assignment": "within",
        "district_name": "Mirzo Ulugbek district",
        "facility_category": "clinic",
        "facility_id": "hc_node_5301565221",
        "geometry_assembly": "osm_node",
        "healthcare": null,
        "latitude": 41.3444759,
        "longitude": 69.3447712,
        "name": "MEDIK AS",
        "normalized_name": "medik as",
        "operator": null,
        "osm_id": 5301565221,
        "osm_relation_type": null,
        "osm_type": "node",
        "representative_point_method": "osm_node"
      },
      "type": "Feature"
    },
    {
      "geometry": {
        "coordinates": [
          69.3058004,
          41.3345593
        ],
        "type": "Point"
      },
      "properties": {
        "amenity": "hospital",
        "district_assignment": "within",
        "district_name": "Mirzo Ulugbek district",
        "facility_category": "hospital",
        "facility_id": "hc_node_5301565223",
        "geometry_assembly": "osm_node",
        "healthcare": null,
        "latitude": 41.3345593,
        "longitude": 69.3058004,
        "name": "Nogironlarni reabilatitsia markazi",
        "normalized_name": "nogironlarni reabilatitsia markazi",
        "operator": null,
        "osm_id": 5301565223,
        "osm_relation_type": null,
        "osm_type": "node",
        "representative_point_method": "osm_node"
      },
      "type": "Feature"
    },
    {
      "geometry": {
        "coordinates": [
          69.2419199,
          41.3571367
        ],
        "type": "Point"
      },
      "properties": {
        "amenity": "hospital",
        "district_assignment": "within",
        "district_name": "Almazar district",
        "facility_category": "hospital",
        "facility_id": "hc_node_5302738922",
        "geometry_assembly": "osm_node",
        "healthcare": "hospital",
        "latitude": 41.3571367,
        "longitude": 69.2419199,
        "name": "Toshkent shaxar Davlat sanitariya-epidemiologiya nazorati markazi",
        "normalized_name": "toshkent shaxar davlat sanitariya epidemiologiya nazorati markazi",
        "operator": null,
        "osm_id": 5302738922,
        "osm_relation_type": null,
        "osm_type": "node",
        "representative_point_method": "osm_node"
      },
      "type": "Feature"
    },
    {
      "geometry": {
        "coordinates": [
          69.1919072,
          41.2692885
        ],
        "type": "Point"
      },
      "properties": {
        "amenity": "clinic",
        "district_assignment": "within",
        "district_name": "Chilanzar district",
        "facility_category": "clinic",
        "facility_id": "hc_node_5307790422",
        "geometry_assembly": "osm_node",
        "healthcare": null,
        "latitude": 41.2692885,
        "longitude": 69.1919072,
        "name": "Медикал центр",
        "normalized_name": "медикал центр",
        "operator": null,
        "osm_id": 5307790422,
        "osm_relation_type": null,
        "osm_type": "node",
        "representative_point_method": "osm_node"
      },
      "type": "Feature"
    },
    {
      "geometry": {
        "coordinates": [
          69.2171633,
          41.3232994
        ],
        "type": "Point"
      },
      "properties": {
        "amenity": "hospital",
        "district_assignment": "within",
        "district_name": "Shaykhantakhur district",
        "facility_category": "hospital",
        "facility_id": "hc_node_5346316321",
        "geometry_assembly": "osm_node",
        "healthcare": null,
        "latitude": 41.3232994,
        "longitude": 69.2171633,
        "name": "Глазная клиника",
        "normalized_name": "глазная клиника",
        "operator": null,
        "osm_id": 5346316321,
        "osm_relation_type": null,
        "osm_type": "node",
        "representative_point_method": "osm_node"
      },
      "type": "Feature"
    },
    {
      "geometry": {
        "coordinates": [
          69.2162152,
          41.3226324
        ],
        "type": "Point"
      },
      "properties": {
        "amenity": "hospital",
        "district_assignment": "within",
        "district_name": "Shaykhantakhur district",
        "facility_category": "hospital",
        "facility_id": "hc_node_5353933321",
        "geometry_assembly": "osm_node",
        "healthcare": null,
        "latitude": 41.3226324,
        "longitude": 69.2162152,
        "name": "\"Vedanta Medical\" глазная клиника",
        "normalized_name": "vedanta medical глазная клиника",
        "operator": null,
        "osm_id": 5353933321,
        "osm_relation_type": null,
        "osm_type": "node",
        "representative_point_method": "osm_node"
      },
      "type": "Feature"
    },
    {
      "geometry": {
        "coordinates": [
          69.3079346,
          41.368469
        ],
        "type": "Point"
      },
      "properties": {
        "amenity": "clinic",
        "district_assignment": "within",
        "district_name": "Yunusabad district",
        "facility_category": "clinic",
        "facility_id": "hc_node_5356933321",
        "geometry_assembly": "osm_node",
        "healthcare": "clinic",
        "latitude": 41.368469,
        "longitude": 69.3079346,
        "name": "Biogen Med",
        "normalized_name": "biogen med",
        "operator": null,
        "osm_id": 5356933321,
        "osm_relation_type": null,
        "osm_type": "node",
        "representative_point_method": "osm_node"
      },
      "type": "Feature"
    },
    {
      "geometry": {
        "coordinates": [
          69.2112187,
          41.2824998
        ],
        "type": "Point"
      },
      "properties": {
        "amenity": "clinic",
        "district_assignment": "within",
        "district_name": "Chilanzar district",
        "facility_category": "clinic",
        "facility_id": "hc_node_5374163921",
        "geometry_assembly": "osm_node",
        "healthcare": "clinic",
        "latitude": 41.2824998,
        "longitude": 69.2112187,
        "name": "Центр медицинской диагностики",
        "normalized_name": "центр медицинской диагностики",
        "operator": null,
        "osm_id": 5374163921,
        "osm_relation_type": null,
        "osm_type": "node",
        "representative_point_method": "osm_node"
      },
      "type": "Feature"
    },
    {
      "geometry": {
        "coordinates": [
          69.304809,
          41.3056704
        ],
        "type": "Point"
      },
      "properties": {
        "amenity": "clinic",
        "district_assignment": "within",
        "district_name": "Yashnabad district",
        "facility_category": "clinic",
        "facility_id": "hc_node_5374272724",
        "geometry_assembly": "osm_node",
        "healthcare": null,
        "latitude": 41.3056704,
        "longitude": 69.304809,
        "name": "Горздрав",
        "normalized_name": "горздрав",
        "operator": null,
        "osm_id": 5374272724,
        "osm_relation_type": null,
        "osm_type": "node",
        "representative_point_method": "osm_node"
      },
      "type": "Feature"
    },
    {
      "geometry": {
        "coordinates": [
          69.348358,
          41.3466224
        ],
        "type": "Point"
      },
      "properties": {
        "amenity": "hospital",
        "district_assignment": "within",
        "district_name": "Mirzo Ulugbek district",
        "facility_category": "hospital",
        "facility_id": "hc_node_5377055122",
        "geometry_assembly": "osm_node",
        "healthcare": null,
        "latitude": 41.3466224,
        "longitude": 69.348358,
        "name": "Nora Medical",
        "normalized_name": "nora medical",
        "operator": null,
        "osm_id": 5377055122,
        "osm_relation_type": null,
        "osm_type": "node",
        "representative_point_method": "osm_node"
      },
      "type": "Feature"
    },
    {
      "geometry": {
        "coordinates": [
          69.2905891,
          41.3152225
        ],
        "type": "Point"
      },
      "properties": {
        "amenity": "clinic",
        "district_assignment": "within",
        "district_name": "Mirzo Ulugbek district",
        "facility_category": "clinic",
        "facility_id": "hc_node_5414322521",
        "geometry_assembly": "osm_node",
        "healthcare": null,
        "latitude": 41.3152225,
        "longitude": 69.2905891,
        "name": "Acibadem",
        "normalized_name": "acibadem",
        "operator": "Acıbadem Sağlık Hizmetleri ve Ticaret A.Ş",
        "osm_id": 5414322521,
        "osm_relation_type": null,
        "osm_type": "node",
        "representative_point_method": "osm_node"
      },
      "type": "Feature"
    },
    {
      "geometry": {
        "coordinates": [
          69.2915814,
          41.3045684
        ],
        "type": "Point"
      },
      "properties": {
        "amenity": "clinic",
        "district_assignment": "within",
        "district_name": "Yashnabad district",
        "facility_category": "clinic",
        "facility_id": "hc_node_5456904822",
        "geometry_assembly": "osm_node",
        "healthcare": null,
        "latitude": 41.3045684,
        "longitude": 69.2915814,
        "name": "Metrika центр развития ребёнка",
        "normalized_name": "metrika центр развития ребёнка",
        "operator": null,
        "osm_id": 5456904822,
        "osm_relation_type": null,
        "osm_type": "node",
        "representative_point_method": "osm_node"
      },
      "type": "Feature"
    },
    {
      "geometry": {
        "coordinates": [
          69.17824,
          41.3123481
        ],
        "type": "Point"
      },
      "properties": {
        "amenity": "clinic",
        "district_assignment": "within",
        "district_name": "Uchtepa district",
        "facility_category": "clinic",
        "facility_id": "hc_node_5508957421",
        "geometry_assembly": "osm_node",
        "healthcare": null,
        "latitude": 41.3123481,
        "longitude": 69.17824,
        "name": "НевроСервис",
        "normalized_name": "невросервис",
        "operator": null,
        "osm_id": 5508957421,
        "osm_relation_type": null,
        "osm_type": "node",
        "representative_point_method": "osm_node"
      },
      "type": "Feature"
    },
    {
      "geometry": {
        "coordinates": [
          69.224659,
          41.2022952
        ],
        "type": "Point"
      },
      "properties": {
        "amenity": "clinic",
        "district_assignment": "within",
        "district_name": "Yangikhayot district",
        "facility_category": "clinic",
        "facility_id": "hc_node_5508957422",
        "geometry_assembly": "osm_node",
        "healthcare": null,
        "latitude": 41.2022952,
        "longitude": 69.224659,
        "name": "НевроСервис",
        "normalized_name": "невросервис",
        "operator": null,
        "osm_id": 5508957422,
        "osm_relation_type": null,
        "osm_type": "node",
        "representative_point_method": "osm_node"
      },
      "type": "Feature"
    },
    {
      "geometry": {
        "coordinates": [
          69.2281851,
          41.2674691
        ],
        "type": "Point"
      },
      "properties": {
        "amenity": "clinic",
        "district_assignment": "within",
        "district_name": "Yakkasaray district",
        "facility_category": "clinic",
        "facility_id": "hc_node_5526630125",
        "geometry_assembly": "osm_node",
        "healthcare": null,
        "latitude": 41.2674691,
        "longitude": 69.2281851,
        "name": "Metromed",
        "normalized_name": "metromed",
        "operator": null,
        "osm_id": 5526630125,
        "osm_relation_type": null,
        "osm_type": "node",
        "representative_point_method": "osm_node"
      },
      "type": "Feature"
    },
    {
      "geometry": {
        "coordinates": [
          69.3389793,
          41.328212
        ],
        "type": "Point"
      },
      "properties": {
        "amenity": "clinic",
        "district_assignment": "within",
        "district_name": "Mirzo Ulugbek district",
        "facility_category": "clinic",
        "facility_id": "hc_node_5535452521",
        "geometry_assembly": "osm_node",
        "healthcare": "clinic",
        "latitude": 41.328212,
        "longitude": 69.3389793,
        "name": "Мед.Центр “ALLMED”",
        "normalized_name": "мед центр allmed",
        "operator": null,
        "osm_id": 5535452521,
        "osm_relation_type": null,
        "osm_type": "node",
        "representative_point_method": "osm_node"
      },
      "type": "Feature"
    },
    {
      "geometry": {
        "coordinates": [
          69.2098814,
          41.273959
        ],
        "type": "Point"
      },
      "properties": {
        "amenity": "hospital",
        "district_assignment": "within",
        "district_name": "Chilanzar district",
        "facility_category": "hospital",
        "facility_id": "hc_node_5573322121",
        "geometry_assembly": "osm_node",
        "healthcare": null,
        "latitude": 41.273959,
        "longitude": 69.2098814,
        "name": "Институт Грудная Хирургия",
        "normalized_name": "институт грудная хирургия",
        "operator": null,
        "osm_id": 5573322121,
        "osm_relation_type": null,
        "osm_type": "node",
        "representative_point_method": "osm_node"
      },
      "type": "Feature"
    },
    {
      "geometry": {
        "coordinates": [
          69.1731366,
          41.2882912
        ],
        "type": "Point"
      },
      "properties": {
        "amenity": "hospital",
        "district_assignment": "within",
        "district_name": "Uchtepa district",
        "facility_category": "hospital",
        "facility_id": "hc_node_5586230421",
        "geometry_assembly": "osm_node",
        "healthcare": null,
        "latitude": 41.2882912,
        "longitude": 69.1731366,
        "name": "Karavan farm shifo",
        "normalized_name": "karavan farm shifo",
        "operator": null,
        "osm_id": 5586230421,
        "osm_relation_type": null,
        "osm_type": "node",
        "representative_point_method": "osm_node"
      },
      "type": "Feature"
    },
    {
      "geometry": {
        "coordinates": [
          69.2013067,
          41.294725
        ],
        "type": "Point"
      },
      "properties": {
        "amenity": "hospital",
        "district_assignment": "within",
        "district_name": "Chilanzar district",
        "facility_category": "hospital",
        "facility_id": "hc_node_5605796128",
        "geometry_assembly": "osm_node",
        "healthcare": null,
        "latitude": 41.294725,
        "longitude": 69.2013067,
        "name": "Областная дерматология",
        "normalized_name": "областная дерматология",
        "operator": null,
        "osm_id": 5605796128,
        "osm_relation_type": null,
        "osm_type": "node",
        "representative_point_method": "osm_node"
      },
      "type": "Feature"
    },
    {
      "geometry": {
        "coordinates": [
          69.1875881,
          41.3106938
        ],
        "type": "Point"
      },
      "properties": {
        "amenity": "clinic",
        "district_assignment": "within",
        "district_name": "Uchtepa district",
        "facility_category": "clinic",
        "facility_id": "hc_node_5620263126",
        "geometry_assembly": "osm_node",
        "healthcare": null,
        "latitude": 41.3106938,
        "longitude": 69.1875881,
        "name": "НИИ Эпидемиологии и инфекционных заболеваний",
        "normalized_name": "нии эпидемиологии и инфекционных заболеваний",
        "operator": "Минздрав РУз",
        "osm_id": 5620263126,
        "osm_relation_type": null,
        "osm_type": "node",
        "representative_point_method": "osm_node"
      },
      "type": "Feature"
    },
    {
      "geometry": {
        "coordinates": [
          69.3387306,
          41.3390993
        ],
        "type": "Point"
      },
      "properties": {
        "amenity": "clinic",
        "district_assignment": "within",
        "district_name": "Mirzo Ulugbek district",
        "facility_category": "clinic",
        "facility_id": "hc_node_5634415661",
        "geometry_assembly": "osm_node",
        "healthcare": "clinic",
        "latitude": 41.3390993,
        "longitude": 69.3387306,
        "name": "Астма клиника \"Лёгкое дыхание\"",
        "normalized_name": "астма клиника лёгкое дыхание",
        "operator": null,
        "osm_id": 5634415661,
        "osm_relation_type": null,
        "osm_type": "node",
        "representative_point_method": "osm_node"
      },
      "type": "Feature"
    },
    {
      "geometry": {
        "coordinates": [
          69.1714856,
          41.3498014
        ],
        "type": "Point"
      },
      "properties": {
        "amenity": "hospital",
        "district_assignment": "within",
        "district_name": "Almazar district",
        "facility_category": "hospital",
        "facility_id": "hc_node_5649426971",
        "geometry_assembly": "osm_node",
        "healthcare": "hospital",
        "latitude": 41.3498014,
        "longitude": 69.1714856,
        "name": "Корпус 1",
        "normalized_name": "корпус 1",
        "operator": null,
        "osm_id": 5649426971,
        "osm_relation_type": null,
        "osm_type": "node",
        "representative_point_method": "osm_node"
      },
      "type": "Feature"
    },
    {
      "geometry": {
        "coordinates": [
          69.1724573,
          41.3503447
        ],
        "type": "Point"
      },
      "properties": {
        "amenity": "hospital",
        "district_assignment": "within",
        "district_name": "Almazar district",
        "facility_category": "hospital",
        "facility_id": "hc_node_5649426972",
        "geometry_assembly": "osm_node",
        "healthcare": "hospital",
        "latitude": 41.3503447,
        "longitude": 69.1724573,
        "name": "Корпус 3",
        "normalized_name": "корпус 3",
        "operator": null,
        "osm_id": 5649426972,
        "osm_relation_type": null,
        "osm_type": "node",
        "representative_point_method": "osm_node"
      },
      "type": "Feature"
    },
    {
      "geometry": {
        "coordinates": [
          69.1730651,
          41.3501036
        ],
        "type": "Point"
      },
      "properties": {
        "amenity": "hospital",
        "district_assignment": "within",
        "district_name": "Almazar district",
        "facility_category": "hospital",
        "facility_id": "hc_node_5649426973",
        "geometry_assembly": "osm_node",
        "healthcare": "hospital",
        "latitude": 41.3501036,
        "longitude": 69.1730651,
        "name": "Корпус 2",
        "normalized_name": "корпус 2",
        "operator": null,
        "osm_id": 5649426973,
        "osm_relation_type": null,
        "osm_type": "node",
        "representative_point_method": "osm_node"
      },
      "type": "Feature"
    },
    {
      "geometry": {
        "coordinates": [
          69.1718518,
          41.3503852
        ],
        "type": "Point"
      },
      "properties": {
        "amenity": "hospital",
        "district_assignment": "within",
        "district_name": "Almazar district",
        "facility_category": "hospital",
        "facility_id": "hc_node_5649426974",
        "geometry_assembly": "osm_node",
        "healthcare": "hospital",
        "latitude": 41.3503852,
        "longitude": 69.1718518,
        "name": "Корпус 4",
        "normalized_name": "корпус 4",
        "operator": null,
        "osm_id": 5649426974,
        "osm_relation_type": null,
        "osm_type": "node",
        "representative_point_method": "osm_node"
      },
      "type": "Feature"
    },
    {
      "geometry": {
        "coordinates": [
          69.1730892,
          41.3506248
        ],
        "type": "Point"
      },
      "properties": {
        "amenity": "hospital",
        "district_assignment": "within",
        "district_name": "Almazar district",
        "facility_category": "hospital",
        "facility_id": "hc_node_5649426975",
        "geometry_assembly": "osm_node",
        "healthcare": "hospital",
        "latitude": 41.3506248,
        "longitude": 69.1730892,
        "name": "Корпус 5",
        "normalized_name": "корпус 5",
        "operator": null,
        "osm_id": 5649426975,
        "osm_relation_type": null,
        "osm_type": "node",
        "representative_point_method": "osm_node"
      },
      "type": "Feature"
    },
    {
      "geometry": {
        "coordinates": [
          69.1716719,
          41.3509116
        ],
        "type": "Point"
      },
      "properties": {
        "amenity": "hospital",
        "district_assignment": "within",
        "district_name": "Almazar district",
        "facility_category": "hospital",
        "facility_id": "hc_node_5649426976",
        "geometry_assembly": "osm_node",
        "healthcare": "hospital",
        "latitude": 41.3509116,
        "longitude": 69.1716719,
        "name": "Корпус 6",
        "normalized_name": "корпус 6",
        "operator": null,
        "osm_id": 5649426976,
        "osm_relation_type": null,
        "osm_type": "node",
        "representative_point_method": "osm_node"
      },
      "type": "Feature"
    },
    {
      "geometry": {
        "coordinates": [
          69.171846,
          41.351325
        ],
        "type": "Point"
      },
      "properties": {
        "amenity": "hospital",
        "district_assignment": "within",
        "district_name": "Almazar district",
        "facility_category": "hospital",
        "facility_id": "hc_node_5649426977",
        "geometry_assembly": "osm_node",
        "healthcare": "hospital",
        "latitude": 41.351325,
        "longitude": 69.171846,
        "name": "Корпус 7",
        "normalized_name": "корпус 7",
        "operator": null,
        "osm_id": 5649426977,
        "osm_relation_type": null,
        "osm_type": "node",
        "representative_point_method": "osm_node"
      },
      "type": "Feature"
    },
    {
      "geometry": {
        "coordinates": [
          69.1720493,
          41.3517575
        ],
        "type": "Point"
      },
      "properties": {
        "amenity": "hospital",
        "district_assignment": "within",
        "district_name": "Almazar district",
        "facility_category": "hospital",
        "facility_id": "hc_node_5649426978",
        "geometry_assembly": "osm_node",
        "healthcare": "hospital",
        "latitude": 41.3517575,
        "longitude": 69.1720493,
        "name": "Корпус 8",
        "normalized_name": "корпус 8",
        "operator": null,
        "osm_id": 5649426978,
        "osm_relation_type": null,
        "osm_type": "node",
        "representative_point_method": "osm_node"
      },
      "type": "Feature"
    },
    {
      "geometry": {
        "coordinates": [
          69.1720801,
          41.3527873
        ],
        "type": "Point"
      },
      "properties": {
        "amenity": "hospital",
        "district_assignment": "within",
        "district_name": "Almazar district",
        "facility_category": "hospital",
        "facility_id": "hc_node_5649426979",
        "geometry_assembly": "osm_node",
        "healthcare": "hospital",
        "latitude": 41.3527873,
        "longitude": 69.1720801,
        "name": "Корпус 9",
        "normalized_name": "корпус 9",
        "operator": null,
        "osm_id": 5649426979,
        "osm_relation_type": null,
        "osm_type": "node",
        "representative_point_method": "osm_node"
      },
      "type": "Feature"
    },
    {
      "geometry": {
        "coordinates": [
          69.1712626,
          41.3533558
        ],
        "type": "Point"
      },
      "properties": {
        "amenity": "hospital",
        "district_assignment": "within",
        "district_name": "Almazar district",
        "facility_category": "hospital",
        "facility_id": "hc_node_5649426980",
        "geometry_assembly": "osm_node",
        "healthcare": "hospital",
        "latitude": 41.3533558,
        "longitude": 69.1712626,
        "name": "Корпус 11",
        "normalized_name": "корпус 11",
        "operator": null,
        "osm_id": 5649426980,
        "osm_relation_type": null,
        "osm_type": "node",
        "representative_point_method": "osm_node"
      },
      "type": "Feature"
    },
    {
      "geometry": {
        "coordinates": [
          69.1712626,
          41.353927
        ],
        "type": "Point"
      },
      "properties": {
        "amenity": "hospital",
        "district_assignment": "within",
        "district_name": "Almazar district",
        "facility_category": "hospital",
        "facility_id": "hc_node_5649426981",
        "geometry_assembly": "osm_node",
        "healthcare": "hospital",
        "latitude": 41.353927,
        "longitude": 69.1712626,
        "name": "Корпус 12",
        "normalized_name": "корпус 12",
        "operator": null,
        "osm_id": 5649426981,
        "osm_relation_type": null,
        "osm_type": "node",
        "representative_point_method": "osm_node"
      },
      "type": "Feature"
    },
    {
      "geometry": {
        "coordinates": [
          69.1726535,
          41.354283
        ],
        "type": "Point"
      },
      "properties": {
        "amenity": "hospital",
        "district_assignment": "within",
        "district_name": "Almazar district",
        "facility_category": "hospital",
        "facility_id": "hc_node_5649426982",
        "geometry_assembly": "osm_node",
        "healthcare": "hospital",
        "latitude": 41.354283,
        "longitude": 69.1726535,
        "name": "Корпус 14",
        "normalized_name": "корпус 14",
        "operator": null,
        "osm_id": 5649426982,
        "osm_relation_type": null,
        "osm_type": "node",
        "representative_point_method": "osm_node"
      },
      "type": "Feature"
    },
    {
      "geometry": {
        "coordinates": [
          69.171825,
          41.3533601
        ],
        "type": "Point"
      },
      "properties": {
        "amenity": "hospital",
        "district_assignment": "within",
        "district_name": "Almazar district",
        "facility_category": "hospital",
        "facility_id": "hc_node_5649426983",
        "geometry_assembly": "osm_node",
        "healthcare": "hospital",
        "latitude": 41.3533601,
        "longitude": 69.171825,
        "name": "Корпус 10",
        "normalized_name": "корпус 10",
        "operator": null,
        "osm_id": 5649426983,
        "osm_relation_type": null,
        "osm_type": "node",
        "representative_point_method": "osm_node"
      },
      "type": "Feature"
    },
    {
      "geometry": {
        "coordinates": [
          69.2343988,
          41.3487656
        ],
        "type": "Point"
      },
      "properties": {
        "amenity": "clinic",
        "district_assignment": "within",
        "district_name": "Almazar district",
        "facility_category": "clinic",
        "facility_id": "hc_node_5671733721",
        "geometry_assembly": "osm_node",
        "healthcare": null,
        "latitude": 41.3487656,
        "longitude": 69.2343988,
        "name": "Частная клиника Medical care service",
        "normalized_name": "частная клиника medical care service",
        "operator": null,
        "osm_id": 5671733721,
        "osm_relation_type": null,
        "osm_type": "node",
        "representative_point_method": "osm_node"
      },
      "type": "Feature"
    },
    {
      "geometry": {
        "coordinates": [
          69.2920619,
          41.3308397
        ],
        "type": "Point"
      },
      "properties": {
        "amenity": "clinic",
        "district_assignment": "within",
        "district_name": "Yunusabad district",
        "facility_category": "clinic",
        "facility_id": "hc_node_5683235226",
        "geometry_assembly": "osm_node",
        "healthcare": null,
        "latitude": 41.3308397,
        "longitude": 69.2920619,
        "name": "Варикоз даволаш шифоханаси “Phlenolife”",
        "normalized_name": "варикоз даволаш шифоханаси phlenolife",
        "operator": "Shokhzod",
        "osm_id": 5683235226,
        "osm_relation_type": null,
        "osm_type": "node",
        "representative_point_method": "osm_node"
      },
      "type": "Feature"
    },
    {
      "geometry": {
        "coordinates": [
          69.2088801,
          41.3430159
        ],
        "type": "Point"
      },
      "properties": {
        "amenity": "hospital",
        "district_assignment": "within",
        "district_name": "Almazar district",
        "facility_category": "hospital",
        "facility_id": "hc_node_5702712723",
        "geometry_assembly": "osm_node",
        "healthcare": null,
        "latitude": 41.3430159,
        "longitude": 69.2088801,
        "name": "Акфамэдлайн",
        "normalized_name": "акфамэдлайн",
        "operator": null,
        "osm_id": 5702712723,
        "osm_relation_type": null,
        "osm_type": "node",
        "representative_point_method": "osm_node"
      },
      "type": "Feature"
    },
    {
      "geometry": {
        "coordinates": [
          69.307896,
          41.3683929
        ],
        "type": "Point"
      },
      "properties": {
        "amenity": "clinic",
        "district_assignment": "within",
        "district_name": "Yunusabad district",
        "facility_category": "clinic",
        "facility_id": "hc_node_5722758026",
        "geometry_assembly": "osm_node",
        "healthcare": "clinic",
        "latitude": 41.3683929,
        "longitude": 69.307896,
        "name": "Круглосуточный ЛОР 24/7 - Biogen Med",
        "normalized_name": "круглосуточный лор 24 7 biogen med",
        "operator": null,
        "osm_id": 5722758026,
        "osm_relation_type": null,
        "osm_type": "node",
        "representative_point_method": "osm_node"
      },
      "type": "Feature"
    },
    {
      "geometry": {
        "coordinates": [
          69.2883785,
          41.3029698
        ],
        "type": "Point"
      },
      "properties": {
        "amenity": "hospital",
        "district_assignment": "within",
        "district_name": "Yashnabad district",
        "facility_category": "hospital",
        "facility_id": "hc_node_5831717485",
        "geometry_assembly": "osm_node",
        "healthcare": null,
        "latitude": 41.3029698,
        "longitude": 69.2883785,
        "name": "ГЛАЗ КЛИНИКА СТЕЛЛАРИС",
        "normalized_name": "глаз клиника стелларис",
        "operator": null,
        "osm_id": 5831717485,
        "osm_relation_type": null,
        "osm_type": "node",
        "representative_point_method": "osm_node"
      },
      "type": "Feature"
    },
    {
      "geometry": {
        "coordinates": [
          69.1913303,
          41.2698963
        ],
        "type": "Point"
      },
      "properties": {
        "amenity": "clinic",
        "district_assignment": "within",
        "district_name": "Chilanzar district",
        "facility_category": "clinic",
        "facility_id": "hc_node_5834092466",
        "geometry_assembly": "osm_node",
        "healthcare": "clinic",
        "latitude": 41.2698963,
        "longitude": 69.1913303,
        "name": "Vita-Stimul",
        "normalized_name": "vita stimul",
        "operator": null,
        "osm_id": 5834092466,
        "osm_relation_type": null,
        "osm_type": "node",
        "representative_point_method": "osm_node"
      },
      "type": "Feature"
    },
    {
      "geometry": {
        "coordinates": [
          69.2540504,
          41.3235429
        ],
        "type": "Point"
      },
      "properties": {
        "amenity": "clinic",
        "district_assignment": "within",
        "district_name": "Shaykhantakhur district",
        "facility_category": "clinic",
        "facility_id": "hc_node_5838541292",
        "geometry_assembly": "osm_node",
        "healthcare": null,
        "latitude": 41.3235429,
        "longitude": 69.2540504,
        "name": "Поликлиника N48",
        "normalized_name": "поликлиника n48",
        "operator": null,
        "osm_id": 5838541292,
        "osm_relation_type": null,
        "osm_type": "node",
        "representative_point_method": "osm_node"
      },
      "type": "Feature"
    },
    {
      "geometry": {
        "coordinates": [
          69.3094486,
          41.2740263
        ],
        "type": "Point"
      },
      "properties": {
        "amenity": "clinic",
        "district_assignment": "within",
        "district_name": "Mirabad district",
        "facility_category": "clinic",
        "facility_id": "hc_node_5839360786",
        "geometry_assembly": "osm_node",
        "healthcare": null,
        "latitude": 41.2740263,
        "longitude": 69.3094486,
        "name": "Avisa med service",
        "normalized_name": "avisa med service",
        "operator": null,
        "osm_id": 5839360786,
        "osm_relation_type": null,
        "osm_type": "node",
        "representative_point_method": "osm_node"
      },
      "type": "Feature"
    },
    {
      "geometry": {
        "coordinates": [
          69.2348064,
          41.3162656
        ],
        "type": "Point"
      },
      "properties": {
        "amenity": "clinic",
        "district_assignment": "within",
        "district_name": "Shaykhantakhur district",
        "facility_category": "clinic",
        "facility_id": "hc_node_5839368585",
        "geometry_assembly": "osm_node",
        "healthcare": null,
        "latitude": 41.3162656,
        "longitude": 69.2348064,
        "name": "Avicenna medical service",
        "normalized_name": "avicenna medical service",
        "operator": null,
        "osm_id": 5839368585,
        "osm_relation_type": null,
        "osm_type": "node",
        "representative_point_method": "osm_node"
      },
      "type": "Feature"
    },
    {
      "geometry": {
        "coordinates": [
          69.2569514,
          41.344153
        ],
        "type": "Point"
      },
      "properties": {
        "amenity": "clinic",
        "district_assignment": "within",
        "district_name": "Almazar district",
        "facility_category": "clinic",
        "facility_id": "hc_node_5839378085",
        "geometry_assembly": "osm_node",
        "healthcare": null,
        "latitude": 41.344153,
        "longitude": 69.2569514,
        "name": "BP-MED",
        "normalized_name": "bp med",
        "operator": null,
        "osm_id": 5839378085,
        "osm_relation_type": null,
        "osm_type": "node",
        "representative_point_method": "osm_node"
      },
      "type": "Feature"
    },
    {
      "geometry": {
        "coordinates": [
          69.4027036,
          41.3039368
        ],
        "type": "Point"
      },
      "properties": {
        "amenity": "clinic",
        "district_assignment": "within",
        "district_name": "Yashnabad district",
        "facility_category": "clinic",
        "facility_id": "hc_node_5878394585",
        "geometry_assembly": "osm_node",
        "healthcare": null,
        "latitude": 41.3039368,
        "longitude": 69.4027036,
        "name": "Сельский врачебный пункт Джамбул",
        "normalized_name": "сельский врачебный пункт джамбул",
        "operator": null,
        "osm_id": 5878394585,
        "osm_relation_type": null,
        "osm_type": "node",
        "representative_point_method": "osm_node"
      },
      "type": "Feature"
    },
    {
      "geometry": {
        "coordinates": [
          69.216282,
          41.3223498
        ],
        "type": "Point"
      },
      "properties": {
        "amenity": "clinic",
        "district_assignment": "within",
        "district_name": "Shaykhantakhur district",
        "facility_category": "clinic",
        "facility_id": "hc_node_5915047685",
        "geometry_assembly": "osm_node",
        "healthcare": null,
        "latitude": 41.3223498,
        "longitude": 69.216282,
        "name": null,
        "normalized_name": "",
        "operator": null,
        "osm_id": 5915047685,
        "osm_relation_type": null,
        "osm_type": "node",
        "representative_point_method": "osm_node"
      },
      "type": "Feature"
    },
    {
      "geometry": {
        "coordinates": [
          69.2822901,
          41.3609153
        ],
        "type": "Point"
      },
      "properties": {
        "amenity": "clinic",
        "district_assignment": "within",
        "district_name": "Yunusabad district",
        "facility_category": "clinic",
        "facility_id": "hc_node_5974125786",
        "geometry_assembly": "osm_node",
        "healthcare": null,
        "latitude": 41.3609153,
        "longitude": 69.2822901,
        "name": "Med Fay Tem",
        "normalized_name": "med fay tem",
        "operator": null,
        "osm_id": 5974125786,
        "osm_relation_type": null,
        "osm_type": "node",
        "representative_point_method": "osm_node"
      },
      "type": "Feature"
    },
    {
      "geometry": {
        "coordinates": [
          69.3195629,
          41.3193316
        ],
        "type": "Point"
      },
      "properties": {
        "amenity": "hospital",
        "district_assignment": "within",
        "district_name": "Mirzo Ulugbek district",
        "facility_category": "hospital",
        "facility_id": "hc_node_6044689885",
        "geometry_assembly": "osm_node",
        "healthcare": null,
        "latitude": 41.3193316,
        "longitude": 69.3195629,
        "name": "Clinic Pro",
        "normalized_name": "clinic pro",
        "operator": null,
        "osm_id": 6044689885,
        "osm_relation_type": null,
        "osm_type": "node",
        "representative_point_method": "osm_node"
      },
      "type": "Feature"
    },
    {
      "geometry": {
        "coordinates": [
          69.2722439,
          41.3579944
        ],
        "type": "Point"
      },
      "properties": {
        "amenity": "clinic",
        "district_assignment": "within",
        "district_name": "Yunusabad district",
        "facility_category": "clinic",
        "facility_id": "hc_node_6065399323",
        "geometry_assembly": "osm_node",
        "healthcare": "clinic",
        "latitude": 41.3579944,
        "longitude": 69.2722439,
        "name": "Sihat Oila Medical clinic",
        "normalized_name": "sihat oila medical clinic",
        "operator": null,
        "osm_id": 6065399323,
        "osm_relation_type": null,
        "osm_type": "node",
        "representative_point_method": "osm_node"
      },
      "type": "Feature"
    },
    {
      "geometry": {
        "coordinates": [
          69.3223426,
          41.3368818
        ],
        "type": "Point"
      },
      "properties": {
        "amenity": "clinic",
        "district_assignment": "within",
        "district_name": "Mirzo Ulugbek district",
        "facility_category": "clinic",
        "facility_id": "hc_node_6085796985",
        "geometry_assembly": "osm_node",
        "healthcare": "clinic",
        "latitude": 41.3368818,
        "longitude": 69.3223426,
        "name": "Siz Ona Bo’lasiz",
        "normalized_name": "siz ona bolasiz",
        "operator": null,
        "osm_id": 6085796985,
        "osm_relation_type": null,
        "osm_type": "node",
        "representative_point_method": "osm_node"
      },
      "type": "Feature"
    },
    {
      "geometry": {
        "coordinates": [
          69.3688709,
          41.3497606
        ],
        "type": "Point"
      },
      "properties": {
        "amenity": "hospital",
        "district_assignment": "within",
        "district_name": "Mirzo Ulugbek district",
        "facility_category": "hospital",
        "facility_id": "hc_node_6090044786",
        "geometry_assembly": "osm_node",
        "healthcare": null,
        "latitude": 41.3497606,
        "longitude": 69.3688709,
        "name": "МАТЬ И ДИТЯ",
        "normalized_name": "мать и дитя",
        "operator": null,
        "osm_id": 6090044786,
        "osm_relation_type": null,
        "osm_type": "node",
        "representative_point_method": "osm_node"
      },
      "type": "Feature"
    },
    {
      "geometry": {
        "coordinates": [
          69.1618673,
          41.3148153
        ],
        "type": "Point"
      },
      "properties": {
        "amenity": "hospital",
        "district_assignment": "within",
        "district_name": "Uchtepa district",
        "facility_category": "hospital",
        "facility_id": "hc_node_6112503071",
        "geometry_assembly": "osm_node",
        "healthcare": null,
        "latitude": 41.3148153,
        "longitude": 69.1618673,
        "name": "Центр Мать и Дитя",
        "normalized_name": "центр мать и дитя",
        "operator": null,
        "osm_id": 6112503071,
        "osm_relation_type": null,
        "osm_type": "node",
        "representative_point_method": "osm_node"
      },
      "type": "Feature"
    },
    {
      "geometry": {
        "coordinates": [
          69.2221117,
          41.3309884
        ],
        "type": "Point"
      },
      "properties": {
        "amenity": "hospital",
        "district_assignment": "within",
        "district_name": "Almazar district",
        "facility_category": "hospital",
        "facility_id": "hc_node_6115570088",
        "geometry_assembly": "osm_node",
        "healthcare": null,
        "latitude": 41.3309884,
        "longitude": 69.2221117,
        "name": "Филиал СП14",
        "normalized_name": "филиал сп14",
        "operator": null,
        "osm_id": 6115570088,
        "osm_relation_type": null,
        "osm_type": "node",
        "representative_point_method": "osm_node"
      },
      "type": "Feature"
    },
    {
      "geometry": {
        "coordinates": [
          69.2278822,
          41.3276757
        ],
        "type": "Point"
      },
      "properties": {
        "amenity": "clinic",
        "district_assignment": "within",
        "district_name": "Almazar district",
        "facility_category": "clinic",
        "facility_id": "hc_node_6128227089",
        "geometry_assembly": "osm_node",
        "healthcare": null,
        "latitude": 41.3276757,
        "longitude": 69.2278822,
        "name": "Шифо нур",
        "normalized_name": "шифо нур",
        "operator": null,
        "osm_id": 6128227089,
        "osm_relation_type": null,
        "osm_type": "node",
        "representative_point_method": "osm_node"
      },
      "type": "Feature"
    },
    {
      "geometry": {
        "coordinates": [
          69.2380728,
          41.3111266
        ],
        "type": "Point"
      },
      "properties": {
        "amenity": "hospital",
        "district_assignment": "within",
        "district_name": "Shaykhantakhur district",
        "facility_category": "hospital",
        "facility_id": "hc_node_6128230585",
        "geometry_assembly": "osm_node",
        "healthcare": null,
        "latitude": 41.3111266,
        "longitude": 69.2380728,
        "name": "СП43 филиал",
        "normalized_name": "сп43 филиал",
        "operator": null,
        "osm_id": 6128230585,
        "osm_relation_type": null,
        "osm_type": "node",
        "representative_point_method": "osm_node"
      },
      "type": "Feature"
    },
    {
      "geometry": {
        "coordinates": [
          69.2329272,
          41.3199511
        ],
        "type": "Point"
      },
      "properties": {
        "amenity": "clinic",
        "district_assignment": "within",
        "district_name": "Shaykhantakhur district",
        "facility_category": "clinic",
        "facility_id": "hc_node_6128252787",
        "geometry_assembly": "osm_node",
        "healthcare": null,
        "latitude": 41.3199511,
        "longitude": 69.2329272,
        "name": "Доктор Малик",
        "normalized_name": "доктор малик",
        "operator": null,
        "osm_id": 6128252787,
        "osm_relation_type": null,
        "osm_type": "node",
        "representative_point_method": "osm_node"
      },
      "type": "Feature"
    },
    {
      "geometry": {
        "coordinates": [
          69.2556965,
          41.337484
        ],
        "type": "Point"
      },
      "properties": {
        "amenity": "hospital",
        "district_assignment": "within",
        "district_name": "Almazar district",
        "facility_category": "hospital",
        "facility_id": "hc_node_6134583888",
        "geometry_assembly": "osm_node",
        "healthcare": null,
        "latitude": 41.337484,
        "longitude": 69.2556965,
        "name": "Ас-мед",
        "normalized_name": "ас мед",
        "operator": null,
        "osm_id": 6134583888,
        "osm_relation_type": null,
        "osm_type": "node",
        "representative_point_method": "osm_node"
      },
      "type": "Feature"
    },
    {
      "geometry": {
        "coordinates": [
          69.2187196,
          41.2662692
        ],
        "type": "Point"
      },
      "properties": {
        "amenity": "hospital",
        "district_assignment": "within",
        "district_name": "Chilanzar district",
        "facility_category": "hospital",
        "facility_id": "hc_node_6137474786",
        "geometry_assembly": "osm_node",
        "healthcare": "hospital",
        "latitude": 41.2662692,
        "longitude": 69.2187196,
        "name": "Частная клиника Кардиосервис",
        "normalized_name": "частная клиника кардиосервис",
        "operator": null,
        "osm_id": 6137474786,
        "osm_relation_type": null,
        "osm_type": "node",
        "representative_point_method": "osm_node"
      },
      "type": "Feature"
    },
    {
      "geometry": {
        "coordinates": [
          69.1897437,
          41.2670586
        ],
        "type": "Point"
      },
      "properties": {
        "amenity": "hospital",
        "district_assignment": "within",
        "district_name": "Chilanzar district",
        "facility_category": "hospital",
        "facility_id": "hc_node_6137477386",
        "geometry_assembly": "osm_node",
        "healthcare": null,
        "latitude": 41.2670586,
        "longitude": 69.1897437,
        "name": "Частная клиника Вита стимул",
        "normalized_name": "частная клиника вита стимул",
        "operator": null,
        "osm_id": 6137477386,
        "osm_relation_type": null,
        "osm_type": "node",
        "representative_point_method": "osm_node"
      },
      "type": "Feature"
    },
    {
      "geometry": {
        "coordinates": [
          69.261257,
          41.3740038
        ],
        "type": "Point"
      },
      "properties": {
        "amenity": "clinic",
        "district_assignment": "within",
        "district_name": "Yunusabad district",
        "facility_category": "clinic",
        "facility_id": "hc_node_6216741291",
        "geometry_assembly": "osm_node",
        "healthcare": null,
        "latitude": 41.3740038,
        "longitude": 69.261257,
        "name": "АСАД КНР",
        "normalized_name": "асад кнр",
        "operator": "Avaz",
        "osm_id": 6216741291,
        "osm_relation_type": null,
        "osm_type": "node",
        "representative_point_method": "osm_node"
      },
      "type": "Feature"
    },
    {
      "geometry": {
        "coordinates": [
          69.1651755,
          41.3159159
        ],
        "type": "Point"
      },
      "properties": {
        "amenity": "hospital",
        "district_assignment": "within",
        "district_name": "Uchtepa district",
        "facility_category": "hospital",
        "facility_id": "hc_node_6326886292",
        "geometry_assembly": "osm_node",
        "healthcare": "hospital",
        "latitude": 41.3159159,
        "longitude": 69.1651755,
        "name": "Детская городская клиническая больница №3,бывшая\"Мать и дитя\"",
        "normalized_name": "детская городская клиническая больница 3 бывшая мать и дитя",
        "operator": null,
        "osm_id": 6326886292,
        "osm_relation_type": null,
        "osm_type": "node",
        "representative_point_method": "osm_node"
      },
      "type": "Feature"
    },
    {
      "geometry": {
        "coordinates": [
          69.2553398,
          41.3161117
        ],
        "type": "Point"
      },
      "properties": {
        "amenity": "hospital",
        "district_assignment": "within",
        "district_name": "Shaykhantakhur district",
        "facility_category": "hospital",
        "facility_id": "hc_node_6349356286",
        "geometry_assembly": "osm_node",
        "healthcare": null,
        "latitude": 41.3161117,
        "longitude": 69.2553398,
        "name": "Ezgu Niyat",
        "normalized_name": "ezgu niyat",
        "operator": null,
        "osm_id": 6349356286,
        "osm_relation_type": null,
        "osm_type": "node",
        "representative_point_method": "osm_node"
      },
      "type": "Feature"
    },
    {
      "geometry": {
        "coordinates": [
          69.2981685,
          41.3610841
        ],
        "type": "Point"
      },
      "properties": {
        "amenity": "hospital",
        "district_assignment": "within",
        "district_name": "Yunusabad district",
        "facility_category": "hospital",
        "facility_id": "hc_node_6369863385",
        "geometry_assembly": "osm_node",
        "healthcare": null,
        "latitude": 41.3610841,
        "longitude": 69.2981685,
        "name": "Respublika Ixtisoslashtirilgan Nefrologiya va Transplantatsiya Ilmiy Amaliy Markazi",
        "normalized_name": "respublika ixtisoslashtirilgan nefrologiya va transplantatsiya ilmiy amaliy markazi",
        "operator": null,
        "osm_id": 6369863385,
        "osm_relation_type": null,
        "osm_type": "node",
        "representative_point_method": "osm_node"
      },
      "type": "Feature"
    },
    {
      "geometry": {
        "coordinates": [
          69.2086551,
          41.343513
        ],
        "type": "Point"
      },
      "properties": {
        "amenity": "hospital",
        "district_assignment": "within",
        "district_name": "Almazar district",
        "facility_category": "hospital",
        "facility_id": "hc_node_6388651586",
        "geometry_assembly": "osm_node",
        "healthcare": null,
        "latitude": 41.343513,
        "longitude": 69.2086551,
        "name": "Aesthetic centre",
        "normalized_name": "aesthetic centre",
        "operator": null,
        "osm_id": 6388651586,
        "osm_relation_type": null,
        "osm_type": "node",
        "representative_point_method": "osm_node"
      },
      "type": "Feature"
    },
    {
      "geometry": {
        "coordinates": [
          69.3184832,
          41.3803222
        ],
        "type": "Point"
      },
      "properties": {
        "amenity": "hospital",
        "district_assignment": "within",
        "district_name": "Yunusabad district",
        "facility_category": "hospital",
        "facility_id": "hc_node_6398247785",
        "geometry_assembly": "osm_node",
        "healthcare": null,
        "latitude": 41.3803222,
        "longitude": 69.3184832,
        "name": "NMS",
        "normalized_name": "nms",
        "operator": null,
        "osm_id": 6398247785,
        "osm_relation_type": null,
        "osm_type": "node",
        "representative_point_method": "osm_node"
      },
      "type": "Feature"
    },
    {
      "geometry": {
        "coordinates": [
          69.2967522,
          41.3625411
        ],
        "type": "Point"
      },
      "properties": {
        "amenity": "clinic",
        "district_assignment": "within",
        "district_name": "Yunusabad district",
        "facility_category": "clinic",
        "facility_id": "hc_node_6517801485",
        "geometry_assembly": "osm_node",
        "healthcare": null,
        "latitude": 41.3625411,
        "longitude": 69.2967522,
        "name": "Мед Лайн",
        "normalized_name": "мед лайн",
        "operator": null,
        "osm_id": 6517801485,
        "osm_relation_type": null,
        "osm_type": "node",
        "representative_point_method": "osm_node"
      },
      "type": "Feature"
    },
    {
      "geometry": {
        "coordinates": [
          69.2487215,
          41.2815166
        ],
        "type": "Point"
      },
      "properties": {
        "amenity": "clinic",
        "district_assignment": "within",
        "district_name": "Yakkasaray district",
        "facility_category": "clinic",
        "facility_id": "hc_node_6531445688",
        "geometry_assembly": "osm_node",
        "healthcare": "clinic",
        "latitude": 41.2815166,
        "longitude": 69.2487215,
        "name": "Узок Умр",
        "normalized_name": "узок умр",
        "operator": null,
        "osm_id": 6531445688,
        "osm_relation_type": null,
        "osm_type": "node",
        "representative_point_method": "osm_node"
      },
      "type": "Feature"
    },
    {
      "geometry": {
        "coordinates": [
          69.2953836,
          41.3190162
        ],
        "type": "Point"
      },
      "properties": {
        "amenity": "clinic",
        "district_assignment": "within",
        "district_name": "Mirzo Ulugbek district",
        "facility_category": "clinic",
        "facility_id": "hc_node_6640800386",
        "geometry_assembly": "osm_node",
        "healthcare": null,
        "latitude": 41.3190162,
        "longitude": 69.2953836,
        "name": "Медицинский центр “Status+ Medical”",
        "normalized_name": "медицинский центр status medical",
        "operator": null,
        "osm_id": 6640800386,
        "osm_relation_type": null,
        "osm_type": "node",
        "representative_point_method": "osm_node"
      },
      "type": "Feature"
    },
    {
      "geometry": {
        "coordinates": [
          69.2475926,
          41.323976
        ],
        "type": "Point"
      },
      "properties": {
        "amenity": "clinic",
        "district_assignment": "within",
        "district_name": "Shaykhantakhur district",
        "facility_category": "clinic",
        "facility_id": "hc_node_6662238194",
        "geometry_assembly": "osm_node",
        "healthcare": null,
        "latitude": 41.323976,
        "longitude": 69.2475926,
        "name": "Мед Осмотр",
        "normalized_name": "мед осмотр",
        "operator": null,
        "osm_id": 6662238194,
        "osm_relation_type": null,
        "osm_type": "node",
        "representative_point_method": "osm_node"
      },
      "type": "Feature"
    },
    {
      "geometry": {
        "coordinates": [
          69.3136164,
          41.3772663
        ],
        "type": "Point"
      },
      "properties": {
        "amenity": "clinic",
        "district_assignment": "within",
        "district_name": "Yunusabad district",
        "facility_category": "clinic",
        "facility_id": "hc_node_6782024585",
        "geometry_assembly": "osm_node",
        "healthcare": "clinic",
        "latitude": 41.3772663,
        "longitude": 69.3136164,
        "name": "\"Baxtli hayot\" tibbiyot markazi",
        "normalized_name": "baxtli hayot tibbiyot markazi",
        "operator": null,
        "osm_id": 6782024585,
        "osm_relation_type": null,
        "osm_type": "node",
        "representative_point_method": "osm_node"
      },
      "type": "Feature"
    },
    {
      "geometry": {
        "coordinates": [
          69.2891163,
          41.3036194
        ],
        "type": "Point"
      },
      "properties": {
        "amenity": "clinic",
        "district_assignment": "within",
        "district_name": "Yashnabad district",
        "facility_category": "clinic",
        "facility_id": "hc_node_6802720286",
        "geometry_assembly": "osm_node",
        "healthcare": "clinic",
        "latitude": 41.3036194,
        "longitude": 69.2891163,
        "name": "Клиники24",
        "normalized_name": "клиники24",
        "operator": null,
        "osm_id": 6802720286,
        "osm_relation_type": null,
        "osm_type": "node",
        "representative_point_method": "osm_node"
      },
      "type": "Feature"
    },
    {
      "geometry": {
        "coordinates": [
          69.2551686,
          41.3371943
        ],
        "type": "Point"
      },
      "properties": {
        "amenity": "hospital",
        "district_assignment": "within",
        "district_name": "Almazar district",
        "facility_category": "hospital",
        "facility_id": "hc_node_6896775285",
        "geometry_assembly": "osm_node",
        "healthcare": null,
        "latitude": 41.3371943,
        "longitude": 69.2551686,
        "name": "Офтоб медлайн",
        "normalized_name": "офтоб медлайн",
        "operator": null,
        "osm_id": 6896775285,
        "osm_relation_type": null,
        "osm_type": "node",
        "representative_point_method": "osm_node"
      },
      "type": "Feature"
    },
    {
      "geometry": {
        "coordinates": [
          69.1971237,
          41.3043295
        ],
        "type": "Point"
      },
      "properties": {
        "amenity": "hospital",
        "district_assignment": "within",
        "district_name": "Shaykhantakhur district",
        "facility_category": "hospital",
        "facility_id": "hc_node_6901982185",
        "geometry_assembly": "osm_node",
        "healthcare": null,
        "latitude": 41.3043295,
        "longitude": 69.1971237,
        "name": "Институт Пульмонологии",
        "normalized_name": "институт пульмонологии",
        "operator": null,
        "osm_id": 6901982185,
        "osm_relation_type": null,
        "osm_type": "node",
        "representative_point_method": "osm_node"
      },
      "type": "Feature"
    },
    {
      "geometry": {
        "coordinates": [
          69.2066011,
          41.3621953
        ],
        "type": "Point"
      },
      "properties": {
        "amenity": "clinic",
        "district_assignment": "within",
        "district_name": "Almazar district",
        "facility_category": "clinic",
        "facility_id": "hc_node_6958252485",
        "geometry_assembly": "osm_node",
        "healthcare": null,
        "latitude": 41.3621953,
        "longitude": 69.2066011,
        "name": "ГОСПИТАЛЬ МВД ПСИХОСОМАТИКА",
        "normalized_name": "госпиталь мвд психосоматика",
        "operator": null,
        "osm_id": 6958252485,
        "osm_relation_type": null,
        "osm_type": "node",
        "representative_point_method": "osm_node"
      },
      "type": "Feature"
    },
    {
      "geometry": {
        "coordinates": [
          69.3675675,
          41.3477054
        ],
        "type": "Point"
      },
      "properties": {
        "amenity": "clinic",
        "district_assignment": "within",
        "district_name": "Mirzo Ulugbek district",
        "facility_category": "clinic",
        "facility_id": "hc_node_7051073285",
        "geometry_assembly": "osm_node",
        "healthcare": "clinic",
        "latitude": 41.3477054,
        "longitude": 69.3675675,
        "name": "Клиника доктора Максудовой",
        "normalized_name": "клиника доктора максудовой",
        "operator": null,
        "osm_id": 7051073285,
        "osm_relation_type": null,
        "osm_type": "node",
        "representative_point_method": "osm_node"
      },
      "type": "Feature"
    },
    {
      "geometry": {
        "coordinates": [
          69.2191926,
          41.277593
        ],
        "type": "Point"
      },
      "properties": {
        "amenity": "clinic",
        "district_assignment": "within",
        "district_name": "Chilanzar district",
        "facility_category": "clinic",
        "facility_id": "hc_node_7364832848",
        "geometry_assembly": "osm_node",
        "healthcare": "clinic",
        "latitude": 41.277593,
        "longitude": 69.2191926,
        "name": "Perfect Face",
        "normalized_name": "perfect face",
        "operator": null,
        "osm_id": 7364832848,
        "osm_relation_type": null,
        "osm_type": "node",
        "representative_point_method": "osm_node"
      },
      "type": "Feature"
    },
    {
      "geometry": {
        "coordinates": [
          69.2362979,
          41.3170294
        ],
        "type": "Point"
      },
      "properties": {
        "amenity": "hospital",
        "district_assignment": "within",
        "district_name": "Shaykhantakhur district",
        "facility_category": "hospital",
        "facility_id": "hc_node_7709077686",
        "geometry_assembly": "osm_node",
        "healthcare": null,
        "latitude": 41.3170294,
        "longitude": 69.2362979,
        "name": "Анколайф",
        "normalized_name": "анколайф",
        "operator": null,
        "osm_id": 7709077686,
        "osm_relation_type": null,
        "osm_type": "node",
        "representative_point_method": "osm_node"
      },
      "type": "Feature"
    },
    {
      "geometry": {
        "coordinates": [
          69.3534215,
          41.2886137
        ],
        "type": "Point"
      },
      "properties": {
        "amenity": "clinic",
        "district_assignment": "within",
        "district_name": "Yashnabad district",
        "facility_category": "clinic",
        "facility_id": "hc_node_7775691415",
        "geometry_assembly": "osm_node",
        "healthcare": "clinic",
        "latitude": 41.2886137,
        "longitude": 69.3534215,
        "name": "ЛОР Norbutayev",
        "normalized_name": "лор norbutayev",
        "operator": null,
        "osm_id": 7775691415,
        "osm_relation_type": null,
        "osm_type": "node",
        "representative_point_method": "osm_node"
      },
      "type": "Feature"
    },
    {
      "geometry": {
        "coordinates": [
          69.243212,
          41.3163274
        ],
        "type": "Point"
      },
      "properties": {
        "amenity": "hospital",
        "district_assignment": "within",
        "district_name": "Shaykhantakhur district",
        "facility_category": "hospital",
        "facility_id": "hc_node_7797762725",
        "geometry_assembly": "osm_node",
        "healthcare": "hospital",
        "latitude": 41.3163274,
        "longitude": 69.243212,
        "name": null,
        "normalized_name": "",
        "operator": null,
        "osm_id": 7797762725,
        "osm_relation_type": null,
        "osm_type": "node",
        "representative_point_method": "osm_node"
      },
      "type": "Feature"
    },
    {
      "geometry": {
        "coordinates": [
          69.2864071,
          41.3685543
        ],
        "type": "Point"
      },
      "properties": {
        "amenity": "clinic",
        "district_assignment": "within",
        "district_name": "Yunusabad district",
        "facility_category": "clinic",
        "facility_id": "hc_node_7824089085",
        "geometry_assembly": "osm_node",
        "healthcare": "clinic",
        "latitude": 41.3685543,
        "longitude": 69.2864071,
        "name": "ЛОР 24/7",
        "normalized_name": "лор 24 7",
        "operator": "Хисматуллин Абдуллох",
        "osm_id": 7824089085,
        "osm_relation_type": null,
        "osm_type": "node",
        "representative_point_method": "osm_node"
      },
      "type": "Feature"
    },
    {
      "geometry": {
        "coordinates": [
          69.3359598,
          41.3105866
        ],
        "type": "Point"
      },
      "properties": {
        "amenity": "clinic",
        "district_assignment": "within",
        "district_name": "Mirzo Ulugbek district",
        "facility_category": "clinic",
        "facility_id": "hc_node_7842210585",
        "geometry_assembly": "osm_node",
        "healthcare": null,
        "latitude": 41.3105866,
        "longitude": 69.3359598,
        "name": null,
        "normalized_name": "",
        "operator": null,
        "osm_id": 7842210585,
        "osm_relation_type": null,
        "osm_type": "node",
        "representative_point_method": "osm_node"
      },
      "type": "Feature"
    },
    {
      "geometry": {
        "coordinates": [
          69.1711464,
          41.348545
        ],
        "type": "Point"
      },
      "properties": {
        "amenity": "clinic",
        "district_assignment": "within",
        "district_name": "Almazar district",
        "facility_category": "clinic",
        "facility_id": "hc_node_8123233230",
        "geometry_assembly": "osm_node",
        "healthcare": "clinic",
        "latitude": 41.348545,
        "longitude": 69.1711464,
        "name": "Invivo clinic",
        "normalized_name": "invivo clinic",
        "operator": null,
        "osm_id": 8123233230,
        "osm_relation_type": null,
        "osm_type": "node",
        "representative_point_method": "osm_node"
      },
      "type": "Feature"
    },
    {
      "geometry": {
        "coordinates": [
          69.2258429,
          41.3609076
        ],
        "type": "Point"
      },
      "properties": {
        "amenity": "clinic",
        "district_assignment": "within",
        "district_name": "Almazar district",
        "facility_category": "clinic",
        "facility_id": "hc_node_8123238858",
        "geometry_assembly": "osm_node",
        "healthcare": "clinic",
        "latitude": 41.3609076,
        "longitude": 69.2258429,
        "name": "Said farm service",
        "normalized_name": "said farm service",
        "operator": null,
        "osm_id": 8123238858,
        "osm_relation_type": null,
        "osm_type": "node",
        "representative_point_method": "osm_node"
      },
      "type": "Feature"
    },
    {
      "geometry": {
        "coordinates": [
          69.3426853,
          41.3201173
        ],
        "type": "Point"
      },
      "properties": {
        "amenity": "clinic",
        "district_assignment": "within",
        "district_name": "Mirzo Ulugbek district",
        "facility_category": "clinic",
        "facility_id": "hc_node_8130193217",
        "geometry_assembly": "osm_node",
        "healthcare": null,
        "latitude": 41.3201173,
        "longitude": 69.3426853,
        "name": "Сифат Медицинский центр",
        "normalized_name": "сифат медицинский центр",
        "operator": null,
        "osm_id": 8130193217,
        "osm_relation_type": null,
        "osm_type": "node",
        "representative_point_method": "osm_node"
      },
      "type": "Feature"
    },
    {
      "geometry": {
        "coordinates": [
          69.291532,
          41.3224317
        ],
        "type": "Point"
      },
      "properties": {
        "amenity": "hospital",
        "district_assignment": "within",
        "district_name": "Yunusabad district",
        "facility_category": "hospital",
        "facility_id": "hc_node_8185909917",
        "geometry_assembly": "osm_node",
        "healthcare": "hospital",
        "latitude": 41.3224317,
        "longitude": 69.291532,
        "name": "Центр медицинской реабилитации \"Прогноз\"",
        "normalized_name": "центр медицинской реабилитации прогноз",
        "operator": null,
        "osm_id": 8185909917,
        "osm_relation_type": null,
        "osm_type": "node",
        "representative_point_method": "osm_node"
      },
      "type": "Feature"
    },
    {
      "geometry": {
        "coordinates": [
          69.285286,
          41.3177906
        ],
        "type": "Point"
      },
      "properties": {
        "amenity": "clinic",
        "district_assignment": "within",
        "district_name": "Yunusabad district",
        "facility_category": "clinic",
        "facility_id": "hc_node_8253909122",
        "geometry_assembly": "osm_node",
        "healthcare": "clinic",
        "latitude": 41.3177906,
        "longitude": 69.285286,
        "name": "COVID Test Centre",
        "normalized_name": "covid test centre",
        "operator": "Interlab",
        "osm_id": 8253909122,
        "osm_relation_type": null,
        "osm_type": "node",
        "representative_point_method": "osm_node"
      },
      "type": "Feature"
    },
    {
      "geometry": {
        "coordinates": [
          69.2579291,
          41.3203343
        ],
        "type": "Point"
      },
      "properties": {
        "amenity": "clinic",
        "district_assignment": "within",
        "district_name": "Shaykhantakhur district",
        "facility_category": "clinic",
        "facility_id": "hc_node_8383872018",
        "geometry_assembly": "osm_node",
        "healthcare": null,
        "latitude": 41.3203343,
        "longitude": 69.2579291,
        "name": "Levelmed",
        "normalized_name": "levelmed",
        "operator": null,
        "osm_id": 8383872018,
        "osm_relation_type": null,
        "osm_type": "node",
        "representative_point_method": "osm_node"
      },
      "type": "Feature"
    },
    {
      "geometry": {
        "coordinates": [
          69.3003243,
          41.3241039
        ],
        "type": "Point"
      },
      "properties": {
        "amenity": "hospital",
        "district_assignment": "within",
        "district_name": "Mirzo Ulugbek district",
        "facility_category": "hospital",
        "facility_id": "hc_node_8776358924",
        "geometry_assembly": "osm_node",
        "healthcare": null,
        "latitude": 41.3241039,
        "longitude": 69.3003243,
        "name": "Республиканский кардиологический центр",
        "normalized_name": "республиканский кардиологический центр",
        "operator": null,
        "osm_id": 8776358924,
        "osm_relation_type": null,
        "osm_type": "node",
        "representative_point_method": "osm_node"
      },
      "type": "Feature"
    },
    {
      "geometry": {
        "coordinates": [
          69.2249285,
          41.361219
        ],
        "type": "Point"
      },
      "properties": {
        "amenity": "hospital",
        "district_assignment": "within",
        "district_name": "Almazar district",
        "facility_category": "hospital",
        "facility_id": "hc_node_8842033717",
        "geometry_assembly": "osm_node",
        "healthcare": null,
        "latitude": 41.361219,
        "longitude": 69.2249285,
        "name": "Клиника ДАВОМЕД",
        "normalized_name": "клиника давомед",
        "operator": null,
        "osm_id": 8842033717,
        "osm_relation_type": null,
        "osm_type": "node",
        "representative_point_method": "osm_node"
      },
      "type": "Feature"
    },
    {
      "geometry": {
        "coordinates": [
          69.2979044,
          41.3606389
        ],
        "type": "Point"
      },
      "properties": {
        "amenity": "hospital",
        "district_assignment": "within",
        "district_name": "Yunusabad district",
        "facility_category": "hospital",
        "facility_id": "hc_node_8973125217",
        "geometry_assembly": "osm_node",
        "healthcare": null,
        "latitude": 41.3606389,
        "longitude": 69.2979044,
        "name": "Отделение недоношенных детей",
        "normalized_name": "отделение недоношенных детей",
        "operator": null,
        "osm_id": 8973125217,
        "osm_relation_type": null,
        "osm_type": "node",
        "representative_point_method": "osm_node"
      },
      "type": "Feature"
    },
    {
      "geometry": {
        "coordinates": [
          69.2113389,
          41.2824442
        ],
        "type": "Point"
      },
      "properties": {
        "amenity": "clinic",
        "district_assignment": "within",
        "district_name": "Chilanzar district",
        "facility_category": "clinic",
        "facility_id": "hc_node_9040127918",
        "geometry_assembly": "osm_node",
        "healthcare": null,
        "latitude": 41.2824442,
        "longitude": 69.2113389,
        "name": null,
        "normalized_name": "",
        "operator": null,
        "osm_id": 9040127918,
        "osm_relation_type": null,
        "osm_type": "node",
        "representative_point_method": "osm_node"
      },
      "type": "Feature"
    },
    {
      "geometry": {
        "coordinates": [
          69.2695515,
          41.367153
        ],
        "type": "Point"
      },
      "properties": {
        "amenity": "hospital",
        "district_assignment": "within",
        "district_name": "Yunusabad district",
        "facility_category": "hospital",
        "facility_id": "hc_node_9105353221",
        "geometry_assembly": "osm_node",
        "healthcare": null,
        "latitude": 41.367153,
        "longitude": 69.2695515,
        "name": "Центр Понсети",
        "normalized_name": "центр понсети",
        "operator": null,
        "osm_id": 9105353221,
        "osm_relation_type": null,
        "osm_type": "node",
        "representative_point_method": "osm_node"
      },
      "type": "Feature"
    },
    {
      "geometry": {
        "coordinates": [
          69.1789377,
          41.3503178
        ],
        "type": "Point"
      },
      "properties": {
        "amenity": "hospital",
        "district_assignment": "within",
        "district_name": "Almazar district",
        "facility_category": "hospital",
        "facility_id": "hc_node_9238743417",
        "geometry_assembly": "osm_node",
        "healthcare": null,
        "latitude": 41.3503178,
        "longitude": 69.1789377,
        "name": "Hippocrates Hospital",
        "normalized_name": "hippocrates hospital",
        "operator": null,
        "osm_id": 9238743417,
        "osm_relation_type": null,
        "osm_type": "node",
        "representative_point_method": "osm_node"
      },
      "type": "Feature"
    },
    {
      "geometry": {
        "coordinates": [
          69.3862444,
          41.3517691
        ],
        "type": "Point"
      },
      "properties": {
        "amenity": "hospital",
        "district_assignment": "within",
        "district_name": "Mirzo Ulugbek district",
        "facility_category": "hospital",
        "facility_id": "hc_node_9608020317",
        "geometry_assembly": "osm_node",
        "healthcare": null,
        "latitude": 41.3517691,
        "longitude": 69.3862444,
        "name": "Кардиолайф",
        "normalized_name": "кардиолайф",
        "operator": null,
        "osm_id": 9608020317,
        "osm_relation_type": null,
        "osm_type": "node",
        "representative_point_method": "osm_node"
      },
      "type": "Feature"
    },
    {
      "geometry": {
        "coordinates": [
          69.3571434,
          41.3548703
        ],
        "type": "Point"
      },
      "properties": {
        "amenity": "clinic",
        "district_assignment": "within",
        "district_name": "Mirzo Ulugbek district",
        "facility_category": "clinic",
        "facility_id": "hc_node_9652445069",
        "geometry_assembly": "osm_node",
        "healthcare": null,
        "latitude": 41.3548703,
        "longitude": 69.3571434,
        "name": "Ecomed",
        "normalized_name": "ecomed",
        "operator": null,
        "osm_id": 9652445069,
        "osm_relation_type": null,
        "osm_type": "node",
        "representative_point_method": "osm_node"
      },
      "type": "Feature"
    },
    {
      "geometry": {
        "coordinates": [
          69.2009246,
          41.3607228
        ],
        "type": "Point"
      },
      "properties": {
        "amenity": "hospital",
        "district_assignment": "within",
        "district_name": "Almazar district",
        "facility_category": "hospital",
        "facility_id": "hc_node_9797805117",
        "geometry_assembly": "osm_node",
        "healthcare": null,
        "latitude": 41.3607228,
        "longitude": 69.2009246,
        "name": "НИМ Педиатрии",
        "normalized_name": "ним педиатрии",
        "operator": null,
        "osm_id": 9797805117,
        "osm_relation_type": null,
        "osm_type": "node",
        "representative_point_method": "osm_node"
      },
      "type": "Feature"
    },
    {
      "geometry": {
        "coordinates": [
          69.255029,
          41.3401789
        ],
        "type": "Point"
      },
      "properties": {
        "amenity": "clinic",
        "district_assignment": "within",
        "district_name": "Almazar district",
        "facility_category": "clinic",
        "facility_id": "hc_node_9803478818",
        "geometry_assembly": "osm_node",
        "healthcare": "clinic",
        "latitude": 41.3401789,
        "longitude": 69.255029,
        "name": "Zaytun Med Tib",
        "normalized_name": "zaytun med tib",
        "operator": null,
        "osm_id": 9803478818,
        "osm_relation_type": null,
        "osm_type": "node",
        "representative_point_method": "osm_node"
      },
      "type": "Feature"
    },
    {
      "geometry": {
        "coordinates": [
          69.2841551,
          41.3021972
        ],
        "type": "Point"
      },
      "properties": {
        "amenity": "hospital",
        "district_assignment": "within",
        "district_name": "Mirabad district",
        "facility_category": "hospital",
        "facility_id": "hc_node_9982615221",
        "geometry_assembly": "osm_node",
        "healthcare": "hospital",
        "latitude": 41.3021972,
        "longitude": 69.2841551,
        "name": "Приёмный покой",
        "normalized_name": "приёмный покой",
        "operator": null,
        "osm_id": 9982615221,
        "osm_relation_type": null,
        "osm_type": "node",
        "representative_point_method": "osm_node"
      },
      "type": "Feature"
    },
    {
      "geometry": {
        "coordinates": [
          69.2700528,
          41.2883175
        ],
        "type": "Point"
      },
      "properties": {
        "amenity": "clinic",
        "district_assignment": "within",
        "district_name": "Mirabad district",
        "facility_category": "clinic",
        "facility_id": "hc_node_10117236917",
        "geometry_assembly": "osm_node",
        "healthcare": null,
        "latitude": 41.2883175,
        "longitude": 69.2700528,
        "name": "Бутик Косметологи «Бэль Эстетик»",
        "normalized_name": "бутик косметологи бэль эстетик",
        "operator": null,
        "osm_id": 10117236917,
        "osm_relation_type": null,
        "osm_type": "node",
        "representative_point_method": "osm_node"
      },
      "type": "Feature"
    },
    {
      "geometry": {
        "coordinates": [
          69.2165383,
          41.3538121
        ],
        "type": "Point"
      },
      "properties": {
        "amenity": "clinic",
        "district_assignment": "within",
        "district_name": "Almazar district",
        "facility_category": "clinic",
        "facility_id": "hc_node_10182120517",
        "geometry_assembly": "osm_node",
        "healthcare": null,
        "latitude": 41.3538121,
        "longitude": 69.2165383,
        "name": "Диалаб медицинский диагностический центр",
        "normalized_name": "диалаб медицинский диагностический центр",
        "operator": null,
        "osm_id": 10182120517,
        "osm_relation_type": null,
        "osm_type": "node",
        "representative_point_method": "osm_node"
      },
      "type": "Feature"
    },
    {
      "geometry": {
        "coordinates": [
          69.2639895,
          41.3208457
        ],
        "type": "Point"
      },
      "properties": {
        "amenity": "clinic",
        "district_assignment": "within",
        "district_name": "Shaykhantakhur district",
        "facility_category": "clinic",
        "facility_id": "hc_node_10211433924",
        "geometry_assembly": "osm_node",
        "healthcare": "clinic",
        "latitude": 41.3208457,
        "longitude": 69.2639895,
        "name": "Eurosun Healthcare",
        "normalized_name": "eurosun healthcare",
        "operator": null,
        "osm_id": 10211433924,
        "osm_relation_type": null,
        "osm_type": "node",
        "representative_point_method": "osm_node"
      },
      "type": "Feature"
    },
    {
      "geometry": {
        "coordinates": [
          69.1778297,
          41.3561322
        ],
        "type": "Point"
      },
      "properties": {
        "amenity": "hospital",
        "district_assignment": "within",
        "district_name": "Almazar district",
        "facility_category": "hospital",
        "facility_id": "hc_node_10264468873",
        "geometry_assembly": "osm_node",
        "healthcare": null,
        "latitude": 41.3561322,
        "longitude": 69.1778297,
        "name": "Z Hospital",
        "normalized_name": "z hospital",
        "operator": null,
        "osm_id": 10264468873,
        "osm_relation_type": null,
        "osm_type": "node",
        "representative_point_method": "osm_node"
      },
      "type": "Feature"
    },
    {
      "geometry": {
        "coordinates": [
          69.1766596,
          41.3595275
        ],
        "type": "Point"
      },
      "properties": {
        "amenity": "hospital",
        "district_assignment": "within",
        "district_name": "Almazar district",
        "facility_category": "hospital",
        "facility_id": "hc_node_10272787255",
        "geometry_assembly": "osm_node",
        "healthcare": null,
        "latitude": 41.3595275,
        "longitude": 69.1766596,
        "name": "Z Hospital",
        "normalized_name": "z hospital",
        "operator": null,
        "osm_id": 10272787255,
        "osm_relation_type": null,
        "osm_type": "node",
        "representative_point_method": "osm_node"
      },
      "type": "Feature"
    },
    {
      "geometry": {
        "coordinates": [
          69.1763002,
          41.3556469
        ],
        "type": "Point"
      },
      "properties": {
        "amenity": "hospital",
        "district_assignment": "within",
        "district_name": "Almazar district",
        "facility_category": "hospital",
        "facility_id": "hc_node_10272787312",
        "geometry_assembly": "osm_node",
        "healthcare": null,
        "latitude": 41.3556469,
        "longitude": 69.1763002,
        "name": "Республиканский специализированный научно-практичный медицинский центр урологии",
        "normalized_name": "республиканский специализированный научно практичный медицинский центр урологии",
        "operator": null,
        "osm_id": 10272787312,
        "osm_relation_type": null,
        "osm_type": "node",
        "representative_point_method": "osm_node"
      },
      "type": "Feature"
    },
    {
      "geometry": {
        "coordinates": [
          69.2114612,
          41.3631885
        ],
        "type": "Point"
      },
      "properties": {
        "amenity": "hospital",
        "district_assignment": "within",
        "district_name": "Almazar district",
        "facility_category": "hospital",
        "facility_id": "hc_node_10273032669",
        "geometry_assembly": "osm_node",
        "healthcare": null,
        "latitude": 41.3631885,
        "longitude": 69.2114612,
        "name": "Davlat xavfsizlik xizmati markaziy harbiy gospitali",
        "normalized_name": "davlat xavfsizlik xizmati markaziy harbiy gospitali",
        "operator": null,
        "osm_id": 10273032669,
        "osm_relation_type": null,
        "osm_type": "node",
        "representative_point_method": "osm_node"
      },
      "type": "Feature"
    },
    {
      "geometry": {
        "coordinates": [
          69.215466,
          41.370764
        ],
        "type": "Point"
      },
      "properties": {
        "amenity": "clinic",
        "district_assignment": "within",
        "district_name": "Almazar district",
        "facility_category": "clinic",
        "facility_id": "hc_node_10280063703",
        "geometry_assembly": "osm_node",
        "healthcare": "clinic",
        "latitude": 41.370764,
        "longitude": 69.215466,
        "name": "Surunkali Somatik kasalliklar",
        "normalized_name": "surunkali somatik kasalliklar",
        "operator": null,
        "osm_id": 10280063703,
        "osm_relation_type": null,
        "osm_type": "node",
        "representative_point_method": "osm_node"
      },
      "type": "Feature"
    },
    {
      "geometry": {
        "coordinates": [
          69.2601172,
          41.3427931
        ],
        "type": "Point"
      },
      "properties": {
        "amenity": "clinic",
        "district_assignment": "within",
        "district_name": "Almazar district",
        "facility_category": "clinic",
        "facility_id": "hc_node_10316772922",
        "geometry_assembly": "osm_node",
        "healthcare": null,
        "latitude": 41.3427931,
        "longitude": 69.2601172,
        "name": "Поликлиника",
        "normalized_name": "поликлиника",
        "operator": null,
        "osm_id": 10316772922,
        "osm_relation_type": null,
        "osm_type": "node",
        "representative_point_method": "osm_node"
      },
      "type": "Feature"
    },
    {
      "geometry": {
        "coordinates": [
          69.2570703,
          41.3410501
        ],
        "type": "Point"
      },
      "properties": {
        "amenity": "clinic",
        "district_assignment": "within",
        "district_name": "Almazar district",
        "facility_category": "clinic",
        "facility_id": "hc_node_10542425595",
        "geometry_assembly": "osm_node",
        "healthcare": "clinic",
        "latitude": 41.3410501,
        "longitude": 69.2570703,
        "name": "Doctor D",
        "normalized_name": "doctor d",
        "operator": null,
        "osm_id": 10542425595,
        "osm_relation_type": null,
        "osm_type": "node",
        "representative_point_method": "osm_node"
      },
      "type": "Feature"
    },
    {
      "geometry": {
        "coordinates": [
          69.2426044,
          41.3386565
        ],
        "type": "Point"
      },
      "properties": {
        "amenity": "clinic",
        "district_assignment": "within",
        "district_name": "Almazar district",
        "facility_category": "clinic",
        "facility_id": "hc_node_10567011891",
        "geometry_assembly": "osm_node",
        "healthcare": "clinic",
        "latitude": 41.3386565,
        "longitude": 69.2426044,
        "name": "19-chi sonli oilaviy poliklinika",
        "normalized_name": "19 chi sonli oilaviy poliklinika",
        "operator": null,
        "osm_id": 10567011891,
        "osm_relation_type": null,
        "osm_type": "node",
        "representative_point_method": "osm_node"
      },
      "type": "Feature"
    },
    {
      "geometry": {
        "coordinates": [
          69.2151464,
          41.362713
        ],
        "type": "Point"
      },
      "properties": {
        "amenity": "clinic",
        "district_assignment": "within",
        "district_name": "Almazar district",
        "facility_category": "clinic",
        "facility_id": "hc_node_10692811557",
        "geometry_assembly": "osm_node",
        "healthcare": null,
        "latitude": 41.362713,
        "longitude": 69.2151464,
        "name": "Alliance Medical Clinic",
        "normalized_name": "alliance medical clinic",
        "operator": null,
        "osm_id": 10692811557,
        "osm_relation_type": null,
        "osm_type": "node",
        "representative_point_method": "osm_node"
      },
      "type": "Feature"
    },
    {
      "geometry": {
        "coordinates": [
          69.2566661,
          41.2876538
        ],
        "type": "Point"
      },
      "properties": {
        "amenity": "clinic",
        "district_assignment": "within",
        "district_name": "Yakkasaray district",
        "facility_category": "clinic",
        "facility_id": "hc_node_10693308233",
        "geometry_assembly": "osm_node",
        "healthcare": "clinic",
        "latitude": 41.2876538,
        "longitude": 69.2566661,
        "name": "Beauty therapy clinic",
        "normalized_name": "beauty therapy clinic",
        "operator": null,
        "osm_id": 10693308233,
        "osm_relation_type": null,
        "osm_type": "node",
        "representative_point_method": "osm_node"
      },
      "type": "Feature"
    },
    {
      "geometry": {
        "coordinates": [
          69.2271723,
          41.3571756
        ],
        "type": "Point"
      },
      "properties": {
        "amenity": "clinic",
        "district_assignment": "within",
        "district_name": "Almazar district",
        "facility_category": "clinic",
        "facility_id": "hc_node_10704026639",
        "geometry_assembly": "osm_node",
        "healthcare": null,
        "latitude": 41.3571756,
        "longitude": 69.2271723,
        "name": "Sebzor-Med Davo",
        "normalized_name": "sebzor med davo",
        "operator": null,
        "osm_id": 10704026639,
        "osm_relation_type": null,
        "osm_type": "node",
        "representative_point_method": "osm_node"
      },
      "type": "Feature"
    },
    {
      "geometry": {
        "coordinates": [
          69.318352,
          41.3193145
        ],
        "type": "Point"
      },
      "properties": {
        "amenity": "hospital",
        "district_assignment": "within",
        "district_name": "Mirzo Ulugbek district",
        "facility_category": "hospital",
        "facility_id": "hc_node_10723165686",
        "geometry_assembly": "osm_node",
        "healthcare": null,
        "latitude": 41.3193145,
        "longitude": 69.318352,
        "name": "Dignus clinic",
        "normalized_name": "dignus clinic",
        "operator": null,
        "osm_id": 10723165686,
        "osm_relation_type": null,
        "osm_type": "node",
        "representative_point_method": "osm_node"
      },
      "type": "Feature"
    },
    {
      "geometry": {
        "coordinates": [
          69.2491341,
          41.3068098
        ],
        "type": "Point"
      },
      "properties": {
        "amenity": "clinic",
        "district_assignment": "within",
        "district_name": "Chilanzar district",
        "facility_category": "clinic",
        "facility_id": "hc_node_10740639380",
        "geometry_assembly": "osm_node",
        "healthcare": null,
        "latitude": 41.3068098,
        "longitude": 69.2491341,
        "name": "5-chi sonli shahar yuqumli kasalliklar shifoxonasi",
        "normalized_name": "5 chi sonli shahar yuqumli kasalliklar shifoxonasi",
        "operator": null,
        "osm_id": 10740639380,
        "osm_relation_type": null,
        "osm_type": "node",
        "representative_point_method": "osm_node"
      },
      "type": "Feature"
    },
    {
      "geometry": {
        "coordinates": [
          69.2984725,
          41.3830328
        ],
        "type": "Point"
      },
      "properties": {
        "amenity": "clinic",
        "district_assignment": "within",
        "district_name": "Yunusabad district",
        "facility_category": "clinic",
        "facility_id": "hc_node_10761374605",
        "geometry_assembly": "osm_node",
        "healthcare": null,
        "latitude": 41.3830328,
        "longitude": 69.2984725,
        "name": null,
        "normalized_name": "",
        "operator": null,
        "osm_id": 10761374605,
        "osm_relation_type": null,
        "osm_type": "node",
        "representative_point_method": "osm_node"
      },
      "type": "Feature"
    },
    {
      "geometry": {
        "coordinates": [
          69.2005219,
          41.2994186
        ],
        "type": "Point"
      },
      "properties": {
        "amenity": "clinic",
        "district_assignment": "within",
        "district_name": "Chilanzar district",
        "facility_category": "clinic",
        "facility_id": "hc_node_10770887559",
        "geometry_assembly": "osm_node",
        "healthcare": null,
        "latitude": 41.2994186,
        "longitude": 69.2005219,
        "name": "Nur Med",
        "normalized_name": "nur med",
        "operator": null,
        "osm_id": 10770887559,
        "osm_relation_type": null,
        "osm_type": "node",
        "representative_point_method": "osm_node"
      },
      "type": "Feature"
    },
    {
      "geometry": {
        "coordinates": [
          69.2076951,
          41.2588415
        ],
        "type": "Point"
      },
      "properties": {
        "amenity": "hospital",
        "district_assignment": "within",
        "district_name": "Chilanzar district",
        "facility_category": "hospital",
        "facility_id": "hc_node_10786526105",
        "geometry_assembly": "osm_node",
        "healthcare": null,
        "latitude": 41.2588415,
        "longitude": 69.2076951,
        "name": "Cardio Star Plus",
        "normalized_name": "cardio star plus",
        "operator": null,
        "osm_id": 10786526105,
        "osm_relation_type": null,
        "osm_type": "node",
        "representative_point_method": "osm_node"
      },
      "type": "Feature"
    },
    {
      "geometry": {
        "coordinates": [
          69.3223367,
          41.304901
        ],
        "type": "Point"
      },
      "properties": {
        "amenity": "clinic",
        "district_assignment": "within",
        "district_name": "Yashnabad district",
        "facility_category": "clinic",
        "facility_id": "hc_node_10816188248",
        "geometry_assembly": "osm_node",
        "healthcare": "clinic",
        "latitude": 41.304901,
        "longitude": 69.3223367,
        "name": "LORMAMA",
        "normalized_name": "lormama",
        "operator": null,
        "osm_id": 10816188248,
        "osm_relation_type": null,
        "osm_type": "node",
        "representative_point_method": "osm_node"
      },
      "type": "Feature"
    },
    {
      "geometry": {
        "coordinates": [
          69.259083,
          41.3429847
        ],
        "type": "Point"
      },
      "properties": {
        "amenity": "clinic",
        "district_assignment": "within",
        "district_name": "Almazar district",
        "facility_category": "clinic",
        "facility_id": "hc_node_10917405505",
        "geometry_assembly": "osm_node",
        "healthcare": null,
        "latitude": 41.3429847,
        "longitude": 69.259083,
        "name": null,
        "normalized_name": "",
        "operator": null,
        "osm_id": 10917405505,
        "osm_relation_type": null,
        "osm_type": "node",
        "representative_point_method": "osm_node"
      },
      "type": "Feature"
    },
    {
      "geometry": {
        "coordinates": [
          69.2128067,
          41.2656279
        ],
        "type": "Point"
      },
      "properties": {
        "amenity": "hospital",
        "district_assignment": "within",
        "district_name": "Chilanzar district",
        "facility_category": "hospital",
        "facility_id": "hc_node_10939124294",
        "geometry_assembly": "osm_node",
        "healthcare": "hospital",
        "latitude": 41.2656279,
        "longitude": 69.2128067,
        "name": "Respublika ayollarni reabilitatsiya qilish va moslashtirish markazi",
        "normalized_name": "respublika ayollarni reabilitatsiya qilish va moslashtirish markazi",
        "operator": null,
        "osm_id": 10939124294,
        "osm_relation_type": null,
        "osm_type": "node",
        "representative_point_method": "osm_node"
      },
      "type": "Feature"
    },
    {
      "geometry": {
        "coordinates": [
          69.2104903,
          41.2684028
        ],
        "type": "Point"
      },
      "properties": {
        "amenity": "hospital",
        "district_assignment": "within",
        "district_name": "Chilanzar district",
        "facility_category": "hospital",
        "facility_id": "hc_node_10939740132",
        "geometry_assembly": "osm_node",
        "healthcare": null,
        "latitude": 41.2684028,
        "longitude": 69.2104903,
        "name": "Doctor Nodirabegim",
        "normalized_name": "doctor nodirabegim",
        "operator": null,
        "osm_id": 10939740132,
        "osm_relation_type": null,
        "osm_type": "node",
        "representative_point_method": "osm_node"
      },
      "type": "Feature"
    },
    {
      "geometry": {
        "coordinates": [
          69.2101889,
          41.2679599
        ],
        "type": "Point"
      },
      "properties": {
        "amenity": "hospital",
        "district_assignment": "within",
        "district_name": "Chilanzar district",
        "facility_category": "hospital",
        "facility_id": "hc_node_10939740165",
        "geometry_assembly": "osm_node",
        "healthcare": null,
        "latitude": 41.2679599,
        "longitude": 69.2101889,
        "name": "Feniks",
        "normalized_name": "feniks",
        "operator": null,
        "osm_id": 10939740165,
        "osm_relation_type": null,
        "osm_type": "node",
        "representative_point_method": "osm_node"
      },
      "type": "Feature"
    },
    {
      "geometry": {
        "coordinates": [
          69.1887475,
          41.3496421
        ],
        "type": "Point"
      },
      "properties": {
        "amenity": "hospital",
        "district_assignment": "within",
        "district_name": "Shaykhantakhur district",
        "facility_category": "hospital",
        "facility_id": "hc_node_10992907342",
        "geometry_assembly": "osm_node",
        "healthcare": "hospital",
        "latitude": 41.3496421,
        "longitude": 69.1887475,
        "name": "Citymed Turk EKU Markazi",
        "normalized_name": "citymed turk eku markazi",
        "operator": null,
        "osm_id": 10992907342,
        "osm_relation_type": null,
        "osm_type": "node",
        "representative_point_method": "osm_node"
      },
      "type": "Feature"
    },
    {
      "geometry": {
        "coordinates": [
          69.263311,
          41.3431611
        ],
        "type": "Point"
      },
      "properties": {
        "amenity": "clinic",
        "district_assignment": "within",
        "district_name": "Shaykhantakhur district",
        "facility_category": "clinic",
        "facility_id": "hc_node_11090819533",
        "geometry_assembly": "osm_node",
        "healthcare": null,
        "latitude": 41.3431611,
        "longitude": 69.263311,
        "name": "Doctor-M",
        "normalized_name": "doctor m",
        "operator": null,
        "osm_id": 11090819533,
        "osm_relation_type": null,
        "osm_type": "node",
        "representative_point_method": "osm_node"
      },
      "type": "Feature"
    },
    {
      "geometry": {
        "coordinates": [
          69.2628502,
          41.3434848
        ],
        "type": "Point"
      },
      "properties": {
        "amenity": "clinic",
        "district_assignment": "within",
        "district_name": "Shaykhantakhur district",
        "facility_category": "clinic",
        "facility_id": "hc_node_11090819545",
        "geometry_assembly": "osm_node",
        "healthcare": null,
        "latitude": 41.3434848,
        "longitude": 69.2628502,
        "name": "President Medical",
        "normalized_name": "president medical",
        "operator": null,
        "osm_id": 11090819545,
        "osm_relation_type": null,
        "osm_type": "node",
        "representative_point_method": "osm_node"
      },
      "type": "Feature"
    },
    {
      "geometry": {
        "coordinates": [
          69.2908678,
          41.3508562
        ],
        "type": "Point"
      },
      "properties": {
        "amenity": "clinic",
        "district_assignment": "within",
        "district_name": "Yunusabad district",
        "facility_category": "clinic",
        "facility_id": "hc_node_11112421905",
        "geometry_assembly": "osm_node",
        "healthcare": null,
        "latitude": 41.3508562,
        "longitude": 69.2908678,
        "name": "Лаборатория ИнтерМед Частная клиника",
        "normalized_name": "лаборатория интермед частная клиника",
        "operator": null,
        "osm_id": 11112421905,
        "osm_relation_type": null,
        "osm_type": "node",
        "representative_point_method": "osm_node"
      },
      "type": "Feature"
    },
    {
      "geometry": {
        "coordinates": [
          69.1787881,
          41.3530476
        ],
        "type": "Point"
      },
      "properties": {
        "amenity": "clinic",
        "district_assignment": "within",
        "district_name": "Almazar district",
        "facility_category": "clinic",
        "facility_id": "hc_node_11286853169",
        "geometry_assembly": "osm_node",
        "healthcare": null,
        "latitude": 41.3530476,
        "longitude": 69.1787881,
        "name": "Клиника современной флебологии Phlebolife",
        "normalized_name": "клиника современной флебологии phlebolife",
        "operator": null,
        "osm_id": 11286853169,
        "osm_relation_type": null,
        "osm_type": "node",
        "representative_point_method": "osm_node"
      },
      "type": "Feature"
    },
    {
      "geometry": {
        "coordinates": [
          69.189861,
          41.2652578
        ],
        "type": "Point"
      },
      "properties": {
        "amenity": "clinic",
        "district_assignment": "within",
        "district_name": "Chilanzar district",
        "facility_category": "clinic",
        "facility_id": "hc_node_11303820841",
        "geometry_assembly": "osm_node",
        "healthcare": "clinic",
        "latitude": 41.2652578,
        "longitude": 69.189861,
        "name": "Yashfina",
        "normalized_name": "yashfina",
        "operator": "СП Uzchem",
        "osm_id": 11303820841,
        "osm_relation_type": null,
        "osm_type": "node",
        "representative_point_method": "osm_node"
      },
      "type": "Feature"
    },
    {
      "geometry": {
        "coordinates": [
          69.2492493,
          41.3266417
        ],
        "type": "Point"
      },
      "properties": {
        "amenity": "hospital",
        "district_assignment": "within",
        "district_name": "Shaykhantakhur district",
        "facility_category": "hospital",
        "facility_id": "hc_node_11335630670",
        "geometry_assembly": "osm_node",
        "healthcare": null,
        "latitude": 41.3266417,
        "longitude": 69.2492493,
        "name": "Medion Innovation",
        "normalized_name": "medion innovation",
        "operator": null,
        "osm_id": 11335630670,
        "osm_relation_type": null,
        "osm_type": "node",
        "representative_point_method": "osm_node"
      },
      "type": "Feature"
    },
    {
      "geometry": {
        "coordinates": [
          69.1901055,
          41.3378187
        ],
        "type": "Point"
      },
      "properties": {
        "amenity": "clinic",
        "district_assignment": "within",
        "district_name": "Shaykhantakhur district",
        "facility_category": "clinic",
        "facility_id": "hc_node_11510956134",
        "geometry_assembly": "osm_node",
        "healthcare": "clinic",
        "latitude": 41.3378187,
        "longitude": 69.1901055,
        "name": "Клиника доктор Хасан",
        "normalized_name": "клиника доктор хасан",
        "operator": null,
        "osm_id": 11510956134,
        "osm_relation_type": null,
        "osm_type": "node",
        "representative_point_method": "osm_node"
      },
      "type": "Feature"
    },
    {
      "geometry": {
        "coordinates": [
          69.2921394,
          41.3194745
        ],
        "type": "Point"
      },
      "properties": {
        "amenity": "clinic",
        "district_assignment": "within",
        "district_name": "Mirzo Ulugbek district",
        "facility_category": "clinic",
        "facility_id": "hc_node_11545864616",
        "geometry_assembly": "osm_node",
        "healthcare": null,
        "latitude": 41.3194745,
        "longitude": 69.2921394,
        "name": "Клиника доктора Максудовой",
        "normalized_name": "клиника доктора максудовой",
        "operator": null,
        "osm_id": 11545864616,
        "osm_relation_type": null,
        "osm_type": "node",
        "representative_point_method": "osm_node"
      },
      "type": "Feature"
    },
    {
      "geometry": {
        "coordinates": [
          69.2896766,
          41.3586944
        ],
        "type": "Point"
      },
      "properties": {
        "amenity": "hospital",
        "district_assignment": "within",
        "district_name": "Yunusabad district",
        "facility_category": "hospital",
        "facility_id": "hc_node_11672285975",
        "geometry_assembly": "osm_node",
        "healthcare": "hospital",
        "latitude": 41.3586944,
        "longitude": 69.2896766,
        "name": "SHOX MED Педиатрия",
        "normalized_name": "shox med педиатрия",
        "operator": null,
        "osm_id": 11672285975,
        "osm_relation_type": null,
        "osm_type": "node",
        "representative_point_method": "osm_node"
      },
      "type": "Feature"
    },
    {
      "geometry": {
        "coordinates": [
          69.2951703,
          41.3063309
        ],
        "type": "Point"
      },
      "properties": {
        "amenity": "clinic",
        "district_assignment": "within",
        "district_name": "Yashnabad district",
        "facility_category": "clinic",
        "facility_id": "hc_node_11828398807",
        "geometry_assembly": "osm_node",
        "healthcare": "clinic",
        "latitude": 41.3063309,
        "longitude": 69.2951703,
        "name": "Soriz",
        "normalized_name": "soriz",
        "operator": "Soriz",
        "osm_id": 11828398807,
        "osm_relation_type": null,
        "osm_type": "node",
        "representative_point_method": "osm_node"
      },
      "type": "Feature"
    },
    {
      "geometry": {
        "coordinates": [
          69.3460758,
          41.2909707
        ],
        "type": "Point"
      },
      "properties": {
        "amenity": "clinic",
        "district_assignment": "within",
        "district_name": "Yashnabad district",
        "facility_category": "clinic",
        "facility_id": "hc_node_11901038969",
        "geometry_assembly": "osm_node",
        "healthcare": null,
        "latitude": 41.2909707,
        "longitude": 69.3460758,
        "name": null,
        "normalized_name": "",
        "operator": null,
        "osm_id": 11901038969,
        "osm_relation_type": null,
        "osm_type": "node",
        "representative_point_method": "osm_node"
      },
      "type": "Feature"
    },
    {
      "geometry": {
        "coordinates": [
          69.216376,
          41.321804
        ],
        "type": "Point"
      },
      "properties": {
        "amenity": "clinic",
        "district_assignment": "within",
        "district_name": "Shaykhantakhur district",
        "facility_category": "clinic",
        "facility_id": "hc_node_11919761690",
        "geometry_assembly": "osm_node",
        "healthcare": null,
        "latitude": 41.321804,
        "longitude": 69.216376,
        "name": "Genotexnologiya",
        "normalized_name": "genotexnologiya",
        "operator": "Genotexnologiya",
        "osm_id": 11919761690,
        "osm_relation_type": null,
        "osm_type": "node",
        "representative_point_method": "osm_node"
      },
      "type": "Feature"
    },
    {
      "geometry": {
        "coordinates": [
          69.2903832,
          41.3041808
        ],
        "type": "Point"
      },
      "properties": {
        "amenity": "hospital",
        "district_assignment": "within",
        "district_name": "Yashnabad district",
        "facility_category": "hospital",
        "facility_id": "hc_node_12180259206",
        "geometry_assembly": "osm_node",
        "healthcare": "hospital",
        "latitude": 41.3041808,
        "longitude": 69.2903832,
        "name": "Станция неотложной помощи 103",
        "normalized_name": "станция неотложной помощи 103",
        "operator": null,
        "osm_id": 12180259206,
        "osm_relation_type": null,
        "osm_type": "node",
        "representative_point_method": "osm_node"
      },
      "type": "Feature"
    },
    {
      "geometry": {
        "coordinates": [
          69.2500348,
          41.2940709
        ],
        "type": "Point"
      },
      "properties": {
        "amenity": "clinic",
        "district_assignment": "within",
        "district_name": "Yakkasaray district",
        "facility_category": "clinic",
        "facility_id": "hc_node_12383093001",
        "geometry_assembly": "osm_node",
        "healthcare": null,
        "latitude": 41.2940709,
        "longitude": 69.2500348,
        "name": "EBM Clinic",
        "normalized_name": "ebm clinic",
        "operator": null,
        "osm_id": 12383093001,
        "osm_relation_type": null,
        "osm_type": "node",
        "representative_point_method": "osm_node"
      },
      "type": "Feature"
    },
    {
      "geometry": {
        "coordinates": [
          69.3018517,
          41.3182934
        ],
        "type": "Point"
      },
      "properties": {
        "amenity": "hospital",
        "district_assignment": "within",
        "district_name": "Mirzo Ulugbek district",
        "facility_category": "hospital",
        "facility_id": "hc_node_12399549354",
        "geometry_assembly": "osm_node",
        "healthcare": "hospital",
        "latitude": 41.3182934,
        "longitude": 69.3018517,
        "name": "Израильский медицинский центр репродуктивной медицины и семейного здоровья",
        "normalized_name": "израильский медицинский центр репродуктивной медицины и семейного здоровья",
        "operator": null,
        "osm_id": 12399549354,
        "osm_relation_type": null,
        "osm_type": "node",
        "representative_point_method": "osm_node"
      },
      "type": "Feature"
    },
    {
      "geometry": {
        "coordinates": [
          69.1933576,
          41.3264281
        ],
        "type": "Point"
      },
      "properties": {
        "amenity": "clinic",
        "district_assignment": "within",
        "district_name": "Uchtepa district",
        "facility_category": "clinic",
        "facility_id": "hc_node_12581764254",
        "geometry_assembly": "osm_node",
        "healthcare": "clinic",
        "latitude": 41.3264281,
        "longitude": 69.1933576,
        "name": "Lab Medical",
        "normalized_name": "lab medical",
        "operator": null,
        "osm_id": 12581764254,
        "osm_relation_type": null,
        "osm_type": "node",
        "representative_point_method": "osm_node"
      },
      "type": "Feature"
    },
    {
      "geometry": {
        "coordinates": [
          69.2491624,
          41.2786345
        ],
        "type": "Point"
      },
      "properties": {
        "amenity": "clinic",
        "district_assignment": "within",
        "district_name": "Yakkasaray district",
        "facility_category": "clinic",
        "facility_id": "hc_node_12599951287",
        "geometry_assembly": "osm_node",
        "healthcare": "clinic",
        "latitude": 41.2786345,
        "longitude": 69.2491624,
        "name": "Clinic of EMU",
        "normalized_name": "clinic of emu",
        "operator": null,
        "osm_id": 12599951287,
        "osm_relation_type": null,
        "osm_type": "node",
        "representative_point_method": "osm_node"
      },
      "type": "Feature"
    },
    {
      "geometry": {
        "coordinates": [
          69.2084219,
          41.3013117
        ],
        "type": "Point"
      },
      "properties": {
        "amenity": "clinic",
        "district_assignment": "within",
        "district_name": "Shaykhantakhur district",
        "facility_category": "clinic",
        "facility_id": "hc_node_12599981672",
        "geometry_assembly": "osm_node",
        "healthcare": "clinic",
        "latitude": 41.3013117,
        "longitude": 69.2084219,
        "name": "Clinic of EMU",
        "normalized_name": "clinic of emu",
        "operator": null,
        "osm_id": 12599981672,
        "osm_relation_type": null,
        "osm_type": "node",
        "representative_point_method": "osm_node"
      },
      "type": "Feature"
    },
    {
      "geometry": {
        "coordinates": [
          69.2631867,
          41.2693158
        ],
        "type": "Point"
      },
      "properties": {
        "amenity": "clinic",
        "district_assignment": "within",
        "district_name": "Yakkasaray district",
        "facility_category": "clinic",
        "facility_id": "hc_node_12653700850",
        "geometry_assembly": "osm_node",
        "healthcare": "clinic",
        "latitude": 41.2693158,
        "longitude": 69.2631867,
        "name": "Shox Hospital",
        "normalized_name": "shox hospital",
        "operator": null,
        "osm_id": 12653700850,
        "osm_relation_type": null,
        "osm_type": "node",
        "representative_point_method": "osm_node"
      },
      "type": "Feature"
    },
    {
      "geometry": {
        "coordinates": [
          69.2623898,
          41.3277115
        ],
        "type": "Point"
      },
      "properties": {
        "amenity": "clinic",
        "district_assignment": "within",
        "district_name": "Shaykhantakhur district",
        "facility_category": "clinic",
        "facility_id": "hc_node_12690603324",
        "geometry_assembly": "osm_node",
        "healthcare": "clinic",
        "latitude": 41.3277115,
        "longitude": 69.2623898,
        "name": "Mental Med Service",
        "normalized_name": "mental med service",
        "operator": "+998 (71) 200‒12‒33",
        "osm_id": 12690603324,
        "osm_relation_type": null,
        "osm_type": "node",
        "representative_point_method": "osm_node"
      },
      "type": "Feature"
    },
    {
      "geometry": {
        "coordinates": [
          69.3746294,
          41.331032
        ],
        "type": "Point"
      },
      "properties": {
        "amenity": "clinic",
        "district_assignment": "within",
        "district_name": "Mirzo Ulugbek district",
        "facility_category": "clinic",
        "facility_id": "hc_node_12696174152",
        "geometry_assembly": "osm_node",
        "healthcare": "clinic",
        "latitude": 41.331032,
        "longitude": 69.3746294,
        "name": "Frank Medic",
        "normalized_name": "frank medic",
        "operator": null,
        "osm_id": 12696174152,
        "osm_relation_type": null,
        "osm_type": "node",
        "representative_point_method": "osm_node"
      },
      "type": "Feature"
    },
    {
      "geometry": {
        "coordinates": [
          69.1994316,
          41.269886
        ],
        "type": "Point"
      },
      "properties": {
        "amenity": "hospital",
        "district_assignment": "within",
        "district_name": "Chilanzar district",
        "facility_category": "hospital",
        "facility_id": "hc_node_12732020127",
        "geometry_assembly": "osm_node",
        "healthcare": "hospital",
        "latitude": 41.269886,
        "longitude": 69.1994316,
        "name": "Хасанов Абдурахман ЛОР клиника",
        "normalized_name": "хасанов абдурахман лор клиника",
        "operator": null,
        "osm_id": 12732020127,
        "osm_relation_type": null,
        "osm_type": "node",
        "representative_point_method": "osm_node"
      },
      "type": "Feature"
    },
    {
      "geometry": {
        "coordinates": [
          69.2456877,
          41.3189237
        ],
        "type": "Point"
      },
      "properties": {
        "amenity": "hospital",
        "district_assignment": "within",
        "district_name": "Shaykhantakhur district",
        "facility_category": "hospital",
        "facility_id": "hc_node_12802212534",
        "geometry_assembly": "osm_node",
        "healthcare": null,
        "latitude": 41.3189237,
        "longitude": 69.2456877,
        "name": "Bavaria reha Tashkent",
        "normalized_name": "bavaria reha tashkent",
        "operator": null,
        "osm_id": 12802212534,
        "osm_relation_type": null,
        "osm_type": "node",
        "representative_point_method": "osm_node"
      },
      "type": "Feature"
    },
    {
      "geometry": {
        "coordinates": [
          69.3850184,
          41.3539196
        ],
        "type": "Point"
      },
      "properties": {
        "amenity": "clinic",
        "district_assignment": "within",
        "district_name": "Mirzo Ulugbek district",
        "facility_category": "clinic",
        "facility_id": "hc_node_12811580695",
        "geometry_assembly": "osm_node",
        "healthcare": "clinic",
        "latitude": 41.3539196,
        "longitude": 69.3850184,
        "name": "Семейная поликлиника № 6",
        "normalized_name": "семейная поликлиника 6",
        "operator": null,
        "osm_id": 12811580695,
        "osm_relation_type": null,
        "osm_type": "node",
        "representative_point_method": "osm_node"
      },
      "type": "Feature"
    },
    {
      "geometry": {
        "coordinates": [
          69.1717749,
          41.357647
        ],
        "type": "Point"
      },
      "properties": {
        "amenity": "hospital",
        "district_assignment": "within",
        "district_name": "Almazar district",
        "facility_category": "hospital",
        "facility_id": "hc_node_12879788714",
        "geometry_assembly": "osm_node",
        "healthcare": "hospital",
        "latitude": 41.357647,
        "longitude": 69.1717749,
        "name": "Respublika patologik anatomiya markazi",
        "normalized_name": "respublika patologik anatomiya markazi",
        "operator": null,
        "osm_id": 12879788714,
        "osm_relation_type": null,
        "osm_type": "node",
        "representative_point_method": "osm_node"
      },
      "type": "Feature"
    },
    {
      "geometry": {
        "coordinates": [
          69.1726518,
          41.3569672
        ],
        "type": "Point"
      },
      "properties": {
        "amenity": "hospital",
        "district_assignment": "within",
        "district_name": "Almazar district",
        "facility_category": "hospital",
        "facility_id": "hc_node_12879788715",
        "geometry_assembly": "osm_node",
        "healthcare": "hospital",
        "latitude": 41.3569672,
        "longitude": 69.1726518,
        "name": "Xalqaro molekulyar allergologiya markazi",
        "normalized_name": "xalqaro molekulyar allergologiya markazi",
        "operator": null,
        "osm_id": 12879788715,
        "osm_relation_type": null,
        "osm_type": "node",
        "representative_point_method": "osm_node"
      },
      "type": "Feature"
    },
    {
      "geometry": {
        "coordinates": [
          69.1709881,
          41.3563038
        ],
        "type": "Point"
      },
      "properties": {
        "amenity": "hospital",
        "district_assignment": "within",
        "district_name": "Almazar district",
        "facility_category": "hospital",
        "facility_id": "hc_node_12879788716",
        "geometry_assembly": "osm_node",
        "healthcare": "hospital",
        "latitude": 41.3563038,
        "longitude": 69.1709881,
        "name": "Respublika onkologiya va radiologiya markazi",
        "normalized_name": "respublika onkologiya va radiologiya markazi",
        "operator": null,
        "osm_id": 12879788716,
        "osm_relation_type": null,
        "osm_type": "node",
        "representative_point_method": "osm_node"
      },
      "type": "Feature"
    },
    {
      "geometry": {
        "coordinates": [
          69.2251975,
          41.355211
        ],
        "type": "Point"
      },
      "properties": {
        "amenity": "clinic",
        "district_assignment": "within",
        "district_name": "Almazar district",
        "facility_category": "clinic",
        "facility_id": "hc_node_12941458163",
        "geometry_assembly": "osm_node",
        "healthcare": "clinic",
        "latitude": 41.355211,
        "longitude": 69.2251975,
        "name": "YANGI HAYOT",
        "normalized_name": "yangi hayot",
        "operator": null,
        "osm_id": 12941458163,
        "osm_relation_type": null,
        "osm_type": "node",
        "representative_point_method": "osm_node"
      },
      "type": "Feature"
    },
    {
      "geometry": {
        "coordinates": [
          69.1850458,
          41.3049066
        ],
        "type": "Point"
      },
      "properties": {
        "amenity": "hospital",
        "district_assignment": "within",
        "district_name": "Uchtepa district",
        "facility_category": "hospital",
        "facility_id": "hc_node_12993422881",
        "geometry_assembly": "osm_node",
        "healthcare": "hospital",
        "latitude": 41.3049066,
        "longitude": 69.1850458,
        "name": "5-sonli bolalar yuqumli kasalliklar shifoxonasi",
        "normalized_name": "5 sonli bolalar yuqumli kasalliklar shifoxonasi",
        "operator": null,
        "osm_id": 12993422881,
        "osm_relation_type": null,
        "osm_type": "node",
        "representative_point_method": "osm_node"
      },
      "type": "Feature"
    },
    {
      "geometry": {
        "coordinates": [
          69.287174,
          41.3539572
        ],
        "type": "Point"
      },
      "properties": {
        "amenity": "clinic",
        "district_assignment": "within",
        "district_name": "Yunusabad district",
        "facility_category": "clinic",
        "facility_id": "hc_node_13000125327",
        "geometry_assembly": "osm_node",
        "healthcare": "clinic",
        "latitude": 41.3539572,
        "longitude": 69.287174,
        "name": "Medas medical center",
        "normalized_name": "medas medical center",
        "operator": null,
        "osm_id": 13000125327,
        "osm_relation_type": null,
        "osm_type": "node",
        "representative_point_method": "osm_node"
      },
      "type": "Feature"
    },
    {
      "geometry": {
        "coordinates": [
          69.3437882,
          41.3394311
        ],
        "type": "Point"
      },
      "properties": {
        "amenity": "clinic",
        "district_assignment": "within",
        "district_name": "Mirzo Ulugbek district",
        "facility_category": "clinic",
        "facility_id": "hc_node_13042472487",
        "geometry_assembly": "osm_node",
        "healthcare": "clinic",
        "latitude": 41.3394311,
        "longitude": 69.3437882,
        "name": "Poliklinika",
        "normalized_name": "poliklinika",
        "operator": null,
        "osm_id": 13042472487,
        "osm_relation_type": null,
        "osm_type": "node",
        "representative_point_method": "osm_node"
      },
      "type": "Feature"
    },
    {
      "geometry": {
        "coordinates": [
          69.2489175,
          41.2899971
        ],
        "type": "Point"
      },
      "properties": {
        "amenity": "clinic",
        "district_assignment": "within",
        "district_name": "Yakkasaray district",
        "facility_category": "clinic",
        "facility_id": "hc_node_13136358243",
        "geometry_assembly": "osm_node",
        "healthcare": "clinic",
        "latitude": 41.2899971,
        "longitude": 69.2489175,
        "name": null,
        "normalized_name": "",
        "operator": null,
        "osm_id": 13136358243,
        "osm_relation_type": null,
        "osm_type": "node",
        "representative_point_method": "osm_node"
      },
      "type": "Feature"
    },
    {
      "geometry": {
        "coordinates": [
          69.2975208,
          41.3365518
        ],
        "type": "Point"
      },
      "properties": {
        "amenity": "clinic",
        "district_assignment": "within",
        "district_name": "Yunusabad district",
        "facility_category": "clinic",
        "facility_id": "hc_node_13152536701",
        "geometry_assembly": "osm_node",
        "healthcare": null,
        "latitude": 41.3365518,
        "longitude": 69.2975208,
        "name": "MedInfo",
        "normalized_name": "medinfo",
        "operator": null,
        "osm_id": 13152536701,
        "osm_relation_type": null,
        "osm_type": "node",
        "representative_point_method": "osm_node"
      },
      "type": "Feature"
    },
    {
      "geometry": {
        "coordinates": [
          69.2530779,
          41.3355131
        ],
        "type": "Point"
      },
      "properties": {
        "amenity": "clinic",
        "district_assignment": "within",
        "district_name": "Almazar district",
        "facility_category": "clinic",
        "facility_id": "hc_node_13154436339",
        "geometry_assembly": "osm_node",
        "healthcare": "clinic",
        "latitude": 41.3355131,
        "longitude": 69.2530779,
        "name": "19 - Oilaviy Poliklinika",
        "normalized_name": "19 oilaviy poliklinika",
        "operator": null,
        "osm_id": 13154436339,
        "osm_relation_type": null,
        "osm_type": "node",
        "representative_point_method": "osm_node"
      },
      "type": "Feature"
    },
    {
      "geometry": {
        "coordinates": [
          69.3110041,
          41.3549352
        ],
        "type": "Point"
      },
      "properties": {
        "amenity": "clinic",
        "district_assignment": "within",
        "district_name": "Yunusabad district",
        "facility_category": "clinic",
        "facility_id": "hc_node_13204468458",
        "geometry_assembly": "osm_node",
        "healthcare": null,
        "latitude": 41.3549352,
        "longitude": 69.3110041,
        "name": "Neurolife",
        "normalized_name": "neurolife",
        "operator": null,
        "osm_id": 13204468458,
        "osm_relation_type": null,
        "osm_type": "node",
        "representative_point_method": "osm_node"
      },
      "type": "Feature"
    },
    {
      "geometry": {
        "coordinates": [
          69.3117219,
          41.2526678
        ],
        "type": "Point"
      },
      "properties": {
        "amenity": "clinic",
        "district_assignment": "within",
        "district_name": "Mirabad district",
        "facility_category": "clinic",
        "facility_id": "hc_node_13308273273",
        "geometry_assembly": "osm_node",
        "healthcare": "clinic",
        "latitude": 41.2526678,
        "longitude": 69.3117219,
        "name": "Shams medical clinic",
        "normalized_name": "shams medical clinic",
        "operator": null,
        "osm_id": 13308273273,
        "osm_relation_type": null,
        "osm_type": "node",
        "representative_point_method": "osm_node"
      },
      "type": "Feature"
    },
    {
      "geometry": {
        "coordinates": [
          69.3406283,
          41.2575552
        ],
        "type": "Point"
      },
      "properties": {
        "amenity": "clinic",
        "district_assignment": "within",
        "district_name": "Yashnabad district",
        "facility_category": "clinic",
        "facility_id": "hc_node_13422274001",
        "geometry_assembly": "osm_node",
        "healthcare": null,
        "latitude": 41.2575552,
        "longitude": 69.3406283,
        "name": "29 Oilaviy Poliklinika filial",
        "normalized_name": "29 oilaviy poliklinika filial",
        "operator": null,
        "osm_id": 13422274001,
        "osm_relation_type": null,
        "osm_type": "node",
        "representative_point_method": "osm_node"
      },
      "type": "Feature"
    },
    {
      "geometry": {
        "coordinates": [
          69.1955861,
          41.3598629
        ],
        "type": "Point"
      },
      "properties": {
        "amenity": "clinic",
        "district_assignment": "within",
        "district_name": "Almazar district",
        "facility_category": "clinic",
        "facility_id": "hc_node_13524820431",
        "geometry_assembly": "osm_node",
        "healthcare": "clinic",
        "latitude": 41.3598629,
        "longitude": 69.1955861,
        "name": null,
        "normalized_name": "",
        "operator": null,
        "osm_id": 13524820431,
        "osm_relation_type": null,
        "osm_type": "node",
        "representative_point_method": "osm_node"
      },
      "type": "Feature"
    },
    {
      "geometry": {
        "coordinates": [
          69.2598918,
          41.280294
        ],
        "type": "Point"
      },
      "properties": {
        "amenity": "clinic",
        "district_assignment": "within",
        "district_name": "Yakkasaray district",
        "facility_category": "clinic",
        "facility_id": "hc_node_13534842068",
        "geometry_assembly": "osm_node",
        "healthcare": "clinic",
        "latitude": 41.280294,
        "longitude": 69.2598918,
        "name": "Поликлиника ГУВД",
        "normalized_name": "поликлиника гувд",
        "operator": null,
        "osm_id": 13534842068,
        "osm_relation_type": null,
        "osm_type": "node",
        "representative_point_method": "osm_node"
      },
      "type": "Feature"
    },
    {
      "geometry": {
        "coordinates": [
          69.3743825,
          41.2500267
        ],
        "type": "Point"
      },
      "properties": {
        "amenity": "clinic",
        "district_assignment": "within",
        "district_name": "Bektemir district",
        "facility_category": "clinic",
        "facility_id": "hc_node_13543936737",
        "geometry_assembly": "osm_node",
        "healthcare": "clinic",
        "latitude": 41.2500267,
        "longitude": 69.3743825,
        "name": "Поликлиника №",
        "normalized_name": "поликлиника",
        "operator": null,
        "osm_id": 13543936737,
        "osm_relation_type": null,
        "osm_type": "node",
        "representative_point_method": "osm_node"
      },
      "type": "Feature"
    },
    {
      "geometry": {
        "coordinates": [
          69.2954188,
          41.2819205
        ],
        "type": "Point"
      },
      "properties": {
        "amenity": "clinic",
        "district_assignment": "within",
        "district_name": "Mirabad district",
        "facility_category": "clinic",
        "facility_id": "hc_node_13568211539",
        "geometry_assembly": "osm_node",
        "healthcare": "clinic",
        "latitude": 41.2819205,
        "longitude": 69.2954188,
        "name": "Orion Med City",
        "normalized_name": "orion med city",
        "operator": null,
        "osm_id": 13568211539,
        "osm_relation_type": null,
        "osm_type": "node",
        "representative_point_method": "osm_node"
      },
      "type": "Feature"
    },
    {
      "geometry": {
        "coordinates": [
          69.3277628,
          41.24476
        ],
        "type": "Point"
      },
      "properties": {
        "amenity": "clinic",
        "district_assignment": "within",
        "district_name": "Yashnabad district",
        "facility_category": "clinic",
        "facility_id": "hc_node_13570831580",
        "geometry_assembly": "osm_node",
        "healthcare": "clinic",
        "latitude": 41.24476,
        "longitude": 69.3277628,
        "name": "№29 Oilaviy Poliklinika",
        "normalized_name": "29 oilaviy poliklinika",
        "operator": null,
        "osm_id": 13570831580,
        "osm_relation_type": null,
        "osm_type": "node",
        "representative_point_method": "osm_node"
      },
      "type": "Feature"
    },
    {
      "geometry": {
        "coordinates": [
          69.2516852,
          41.3337008
        ],
        "type": "Point"
      },
      "properties": {
        "amenity": "clinic",
        "district_assignment": "within",
        "district_name": "Almazar district",
        "facility_category": "clinic",
        "facility_id": "hc_node_13609130845",
        "geometry_assembly": "osm_node",
        "healthcare": "clinic",
        "latitude": 41.3337008,
        "longitude": 69.2516852,
        "name": "РМО Алмазарского района",
        "normalized_name": "рмо алмазарского района",
        "operator": null,
        "osm_id": 13609130845,
        "osm_relation_type": null,
        "osm_type": "node",
        "representative_point_method": "osm_node"
      },
      "type": "Feature"
    },
    {
      "geometry": {
        "coordinates": [
          69.1726325,
          41.2387853
        ],
        "type": "Point"
      },
      "properties": {
        "amenity": "clinic",
        "district_assignment": "within",
        "district_name": "Chilanzar district",
        "facility_category": "clinic",
        "facility_id": "hc_node_13659746192",
        "geometry_assembly": "osm_node",
        "healthcare": "clinic",
        "latitude": 41.2387853,
        "longitude": 69.1726325,
        "name": "33-chi sonli oilaviy poliklinika",
        "normalized_name": "33 chi sonli oilaviy poliklinika",
        "operator": null,
        "osm_id": 13659746192,
        "osm_relation_type": null,
        "osm_type": "node",
        "representative_point_method": "osm_node"
      },
      "type": "Feature"
    },
    {
      "geometry": {
        "coordinates": [
          69.296391,
          41.2730428
        ],
        "type": "Point"
      },
      "properties": {
        "amenity": "clinic",
        "district_assignment": "within",
        "district_name": "Mirabad district",
        "facility_category": "clinic",
        "facility_id": "hc_node_13666879627",
        "geometry_assembly": "osm_node",
        "healthcare": "clinic",
        "latitude": 41.2730428,
        "longitude": 69.296391,
        "name": "OMEGA EYE",
        "normalized_name": "omega eye",
        "operator": null,
        "osm_id": 13666879627,
        "osm_relation_type": null,
        "osm_type": "node",
        "representative_point_method": "osm_node"
      },
      "type": "Feature"
    },
    {
      "geometry": {
        "coordinates": [
          69.2799885,
          41.3283369
        ],
        "type": "Point"
      },
      "properties": {
        "amenity": "clinic",
        "district_assignment": "within",
        "district_name": "Yunusabad district",
        "facility_category": "clinic",
        "facility_id": "hc_node_13695369412",
        "geometry_assembly": "osm_node",
        "healthcare": "clinic",
        "latitude": 41.3283369,
        "longitude": 69.2799885,
        "name": "de factum",
        "normalized_name": "de factum",
        "operator": null,
        "osm_id": 13695369412,
        "osm_relation_type": null,
        "osm_type": "node",
        "representative_point_method": "osm_node"
      },
      "type": "Feature"
    },
    {
      "geometry": {
        "coordinates": [
          [
            [
              69.2045915,
              41.3604718
            ],
            [
              69.2042063,
              41.3609212
            ],
            [
              69.2041335,
              41.3610187
            ],
            [
              69.2040762,
              41.3616766
            ],
            [
              69.2040424,
              41.362064
            ],
            [
              69.2059254,
              41.3627009
            ],
            [
              69.2066838,
              41.3628345
            ],
            [
              69.2071565,
              41.3627081
            ],
            [
              69.207923,
              41.3625002
            ],
            [
              69.2080422,
              41.3624714
            ],
            [
              69.2080164,
              41.3614596
            ],
            [
              69.2080008,
              41.3600296
            ],
            [
              69.2050273,
              41.3599034
            ],
            [
              69.2049788,
              41.3599389
            ],
            [
              69.2049499,
              41.359973
            ],
            [
              69.2048924,
              41.3600454
            ],
            [
              69.2047896,
              41.3602178
            ],
            [
              69.2046985,
              41.3603336
            ],
            [
              69.2046229,
              41.3604312
            ],
            [
              69.2045915,
              41.3604718
            ]
          ]
        ],
        "type": "Polygon"
      },
      "properties": {
        "amenity": "hospital",
        "district_assignment": "within",
        "district_name": "Almazar district",
        "facility_category": "hospital",
        "facility_id": "hc_relation_1869584",
        "geometry_assembly": "multipolygon_polygonized",
        "healthcare": "hospital",
        "latitude": 41.3612392,
        "longitude": 69.2060641,
        "name": "Центральный госпиталь МВД",
        "normalized_name": "центральный госпиталь мвд",
        "operator": null,
        "osm_id": 1869584,
        "osm_relation_type": "multipolygon",
        "osm_type": "relation",
        "representative_point_method": "polygon_representative_point"
      },
      "type": "Feature"
    },
    {
      "geometry": {
        "coordinates": [
          [
            [
              69.2125567,
              41.3631538
            ],
            [
              69.2126265,
              41.3631539
            ],
            [
              69.2126262,
              41.3634632
            ],
            [
              69.2125382,
              41.3634632
            ],
            [
              69.2125381,
              41.3636189
            ],
            [
              69.213619,
              41.3636195
            ],
            [
              69.2136192,
              41.3633892
            ],
            [
              69.2133696,
              41.363389
            ],
            [
              69.2133696,
              41.3634631
            ],
            [
              69.2131268,
              41.3634629
            ],
            [
              69.2131271,
              41.3631372
            ],
            [
              69.2131914,
              41.3631373
            ],
            [
              69.2131915,
              41.362998
            ],
            [
              69.2125569,
              41.3629977
            ],
            [
              69.2125567,
              41.3631538
            ]
          ],
          [
            [
              69.2127798,
              41.3631568
            ],
            [
              69.2129879,
              41.3631569
            ],
            [
              69.2129877,
              41.3633836
            ],
            [
              69.2127795,
              41.3633835
            ],
            [
              69.2127798,
              41.3631568
            ]
          ]
        ],
        "type": "Polygon"
      },
      "properties": {
        "amenity": "clinic",
        "district_assignment": "within",
        "district_name": "Almazar district",
        "facility_category": "clinic",
        "facility_id": "hc_relation_1913447",
        "geometry_assembly": "multipolygon_polygonized",
        "healthcare": "clinic",
        "latitude": 41.3632702,
        "longitude": 69.212703,
        "name": "№15 Oilaviy tibbiyot paliklinika",
        "normalized_name": "15 oilaviy tibbiyot paliklinika",
        "operator": null,
        "osm_id": 1913447,
        "osm_relation_type": "multipolygon",
        "osm_type": "relation",
        "representative_point_method": "polygon_representative_point"
      },
      "type": "Feature"
    },
    {
      "geometry": {
        "coordinates": [
          [
            [
              69.2718264,
              41.3705198
            ],
            [
              69.2718984,
              41.3704498
            ],
            [
              69.2720278,
              41.3705254
            ],
            [
              69.2717883,
              41.3707572
            ],
            [
              69.2717691,
              41.370746
            ],
            [
              69.2716159,
              41.3708942
            ],
            [
              69.2721235,
              41.371192
            ],
            [
              69.2722531,
              41.3710666
            ],
            [
              69.2721934,
              41.3710316
            ],
            [
              69.2724422,
              41.3707909
            ],
            [
              69.2725101,
              41.3708307
            ],
            [
              69.2726281,
              41.3707165
            ],
            [
              69.2718932,
              41.3702331
            ],
            [
              69.2716696,
              41.3704247
            ],
            [
              69.2718264,
              41.3705198
            ]
          ],
          [
            [
              69.2722163,
              41.3707814
            ],
            [
              69.2720565,
              41.3709359
            ],
            [
              69.2718895,
              41.3708379
            ],
            [
              69.2720492,
              41.3706834
            ],
            [
              69.2722163,
              41.3707814
            ]
          ]
        ],
        "type": "Polygon"
      },
      "properties": {
        "amenity": null,
        "district_assignment": "within",
        "district_name": "Yunusabad district",
        "facility_category": "clinic",
        "facility_id": "hc_relation_1933817",
        "geometry_assembly": "multipolygon_polygonized",
        "healthcare": "clinic",
        "latitude": 41.3707,
        "longitude": 69.2723402,
        "name": "52-oilaviy poliklinika",
        "normalized_name": "52 oilaviy poliklinika",
        "operator": null,
        "osm_id": 1933817,
        "osm_relation_type": "multipolygon",
        "osm_type": "relation",
        "representative_point_method": "polygon_representative_point"
      },
      "type": "Feature"
    },
    {
      "geometry": {
        "coordinates": [
          [
            [
              69.1949778,
              41.2994226
            ],
            [
              69.1950228,
              41.3007766
            ],
            [
              69.1967189,
              41.300758
            ],
            [
              69.1966277,
              41.2994065
            ],
            [
              69.1966327,
              41.2993687
            ],
            [
              69.1966409,
              41.2993477
            ],
            [
              69.1966469,
              41.2993322
            ],
            [
              69.1966675,
              41.2992986
            ],
            [
              69.1967132,
              41.2992298
            ],
            [
              69.1966889,
              41.2991371
            ],
            [
              69.1963671,
              41.2991908
            ],
            [
              69.1957021,
              41.2993018
            ],
            [
              69.1951949,
              41.2993864
            ],
            [
              69.1949778,
              41.2994226
            ]
          ]
        ],
        "type": "Polygon"
      },
      "properties": {
        "amenity": "hospital",
        "district_assignment": "within",
        "district_name": "Chilanzar district",
        "facility_category": "hospital",
        "facility_id": "hc_relation_2292359",
        "geometry_assembly": "multipolygon_polygonized",
        "healthcare": "hospital",
        "latitude": 41.3000903,
        "longitude": 69.1958369,
        "name": "Tashkent City Oncological Dispenser",
        "normalized_name": "tashkent city oncological dispenser",
        "operator": null,
        "osm_id": 2292359,
        "osm_relation_type": "multipolygon",
        "osm_type": "relation",
        "representative_point_method": "polygon_representative_point"
      },
      "type": "Feature"
    },
    {
      "geometry": {
        "coordinates": [
          [
            [
              69.2837412,
              41.3017966
            ],
            [
              69.2835729,
              41.301948
            ],
            [
              69.2841108,
              41.3022853
            ],
            [
              69.2842705,
              41.3021417
            ],
            [
              69.2841136,
              41.3020433
            ],
            [
              69.28432,
              41.3018576
            ],
            [
              69.2844783,
              41.3019569
            ],
            [
              69.2845731,
              41.3018716
            ],
            [
              69.2844258,
              41.3017792
            ],
            [
              69.2845821,
              41.3016385
            ],
            [
              69.2847631,
              41.301752
            ],
            [
              69.2848792,
              41.3016475
            ],
            [
              69.2844695,
              41.3013905
            ],
            [
              69.2843545,
              41.3014941
            ],
            [
              69.2844369,
              41.3015458
            ],
            [
              69.2842804,
              41.3016866
            ],
            [
              69.2835092,
              41.301203
            ],
            [
              69.2834202,
              41.301283
            ],
            [
              69.283976,
              41.3016315
            ],
            [
              69.2837714,
              41.3018156
            ],
            [
              69.2837412,
              41.3017966
            ]
          ],
          [
            [
              69.2839752,
              41.3017127
            ],
            [
              69.284125,
              41.3017999
            ],
            [
              69.2839857,
              41.3019349
            ],
            [
              69.2838359,
              41.3018477
            ],
            [
              69.2839752,
              41.3017127
            ]
          ]
        ],
        "type": "Polygon"
      },
      "properties": {
        "amenity": "hospital",
        "district_assignment": "within",
        "district_name": "Mirabad district",
        "facility_category": "hospital",
        "facility_id": "hc_relation_2295575",
        "geometry_assembly": "multipolygon_polygonized",
        "healthcare": "hospital",
        "latitude": 41.3017324,
        "longitude": 69.2842434,
        "name": "Республиканская Клиническая Больница №1",
        "normalized_name": "республиканская клиническая больница 1",
        "operator": null,
        "osm_id": 2295575,
        "osm_relation_type": "multipolygon",
        "osm_type": "relation",
        "representative_point_method": "polygon_representative_point"
      },
      "type": "Feature"
    },
    {
      "geometry": {
        "coordinates": [
          [
            [
              69.1899315,
              41.2984063
            ],
            [
              69.1899437,
              41.2986776
            ],
            [
              69.1899263,
              41.2991518
            ],
            [
              69.1899313,
              41.2994185
            ],
            [
              69.1903469,
              41.2994478
            ],
            [
              69.1903979,
              41.2995103
            ],
            [
              69.191761,
              41.2995725
            ],
            [
              69.1918403,
              41.2992555
            ],
            [
              69.1918395,
              41.2990781
            ],
            [
              69.1920689,
              41.2989853
            ],
            [
              69.192223,
              41.2986462
            ],
            [
              69.1924036,
              41.2982948
            ],
            [
              69.1923481,
              41.2981133
            ],
            [
              69.1904083,
              41.2983412
            ],
            [
              69.1902978,
              41.2983563
            ],
            [
              69.1902615,
              41.2983612
            ],
            [
              69.1902046,
              41.298369
            ],
            [
              69.1899315,
              41.2984063
            ]
          ]
        ],
        "type": "Polygon"
      },
      "properties": {
        "amenity": "hospital",
        "district_assignment": "within",
        "district_name": "Uchtepa district",
        "facility_category": "hospital",
        "facility_id": "hc_relation_2337601",
        "geometry_assembly": "multipolygon_polygonized",
        "healthcare": "hospital",
        "latitude": 41.2988314,
        "longitude": 69.1910384,
        "name": "Клиническая больница неотложной медицинской помощи г. Ташкена",
        "normalized_name": "клиническая больница неотложной медицинской помощи г ташкена",
        "operator": null,
        "osm_id": 2337601,
        "osm_relation_type": "multipolygon",
        "osm_type": "relation",
        "representative_point_method": "polygon_representative_point"
      },
      "type": "Feature"
    },
    {
      "geometry": {
        "coordinates": [
          [
            [
              69.245428,
              41.3510885
            ],
            [
              69.2453258,
              41.3511082
            ],
            [
              69.2453773,
              41.3513949
            ],
            [
              69.2459395,
              41.3513504
            ],
            [
              69.2459866,
              41.351205
            ],
            [
              69.2459827,
              41.3510507
            ],
            [
              69.2456749,
              41.3510674
            ],
            [
              69.245428,
              41.3510885
            ]
          ]
        ],
        "type": "Polygon"
      },
      "properties": {
        "amenity": "hospital",
        "district_assignment": "within",
        "district_name": "Almazar district",
        "facility_category": "hospital",
        "facility_id": "hc_relation_5623372",
        "geometry_assembly": "multipolygon_polygonized",
        "healthcare": null,
        "latitude": 41.3512777,
        "longitude": 69.2456596,
        "name": "Parents Holiday",
        "normalized_name": "parents holiday",
        "operator": null,
        "osm_id": 5623372,
        "osm_relation_type": "multipolygon",
        "osm_type": "relation",
        "representative_point_method": "polygon_representative_point"
      },
      "type": "Feature"
    },
    {
      "geometry": {
        "coordinates": [
          [
            [
              69.3090528,
              41.2339743
            ],
            [
              69.311044,
              41.2337925
            ],
            [
              69.311497,
              41.2334707
            ],
            [
              69.3117517,
              41.2332657
            ],
            [
              69.3122096,
              41.2328909
            ],
            [
              69.311509,
              41.232588
            ],
            [
              69.3112314,
              41.2325103
            ],
            [
              69.3105099,
              41.2324529
            ],
            [
              69.3103033,
              41.2323802
            ],
            [
              69.3088132,
              41.2322265
            ],
            [
              69.3090528,
              41.2339743
            ]
          ]
        ],
        "type": "Polygon"
      },
      "properties": {
        "amenity": "hospital",
        "district_assignment": "within",
        "district_name": "Sergeli district",
        "facility_category": "hospital",
        "facility_id": "hc_relation_6204010",
        "geometry_assembly": "multipolygon_polygonized",
        "healthcare": "hospital",
        "latitude": 41.2330783,
        "longitude": 69.3104553,
        "name": "Ташкентский областной филиал РНЦЭМП",
        "normalized_name": "ташкентский областной филиал рнцэмп",
        "operator": null,
        "osm_id": 6204010,
        "osm_relation_type": "multipolygon",
        "osm_type": "relation",
        "representative_point_method": "polygon_representative_point"
      },
      "type": "Feature"
    },
    {
      "geometry": {
        "coordinates": [
          [
            [
              69.2349548,
              41.3755924
            ],
            [
              69.2344059,
              41.377391
            ],
            [
              69.238525,
              41.3781336
            ],
            [
              69.2388004,
              41.3772542
            ],
            [
              69.2390789,
              41.3763651
            ],
            [
              69.2349548,
              41.3755924
            ]
          ]
        ],
        "type": "Polygon"
      },
      "properties": {
        "amenity": "hospital",
        "district_assignment": "within",
        "district_name": "Almazar district",
        "facility_category": "hospital",
        "facility_id": "hc_relation_6298388",
        "geometry_assembly": "multipolygon_polygonized",
        "healthcare": "hospital",
        "latitude": 41.3768096,
        "longitude": 69.2367615,
        "name": "Психиатрическая больница Чукурсай",
        "normalized_name": "психиатрическая больница чукурсай",
        "operator": null,
        "osm_id": 6298388,
        "osm_relation_type": "multipolygon",
        "osm_type": "relation",
        "representative_point_method": "polygon_representative_point"
      },
      "type": "Feature"
    },
    {
      "geometry": {
        "coordinates": [
          [
            [
              69.2987965,
              41.3098616
            ],
            [
              69.2988143,
              41.3098788
            ],
            [
              69.2991204,
              41.3101746
            ],
            [
              69.2994463,
              41.3104989
            ],
            [
              69.2994848,
              41.3105372
            ],
            [
              69.2997781,
              41.3103732
            ],
            [
              69.3002577,
              41.3103263
            ],
            [
              69.3006541,
              41.3107856
            ],
            [
              69.3011557,
              41.3115075
            ],
            [
              69.3013319,
              41.3116933
            ],
            [
              69.3014891,
              41.3118642
            ],
            [
              69.3016136,
              41.312166
            ],
            [
              69.301747,
              41.3123225
            ],
            [
              69.3020393,
              41.3123045
            ],
            [
              69.3024209,
              41.3122809
            ],
            [
              69.3024855,
              41.312168
            ],
            [
              69.3028469,
              41.3119088
            ],
            [
              69.3032551,
              41.3118137
            ],
            [
              69.3039396,
              41.3118029
            ],
            [
              69.3040914,
              41.3118615
            ],
            [
              69.3045977,
              41.3119646
            ],
            [
              69.304677,
              41.3119333
            ],
            [
              69.304898,
              41.3120046
            ],
            [
              69.3053286,
              41.3122238
            ],
            [
              69.305533,
              41.3123492
            ],
            [
              69.305793,
              41.3126026
            ],
            [
              69.306456,
              41.3122245
            ],
            [
              69.3066785,
              41.3121038
            ],
            [
              69.3066344,
              41.3120365
            ],
            [
              69.306768,
              41.3119523
            ],
            [
              69.3066021,
              41.3117955
            ],
            [
              69.3065726,
              41.3117626
            ],
            [
              69.3067199,
              41.3116783
            ],
            [
              69.3067696,
              41.3116499
            ],
            [
              69.3056505,
              41.310309
            ],
            [
              69.3056182,
              41.3103274
            ],
            [
              69.3055586,
              41.3103595
            ],
            [
              69.3054744,
              41.3102826
            ],
            [
              69.3055346,
              41.3102451
            ],
            [
              69.3055578,
              41.3102323
            ],
            [
              69.3049226,
              41.3096474
            ],
            [
              69.3047806,
              41.3095196
            ],
            [
              69.3044847,
              41.3093261
            ],
            [
              69.3040337,
              41.3090489
            ],
            [
              69.3036922,
              41.308899
            ],
            [
              69.3036244,
              41.3088692
            ],
            [
              69.3029614,
              41.3088346
            ],
            [
              69.3024768,
              41.3084065
            ],
            [
              69.3024299,
              41.3083683
            ],
            [
              69.3023797,
              41.3083317
            ],
            [
              69.3023244,
              41.3083004
            ],
            [
              69.3022665,
              41.3082691
            ],
            [
              69.3018834,
              41.3081123
            ],
            [
              69.3017846,
              41.3080845
            ],
            [
              69.3016877,
              41.3080636
            ],
            [
              69.3015592,
              41.3080536
            ],
            [
              69.3014402,
              41.3080485
            ],
            [
              69.3013354,
              41.3080494
            ],
            [
              69.2995105,
              41.3081131
            ],
            [
              69.299454,
              41.3081155
            ],
            [
              69.2994108,
              41.3081168
            ],
            [
              69.2985885,
              41.3081341
            ],
            [
              69.298563,
              41.3081663
            ],
            [
              69.2985353,
              41.3081961
            ],
            [
              69.2985619,
              41.3088116
            ],
            [
              69.2985644,
              41.3088685
            ],
            [
              69.2985225,
              41.3088865
            ],
            [
              69.29851,
              41.3088919
            ],
            [
              69.2985179,
              41.3094446
            ],
            [
              69.2985209,
              41.3096512
            ],
            [
              69.2987965,
              41.3098616
            ]
          ]
        ],
        "type": "Polygon"
      },
      "properties": {
        "amenity": "hospital",
        "district_assignment": "within",
        "district_name": "Yashnabad district",
        "facility_category": "hospital",
        "facility_id": "hc_relation_6504563",
        "geometry_assembly": "multipolygon_polygonized",
        "healthcare": "hospital",
        "latitude": 41.3103177,
        "longitude": 69.3023885,
        "name": "Третья клиника ТашМИ",
        "normalized_name": "третья клиника ташми",
        "operator": null,
        "osm_id": 6504563,
        "osm_relation_type": "multipolygon",
        "osm_type": "relation",
        "representative_point_method": "polygon_representative_point"
      },
      "type": "Feature"
    },
    {
      "geometry": {
        "coordinates": [
          [
            [
              69.191761,
              41.2995725
            ],
            [
              69.1936779,
              41.2996452
            ],
            [
              69.1937009,
              41.298656
            ],
            [
              69.1937003,
              41.2986261
            ],
            [
              69.1935313,
              41.2986263
            ],
            [
              69.1935307,
              41.2983192
            ],
            [
              69.1935303,
              41.2981411
            ],
            [
              69.193707,
              41.2981409
            ],
            [
              69.1937168,
              41.2979983
            ],
            [
              69.1930566,
              41.2980721
            ],
            [
              69.1928078,
              41.2980998
            ],
            [
              69.1928022,
              41.2980713
            ],
            [
              69.1924321,
              41.2981055
            ],
            [
              69.1923481,
              41.2981133
            ],
            [
              69.1924036,
              41.2982948
            ],
            [
              69.192223,
              41.2986462
            ],
            [
              69.1920689,
              41.2989853
            ],
            [
              69.1918395,
              41.2990781
            ],
            [
              69.1918403,
              41.2992555
            ],
            [
              69.191761,
              41.2995725
            ]
          ]
        ],
        "type": "Polygon"
      },
      "properties": {
        "amenity": "hospital",
        "district_assignment": "within",
        "district_name": "Uchtepa district",
        "facility_category": "hospital",
        "facility_id": "hc_relation_6619085",
        "geometry_assembly": "multipolygon_polygonized",
        "healthcare": "hospital",
        "latitude": 41.2988206,
        "longitude": 69.1929204,
        "name": "Республиканский Специализированный Центр Микрохирургии Глаза",
        "normalized_name": "республиканский специализированный центр микрохирургии глаза",
        "operator": null,
        "osm_id": 6619085,
        "osm_relation_type": "multipolygon",
        "osm_type": "relation",
        "representative_point_method": "polygon_representative_point"
      },
      "type": "Feature"
    },
    {
      "geometry": {
        "coordinates": [
          [
            [
              69.2278864,
              41.2644667
            ],
            [
              69.2277817,
              41.2646269
            ],
            [
              69.2276727,
              41.2648167
            ],
            [
              69.2276365,
              41.2648743
            ],
            [
              69.2281675,
              41.2650696
            ],
            [
              69.2282026,
              41.2651167
            ],
            [
              69.2282683,
              41.2653132
            ],
            [
              69.2284014,
              41.2653973
            ],
            [
              69.2291645,
              41.2652576
            ],
            [
              69.2298121,
              41.2650782
            ],
            [
              69.229769,
              41.2648891
            ],
            [
              69.2291556,
              41.2642999
            ],
            [
              69.2295034,
              41.2640927
            ],
            [
              69.2290511,
              41.263668
            ],
            [
              69.2287312,
              41.2638654
            ],
            [
              69.2284286,
              41.2635471
            ],
            [
              69.2282288,
              41.2635724
            ],
            [
              69.2282151,
              41.2638294
            ],
            [
              69.2280415,
              41.2638401
            ],
            [
              69.2280547,
              41.2641617
            ],
            [
              69.2278864,
              41.2644667
            ]
          ]
        ],
        "type": "Polygon"
      },
      "properties": {
        "amenity": "hospital",
        "district_assignment": "within",
        "district_name": "Yakkasaray district",
        "facility_category": "hospital",
        "facility_id": "hc_relation_7299488",
        "geometry_assembly": "multipolygon_polygonized",
        "healthcare": "hospital",
        "latitude": 41.2645468,
        "longitude": 69.2286233,
        "name": "Центр переливания крови",
        "normalized_name": "центр переливания крови",
        "operator": null,
        "osm_id": 7299488,
        "osm_relation_type": "multipolygon",
        "osm_type": "relation",
        "representative_point_method": "polygon_representative_point"
      },
      "type": "Feature"
    },
    {
      "geometry": {
        "coordinates": [
          [
            [
              69.2943261,
              41.3058311
            ],
            [
              69.293912,
              41.3057333
            ],
            [
              69.2934528,
              41.305863
            ],
            [
              69.292928,
              41.3059986
            ],
            [
              69.2930054,
              41.3061522
            ],
            [
              69.292432,
              41.3063972
            ],
            [
              69.2926637,
              41.3067056
            ],
            [
              69.2928121,
              41.3066629
            ],
            [
              69.2929577,
              41.3068728
            ],
            [
              69.2930662,
              41.3070782
            ],
            [
              69.2943083,
              41.3067515
            ],
            [
              69.2943564,
              41.3067383
            ],
            [
              69.2944785,
              41.3067316
            ],
            [
              69.2945335,
              41.3067319
            ],
            [
              69.2956773,
              41.3067004
            ],
            [
              69.2956851,
              41.3062993
            ],
            [
              69.2956152,
              41.3061401
            ],
            [
              69.295552,
              41.3059961
            ],
            [
              69.2943468,
              41.3060444
            ],
            [
              69.2943261,
              41.3058311
            ]
          ]
        ],
        "type": "Polygon"
      },
      "properties": {
        "amenity": "hospital",
        "district_assignment": "within",
        "district_name": "Yashnabad district",
        "facility_category": "hospital",
        "facility_id": "hc_relation_7389864",
        "geometry_assembly": "multipolygon_polygonized",
        "healthcare": "hospital",
        "latitude": 41.30653,
        "longitude": 69.2941062,
        "name": "Научно–исследовательский институт травматологии",
        "normalized_name": "научно исследовательский институт травматологии",
        "operator": null,
        "osm_id": 7389864,
        "osm_relation_type": "multipolygon",
        "osm_type": "relation",
        "representative_point_method": "polygon_representative_point"
      },
      "type": "Feature"
    },
    {
      "geometry": {
        "coordinates": [
          [
            [
              69.3270206,
              41.2324078
            ],
            [
              69.3267305,
              41.2326808
            ],
            [
              69.3267788,
              41.2327685
            ],
            [
              69.329461,
              41.2337781
            ],
            [
              69.3296716,
              41.2337166
            ],
            [
              69.3297909,
              41.233534
            ],
            [
              69.3299425,
              41.2336046
            ],
            [
              69.3302346,
              41.2337177
            ],
            [
              69.3305781,
              41.2338507
            ],
            [
              69.3307525,
              41.2336551
            ],
            [
              69.3306641,
              41.2334102
            ],
            [
              69.3295606,
              41.232609
            ],
            [
              69.3286657,
              41.2319889
            ],
            [
              69.3277457,
              41.2327373
            ],
            [
              69.3270206,
              41.2324078
            ]
          ]
        ],
        "type": "Polygon"
      },
      "properties": {
        "amenity": "hospital",
        "district_assignment": "within",
        "district_name": "Bektemir district",
        "facility_category": "hospital",
        "facility_id": "hc_relation_8199341",
        "geometry_assembly": "multipolygon_polygonized",
        "healthcare": "hospital",
        "latitude": 41.2330894,
        "longitude": 69.3289267,
        "name": "Городская клиническая больница №6",
        "normalized_name": "городская клиническая больница 6",
        "operator": null,
        "osm_id": 8199341,
        "osm_relation_type": "multipolygon",
        "osm_type": "relation",
        "representative_point_method": "polygon_representative_point"
      },
      "type": "Feature"
    },
    {
      "geometry": {
        "coordinates": [
          [
            [
              69.2084817,
              41.3437651
            ],
            [
              69.2085453,
              41.343849
            ],
            [
              69.2090006,
              41.3435267
            ],
            [
              69.2096835,
              41.3429933
            ],
            [
              69.2097183,
              41.3429675
            ],
            [
              69.2097425,
              41.3429497
            ],
            [
              69.2103133,
              41.3425216
            ],
            [
              69.2099676,
              41.3421954
            ],
            [
              69.2099669,
              41.3421947
            ],
            [
              69.2095974,
              41.3418426
            ],
            [
              69.2092857,
              41.342049
            ],
            [
              69.2092089,
              41.3421998
            ],
            [
              69.2090752,
              41.3423079
            ],
            [
              69.2089186,
              41.3423303
            ],
            [
              69.2086871,
              41.3423634
            ],
            [
              69.2083605,
              41.3424728
            ],
            [
              69.2078138,
              41.3427989
            ],
            [
              69.208203,
              41.3435144
            ],
            [
              69.2083133,
              41.3435645
            ],
            [
              69.2084817,
              41.3437651
            ]
          ]
        ],
        "type": "Polygon"
      },
      "properties": {
        "amenity": "clinic",
        "district_assignment": "within",
        "district_name": "Almazar district",
        "facility_category": "clinic",
        "facility_id": "hc_relation_8343612",
        "geometry_assembly": "multipolygon_polygonized",
        "healthcare": "clinic",
        "latitude": 41.3428743,
        "longitude": 69.2088489,
        "name": "Akfa Medline",
        "normalized_name": "akfa medline",
        "operator": "Akfa",
        "osm_id": 8343612,
        "osm_relation_type": "multipolygon",
        "osm_type": "relation",
        "representative_point_method": "polygon_representative_point"
      },
      "type": "Feature"
    },
    {
      "geometry": {
        "coordinates": [
          [
            [
              69.2187624,
              41.3209988
            ],
            [
              69.2187564,
              41.3213793
            ],
            [
              69.2186738,
              41.3213776
            ],
            [
              69.2186714,
              41.3216373
            ],
            [
              69.2187184,
              41.3216364
            ],
            [
              69.2188525,
              41.3216354
            ],
            [
              69.2188597,
              41.3218795
            ],
            [
              69.220869,
              41.3218743
            ],
            [
              69.2208925,
              41.3218735
            ],
            [
              69.2208723,
              41.3211711
            ],
            [
              69.2210084,
              41.3211753
            ],
            [
              69.2210488,
              41.3211785
            ],
            [
              69.2211947,
              41.3204413
            ],
            [
              69.2211101,
              41.3203285
            ],
            [
              69.2210173,
              41.3202472
            ],
            [
              69.2208836,
              41.3202269
            ],
            [
              69.2197522,
              41.3202152
            ],
            [
              69.2196277,
              41.3202362
            ],
            [
              69.2194798,
              41.3202612
            ],
            [
              69.2189836,
              41.3202597
            ],
            [
              69.218684,
              41.3202845
            ],
            [
              69.2185107,
              41.3205811
            ],
            [
              69.2184627,
              41.3206714
            ],
            [
              69.2184573,
              41.3208816
            ],
            [
              69.2185236,
              41.3209452
            ],
            [
              69.2186212,
              41.3209805
            ],
            [
              69.2187624,
              41.3209988
            ]
          ]
        ],
        "type": "Polygon"
      },
      "properties": {
        "amenity": "hospital",
        "district_assignment": "within",
        "district_name": "Shaykhantakhur district",
        "facility_category": "hospital",
        "facility_id": "hc_relation_8721741",
        "geometry_assembly": "multipolygon_polygonized",
        "healthcare": "hospital",
        "latitude": 41.3210849,
        "longitude": 69.2199142,
        "name": "Shahar Klinik Kasalxonasi № 1",
        "normalized_name": "shahar klinik kasalxonasi 1",
        "operator": null,
        "osm_id": 8721741,
        "osm_relation_type": "multipolygon",
        "osm_type": "relation",
        "representative_point_method": "polygon_representative_point"
      },
      "type": "Feature"
    },
    {
      "geometry": {
        "coordinates": [
          [
            [
              69.2161679,
              41.321648
            ],
            [
              69.2162347,
              41.3216528
            ],
            [
              69.2175544,
              41.3216364
            ],
            [
              69.2176682,
              41.3216358
            ],
            [
              69.2177821,
              41.3216352
            ],
            [
              69.2182268,
              41.3216363
            ],
            [
              69.2186449,
              41.3216361
            ],
            [
              69.2186714,
              41.3216373
            ],
            [
              69.2186738,
              41.3213776
            ],
            [
              69.2187564,
              41.3213793
            ],
            [
              69.2187624,
              41.3209988
            ],
            [
              69.2186212,
              41.3209805
            ],
            [
              69.2185236,
              41.3209452
            ],
            [
              69.2184573,
              41.3208816
            ],
            [
              69.2184627,
              41.3206714
            ],
            [
              69.2185107,
              41.3205811
            ],
            [
              69.2180551,
              41.3205465
            ],
            [
              69.2163216,
              41.3204761
            ],
            [
              69.2162142,
              41.3206163
            ],
            [
              69.2160694,
              41.3210687
            ],
            [
              69.2160411,
              41.3216467
            ],
            [
              69.2161679,
              41.321648
            ]
          ]
        ],
        "type": "Polygon"
      },
      "properties": {
        "amenity": "hospital",
        "district_assignment": "within",
        "district_name": "Shaykhantakhur district",
        "facility_category": "hospital",
        "facility_id": "hc_relation_8721742",
        "geometry_assembly": "multipolygon_polygonized",
        "healthcare": "hospital",
        "latitude": 41.3210337,
        "longitude": 69.2174212,
        "name": "Toshkent Shahar Perinatal Markazi",
        "normalized_name": "toshkent shahar perinatal markazi",
        "operator": null,
        "osm_id": 8721742,
        "osm_relation_type": "multipolygon",
        "osm_type": "relation",
        "representative_point_method": "polygon_representative_point"
      },
      "type": "Feature"
    },
    {
      "geometry": {
        "coordinates": [
          [
            [
              69.1992322,
              41.3401686
            ],
            [
              69.1992588,
              41.3401549
            ],
            [
              69.1998042,
              41.3398726
            ],
            [
              69.1996303,
              41.3396344
            ],
            [
              69.1994836,
              41.3395464
            ],
            [
              69.1992445,
              41.3394029
            ],
            [
              69.1991151,
              41.3394653
            ],
            [
              69.1990547,
              41.3394097
            ],
            [
              69.198991,
              41.3393511
            ],
            [
              69.1989114,
              41.3392779
            ],
            [
              69.1986456,
              41.3395269
            ],
            [
              69.1986381,
              41.3395617
            ],
            [
              69.1986173,
              41.3396596
            ],
            [
              69.1986573,
              41.3397032
            ],
            [
              69.1987048,
              41.339755
            ],
            [
              69.1988149,
              41.3398751
            ],
            [
              69.1990026,
              41.3400995
            ],
            [
              69.1990874,
              41.340201
            ],
            [
              69.1992322,
              41.3401686
            ]
          ]
        ],
        "type": "Polygon"
      },
      "properties": {
        "amenity": "clinic",
        "district_assignment": "within",
        "district_name": "Shaykhantakhur district",
        "facility_category": "clinic",
        "facility_id": "hc_relation_8842788",
        "geometry_assembly": "multipolygon_polygonized",
        "healthcare": "clinic",
        "latitude": 41.3397291,
        "longitude": 69.1991902,
        "name": "Семейная поликлиника №45",
        "normalized_name": "семейная поликлиника 45",
        "operator": null,
        "osm_id": 8842788,
        "osm_relation_type": "multipolygon",
        "osm_type": "relation",
        "representative_point_method": "polygon_representative_point"
      },
      "type": "Feature"
    },
    {
      "geometry": {
        "coordinates": [
          [
            [
              69.3357901,
              41.3312242
            ],
            [
              69.3361773,
              41.331267
            ],
            [
              69.3363507,
              41.3312357
            ],
            [
              69.3364514,
              41.3313037
            ],
            [
              69.3373895,
              41.3313272
            ],
            [
              69.337655,
              41.3313257
            ],
            [
              69.3379853,
              41.331328
            ],
            [
              69.3378545,
              41.3304195
            ],
            [
              69.3377839,
              41.3303596
            ],
            [
              69.3377048,
              41.3303204
            ],
            [
              69.337168,
              41.3302876
            ],
            [
              69.336589,
              41.3302231
            ],
            [
              69.3365863,
              41.3301119
            ],
            [
              69.335879,
              41.3299906
            ],
            [
              69.3356797,
              41.3306133
            ],
            [
              69.3358782,
              41.3309004
            ],
            [
              69.3357901,
              41.3312242
            ]
          ]
        ],
        "type": "Polygon"
      },
      "properties": {
        "amenity": "hospital",
        "district_assignment": "within",
        "district_name": "Mirzo Ulugbek district",
        "facility_category": "hospital",
        "facility_id": "hc_relation_9283159",
        "geometry_assembly": "multipolygon_polygonized",
        "healthcare": null,
        "latitude": 41.3307569,
        "longitude": 69.336841,
        "name": "2-jarrohlik bolalar shifoxonasi",
        "normalized_name": "2 jarrohlik bolalar shifoxonasi",
        "operator": null,
        "osm_id": 9283159,
        "osm_relation_type": "multipolygon",
        "osm_type": "relation",
        "representative_point_method": "polygon_representative_point"
      },
      "type": "Feature"
    },
    {
      "geometry": {
        "coordinates": [
          [
            [
              69.2866508,
              41.307662
            ],
            [
              69.285951,
              41.3080886
            ],
            [
              69.2864772,
              41.3086206
            ],
            [
              69.2865903,
              41.3087138
            ],
            [
              69.2868532,
              41.3087678
            ],
            [
              69.287799,
              41.3084919
            ],
            [
              69.2876548,
              41.3082926
            ],
            [
              69.2875812,
              41.3081886
            ],
            [
              69.2873444,
              41.3083049
            ],
            [
              69.2872432,
              41.3082742
            ],
            [
              69.2867659,
              41.3077824
            ],
            [
              69.2866508,
              41.307662
            ]
          ]
        ],
        "type": "Polygon"
      },
      "properties": {
        "amenity": "hospital",
        "district_assignment": "within",
        "district_name": "Yashnabad district",
        "facility_category": "hospital",
        "facility_id": "hc_relation_9332807",
        "geometry_assembly": "multipolygon_polygonized",
        "healthcare": "hospital",
        "latitude": 41.3082314,
        "longitude": 69.286647,
        "name": "6-son tug‘uruqxona",
        "normalized_name": "6 son tuguruqxona",
        "operator": null,
        "osm_id": 9332807,
        "osm_relation_type": "multipolygon",
        "osm_type": "relation",
        "representative_point_method": "polygon_representative_point"
      },
      "type": "Feature"
    },
    {
      "geometry": {
        "coordinates": [
          [
            [
              69.1841655,
              41.3298707
            ],
            [
              69.1841479,
              41.3303504
            ],
            [
              69.1844442,
              41.3303536
            ],
            [
              69.1844545,
              41.3300738
            ],
            [
              69.1844617,
              41.3298768
            ],
            [
              69.1841655,
              41.3298707
            ]
          ],
          [
            [
              69.1844236,
              41.3300416
            ],
            [
              69.1844222,
              41.330073
            ],
            [
              69.1844109,
              41.3303149
            ],
            [
              69.1842544,
              41.3303108
            ],
            [
              69.1842672,
              41.3300375
            ],
            [
              69.1844236,
              41.3300416
            ]
          ]
        ],
        "type": "Polygon"
      },
      "properties": {
        "amenity": "clinic",
        "district_assignment": "within",
        "district_name": "Shaykhantakhur district",
        "facility_category": "clinic",
        "facility_id": "hc_relation_9507433",
        "geometry_assembly": "multipolygon_polygonized",
        "healthcare": "clinic",
        "latitude": 41.3301923,
        "longitude": 69.1842068,
        "name": "Семейная поликлиника №41",
        "normalized_name": "семейная поликлиника 41",
        "operator": null,
        "osm_id": 9507433,
        "osm_relation_type": "multipolygon",
        "osm_type": "relation",
        "representative_point_method": "polygon_representative_point"
      },
      "type": "Feature"
    },
    {
      "geometry": {
        "coordinates": [
          [
            [
              69.2987023,
              41.3595734
            ],
            [
              69.2987214,
              41.3609131
            ],
            [
              69.3001791,
              41.3609289
            ],
            [
              69.3004252,
              41.3612062
            ],
            [
              69.3005259,
              41.3611521
            ],
            [
              69.3005507,
              41.3611428
            ],
            [
              69.3010385,
              41.3609649
            ],
            [
              69.3018705,
              41.3604626
            ],
            [
              69.3018062,
              41.3604006
            ],
            [
              69.3031323,
              41.3607719
            ],
            [
              69.3010068,
              41.3595777
            ],
            [
              69.2998403,
              41.3595755
            ],
            [
              69.2992511,
              41.3595744
            ],
            [
              69.2987023,
              41.3595734
            ]
          ]
        ],
        "type": "Polygon"
      },
      "properties": {
        "amenity": "hospital",
        "district_assignment": "within",
        "district_name": "Yunusabad district",
        "facility_category": "hospital",
        "facility_id": "hc_relation_9576370",
        "geometry_assembly": "multipolygon_polygonized",
        "healthcare": null,
        "latitude": 41.3599892,
        "longitude": 69.3002237,
        "name": "Virusologiya ilmiy-tekshirish instituti",
        "normalized_name": "virusologiya ilmiy tekshirish instituti",
        "operator": null,
        "osm_id": 9576370,
        "osm_relation_type": "multipolygon",
        "osm_type": "relation",
        "representative_point_method": "polygon_representative_point"
      },
      "type": "Feature"
    },
    {
      "geometry": {
        "coordinates": [
          [
            [
              69.2976525,
              41.3584907
            ],
            [
              69.2976117,
              41.358485
            ],
            [
              69.2976123,
              41.3582476
            ],
            [
              69.297252,
              41.3582514
            ],
            [
              69.2968097,
              41.3585786
            ],
            [
              69.2960937,
              41.3597811
            ],
            [
              69.2954336,
              41.3607003
            ],
            [
              69.2963031,
              41.3614885
            ],
            [
              69.2966797,
              41.3618365
            ],
            [
              69.2967713,
              41.3619217
            ],
            [
              69.2975883,
              41.3627371
            ],
            [
              69.2977808,
              41.362909
            ],
            [
              69.2985978,
              41.3623669
            ],
            [
              69.2987351,
              41.3623507
            ],
            [
              69.2991649,
              41.3620944
            ],
            [
              69.3002081,
              41.3614595
            ],
            [
              69.3001269,
              41.361373
            ],
            [
              69.3004252,
              41.3612062
            ],
            [
              69.3001791,
              41.3609289
            ],
            [
              69.2987214,
              41.3609131
            ],
            [
              69.2987023,
              41.3595734
            ],
            [
              69.2987033,
              41.3595245
            ],
            [
              69.298712,
              41.3588671
            ],
            [
              69.2976939,
              41.3588725
            ],
            [
              69.2977026,
              41.3585552
            ],
            [
              69.297654,
              41.3585559
            ],
            [
              69.2976525,
              41.3584907
            ]
          ]
        ],
        "type": "Polygon"
      },
      "properties": {
        "amenity": "hospital",
        "district_assignment": "within",
        "district_name": "Yunusabad district",
        "facility_category": "hospital",
        "facility_id": "hc_relation_9576371",
        "geometry_assembly": "multipolygon_polygonized",
        "healthcare": "hospital",
        "latitude": 41.3602407,
        "longitude": 69.2972377,
        "name": "Детская больница №1",
        "normalized_name": "детская больница 1",
        "operator": null,
        "osm_id": 9576371,
        "osm_relation_type": "multipolygon",
        "osm_type": "relation",
        "representative_point_method": "polygon_representative_point"
      },
      "type": "Feature"
    },
    {
      "geometry": {
        "coordinates": [
          [
            [
              69.3265585,
              41.3411736
            ],
            [
              69.3283601,
              41.3414124
            ],
            [
              69.3293261,
              41.3415255
            ],
            [
              69.3293887,
              41.3412414
            ],
            [
              69.3315609,
              41.3412743
            ],
            [
              69.331942,
              41.3408425
            ],
            [
              69.3319709,
              41.3407931
            ],
            [
              69.3320314,
              41.3405887
            ],
            [
              69.332283,
              41.3392672
            ],
            [
              69.3325313,
              41.3381883
            ],
            [
              69.3325657,
              41.3380242
            ],
            [
              69.3325714,
              41.3379811
            ],
            [
              69.3313942,
              41.3378749
            ],
            [
              69.3313365,
              41.3381024
            ],
            [
              69.330202,
              41.3379552
            ],
            [
              69.3302194,
              41.3378844
            ],
            [
              69.3300561,
              41.3378645
            ],
            [
              69.3299927,
              41.3378543
            ],
            [
              69.3299801,
              41.3379189
            ],
            [
              69.3289447,
              41.3377852
            ],
            [
              69.3289884,
              41.3375779
            ],
            [
              69.3272951,
              41.3373324
            ],
            [
              69.3272284,
              41.3377311
            ],
            [
              69.3272179,
              41.3377809
            ],
            [
              69.3272072,
              41.337832
            ],
            [
              69.3268836,
              41.3393223
            ],
            [
              69.3268642,
              41.3394172
            ],
            [
              69.3265585,
              41.3411736
            ]
          ]
        ],
        "type": "Polygon"
      },
      "properties": {
        "amenity": "hospital",
        "district_assignment": "within",
        "district_name": "Mirzo Ulugbek district",
        "facility_category": "hospital",
        "facility_id": "hc_relation_11552836",
        "geometry_assembly": "multipolygon_polygonized",
        "healthcare": null,
        "latitude": 41.3400029,
        "longitude": 69.3294526,
        "name": "Mudofaa vazirligi Markaziy gospital",
        "normalized_name": "mudofaa vazirligi markaziy gospital",
        "operator": null,
        "osm_id": 11552836,
        "osm_relation_type": "multipolygon",
        "osm_type": "relation",
        "representative_point_method": "polygon_representative_point"
      },
      "type": "Feature"
    },
    {
      "geometry": {
        "coordinates": [
          [
            [
              69.2823665,
              41.3010358
            ],
            [
              69.2819099,
              41.3014442
            ],
            [
              69.2820822,
              41.3015529
            ],
            [
              69.2826975,
              41.3010026
            ],
            [
              69.2828424,
              41.301094
            ],
            [
              69.2828725,
              41.301067
            ],
            [
              69.2829195,
              41.3010967
            ],
            [
              69.2830138,
              41.3010123
            ],
            [
              69.2830819,
              41.3010552
            ],
            [
              69.2834026,
              41.3007684
            ],
            [
              69.2832877,
              41.3006959
            ],
            [
              69.2830657,
              41.3008945
            ],
            [
              69.2830384,
              41.3008773
            ],
            [
              69.2830129,
              41.3008612
            ],
            [
              69.2828199,
              41.3010338
            ],
            [
              69.2827276,
              41.3009756
            ],
            [
              69.2825553,
              41.3008669
            ],
            [
              69.2824117,
              41.3009954
            ],
            [
              69.282221,
              41.3008751
            ],
            [
              69.2824745,
              41.3006483
            ],
            [
              69.2826259,
              41.3005129
            ],
            [
              69.2830317,
              41.3007689
            ],
            [
              69.2831853,
              41.3006315
            ],
            [
              69.2832098,
              41.3006096
            ],
            [
              69.2826159,
              41.3002349
            ],
            [
              69.2819878,
              41.3007968
            ],
            [
              69.2821758,
              41.3009155
            ],
            [
              69.2823665,
              41.3010358
            ]
          ]
        ],
        "type": "Polygon"
      },
      "properties": {
        "amenity": "hospital",
        "district_assignment": "within",
        "district_name": "Mirabad district",
        "facility_category": "hospital",
        "facility_id": "hc_way_31962773",
        "geometry_assembly": "closed_way_polygon",
        "healthcare": "hospital",
        "latitude": 41.3008859,
        "longitude": 69.2831733,
        "name": "клиника имени М.М. Федоровича",
        "normalized_name": "клиника имени м м федоровича",
        "operator": null,
        "osm_id": 31962773,
        "osm_relation_type": null,
        "osm_type": "way",
        "representative_point_method": "polygon_representative_point"
      },
      "type": "Feature"
    },
    {
      "geometry": {
        "coordinates": [
          [
            [
              69.2714342,
              41.3036713
            ],
            [
              69.2716118,
              41.3036317
            ],
            [
              69.2715613,
              41.3035041
            ],
            [
              69.2717287,
              41.3034667
            ],
            [
              69.2717727,
              41.3035779
            ],
            [
              69.2719427,
              41.30354
            ],
            [
              69.2718411,
              41.3032831
            ],
            [
              69.2713261,
              41.3033981
            ],
            [
              69.2714342,
              41.3036713
            ]
          ]
        ],
        "type": "Polygon"
      },
      "properties": {
        "amenity": "clinic",
        "district_assignment": "within",
        "district_name": "Mirabad district",
        "facility_category": "clinic",
        "facility_id": "hc_way_31963034",
        "geometry_assembly": "closed_way_polygon",
        "healthcare": "clinic",
        "latitude": 41.3034854,
        "longitude": 69.2715028,
        "name": "Центральная поликлиника Мирабадского района",
        "normalized_name": "центральная поликлиника мирабадского района",
        "operator": null,
        "osm_id": 31963034,
        "osm_relation_type": null,
        "osm_type": "way",
        "representative_point_method": "polygon_representative_point"
      },
      "type": "Feature"
    },
    {
      "geometry": {
        "coordinates": [
          [
            [
              69.2899916,
              41.3049861
            ],
            [
              69.2906701,
              41.3046102
            ],
            [
              69.2906428,
              41.3045822
            ],
            [
              69.2905516,
              41.3044886
            ],
            [
              69.290482,
              41.3045271
            ],
            [
              69.2903597,
              41.3044015
            ],
            [
              69.2902147,
              41.3044819
            ],
            [
              69.2903372,
              41.3046073
            ],
            [
              69.2898731,
              41.3048644
            ],
            [
              69.2899916,
              41.3049861
            ]
          ]
        ],
        "type": "Polygon"
      },
      "properties": {
        "amenity": "hospital",
        "district_assignment": "within",
        "district_name": "Yashnabad district",
        "facility_category": "hospital",
        "facility_id": "hc_way_31972517",
        "geometry_assembly": "closed_way_polygon",
        "healthcare": null,
        "latitude": 41.3047373,
        "longitude": 69.2902716,
        "name": "Санэпидем станция",
        "normalized_name": "санэпидем станция",
        "operator": null,
        "osm_id": 31972517,
        "osm_relation_type": null,
        "osm_type": "way",
        "representative_point_method": "polygon_representative_point"
      },
      "type": "Feature"
    },
    {
      "geometry": {
        "coordinates": [
          [
            [
              69.2899836,
              41.3035557
            ],
            [
              69.2899667,
              41.3035828
            ],
            [
              69.2899597,
              41.3036134
            ],
            [
              69.2899821,
              41.3036484
            ],
            [
              69.2900797,
              41.3037368
            ],
            [
              69.2900563,
              41.3037529
            ],
            [
              69.2900219,
              41.3037764
            ],
            [
              69.2899367,
              41.3037014
            ],
            [
              69.2896548,
              41.3038584
            ],
            [
              69.2892771,
              41.3040688
            ],
            [
              69.2892953,
              41.3040872
            ],
            [
              69.2891585,
              41.3041635
            ],
            [
              69.2897201,
              41.3047325
            ],
            [
              69.2897742,
              41.3047024
            ],
            [
              69.289812,
              41.3047408
            ],
            [
              69.2898752,
              41.3047056
            ],
            [
              69.2898377,
              41.3046676
            ],
            [
              69.2898782,
              41.304645
            ],
            [
              69.2894165,
              41.3041771
            ],
            [
              69.2898771,
              41.3039206
            ],
            [
              69.2901389,
              41.3041858
            ],
            [
              69.2898208,
              41.304363
            ],
            [
              69.2899497,
              41.3044936
            ],
            [
              69.2904744,
              41.3042014
            ],
            [
              69.2903493,
              41.3040746
            ],
            [
              69.2902392,
              41.3041359
            ],
            [
              69.2899748,
              41.303868
            ],
            [
              69.2900559,
              41.3038228
            ],
            [
              69.2900452,
              41.3038121
            ],
            [
              69.2900916,
              41.3037881
            ],
            [
              69.2901794,
              41.3037425
            ],
            [
              69.2903639,
              41.3039289
            ],
            [
              69.2904732,
              41.3038692
            ],
            [
              69.2901004,
              41.3034924
            ],
            [
              69.2899836,
              41.3035557
            ]
          ]
        ],
        "type": "Polygon"
      },
      "properties": {
        "amenity": "hospital",
        "district_assignment": "within",
        "district_name": "Yashnabad district",
        "facility_category": "hospital",
        "facility_id": "hc_way_31972518",
        "geometry_assembly": "closed_way_polygon",
        "healthcare": "hospital",
        "latitude": 41.3041116,
        "longitude": 69.2893929,
        "name": "1-я Центральная поликлиника",
        "normalized_name": "1 я центральная поликлиника",
        "operator": null,
        "osm_id": 31972518,
        "osm_relation_type": null,
        "osm_type": "way",
        "representative_point_method": "polygon_representative_point"
      },
      "type": "Feature"
    },
    {
      "geometry": {
        "coordinates": [
          [
            [
              69.2858911,
              41.300264
            ],
            [
              69.2867938,
              41.3008002
            ],
            [
              69.2869268,
              41.3006738
            ],
            [
              69.2867151,
              41.3005482
            ],
            [
              69.2867554,
              41.300491
            ],
            [
              69.286771,
              41.3004239
            ],
            [
              69.2867654,
              41.3003642
            ],
            [
              69.286757,
              41.3003173
            ],
            [
              69.2867194,
              41.300262
            ],
            [
              69.2866759,
              41.3002294
            ],
            [
              69.286583,
              41.3001915
            ],
            [
              69.2864778,
              41.3001854
            ],
            [
              69.28637,
              41.3001986
            ],
            [
              69.2863078,
              41.300229
            ],
            [
              69.2862509,
              41.3002725
            ],
            [
              69.286024,
              41.3001377
            ],
            [
              69.2858911,
              41.300264
            ]
          ]
        ],
        "type": "Polygon"
      },
      "properties": {
        "amenity": "clinic",
        "district_assignment": "within",
        "district_name": "Mirabad district",
        "facility_category": "clinic",
        "facility_id": "hc_way_32040055",
        "geometry_assembly": "closed_way_polygon",
        "healthcare": "clinic",
        "latitude": 41.3004574,
        "longitude": 69.28649,
        "name": "Поликлиника МВД",
        "normalized_name": "поликлиника мвд",
        "operator": null,
        "osm_id": 32040055,
        "osm_relation_type": null,
        "osm_type": "way",
        "representative_point_method": "polygon_representative_point"
      },
      "type": "Feature"
    },
    {
      "geometry": {
        "coordinates": [
          [
            [
              69.2728928,
              41.3570532
            ],
            [
              69.2735167,
              41.3573387
            ],
            [
              69.2739168,
              41.3575168
            ],
            [
              69.2751395,
              41.3580989
            ],
            [
              69.2760205,
              41.3585184
            ],
            [
              69.2763,
              41.3581973
            ],
            [
              69.2760684,
              41.3580107
            ],
            [
              69.2764494,
              41.3575726
            ],
            [
              69.276071,
              41.3574364
            ],
            [
              69.2761786,
              41.3563536
            ],
            [
              69.2760686,
              41.3563044
            ],
            [
              69.2752039,
              41.35625
            ],
            [
              69.2737681,
              41.3564782
            ],
            [
              69.2734037,
              41.3566199
            ],
            [
              69.2730495,
              41.3568346
            ],
            [
              69.2728928,
              41.3570532
            ]
          ]
        ],
        "type": "Polygon"
      },
      "properties": {
        "amenity": "hospital",
        "district_assignment": "within",
        "district_name": "Yunusabad district",
        "facility_category": "hospital",
        "facility_id": "hc_way_32720921",
        "geometry_assembly": "closed_way_polygon",
        "healthcare": "hospital",
        "latitude": 41.3573875,
        "longitude": 69.2748511,
        "name": "Клиническая Больница №7 (бывшая №17)",
        "normalized_name": "клиническая больница 7 бывшая 17",
        "operator": null,
        "osm_id": 32720921,
        "osm_relation_type": null,
        "osm_type": "way",
        "representative_point_method": "polygon_representative_point"
      },
      "type": "Feature"
    },
    {
      "geometry": {
        "coordinates": [
          [
            [
              69.2768355,
              41.3305545
            ],
            [
              69.2770462,
              41.3305157
            ],
            [
              69.2769871,
              41.3303348
            ],
            [
              69.276844,
              41.3303611
            ],
            [
              69.276886,
              41.3304897
            ],
            [
              69.2767118,
              41.3305218
            ],
            [
              69.2766277,
              41.3302643
            ],
            [
              69.2764998,
              41.3302879
            ],
            [
              69.2766002,
              41.3305951
            ],
            [
              69.276654,
              41.3305852
            ],
            [
              69.2766919,
              41.3307013
            ],
            [
              69.2768726,
              41.3306681
            ],
            [
              69.2768355,
              41.3305545
            ]
          ]
        ],
        "type": "Polygon"
      },
      "properties": {
        "amenity": "hospital",
        "district_assignment": "within",
        "district_name": "Yunusabad district",
        "facility_category": "hospital",
        "facility_id": "hc_way_32808146",
        "geometry_assembly": "closed_way_polygon",
        "healthcare": "hospital",
        "latitude": 41.3304254,
        "longitude": 69.2769408,
        "name": "Медикосоциальный центр Фонда \"Соглом авлод учун\"",
        "normalized_name": "медикосоциальный центр фонда соглом авлод учун",
        "operator": null,
        "osm_id": 32808146,
        "osm_relation_type": null,
        "osm_type": "way",
        "representative_point_method": "polygon_representative_point"
      },
      "type": "Feature"
    },
    {
      "geometry": {
        "coordinates": [
          [
            [
              69.3103294,
              41.3293918
            ],
            [
              69.3102543,
              41.3292973
            ],
            [
              69.3104336,
              41.3292169
            ],
            [
              69.3103816,
              41.3291514
            ],
            [
              69.3103212,
              41.3291785
            ],
            [
              69.3102263,
              41.3290591
            ],
            [
              69.310359,
              41.3289997
            ],
            [
              69.3105023,
              41.32918
            ],
            [
              69.3110165,
              41.3289496
            ],
            [
              69.3110952,
              41.3290486
            ],
            [
              69.3103294,
              41.3293918
            ]
          ]
        ],
        "type": "Polygon"
      },
      "properties": {
        "amenity": "clinic",
        "district_assignment": "within",
        "district_name": "Mirzo Ulugbek district",
        "facility_category": "clinic",
        "facility_id": "hc_way_33042156",
        "geometry_assembly": "closed_way_polygon",
        "healthcare": "clinic",
        "latitude": 41.3291649,
        "longitude": 69.3106857,
        "name": "Семейная поликлиника №9",
        "normalized_name": "семейная поликлиника 9",
        "operator": null,
        "osm_id": 33042156,
        "osm_relation_type": null,
        "osm_type": "way",
        "representative_point_method": "polygon_representative_point"
      },
      "type": "Feature"
    },
    {
      "geometry": {
        "coordinates": [
          [
            [
              69.3263641,
              41.3310511
            ],
            [
              69.3255591,
              41.3309935
            ],
            [
              69.3255451,
              41.3311031
            ],
            [
              69.3263501,
              41.3311609
            ],
            [
              69.3263641,
              41.3310511
            ]
          ]
        ],
        "type": "Polygon"
      },
      "properties": {
        "amenity": "clinic",
        "district_assignment": "within",
        "district_name": "Mirzo Ulugbek district",
        "facility_category": "clinic",
        "facility_id": "hc_way_33202540",
        "geometry_assembly": "closed_way_polygon",
        "healthcare": "clinic",
        "latitude": 41.3310771,
        "longitude": 69.3259546,
        "name": "Семейная Поликлиника #4 (бывшая N20)",
        "normalized_name": "семейная поликлиника 4 бывшая n20",
        "operator": null,
        "osm_id": 33202540,
        "osm_relation_type": null,
        "osm_type": "way",
        "representative_point_method": "polygon_representative_point"
      },
      "type": "Feature"
    },
    {
      "geometry": {
        "coordinates": [
          [
            [
              69.3343658,
              41.3393597
            ],
            [
              69.3338558,
              41.3388685
            ],
            [
              69.3337146,
              41.3389511
            ],
            [
              69.3342246,
              41.3394424
            ],
            [
              69.3343658,
              41.3393597
            ]
          ]
        ],
        "type": "Polygon"
      },
      "properties": {
        "amenity": "hospital",
        "district_assignment": "within",
        "district_name": "Mirzo Ulugbek district",
        "facility_category": "hospital",
        "facility_id": "hc_way_33203734",
        "geometry_assembly": "closed_way_polygon",
        "healthcare": "hospital",
        "latitude": 41.3391554,
        "longitude": 69.3340402,
        "name": "Детская больница №5",
        "normalized_name": "детская больница 5",
        "operator": null,
        "osm_id": 33203734,
        "osm_relation_type": null,
        "osm_type": "way",
        "representative_point_method": "polygon_representative_point"
      },
      "type": "Feature"
    },
    {
      "geometry": {
        "coordinates": [
          [
            [
              69.2162952,
              41.2892987
            ],
            [
              69.2170615,
              41.2899349
            ],
            [
              69.2175127,
              41.2896368
            ],
            [
              69.2188774,
              41.2887734
            ],
            [
              69.2188456,
              41.2887449
            ],
            [
              69.2180258,
              41.2879899
            ],
            [
              69.2179955,
              41.2879621
            ],
            [
              69.2171567,
              41.2884762
            ],
            [
              69.2168645,
              41.2886597
            ],
            [
              69.216564,
              41.2889623
            ],
            [
              69.2162952,
              41.2892987
            ]
          ]
        ],
        "type": "Polygon"
      },
      "properties": {
        "amenity": "hospital",
        "district_assignment": "within",
        "district_name": "Chilanzar district",
        "facility_category": "hospital",
        "facility_id": "hc_way_44349272",
        "geometry_assembly": "closed_way_polygon",
        "healthcare": "hospital",
        "latitude": 41.2888679,
        "longitude": 69.217693,
        "name": "Соматическая больница Ташкентской области",
        "normalized_name": "соматическая больница ташкентской области",
        "operator": null,
        "osm_id": 44349272,
        "osm_relation_type": null,
        "osm_type": "way",
        "representative_point_method": "polygon_representative_point"
      },
      "type": "Feature"
    },
    {
      "geometry": {
        "coordinates": [
          [
            [
              69.3131583,
              41.2520552
            ],
            [
              69.3131561,
              41.2518166
            ],
            [
              69.3129268,
              41.2518179
            ],
            [
              69.3129277,
              41.2519046
            ],
            [
              69.3126482,
              41.2519061
            ],
            [
              69.3126454,
              41.2516107
            ],
            [
              69.312584,
              41.251611
            ],
            [
              69.3125836,
              41.251564
            ],
            [
              69.3127234,
              41.2515633
            ],
            [
              69.3127222,
              41.2514268
            ],
            [
              69.312067,
              41.2514303
            ],
            [
              69.3120684,
              41.2515742
            ],
            [
              69.3122105,
              41.2515735
            ],
            [
              69.3122108,
              41.2516123
            ],
            [
              69.3121419,
              41.2516126
            ],
            [
              69.3121423,
              41.251651
            ],
            [
              69.3121448,
              41.2519172
            ],
            [
              69.3120085,
              41.251918
            ],
            [
              69.3120098,
              41.2520612
            ],
            [
              69.3124161,
              41.2520591
            ],
            [
              69.3131583,
              41.2520552
            ]
          ]
        ],
        "type": "Polygon"
      },
      "properties": {
        "amenity": "clinic",
        "district_assignment": "within",
        "district_name": "Mirabad district",
        "facility_category": "clinic",
        "facility_id": "hc_way_81524094",
        "geometry_assembly": "closed_way_polygon",
        "healthcare": "clinic",
        "latitude": 41.2517338,
        "longitude": 69.3123948,
        "name": "Поликлиника №2",
        "normalized_name": "поликлиника 2",
        "operator": null,
        "osm_id": 81524094,
        "osm_relation_type": null,
        "osm_type": "way",
        "representative_point_method": "polygon_representative_point"
      },
      "type": "Feature"
    },
    {
      "geometry": {
        "coordinates": [
          [
            [
              69.2989647,
              41.2460674
            ],
            [
              69.3002734,
              41.2460566
            ],
            [
              69.3002623,
              41.2452964
            ],
            [
              69.2996976,
              41.2452953
            ],
            [
              69.2989535,
              41.2453073
            ],
            [
              69.2989647,
              41.2460674
            ]
          ]
        ],
        "type": "Polygon"
      },
      "properties": {
        "amenity": "clinic",
        "district_assignment": "within",
        "district_name": "Sergeli district",
        "facility_category": "clinic",
        "facility_id": "hc_way_82171730",
        "geometry_assembly": "closed_way_polygon",
        "healthcare": null,
        "latitude": 41.245682,
        "longitude": 69.2996135,
        "name": "Сеймейная поликлиника №12",
        "normalized_name": "сеймейная поликлиника 12",
        "operator": null,
        "osm_id": 82171730,
        "osm_relation_type": null,
        "osm_type": "way",
        "representative_point_method": "polygon_representative_point"
      },
      "type": "Feature"
    },
    {
      "geometry": {
        "coordinates": [
          [
            [
              69.3052786,
              41.3053194
            ],
            [
              69.3046297,
              41.3056191
            ],
            [
              69.304762,
              41.3057807
            ],
            [
              69.3054109,
              41.305481
            ],
            [
              69.3052786,
              41.3053194
            ]
          ]
        ],
        "type": "Polygon"
      },
      "properties": {
        "amenity": "clinic",
        "district_assignment": "within",
        "district_name": "Yashnabad district",
        "facility_category": "clinic",
        "facility_id": "hc_way_84749585",
        "geometry_assembly": "closed_way_polygon",
        "healthcare": "clinic",
        "latitude": 41.3055501,
        "longitude": 69.3050203,
        "name": "ЦМПР при РМО Яшнабад",
        "normalized_name": "цмпр при рмо яшнабад",
        "operator": null,
        "osm_id": 84749585,
        "osm_relation_type": null,
        "osm_type": "way",
        "representative_point_method": "polygon_representative_point"
      },
      "type": "Feature"
    },
    {
      "geometry": {
        "coordinates": [
          [
            [
              69.344987,
              41.2880673
            ],
            [
              69.3474089,
              41.2891943
            ],
            [
              69.347726,
              41.2888185
            ],
            [
              69.3478184,
              41.288709
            ],
            [
              69.3480081,
              41.2884841
            ],
            [
              69.3482896,
              41.2881504
            ],
            [
              69.3480405,
              41.2880504
            ],
            [
              69.3481987,
              41.2878489
            ],
            [
              69.3478644,
              41.2877002
            ],
            [
              69.3473699,
              41.2874801
            ],
            [
              69.3469569,
              41.2873007
            ],
            [
              69.3465089,
              41.2870911
            ],
            [
              69.3463522,
              41.2870197
            ],
            [
              69.345915,
              41.2875599
            ],
            [
              69.3455378,
              41.287384
            ],
            [
              69.344987,
              41.2880673
            ]
          ]
        ],
        "type": "Polygon"
      },
      "properties": {
        "amenity": "hospital",
        "district_assignment": "within",
        "district_name": "Yashnabad district",
        "facility_category": "hospital",
        "facility_id": "hc_way_85105781",
        "geometry_assembly": "closed_way_polygon",
        "healthcare": "hospital",
        "latitude": 41.2881089,
        "longitude": 69.3466312,
        "name": "Поликлиника ГАО ТАПОиЧ",
        "normalized_name": "поликлиника гао тапоич",
        "operator": null,
        "osm_id": 85105781,
        "osm_relation_type": null,
        "osm_type": "way",
        "representative_point_method": "polygon_representative_point"
      },
      "type": "Feature"
    },
    {
      "geometry": {
        "coordinates": [
          [
            [
              69.3253183,
              41.2697215
            ],
            [
              69.3256175,
              41.2698147
            ],
            [
              69.3264098,
              41.2700257
            ],
            [
              69.326028,
              41.2707217
            ],
            [
              69.3258343,
              41.2707056
            ],
            [
              69.3249541,
              41.2704548
            ],
            [
              69.3253183,
              41.2697215
            ]
          ]
        ],
        "type": "Polygon"
      },
      "properties": {
        "amenity": "hospital",
        "district_assignment": "within",
        "district_name": "Yashnabad district",
        "facility_category": "hospital",
        "facility_id": "hc_way_87245257",
        "geometry_assembly": "closed_way_polygon",
        "healthcare": null,
        "latitude": 41.2702403,
        "longitude": 69.3256764,
        "name": "Детская Инфекционная больница №2",
        "normalized_name": "детская инфекционная больница 2",
        "operator": null,
        "osm_id": 87245257,
        "osm_relation_type": null,
        "osm_type": "way",
        "representative_point_method": "polygon_representative_point"
      },
      "type": "Feature"
    },
    {
      "geometry": {
        "coordinates": [
          [
            [
              69.3045042,
              41.306104
            ],
            [
              69.3045606,
              41.3060775
            ],
            [
              69.3045893,
              41.306112
            ],
            [
              69.3046383,
              41.306089
            ],
            [
              69.3046101,
              41.3060551
            ],
            [
              69.3046695,
              41.3060272
            ],
            [
              69.3044306,
              41.3057402
            ],
            [
              69.3042658,
              41.3058176
            ],
            [
              69.3045042,
              41.306104
            ]
          ]
        ],
        "type": "Polygon"
      },
      "properties": {
        "amenity": "clinic",
        "district_assignment": "within",
        "district_name": "Yashnabad district",
        "facility_category": "clinic",
        "facility_id": "hc_way_87486078",
        "geometry_assembly": "closed_way_polygon",
        "healthcare": "clinic",
        "latitude": 41.3059224,
        "longitude": 69.3044676,
        "name": "Детский Консультативно-Диагностический Центр",
        "normalized_name": "детский консультативно диагностический центр",
        "operator": null,
        "osm_id": 87486078,
        "osm_relation_type": null,
        "osm_type": "way",
        "representative_point_method": "polygon_representative_point"
      },
      "type": "Feature"
    },
    {
      "geometry": {
        "coordinates": [
          [
            [
              69.3577263,
              41.3555315
            ],
            [
              69.3587572,
              41.3565392
            ],
            [
              69.35883,
              41.35654
            ],
            [
              69.3607683,
              41.3564763
            ],
            [
              69.3606432,
              41.3556229
            ],
            [
              69.3599791,
              41.3554702
            ],
            [
              69.3599446,
              41.3554623
            ],
            [
              69.3599232,
              41.3553006
            ],
            [
              69.3578414,
              41.355462
            ],
            [
              69.3577263,
              41.3555315
            ]
          ]
        ],
        "type": "Polygon"
      },
      "properties": {
        "amenity": "hospital",
        "district_assignment": "within",
        "district_name": "Mirzo Ulugbek district",
        "facility_category": "hospital",
        "facility_id": "hc_way_87658715",
        "geometry_assembly": "closed_way_polygon",
        "healthcare": "hospital",
        "latitude": 41.3560496,
        "longitude": 69.359481,
        "name": "Respublika ixtisoslashtirilgan akusherlik va ginekologiya ilmiy-amaliy tibbiyot markazi",
        "normalized_name": "respublika ixtisoslashtirilgan akusherlik va ginekologiya ilmiy amaliy tibbiyot markazi",
        "operator": null,
        "osm_id": 87658715,
        "osm_relation_type": null,
        "osm_type": "way",
        "representative_point_method": "polygon_representative_point"
      },
      "type": "Feature"
    },
    {
      "geometry": {
        "coordinates": [
          [
            [
              69.2845117,
              41.2864992
            ],
            [
              69.2842601,
              41.2865033
            ],
            [
              69.284255,
              41.2863267
            ],
            [
              69.2842793,
              41.2863263
            ],
            [
              69.2842718,
              41.2860648
            ],
            [
              69.2841092,
              41.2860674
            ],
            [
              69.2841234,
              41.2865577
            ],
            [
              69.2839102,
              41.2865612
            ],
            [
              69.2839091,
              41.2865236
            ],
            [
              69.283716,
              41.2865268
            ],
            [
              69.2837202,
              41.2866743
            ],
            [
              69.2840403,
              41.2866691
            ],
            [
              69.2840398,
              41.2866511
            ],
            [
              69.284276,
              41.2866472
            ],
            [
              69.284278,
              41.2867158
            ],
            [
              69.2843278,
              41.2867547
            ],
            [
              69.2843962,
              41.2867535
            ],
            [
              69.2844699,
              41.2867525
            ],
            [
              69.2845169,
              41.2867193
            ],
            [
              69.2845143,
              41.2866323
            ],
            [
              69.2847261,
              41.2866288
            ],
            [
              69.2847266,
              41.2866441
            ],
            [
              69.2849761,
              41.28664
            ],
            [
              69.284973,
              41.2865343
            ],
            [
              69.2846578,
              41.2865395
            ],
            [
              69.2846439,
              41.2860593
            ],
            [
              69.2844653,
              41.2860622
            ],
            [
              69.2844727,
              41.2863195
            ],
            [
              69.2845065,
              41.286319
            ],
            [
              69.2845117,
              41.2864992
            ]
          ]
        ],
        "type": "Polygon"
      },
      "properties": {
        "amenity": "clinic",
        "district_assignment": "within",
        "district_name": "Mirabad district",
        "facility_category": "clinic",
        "facility_id": "hc_way_89925571",
        "geometry_assembly": "closed_way_polygon",
        "healthcare": "clinic",
        "latitude": 41.2864129,
        "longitude": 69.2845817,
        "name": "Железнодорожная Поликлиника",
        "normalized_name": "железнодорожная поликлиника",
        "operator": null,
        "osm_id": 89925571,
        "osm_relation_type": null,
        "osm_type": "way",
        "representative_point_method": "polygon_representative_point"
      },
      "type": "Feature"
    },
    {
      "geometry": {
        "coordinates": [
          [
            [
              69.2143831,
              41.2686
            ],
            [
              69.215214,
              41.2693224
            ],
            [
              69.2171331,
              41.2710324
            ],
            [
              69.2186574,
              41.2700122
            ],
            [
              69.2190679,
              41.2697832
            ],
            [
              69.219636,
              41.2696527
            ],
            [
              69.22036,
              41.2694884
            ],
            [
              69.2197496,
              41.2678897
            ],
            [
              69.2189548,
              41.2671545
            ],
            [
              69.2186853,
              41.2672828
            ],
            [
              69.218055,
              41.2669063
            ],
            [
              69.2176718,
              41.2665793
            ],
            [
              69.2172058,
              41.2668441
            ],
            [
              69.2155322,
              41.2678751
            ],
            [
              69.2143831,
              41.2686
            ]
          ]
        ],
        "type": "Polygon"
      },
      "properties": {
        "amenity": "hospital",
        "district_assignment": "within",
        "district_name": "Chilanzar district",
        "facility_category": "hospital",
        "facility_id": "hc_way_95933958",
        "geometry_assembly": "closed_way_polygon",
        "healthcare": "hospital",
        "latitude": 41.2689612,
        "longitude": 69.2174786,
        "name": "Respublika shoshilinch tibbiy yordam ilmiy markazi (№16)",
        "normalized_name": "respublika shoshilinch tibbiy yordam ilmiy markazi 16",
        "operator": null,
        "osm_id": 95933958,
        "osm_relation_type": null,
        "osm_type": "way",
        "representative_point_method": "polygon_representative_point"
      },
      "type": "Feature"
    },
    {
      "geometry": {
        "coordinates": [
          [
            [
              69.2922204,
              41.2693863
            ],
            [
              69.2937548,
              41.269751
            ],
            [
              69.2940733,
              41.269159
            ],
            [
              69.2943276,
              41.2688321
            ],
            [
              69.2937308,
              41.2682504
            ],
            [
              69.2926144,
              41.2688797
            ],
            [
              69.2924123,
              41.2689884
            ],
            [
              69.2923052,
              41.2691815
            ],
            [
              69.2922204,
              41.2693863
            ]
          ]
        ],
        "type": "Polygon"
      },
      "properties": {
        "amenity": "hospital",
        "district_assignment": "within",
        "district_name": "Mirabad district",
        "facility_category": "hospital",
        "facility_id": "hc_way_98672290",
        "geometry_assembly": "closed_way_polygon",
        "healthcare": "hospital",
        "latitude": 41.2690737,
        "longitude": 69.2932523,
        "name": "Children's Hospital of Railway Stock Company of Uzbekistan",
        "normalized_name": "childrens hospital of railway stock company of uzbekistan",
        "operator": null,
        "osm_id": 98672290,
        "osm_relation_type": null,
        "osm_type": "way",
        "representative_point_method": "polygon_representative_point"
      },
      "type": "Feature"
    },
    {
      "geometry": {
        "coordinates": [
          [
            [
              69.2937346,
              41.271923
            ],
            [
              69.2941849,
              41.2720282
            ],
            [
              69.29417,
              41.2720641
            ],
            [
              69.2942865,
              41.2720913
            ],
            [
              69.2943017,
              41.2720546
            ],
            [
              69.2945238,
              41.2721065
            ],
            [
              69.2945721,
              41.2719895
            ],
            [
              69.2944487,
              41.2719606
            ],
            [
              69.2944712,
              41.2719062
            ],
            [
              69.294332,
              41.2718737
            ],
            [
              69.2943112,
              41.2719239
            ],
            [
              69.293785,
              41.271801
            ],
            [
              69.2937346,
              41.271923
            ]
          ]
        ],
        "type": "Polygon"
      },
      "properties": {
        "amenity": "hospital",
        "district_assignment": "within",
        "district_name": "Mirabad district",
        "facility_category": "hospital",
        "facility_id": "hc_way_98680387",
        "geometry_assembly": "closed_way_polygon",
        "healthcare": "hospital",
        "latitude": 41.2719422,
        "longitude": 69.2941366,
        "name": "Tashkent International Clinic",
        "normalized_name": "tashkent international clinic",
        "operator": null,
        "osm_id": 98680387,
        "osm_relation_type": null,
        "osm_type": "way",
        "representative_point_method": "polygon_representative_point"
      },
      "type": "Feature"
    },
    {
      "geometry": {
        "coordinates": [
          [
            [
              69.3054501,
              41.3021187
            ],
            [
              69.3049114,
              41.3021649
            ],
            [
              69.3045302,
              41.3022315
            ],
            [
              69.3043472,
              41.3022597
            ],
            [
              69.3043085,
              41.3023206
            ],
            [
              69.3039469,
              41.3023934
            ],
            [
              69.3038138,
              41.3023004
            ],
            [
              69.3037189,
              41.3020143
            ],
            [
              69.3033112,
              41.3020324
            ],
            [
              69.3023407,
              41.3019707
            ],
            [
              69.3022927,
              41.301243
            ],
            [
              69.3029313,
              41.3011619
            ],
            [
              69.3029257,
              41.3006413
            ],
            [
              69.3029408,
              41.3004951
            ],
            [
              69.3035251,
              41.3004564
            ],
            [
              69.3035322,
              41.3001427
            ],
            [
              69.303536,
              41.2999722
            ],
            [
              69.3047224,
              41.2997748
            ],
            [
              69.3047625,
              41.2998962
            ],
            [
              69.3053047,
              41.3015071
            ],
            [
              69.3052057,
              41.3015276
            ],
            [
              69.3052445,
              41.3016225
            ],
            [
              69.3052588,
              41.3016658
            ],
            [
              69.3052654,
              41.3016938
            ],
            [
              69.3052906,
              41.3017738
            ],
            [
              69.3051926,
              41.3017913
            ],
            [
              69.3052485,
              41.3019967
            ],
            [
              69.3053866,
              41.3019677
            ],
            [
              69.3054501,
              41.3021187
            ]
          ]
        ],
        "type": "Polygon"
      },
      "properties": {
        "amenity": "hospital",
        "district_assignment": "within",
        "district_name": "Yashnabad district",
        "facility_category": "hospital",
        "facility_id": "hc_way_98809129",
        "geometry_assembly": "closed_way_polygon",
        "healthcare": "hospital",
        "latitude": 41.3009016,
        "longitude": 69.3040147,
        "name": "Больница ГАЖК \"Узбекистон Темир Йуллари\"",
        "normalized_name": "больница гажк узбекистон темир йуллари",
        "operator": null,
        "osm_id": 98809129,
        "osm_relation_type": null,
        "osm_type": "way",
        "representative_point_method": "polygon_representative_point"
      },
      "type": "Feature"
    },
    {
      "geometry": {
        "coordinates": [
          [
            [
              69.2888939,
              41.2857868
            ],
            [
              69.2883265,
              41.2856487
            ],
            [
              69.2876312,
              41.2851083
            ],
            [
              69.2882965,
              41.2844915
            ],
            [
              69.2892633,
              41.2850686
            ],
            [
              69.2892182,
              41.2851564
            ],
            [
              69.2888939,
              41.2857868
            ]
          ]
        ],
        "type": "Polygon"
      },
      "properties": {
        "amenity": "hospital",
        "district_assignment": "within",
        "district_name": "Mirabad district",
        "facility_category": "hospital",
        "facility_id": "hc_way_98828774",
        "geometry_assembly": "closed_way_polygon",
        "healthcare": "hospital",
        "latitude": 41.2851323,
        "longitude": 69.2884463,
        "name": "Родильный комплекс №4",
        "normalized_name": "родильный комплекс 4",
        "operator": null,
        "osm_id": 98828774,
        "osm_relation_type": null,
        "osm_type": "way",
        "representative_point_method": "polygon_representative_point"
      },
      "type": "Feature"
    },
    {
      "geometry": {
        "coordinates": [
          [
            [
              69.287214,
              41.287217
            ],
            [
              69.2875379,
              41.2870411
            ],
            [
              69.288014,
              41.2867961
            ],
            [
              69.2883065,
              41.2866456
            ],
            [
              69.2883615,
              41.2865683
            ],
            [
              69.2884269,
              41.2864714
            ],
            [
              69.288462,
              41.2864378
            ],
            [
              69.2885343,
              41.2863255
            ],
            [
              69.2888257,
              41.2858357
            ],
            [
              69.2888939,
              41.2857868
            ],
            [
              69.2883265,
              41.2856487
            ],
            [
              69.2876312,
              41.2851083
            ],
            [
              69.2882965,
              41.2844915
            ],
            [
              69.2866746,
              41.2835219
            ],
            [
              69.2867199,
              41.283462
            ],
            [
              69.2866299,
              41.2834033
            ],
            [
              69.2871364,
              41.2828995
            ],
            [
              69.2876436,
              41.2823951
            ],
            [
              69.2865662,
              41.281744
            ],
            [
              69.286286,
              41.2820622
            ],
            [
              69.2855717,
              41.2817417
            ],
            [
              69.2850345,
              41.2823926
            ],
            [
              69.2845245,
              41.2832291
            ],
            [
              69.2843808,
              41.2834542
            ],
            [
              69.284665,
              41.2835996
            ],
            [
              69.2845246,
              41.2837565
            ],
            [
              69.2843404,
              41.2838756
            ],
            [
              69.2843153,
              41.2840132
            ],
            [
              69.2842287,
              41.2841196
            ],
            [
              69.2840718,
              41.2844587
            ],
            [
              69.2843295,
              41.2845074
            ],
            [
              69.2841145,
              41.285298
            ],
            [
              69.284308,
              41.285425
            ],
            [
              69.2846088,
              41.2856115
            ],
            [
              69.2846551,
              41.2856409
            ],
            [
              69.2848649,
              41.285774
            ],
            [
              69.2860657,
              41.2865359
            ],
            [
              69.2862116,
              41.2866284
            ],
            [
              69.2865181,
              41.2864616
            ],
            [
              69.287214,
              41.287217
            ]
          ]
        ],
        "type": "Polygon"
      },
      "properties": {
        "amenity": "hospital",
        "district_assignment": "within",
        "district_name": "Mirabad district",
        "facility_category": "hospital",
        "facility_id": "hc_way_98828782",
        "geometry_assembly": "closed_way_polygon",
        "healthcare": "hospital",
        "latitude": 41.2844751,
        "longitude": 69.2862138,
        "name": "Shahar psixiatriya klinikasi",
        "normalized_name": "shahar psixiatriya klinikasi",
        "operator": null,
        "osm_id": 98828782,
        "osm_relation_type": null,
        "osm_type": "way",
        "representative_point_method": "polygon_representative_point"
      },
      "type": "Feature"
    },
    {
      "geometry": {
        "coordinates": [
          [
            [
              69.3117345,
              41.3708271
            ],
            [
              69.3119282,
              41.3708947
            ],
            [
              69.3120145,
              41.3707554
            ],
            [
              69.3118166,
              41.3706864
            ],
            [
              69.3117934,
              41.3707238
            ],
            [
              69.3117056,
              41.3706931
            ],
            [
              69.3117377,
              41.3706433
            ],
            [
              69.3115854,
              41.370588
            ],
            [
              69.3115667,
              41.370617
            ],
            [
              69.3114338,
              41.3705706
            ],
            [
              69.3113546,
              41.3706983
            ],
            [
              69.3114849,
              41.3707439
            ],
            [
              69.3112696,
              41.3710781
            ],
            [
              69.3114221,
              41.3711334
            ],
            [
              69.3116706,
              41.3707474
            ],
            [
              69.3117637,
              41.3707798
            ],
            [
              69.3117345,
              41.3708271
            ]
          ]
        ],
        "type": "Polygon"
      },
      "properties": {
        "amenity": "clinic",
        "district_assignment": "within",
        "district_name": "Yunusabad district",
        "facility_category": "clinic",
        "facility_id": "hc_way_101302639",
        "geometry_assembly": "closed_way_polygon",
        "healthcare": "clinic",
        "latitude": 41.3708609,
        "longitude": 69.3115035,
        "name": "Семейная поликлиника №12",
        "normalized_name": "семейная поликлиника 12",
        "operator": null,
        "osm_id": 101302639,
        "osm_relation_type": null,
        "osm_type": "way",
        "representative_point_method": "polygon_representative_point"
      },
      "type": "Feature"
    },
    {
      "geometry": {
        "coordinates": [
          [
            [
              69.2083002,
              41.2724753
            ],
            [
              69.2084244,
              41.2723967
            ],
            [
              69.2097988,
              41.2715592
            ],
            [
              69.2103071,
              41.2712508
            ],
            [
              69.2105053,
              41.2713357
            ],
            [
              69.2105977,
              41.2714174
            ],
            [
              69.2108243,
              41.2716178
            ],
            [
              69.2111053,
              41.27158
            ],
            [
              69.2111249,
              41.2716098
            ],
            [
              69.2112743,
              41.2715894
            ],
            [
              69.2114569,
              41.2715909
            ],
            [
              69.2117954,
              41.2717668
            ],
            [
              69.2119947,
              41.2721947
            ],
            [
              69.2125026,
              41.2732862
            ],
            [
              69.2130237,
              41.2739965
            ],
            [
              69.2134541,
              41.274563
            ],
            [
              69.2134902,
              41.2746105
            ],
            [
              69.2123012,
              41.2750963
            ],
            [
              69.2117225,
              41.2749523
            ],
            [
              69.2115258,
              41.2752918
            ],
            [
              69.2108942,
              41.2751125
            ],
            [
              69.2098266,
              41.2747955
            ],
            [
              69.2091308,
              41.2739049
            ],
            [
              69.2084748,
              41.2730654
            ],
            [
              69.2083485,
              41.2729038
            ],
            [
              69.2082873,
              41.2728254
            ],
            [
              69.2082386,
              41.2727631
            ],
            [
              69.2084398,
              41.2726289
            ],
            [
              69.2084585,
              41.2726165
            ],
            [
              69.2083002,
              41.2724753
            ]
          ]
        ],
        "type": "Polygon"
      },
      "properties": {
        "amenity": "hospital",
        "district_assignment": "within",
        "district_name": "Chilanzar district",
        "facility_category": "hospital",
        "facility_id": "hc_way_102381397",
        "geometry_assembly": "closed_way_polygon",
        "healthcare": "hospital",
        "latitude": 41.2731758,
        "longitude": 69.2105061,
        "name": "Республиканский центр грудной хиругии им, В. Вахидова",
        "normalized_name": "республиканский центр грудной хиругии им в вахидова",
        "operator": null,
        "osm_id": 102381397,
        "osm_relation_type": null,
        "osm_type": "way",
        "representative_point_method": "polygon_representative_point"
      },
      "type": "Feature"
    },
    {
      "geometry": {
        "coordinates": [
          [
            [
              69.2003761,
              41.3470129
            ],
            [
              69.2002285,
              41.3467655
            ],
            [
              69.2002019,
              41.3467026
            ],
            [
              69.2001939,
              41.3466988
            ],
            [
              69.2000697,
              41.3464799
            ],
            [
              69.2000283,
              41.3464935
            ],
            [
              69.1998567,
              41.3460695
            ],
            [
              69.1998371,
              41.3457536
            ],
            [
              69.1998865,
              41.3449126
            ],
            [
              69.1998515,
              41.344245
            ],
            [
              69.1998903,
              41.3442339
            ],
            [
              69.2002748,
              41.3441365
            ],
            [
              69.2011197,
              41.3441473
            ],
            [
              69.2023937,
              41.3438574
            ],
            [
              69.2033728,
              41.3438509
            ],
            [
              69.2039533,
              41.3451601
            ],
            [
              69.2040361,
              41.3453655
            ],
            [
              69.2042262,
              41.3458369
            ],
            [
              69.2003761,
              41.3470129
            ]
          ]
        ],
        "type": "Polygon"
      },
      "properties": {
        "amenity": "hospital",
        "district_assignment": "within",
        "district_name": "Shaykhantakhur district",
        "facility_category": "hospital",
        "facility_id": "hc_way_102535432",
        "geometry_assembly": "closed_way_polygon",
        "healthcare": "hospital",
        "latitude": 41.3455596,
        "longitude": 69.2019814,
        "name": "Respublika onkologiya markazi",
        "normalized_name": "respublika onkologiya markazi",
        "operator": null,
        "osm_id": 102535432,
        "osm_relation_type": null,
        "osm_type": "way",
        "representative_point_method": "polygon_representative_point"
      },
      "type": "Feature"
    },
    {
      "geometry": {
        "coordinates": [
          [
            [
              69.2014364,
              41.3454696
            ],
            [
              69.2014415,
              41.3457974
            ],
            [
              69.2016149,
              41.3457959
            ],
            [
              69.2016117,
              41.3455922
            ],
            [
              69.2020096,
              41.3455887
            ],
            [
              69.2020158,
              41.3459811
            ],
            [
              69.2014389,
              41.3459862
            ],
            [
              69.2014411,
              41.3461254
            ],
            [
              69.2018681,
              41.3461216
            ],
            [
              69.2018707,
              41.3462846
            ],
            [
              69.2022702,
              41.3462811
            ],
            [
              69.2022677,
              41.3461162
            ],
            [
              69.2027537,
              41.3461119
            ],
            [
              69.2027515,
              41.3459655
            ],
            [
              69.202189,
              41.3459703
            ],
            [
              69.2021831,
              41.3455833
            ],
            [
              69.2025921,
              41.3455798
            ],
            [
              69.2025952,
              41.3457843
            ],
            [
              69.2027565,
              41.3457829
            ],
            [
              69.2027516,
              41.3454564
            ],
            [
              69.2021864,
              41.3454612
            ],
            [
              69.2021858,
              41.345419
            ],
            [
              69.2020105,
              41.3454205
            ],
            [
              69.2020112,
              41.3454646
            ],
            [
              69.2014364,
              41.3454696
            ]
          ]
        ],
        "type": "Polygon"
      },
      "properties": {
        "amenity": "hospital",
        "district_assignment": "within",
        "district_name": "Shaykhantakhur district",
        "facility_category": "hospital",
        "facility_id": "hc_way_102535433",
        "geometry_assembly": "closed_way_polygon",
        "healthcare": "hospital",
        "latitude": 41.3458815,
        "longitude": 69.2021009,
        "name": null,
        "normalized_name": "",
        "operator": null,
        "osm_id": 102535433,
        "osm_relation_type": null,
        "osm_type": "way",
        "representative_point_method": "polygon_representative_point"
      },
      "type": "Feature"
    },
    {
      "geometry": {
        "coordinates": [
          [
            [
              69.1677874,
              41.3505151
            ],
            [
              69.1677398,
              41.3498119
            ],
            [
              69.1677216,
              41.3484727
            ],
            [
              69.1677295,
              41.3484727
            ],
            [
              69.1688654,
              41.3484748
            ],
            [
              69.1701172,
              41.3484749
            ],
            [
              69.1702208,
              41.3484689
            ],
            [
              69.1703484,
              41.3484633
            ],
            [
              69.1703496,
              41.3486597
            ],
            [
              69.1703638,
              41.3491347
            ],
            [
              69.1703679,
              41.3506264
            ],
            [
              69.1677874,
              41.3505151
            ]
          ]
        ],
        "type": "Polygon"
      },
      "properties": {
        "amenity": "hospital",
        "district_assignment": "within",
        "district_name": "Almazar district",
        "facility_category": "hospital",
        "facility_id": "hc_way_102548980",
        "geometry_assembly": "closed_way_polygon",
        "healthcare": "hospital",
        "latitude": 41.3494733,
        "longitude": 69.16905,
        "name": "НИИ дерматологии и венерологии",
        "normalized_name": "нии дерматологии и венерологии",
        "operator": null,
        "osm_id": 102548980,
        "osm_relation_type": null,
        "osm_type": "way",
        "representative_point_method": "polygon_representative_point"
      },
      "type": "Feature"
    },
    {
      "geometry": {
        "coordinates": [
          [
            [
              69.3185819,
              41.3099537
            ],
            [
              69.3186907,
              41.3097429
            ],
            [
              69.3188302,
              41.3097912
            ],
            [
              69.3189277,
              41.3095123
            ],
            [
              69.3178142,
              41.3091551
            ],
            [
              69.317847,
              41.3088569
            ],
            [
              69.3180263,
              41.3085363
            ],
            [
              69.3180831,
              41.3085516
            ],
            [
              69.3181578,
              41.3083791
            ],
            [
              69.3174534,
              41.3083014
            ],
            [
              69.3171504,
              41.3090372
            ],
            [
              69.317149,
              41.3090949
            ],
            [
              69.3169456,
              41.3095813
            ],
            [
              69.3185819,
              41.3099537
            ]
          ]
        ],
        "type": "Polygon"
      },
      "properties": {
        "amenity": "hospital",
        "district_assignment": "within",
        "district_name": "Yashnabad district",
        "facility_category": "hospital",
        "facility_id": "hc_way_102776348",
        "geometry_assembly": "closed_way_polygon",
        "healthcare": null,
        "latitude": 41.309125,
        "longitude": 69.317477,
        "name": "MDS service",
        "normalized_name": "mds service",
        "operator": null,
        "osm_id": 102776348,
        "osm_relation_type": null,
        "osm_type": "way",
        "representative_point_method": "polygon_representative_point"
      },
      "type": "Feature"
    },
    {
      "geometry": {
        "coordinates": [
          [
            [
              69.1686909,
              41.3430653
            ],
            [
              69.1691406,
              41.3430653
            ],
            [
              69.1692904,
              41.3430653
            ],
            [
              69.1692904,
              41.3429591
            ],
            [
              69.169011,
              41.3429591
            ],
            [
              69.1686909,
              41.3429591
            ],
            [
              69.1686909,
              41.3430653
            ]
          ]
        ],
        "type": "Polygon"
      },
      "properties": {
        "amenity": "clinic",
        "district_assignment": "within",
        "district_name": "Shaykhantakhur district",
        "facility_category": "clinic",
        "facility_id": "hc_way_102931996",
        "geometry_assembly": "closed_way_polygon",
        "healthcare": "clinic",
        "latitude": 41.3430122,
        "longitude": 69.1689906,
        "name": null,
        "normalized_name": "",
        "operator": null,
        "osm_id": 102931996,
        "osm_relation_type": null,
        "osm_type": "way",
        "representative_point_method": "polygon_representative_point"
      },
      "type": "Feature"
    },
    {
      "geometry": {
        "coordinates": [
          [
            [
              69.184427,
              41.3273881
            ],
            [
              69.1842801,
              41.3274
            ],
            [
              69.1842703,
              41.3273312
            ],
            [
              69.1841767,
              41.3273387
            ],
            [
              69.1840893,
              41.3273457
            ],
            [
              69.1840993,
              41.3274158
            ],
            [
              69.1839814,
              41.3274253
            ],
            [
              69.1839931,
              41.3275078
            ],
            [
              69.1840112,
              41.3276343
            ],
            [
              69.1842592,
              41.3276144
            ],
            [
              69.184457,
              41.3275985
            ],
            [
              69.184427,
              41.3273881
            ]
          ]
        ],
        "type": "Polygon"
      },
      "properties": {
        "amenity": "clinic",
        "district_assignment": "within",
        "district_name": "Shaykhantakhur district",
        "facility_category": "clinic",
        "facility_id": "hc_way_103251532",
        "geometry_assembly": "closed_way_polygon",
        "healthcare": "clinic",
        "latitude": 41.3274665,
        "longitude": 69.1842127,
        "name": "Medion",
        "normalized_name": "medion",
        "operator": null,
        "osm_id": 103251532,
        "osm_relation_type": null,
        "osm_type": "way",
        "representative_point_method": "polygon_representative_point"
      },
      "type": "Feature"
    },
    {
      "geometry": {
        "coordinates": [
          [
            [
              69.3032908,
              41.3074173
            ],
            [
              69.3030723,
              41.3075369
            ],
            [
              69.3035851,
              41.3079107
            ],
            [
              69.3036647,
              41.307965
            ],
            [
              69.3037956,
              41.3078486
            ],
            [
              69.3041153,
              41.3075989
            ],
            [
              69.3042475,
              41.3075633
            ],
            [
              69.3042406,
              41.3075529
            ],
            [
              69.3038775,
              41.3071292
            ],
            [
              69.3033214,
              41.3074023
            ],
            [
              69.3032908,
              41.3074173
            ]
          ]
        ],
        "type": "Polygon"
      },
      "properties": {
        "amenity": "clinic",
        "district_assignment": "within",
        "district_name": "Yashnabad district",
        "facility_category": "clinic",
        "facility_id": "hc_way_104128361",
        "geometry_assembly": "closed_way_polygon",
        "healthcare": "clinic",
        "latitude": 41.3075449,
        "longitude": 69.3036585,
        "name": "Ayol Care",
        "normalized_name": "ayol care",
        "operator": null,
        "osm_id": 104128361,
        "osm_relation_type": null,
        "osm_type": "way",
        "representative_point_method": "polygon_representative_point"
      },
      "type": "Feature"
    },
    {
      "geometry": {
        "coordinates": [
          [
            [
              69.1945001,
              41.3042305
            ],
            [
              69.1945065,
              41.3038742
            ],
            [
              69.1945153,
              41.3033782
            ],
            [
              69.1964127,
              41.3026367
            ],
            [
              69.1966015,
              41.3027323
            ],
            [
              69.1972797,
              41.3026301
            ],
            [
              69.1978911,
              41.3032333
            ],
            [
              69.1975809,
              41.3042513
            ],
            [
              69.1987244,
              41.3056442
            ],
            [
              69.1979301,
              41.3064223
            ],
            [
              69.1971174,
              41.3058919
            ],
            [
              69.1963785,
              41.3052015
            ],
            [
              69.195173,
              41.3044762
            ],
            [
              69.1945001,
              41.3042305
            ]
          ]
        ],
        "type": "Polygon"
      },
      "properties": {
        "amenity": "hospital",
        "district_assignment": "within",
        "district_name": "Shaykhantakhur district",
        "facility_category": "hospital",
        "facility_id": "hc_way_105716288",
        "geometry_assembly": "closed_way_polygon",
        "healthcare": "hospital",
        "latitude": 41.3048389,
        "longitude": 69.1969195,
        "name": "Ftiziatriya va pulmonologiya tibbiyot markazi",
        "normalized_name": "ftiziatriya va pulmonologiya tibbiyot markazi",
        "operator": null,
        "osm_id": 105716288,
        "osm_relation_type": null,
        "osm_type": "way",
        "representative_point_method": "polygon_representative_point"
      },
      "type": "Feature"
    },
    {
      "geometry": {
        "coordinates": [
          [
            [
              69.300943,
              41.3095727
            ],
            [
              69.300742,
              41.309676
            ],
            [
              69.3025086,
              41.3116158
            ],
            [
              69.3027134,
              41.3115106
            ],
            [
              69.3025466,
              41.3113274
            ],
            [
              69.3024937,
              41.3113546
            ],
            [
              69.3024423,
              41.3112981
            ],
            [
              69.3024968,
              41.3112701
            ],
            [
              69.3023687,
              41.3111294
            ],
            [
              69.3023118,
              41.3111587
            ],
            [
              69.3022632,
              41.3111053
            ],
            [
              69.3022245,
              41.3111252
            ],
            [
              69.3021761,
              41.311072
            ],
            [
              69.3025587,
              41.3108754
            ],
            [
              69.3024532,
              41.3107596
            ],
            [
              69.3020552,
              41.3109641
            ],
            [
              69.3019914,
              41.310894
            ],
            [
              69.302079,
              41.310849
            ],
            [
              69.3016871,
              41.3104187
            ],
            [
              69.3019033,
              41.3103076
            ],
            [
              69.3020407,
              41.3104584
            ],
            [
              69.3022135,
              41.3103696
            ],
            [
              69.3020756,
              41.3102181
            ],
            [
              69.3025117,
              41.309994
            ],
            [
              69.3026422,
              41.3101373
            ],
            [
              69.3027949,
              41.3100588
            ],
            [
              69.3026658,
              41.309917
            ],
            [
              69.3028844,
              41.3098047
            ],
            [
              69.3027491,
              41.3096562
            ],
            [
              69.3015705,
              41.3102617
            ],
            [
              69.300943,
              41.3095727
            ]
          ]
        ],
        "type": "Polygon"
      },
      "properties": {
        "amenity": "hospital",
        "district_assignment": "within",
        "district_name": "Yashnabad district",
        "facility_category": "hospital",
        "facility_id": "hc_way_105820896",
        "geometry_assembly": "closed_way_polygon",
        "healthcare": "hospital",
        "latitude": 41.310609,
        "longitude": 69.3017261,
        "name": "Отделение хирургии",
        "normalized_name": "отделение хирургии",
        "operator": null,
        "osm_id": 105820896,
        "osm_relation_type": null,
        "osm_type": "way",
        "representative_point_method": "polygon_representative_point"
      },
      "type": "Feature"
    },
    {
      "geometry": {
        "coordinates": [
          [
            [
              69.283191,
              41.2690263
            ],
            [
              69.2832126,
              41.2689568
            ],
            [
              69.2833793,
              41.2684209
            ],
            [
              69.2833821,
              41.2684118
            ],
            [
              69.2834243,
              41.2684189
            ],
            [
              69.2834851,
              41.2682478
            ],
            [
              69.2835034,
              41.2681883
            ],
            [
              69.283519,
              41.2681523
            ],
            [
              69.2835224,
              41.2681426
            ],
            [
              69.2835067,
              41.2678819
            ],
            [
              69.2828743,
              41.2677186
            ],
            [
              69.2830089,
              41.2676438
            ],
            [
              69.2832403,
              41.2675152
            ],
            [
              69.2838616,
              41.2677408
            ],
            [
              69.2842699,
              41.2680118
            ],
            [
              69.284463,
              41.2679164
            ],
            [
              69.2847222,
              41.268042
            ],
            [
              69.2848282,
              41.2681711
            ],
            [
              69.2845762,
              41.2684651
            ],
            [
              69.2839172,
              41.2691567
            ],
            [
              69.283191,
              41.2690263
            ]
          ]
        ],
        "type": "Polygon"
      },
      "properties": {
        "amenity": "hospital",
        "district_assignment": "within",
        "district_name": "Sergeli district",
        "facility_category": "hospital",
        "facility_id": "hc_way_106370366",
        "geometry_assembly": "closed_way_polygon",
        "healthcare": "hospital",
        "latitude": 41.2683298,
        "longitude": 69.2840741,
        "name": "№2 shahar kasalxonasi",
        "normalized_name": "2 shahar kasalxonasi",
        "operator": null,
        "osm_id": 106370366,
        "osm_relation_type": null,
        "osm_type": "way",
        "representative_point_method": "polygon_representative_point"
      },
      "type": "Feature"
    },
    {
      "geometry": {
        "coordinates": [
          [
            [
              69.2993021,
              41.3246987
            ],
            [
              69.2993983,
              41.3247229
            ],
            [
              69.2994414,
              41.3247372
            ],
            [
              69.29955,
              41.3248198
            ],
            [
              69.3010073,
              41.3248733
            ],
            [
              69.3014307,
              41.32488
            ],
            [
              69.3014714,
              41.3243681
            ],
            [
              69.3008915,
              41.3238054
            ],
            [
              69.3003888,
              41.323289
            ],
            [
              69.300288,
              41.3231981
            ],
            [
              69.3002141,
              41.3232111
            ],
            [
              69.2998987,
              41.3232499
            ],
            [
              69.298954,
              41.3234412
            ],
            [
              69.2989583,
              41.3238158
            ],
            [
              69.2989928,
              41.3239268
            ],
            [
              69.2988804,
              41.3240099
            ],
            [
              69.2988311,
              41.324343
            ],
            [
              69.2988179,
              41.3245371
            ],
            [
              69.2992614,
              41.3245437
            ],
            [
              69.2993466,
              41.3246191
            ],
            [
              69.2993021,
              41.3246987
            ]
          ]
        ],
        "type": "Polygon"
      },
      "properties": {
        "amenity": "hospital",
        "district_assignment": "within",
        "district_name": "Mirzo Ulugbek district",
        "facility_category": "hospital",
        "facility_id": "hc_way_106615656",
        "geometry_assembly": "closed_way_polygon",
        "healthcare": "hospital",
        "latitude": 41.3241764,
        "longitude": 69.3000648,
        "name": "Республиканский Специализированный Научно-практический Медицинский Центр Кардиологии",
        "normalized_name": "республиканский специализированный научно практический медицинский центр кардиологии",
        "operator": null,
        "osm_id": 106615656,
        "osm_relation_type": null,
        "osm_type": "way",
        "representative_point_method": "polygon_representative_point"
      },
      "type": "Feature"
    },
    {
      "geometry": {
        "coordinates": [
          [
            [
              69.3196951,
              41.2900762
            ],
            [
              69.319789,
              41.2901275
            ],
            [
              69.3202355,
              41.2899874
            ],
            [
              69.3206884,
              41.2898067
            ],
            [
              69.3210375,
              41.2896085
            ],
            [
              69.3210181,
              41.2895895
            ],
            [
              69.320945,
              41.2895178
            ],
            [
              69.3208265,
              41.2893786
            ],
            [
              69.3203455,
              41.2888437
            ],
            [
              69.3199162,
              41.2882666
            ],
            [
              69.3187989,
              41.2887804
            ],
            [
              69.3191208,
              41.2892265
            ],
            [
              69.3196771,
              41.2899974
            ],
            [
              69.3196951,
              41.2900762
            ]
          ]
        ],
        "type": "Polygon"
      },
      "properties": {
        "amenity": "hospital",
        "district_assignment": "within",
        "district_name": "Yashnabad district",
        "facility_category": "hospital",
        "facility_id": "hc_way_107191727",
        "geometry_assembly": "closed_way_polygon",
        "healthcare": "hospital",
        "latitude": 41.2890351,
        "longitude": 69.3197502,
        "name": "Nuroniy klinik shifoxonasi",
        "normalized_name": "nuroniy klinik shifoxonasi",
        "operator": null,
        "osm_id": 107191727,
        "osm_relation_type": null,
        "osm_type": "way",
        "representative_point_method": "polygon_representative_point"
      },
      "type": "Feature"
    },
    {
      "geometry": {
        "coordinates": [
          [
            [
              69.3513005,
              41.2844045
            ],
            [
              69.3514267,
              41.2842321
            ],
            [
              69.3515591,
              41.2842826
            ],
            [
              69.3514402,
              41.2844426
            ],
            [
              69.3513657,
              41.2844112
            ],
            [
              69.3513505,
              41.2844272
            ],
            [
              69.3513281,
              41.2844328
            ],
            [
              69.3513042,
              41.2844241
            ],
            [
              69.3513005,
              41.2844045
            ]
          ]
        ],
        "type": "Polygon"
      },
      "properties": {
        "amenity": "hospital",
        "district_assignment": "within",
        "district_name": "Yashnabad district",
        "facility_category": "hospital",
        "facility_id": "hc_way_107420934",
        "geometry_assembly": "closed_way_polygon",
        "healthcare": "hospital",
        "latitude": 41.2843436,
        "longitude": 69.3514295,
        "name": "Дом здоровья. Doktor Xonnazarov, Nevrologiya, Kardiologiya, Terapiya Markazi",
        "normalized_name": "дом здоровья doktor xonnazarov nevrologiya kardiologiya terapiya markazi",
        "operator": null,
        "osm_id": 107420934,
        "osm_relation_type": null,
        "osm_type": "way",
        "representative_point_method": "polygon_representative_point"
      },
      "type": "Feature"
    },
    {
      "geometry": {
        "coordinates": [
          [
            [
              69.3152263,
              41.2920828
            ],
            [
              69.3155247,
              41.2923103
            ],
            [
              69.3155781,
              41.2922969
            ],
            [
              69.3157518,
              41.2924174
            ],
            [
              69.3162951,
              41.2920092
            ],
            [
              69.3157963,
              41.2916545
            ],
            [
              69.3153555,
              41.2919857
            ],
            [
              69.3152263,
              41.2920828
            ]
          ]
        ],
        "type": "Polygon"
      },
      "properties": {
        "amenity": "hospital",
        "district_assignment": "within",
        "district_name": "Yashnabad district",
        "facility_category": "hospital",
        "facility_id": "hc_way_107430620",
        "geometry_assembly": "closed_way_polygon",
        "healthcare": "hospital",
        "latitude": 41.292046,
        "longitude": 69.3157607,
        "name": "Туберкулёзный диспансер Хамзинского района",
        "normalized_name": "туберкулёзный диспансер хамзинского района",
        "operator": null,
        "osm_id": 107430620,
        "osm_relation_type": null,
        "osm_type": "way",
        "representative_point_method": "polygon_representative_point"
      },
      "type": "Feature"
    },
    {
      "geometry": {
        "coordinates": [
          [
            [
              69.2126472,
              41.286136
            ],
            [
              69.212721,
              41.2859633
            ],
            [
              69.2125983,
              41.2859336
            ],
            [
              69.2124153,
              41.2863618
            ],
            [
              69.212538,
              41.2863914
            ],
            [
              69.2125941,
              41.2862602
            ],
            [
              69.2130282,
              41.2863619
            ],
            [
              69.2130753,
              41.2862331
            ],
            [
              69.2126472,
              41.286136
            ]
          ]
        ],
        "type": "Polygon"
      },
      "properties": {
        "amenity": "clinic",
        "district_assignment": "within",
        "district_name": "Chilanzar district",
        "facility_category": "clinic",
        "facility_id": "hc_way_107849014",
        "geometry_assembly": "closed_way_polygon",
        "healthcare": "clinic",
        "latitude": 41.2861846,
        "longitude": 69.2126762,
        "name": "Star Med Center",
        "normalized_name": "star med center",
        "operator": null,
        "osm_id": 107849014,
        "osm_relation_type": null,
        "osm_type": "way",
        "representative_point_method": "polygon_representative_point"
      },
      "type": "Feature"
    },
    {
      "geometry": {
        "coordinates": [
          [
            [
              69.3450623,
              41.2974659
            ],
            [
              69.3453028,
              41.2976738
            ],
            [
              69.3456216,
              41.2974655
            ],
            [
              69.3453811,
              41.2972577
            ],
            [
              69.3450623,
              41.2974659
            ]
          ]
        ],
        "type": "Polygon"
      },
      "properties": {
        "amenity": "hospital",
        "district_assignment": "within",
        "district_name": "Yashnabad district",
        "facility_category": "hospital",
        "facility_id": "hc_way_110761623",
        "geometry_assembly": "closed_way_polygon",
        "healthcare": "hospital",
        "latitude": 41.2974657,
        "longitude": 69.345342,
        "name": "Городская инфекционная больница N2",
        "normalized_name": "городская инфекционная больница n2",
        "operator": null,
        "osm_id": 110761623,
        "osm_relation_type": null,
        "osm_type": "way",
        "representative_point_method": "polygon_representative_point"
      },
      "type": "Feature"
    },
    {
      "geometry": {
        "coordinates": [
          [
            [
              69.2014258,
              41.2759237
            ],
            [
              69.201565,
              41.2760501
            ],
            [
              69.2017342,
              41.2759444
            ],
            [
              69.201595,
              41.2758195
            ],
            [
              69.2014258,
              41.2759237
            ]
          ]
        ],
        "type": "Polygon"
      },
      "properties": {
        "amenity": "clinic",
        "district_assignment": "within",
        "district_name": "Chilanzar district",
        "facility_category": "clinic",
        "facility_id": "hc_way_110851234",
        "geometry_assembly": "closed_way_polygon",
        "healthcare": "clinic",
        "latitude": 41.2759341,
        "longitude": 69.2015799,
        "name": "Республиканский центр по борьбе со СПИДом",
        "normalized_name": "республиканский центр по борьбе со спидом",
        "operator": null,
        "osm_id": 110851234,
        "osm_relation_type": null,
        "osm_type": "way",
        "representative_point_method": "polygon_representative_point"
      },
      "type": "Feature"
    },
    {
      "geometry": {
        "coordinates": [
          [
            [
              69.3879656,
              41.3457703
            ],
            [
              69.3876712,
              41.3457685
            ],
            [
              69.3876696,
              41.3459128
            ],
            [
              69.3887168,
              41.3459192
            ],
            [
              69.3887184,
              41.3457741
            ],
            [
              69.3880631,
              41.34577
            ],
            [
              69.3880653,
              41.345574
            ],
            [
              69.3879084,
              41.345573
            ],
            [
              69.3879067,
              41.3457205
            ],
            [
              69.3879661,
              41.3457208
            ],
            [
              69.3879656,
              41.3457703
            ]
          ]
        ],
        "type": "Polygon"
      },
      "properties": {
        "amenity": "hospital",
        "district_assignment": "within",
        "district_name": "Mirzo Ulugbek district",
        "facility_category": "hospital",
        "facility_id": "hc_way_115742427",
        "geometry_assembly": "closed_way_polygon",
        "healthcare": null,
        "latitude": 41.3457447,
        "longitude": 69.3880146,
        "name": "Туберкулезный диспансер №1",
        "normalized_name": "туберкулезный диспансер 1",
        "operator": null,
        "osm_id": 115742427,
        "osm_relation_type": null,
        "osm_type": "way",
        "representative_point_method": "polygon_representative_point"
      },
      "type": "Feature"
    },
    {
      "geometry": {
        "coordinates": [
          [
            [
              69.1764454,
              41.2705985
            ],
            [
              69.1762671,
              41.2707755
            ],
            [
              69.1761835,
              41.2707279
            ],
            [
              69.1762732,
              41.2706389
            ],
            [
              69.1760695,
              41.270523
            ],
            [
              69.1759654,
              41.2706263
            ],
            [
              69.1758775,
              41.2705763
            ],
            [
              69.1760702,
              41.270385
            ],
            [
              69.1764454,
              41.2705985
            ]
          ]
        ],
        "type": "Polygon"
      },
      "properties": {
        "amenity": "clinic",
        "district_assignment": "within",
        "district_name": "Chilanzar district",
        "facility_category": "clinic",
        "facility_id": "hc_way_118437791",
        "geometry_assembly": "closed_way_polygon",
        "healthcare": "clinic",
        "latitude": 41.2705874,
        "longitude": 69.1763043,
        "name": "Семейная поликлиника №35",
        "normalized_name": "семейная поликлиника 35",
        "operator": null,
        "osm_id": 118437791,
        "osm_relation_type": null,
        "osm_type": "way",
        "representative_point_method": "polygon_representative_point"
      },
      "type": "Feature"
    },
    {
      "geometry": {
        "coordinates": [
          [
            [
              69.2277956,
              41.2036811
            ],
            [
              69.2285524,
              41.2039882
            ],
            [
              69.2287358,
              41.2037709
            ],
            [
              69.2288882,
              41.2038256
            ],
            [
              69.2291379,
              41.2034429
            ],
            [
              69.2290602,
              41.2034164
            ],
            [
              69.2282241,
              41.2030716
            ],
            [
              69.2277956,
              41.2036811
            ]
          ]
        ],
        "type": "Polygon"
      },
      "properties": {
        "amenity": "hospital",
        "district_assignment": "within",
        "district_name": "Yangikhayot district",
        "facility_category": "hospital",
        "facility_id": "hc_way_121410885",
        "geometry_assembly": "closed_way_polygon",
        "healthcare": "hospital",
        "latitude": 41.203562,
        "longitude": 69.2284698,
        "name": "Наркологическая больница",
        "normalized_name": "наркологическая больница",
        "operator": null,
        "osm_id": 121410885,
        "osm_relation_type": null,
        "osm_type": "way",
        "representative_point_method": "polygon_representative_point"
      },
      "type": "Feature"
    },
    {
      "geometry": {
        "coordinates": [
          [
            [
              69.2271055,
              41.2033978
            ],
            [
              69.2256427,
              41.2028212
            ],
            [
              69.2260608,
              41.2022007
            ],
            [
              69.2267837,
              41.2024888
            ],
            [
              69.2275839,
              41.202802
            ],
            [
              69.2271055,
              41.2033978
            ]
          ]
        ],
        "type": "Polygon"
      },
      "properties": {
        "amenity": "hospital",
        "district_assignment": "within",
        "district_name": "Yangikhayot district",
        "facility_category": "hospital",
        "facility_id": "hc_way_121410889",
        "geometry_assembly": "closed_way_polygon",
        "healthcare": "hospital",
        "latitude": 41.2026454,
        "longitude": 69.2264725,
        "name": "Городской КВД",
        "normalized_name": "городской квд",
        "operator": null,
        "osm_id": 121410889,
        "osm_relation_type": null,
        "osm_type": "way",
        "representative_point_method": "polygon_representative_point"
      },
      "type": "Feature"
    },
    {
      "geometry": {
        "coordinates": [
          [
            [
              69.365916,
              41.3308976
            ],
            [
              69.3658527,
              41.3309361
            ],
            [
              69.3657794,
              41.3308683
            ],
            [
              69.3656453,
              41.33095
            ],
            [
              69.365684,
              41.3309858
            ],
            [
              69.3658153,
              41.3311074
            ],
            [
              69.3660915,
              41.3313632
            ],
            [
              69.3662219,
              41.3312838
            ],
            [
              69.3659033,
              41.3309888
            ],
            [
              69.3659766,
              41.3309442
            ],
            [
              69.3660224,
              41.3309866
            ],
            [
              69.3661927,
              41.3308828
            ],
            [
              69.3660082,
              41.330712
            ],
            [
              69.3658317,
              41.3308195
            ],
            [
              69.365916,
              41.3308976
            ]
          ]
        ],
        "type": "Polygon"
      },
      "properties": {
        "amenity": "clinic",
        "district_assignment": "within",
        "district_name": "Mirzo Ulugbek district",
        "facility_category": "clinic",
        "facility_id": "hc_way_123068545",
        "geometry_assembly": "closed_way_polygon",
        "healthcare": "clinic",
        "latitude": 41.3310481,
        "longitude": 69.3658593,
        "name": "8 chi oilaviy poliklinika",
        "normalized_name": "8 chi oilaviy poliklinika",
        "operator": null,
        "osm_id": 123068545,
        "osm_relation_type": null,
        "osm_type": "way",
        "representative_point_method": "polygon_representative_point"
      },
      "type": "Feature"
    },
    {
      "geometry": {
        "coordinates": [
          [
            [
              69.3855405,
              41.3544779
            ],
            [
              69.385764,
              41.354573
            ],
            [
              69.3858197,
              41.3544993
            ],
            [
              69.3857041,
              41.3544501
            ],
            [
              69.3858839,
              41.354212
            ],
            [
              69.3859683,
              41.3542479
            ],
            [
              69.3861125,
              41.3540569
            ],
            [
              69.3858578,
              41.3539485
            ],
            [
              69.3857175,
              41.3541343
            ],
            [
              69.3857798,
              41.3541609
            ],
            [
              69.3855405,
              41.3544779
            ]
          ]
        ],
        "type": "Polygon"
      },
      "properties": {
        "amenity": "hospital",
        "district_assignment": "within",
        "district_name": "Mirzo Ulugbek district",
        "facility_category": "hospital",
        "facility_id": "hc_way_124176139",
        "geometry_assembly": "closed_way_polygon",
        "healthcare": "hospital",
        "latitude": 41.354349,
        "longitude": 69.3857091,
        "name": "Центральная диагностическая поликлиника",
        "normalized_name": "центральная диагностическая поликлиника",
        "operator": null,
        "osm_id": 124176139,
        "osm_relation_type": null,
        "osm_type": "way",
        "representative_point_method": "polygon_representative_point"
      },
      "type": "Feature"
    },
    {
      "geometry": {
        "coordinates": [
          [
            [
              69.2597471,
              41.3435248
            ],
            [
              69.2599857,
              41.343376
            ],
            [
              69.2601333,
              41.3432728
            ],
            [
              69.2601754,
              41.3430591
            ],
            [
              69.2614286,
              41.3423635
            ],
            [
              69.2626478,
              41.344131
            ],
            [
              69.2612949,
              41.3449093
            ],
            [
              69.2597471,
              41.3435248
            ]
          ]
        ],
        "type": "Polygon"
      },
      "properties": {
        "amenity": "hospital",
        "district_assignment": "within",
        "district_name": "Almazar district",
        "facility_category": "hospital",
        "facility_id": "hc_way_132726264",
        "geometry_assembly": "closed_way_polygon",
        "healthcare": "hospital",
        "latitude": 41.3438279,
        "longitude": 69.2612623,
        "name": "3 chi tug'ruqxona",
        "normalized_name": "3 chi tugruqxona",
        "operator": null,
        "osm_id": 132726264,
        "osm_relation_type": null,
        "osm_type": "way",
        "representative_point_method": "polygon_representative_point"
      },
      "type": "Feature"
    },
    {
      "geometry": {
        "coordinates": [
          [
            [
              69.3888459,
              41.3499159
            ],
            [
              69.3886103,
              41.3502304
            ],
            [
              69.3887889,
              41.3503059
            ],
            [
              69.3890491,
              41.3499585
            ],
            [
              69.3889089,
              41.3498994
            ],
            [
              69.3889543,
              41.349837
            ],
            [
              69.3887062,
              41.3497352
            ],
            [
              69.388637,
              41.3498303
            ],
            [
              69.3888459,
              41.3499159
            ]
          ]
        ],
        "type": "Polygon"
      },
      "properties": {
        "amenity": "clinic",
        "district_assignment": "within",
        "district_name": "Mirzo Ulugbek district",
        "facility_category": "clinic",
        "facility_id": "hc_way_134104365",
        "geometry_assembly": "closed_way_polygon",
        "healthcare": "clinic",
        "latitude": 41.3500945,
        "longitude": 69.3888297,
        "name": "MediMax",
        "normalized_name": "medimax",
        "operator": null,
        "osm_id": 134104365,
        "osm_relation_type": null,
        "osm_type": "way",
        "representative_point_method": "polygon_representative_point"
      },
      "type": "Feature"
    },
    {
      "geometry": {
        "coordinates": [
          [
            [
              69.2240931,
              41.2850414
            ],
            [
              69.2243509,
              41.2851376
            ],
            [
              69.2244435,
              41.2850791
            ],
            [
              69.2242357,
              41.2848828
            ],
            [
              69.2241644,
              41.2849621
            ],
            [
              69.2240931,
              41.2850414
            ]
          ]
        ],
        "type": "Polygon"
      },
      "properties": {
        "amenity": "clinic",
        "district_assignment": "within",
        "district_name": "Chilanzar district",
        "facility_category": "clinic",
        "facility_id": "hc_way_136052871",
        "geometry_assembly": "closed_way_polygon",
        "healthcare": "clinic",
        "latitude": 41.2850017,
        "longitude": 69.2242452,
        "name": "Estimed",
        "normalized_name": "estimed",
        "operator": null,
        "osm_id": 136052871,
        "osm_relation_type": null,
        "osm_type": "way",
        "representative_point_method": "polygon_representative_point"
      },
      "type": "Feature"
    },
    {
      "geometry": {
        "coordinates": [
          [
            [
              69.2416766,
              41.347197
            ],
            [
              69.2416882,
              41.3473189
            ],
            [
              69.2423316,
              41.3472631
            ],
            [
              69.2426024,
              41.3472468
            ],
            [
              69.2427966,
              41.3472284
            ],
            [
              69.2427904,
              41.3471695
            ],
            [
              69.2426583,
              41.3460312
            ],
            [
              69.2417079,
              41.3460007
            ],
            [
              69.2416152,
              41.3465804
            ],
            [
              69.2416288,
              41.3467195
            ],
            [
              69.2416523,
              41.3469589
            ],
            [
              69.2416766,
              41.347197
            ]
          ]
        ],
        "type": "Polygon"
      },
      "properties": {
        "amenity": "hospital",
        "district_assignment": "within",
        "district_name": "Almazar district",
        "facility_category": "hospital",
        "facility_id": "hc_way_136160798",
        "geometry_assembly": "closed_way_polygon",
        "healthcare": "hospital",
        "latitude": 41.3466499,
        "longitude": 69.2421761,
        "name": "Родильный дом №2",
        "normalized_name": "родильный дом 2",
        "operator": null,
        "osm_id": 136160798,
        "osm_relation_type": null,
        "osm_type": "way",
        "representative_point_method": "polygon_representative_point"
      },
      "type": "Feature"
    },
    {
      "geometry": {
        "coordinates": [
          [
            [
              69.2225127,
              41.280134
            ],
            [
              69.2225955,
              41.2800795
            ],
            [
              69.2226569,
              41.2800392
            ],
            [
              69.2227744,
              41.2799619
            ],
            [
              69.2229195,
              41.2798665
            ],
            [
              69.2230895,
              41.2800125
            ],
            [
              69.2226827,
              41.28028
            ],
            [
              69.2225127,
              41.280134
            ]
          ]
        ],
        "type": "Polygon"
      },
      "properties": {
        "amenity": "clinic",
        "district_assignment": "within",
        "district_name": "Chilanzar district",
        "facility_category": "clinic",
        "facility_id": "hc_way_136473973",
        "geometry_assembly": "closed_way_polygon",
        "healthcare": "clinic",
        "latitude": 41.2800594,
        "longitude": 69.2228222,
        "name": "Семейная поликлиника 34",
        "normalized_name": "семейная поликлиника 34",
        "operator": null,
        "osm_id": 136473973,
        "osm_relation_type": null,
        "osm_type": "way",
        "representative_point_method": "polygon_representative_point"
      },
      "type": "Feature"
    },
    {
      "geometry": {
        "coordinates": [
          [
            [
              69.3060219,
              41.2725203
            ],
            [
              69.3072502,
              41.2729195
            ],
            [
              69.3076447,
              41.2722406
            ],
            [
              69.3065437,
              41.2718697
            ],
            [
              69.3064097,
              41.2718321
            ],
            [
              69.3061386,
              41.2723132
            ],
            [
              69.3060219,
              41.2725203
            ]
          ]
        ],
        "type": "Polygon"
      },
      "properties": {
        "amenity": "hospital",
        "district_assignment": "within",
        "district_name": "Mirabad district",
        "facility_category": "hospital",
        "facility_id": "hc_way_136496731",
        "geometry_assembly": "closed_way_polygon",
        "healthcare": "hospital",
        "latitude": 41.2724167,
        "longitude": 69.3068113,
        "name": "3-son shahar klinik shifoxonasi",
        "normalized_name": "3 son shahar klinik shifoxonasi",
        "operator": null,
        "osm_id": 136496731,
        "osm_relation_type": null,
        "osm_type": "way",
        "representative_point_method": "polygon_representative_point"
      },
      "type": "Feature"
    },
    {
      "geometry": {
        "coordinates": [
          [
            [
              69.212306,
              41.3628814
            ],
            [
              69.2131952,
              41.362889
            ],
            [
              69.2132122,
              41.3624453
            ],
            [
              69.2144402,
              41.3623996
            ],
            [
              69.2144397,
              41.3618981
            ],
            [
              69.2144397,
              41.3618613
            ],
            [
              69.21347,
              41.3618638
            ],
            [
              69.2106899,
              41.3628318
            ],
            [
              69.2093067,
              41.3634853
            ],
            [
              69.2089775,
              41.3636316
            ],
            [
              69.2089795,
              41.363814
            ],
            [
              69.2094443,
              41.3638118
            ],
            [
              69.2095131,
              41.3638128
            ],
            [
              69.2120307,
              41.3637454
            ],
            [
              69.2121661,
              41.3637459
            ],
            [
              69.2123295,
              41.363748
            ],
            [
              69.212306,
              41.3628814
            ]
          ]
        ],
        "type": "Polygon"
      },
      "properties": {
        "amenity": "hospital",
        "district_assignment": "within",
        "district_name": "Almazar district",
        "facility_category": "hospital",
        "facility_id": "hc_way_141318149",
        "geometry_assembly": "closed_way_polygon",
        "healthcare": "hospital",
        "latitude": 41.3628566,
        "longitude": 69.2119169,
        "name": "Цетнтральный военный госпиталь СГБ",
        "normalized_name": "цетнтральный военный госпиталь сгб",
        "operator": null,
        "osm_id": 141318149,
        "osm_relation_type": null,
        "osm_type": "way",
        "representative_point_method": "polygon_representative_point"
      },
      "type": "Feature"
    },
    {
      "geometry": {
        "coordinates": [
          [
            [
              69.3364856,
              41.3540478
            ],
            [
              69.3357443,
              41.3548804
            ],
            [
              69.3371065,
              41.3555269
            ],
            [
              69.3365317,
              41.355984
            ],
            [
              69.3372802,
              41.3564723
            ],
            [
              69.3376515,
              41.3561627
            ],
            [
              69.3377562,
              41.3562044
            ],
            [
              69.3386082,
              41.3565437
            ],
            [
              69.3394561,
              41.3554529
            ],
            [
              69.3383275,
              41.354893
            ],
            [
              69.3387953,
              41.3543819
            ],
            [
              69.3376882,
              41.3538708
            ],
            [
              69.3372827,
              41.3544172
            ],
            [
              69.3364856,
              41.3540478
            ]
          ]
        ],
        "type": "Polygon"
      },
      "properties": {
        "amenity": "hospital",
        "district_assignment": "within",
        "district_name": "Yunusabad district",
        "facility_category": "hospital",
        "facility_id": "hc_way_143350648",
        "geometry_assembly": "closed_way_polygon",
        "healthcare": null,
        "latitude": 41.3551729,
        "longitude": 69.3376263,
        "name": "Toshkent Davlat Pedyatriya Instituti",
        "normalized_name": "toshkent davlat pedyatriya instituti",
        "operator": null,
        "osm_id": 143350648,
        "osm_relation_type": null,
        "osm_type": "way",
        "representative_point_method": "polygon_representative_point"
      },
      "type": "Feature"
    },
    {
      "geometry": {
        "coordinates": [
          [
            [
              69.2619525,
              41.338968
            ],
            [
              69.2620557,
              41.3389854
            ],
            [
              69.2620292,
              41.3390749
            ],
            [
              69.2622893,
              41.3391188
            ],
            [
              69.2623138,
              41.3390359
            ],
            [
              69.2624287,
              41.3390553
            ],
            [
              69.2623666,
              41.3392647
            ],
            [
              69.2618884,
              41.3391841
            ],
            [
              69.2619525,
              41.338968
            ]
          ]
        ],
        "type": "Polygon"
      },
      "properties": {
        "amenity": "clinic",
        "district_assignment": "within",
        "district_name": "Shaykhantakhur district",
        "facility_category": "clinic",
        "facility_id": "hc_way_143446100",
        "geometry_assembly": "closed_way_polygon",
        "healthcare": "clinic",
        "latitude": 41.3390969,
        "longitude": 69.2620368,
        "name": "41-oilaviy poliklinika",
        "normalized_name": "41 oilaviy poliklinika",
        "operator": null,
        "osm_id": 143446100,
        "osm_relation_type": null,
        "osm_type": "way",
        "representative_point_method": "polygon_representative_point"
      },
      "type": "Feature"
    },
    {
      "geometry": {
        "coordinates": [
          [
            [
              69.2777568,
              41.3366646
            ],
            [
              69.2780269,
              41.3367342
            ],
            [
              69.2779823,
              41.3368311
            ],
            [
              69.2791562,
              41.3371407
            ],
            [
              69.2791732,
              41.3371492
            ],
            [
              69.2791872,
              41.3371606
            ],
            [
              69.2791979,
              41.3371744
            ],
            [
              69.2792029,
              41.3371889
            ],
            [
              69.2792072,
              41.3372041
            ],
            [
              69.2792057,
              41.3372208
            ],
            [
              69.2791971,
              41.3372368
            ],
            [
              69.2791845,
              41.3372522
            ],
            [
              69.2791568,
              41.3372462
            ],
            [
              69.279084,
              41.337393
            ],
            [
              69.2791507,
              41.3374081
            ],
            [
              69.2791879,
              41.3374165
            ],
            [
              69.279212,
              41.3373719
            ],
            [
              69.2793998,
              41.3374207
            ],
            [
              69.2794174,
              41.3374065
            ],
            [
              69.2794405,
              41.3373963
            ],
            [
              69.2794678,
              41.337391
            ],
            [
              69.2794972,
              41.3373933
            ],
            [
              69.2795226,
              41.3374035
            ],
            [
              69.2795446,
              41.3374198
            ],
            [
              69.2795559,
              41.3374411
            ],
            [
              69.2795625,
              41.337463
            ],
            [
              69.2798425,
              41.3375357
            ],
            [
              69.2798183,
              41.3375924
            ],
            [
              69.2798534,
              41.3376016
            ],
            [
              69.2798945,
              41.3375222
            ],
            [
              69.2798296,
              41.3375029
            ],
            [
              69.2798849,
              41.3373805
            ],
            [
              69.2799516,
              41.3373957
            ],
            [
              69.280084,
              41.3371338
            ],
            [
              69.2801439,
              41.3371491
            ],
            [
              69.2800133,
              41.337411
            ],
            [
              69.2805648,
              41.3375546
            ],
            [
              69.2805085,
              41.337678
            ],
            [
              69.2799386,
              41.3375327
            ],
            [
              69.2798845,
              41.3376422
            ],
            [
              69.2797993,
              41.3376223
            ],
            [
              69.2797727,
              41.3376857
            ],
            [
              69.279561,
              41.3376306
            ],
            [
              69.2794673,
              41.3378053
            ],
            [
              69.2791906,
              41.3377313
            ],
            [
              69.2792894,
              41.33756
            ],
            [
              69.2791362,
              41.3375202
            ],
            [
              69.279165,
              41.3374671
            ],
            [
              69.2791285,
              41.3374584
            ],
            [
              69.2790608,
              41.3374422
            ],
            [
              69.2789242,
              41.3377153
            ],
            [
              69.2787796,
              41.3376759
            ],
            [
              69.2790019,
              41.3372059
            ],
            [
              69.2789451,
              41.3371905
            ],
            [
              69.2789353,
              41.3372138
            ],
            [
              69.2781119,
              41.3370046
            ],
            [
              69.2781287,
              41.3369741
            ],
            [
              69.2779445,
              41.3369342
            ],
            [
              69.2777786,
              41.3372679
            ],
            [
              69.2775893,
              41.3372192
            ],
            [
              69.277646,
              41.3370995
            ],
            [
              69.2776167,
              41.3370912
            ],
            [
              69.2777163,
              41.3368635
            ],
            [
              69.2778791,
              41.3369042
            ],
            [
              69.2779188,
              41.3368285
            ],
            [
              69.2776996,
              41.3367735
            ],
            [
              69.2777568,
              41.3366646
            ]
          ]
        ],
        "type": "Polygon"
      },
      "properties": {
        "amenity": "hospital",
        "district_assignment": "within",
        "district_name": "Yunusabad district",
        "facility_category": "hospital",
        "facility_id": "hc_way_143446112",
        "geometry_assembly": "closed_way_polygon",
        "healthcare": "hospital",
        "latitude": 41.3372288,
        "longitude": 69.2790962,
        "name": "Семашко",
        "normalized_name": "семашко",
        "operator": null,
        "osm_id": 143446112,
        "osm_relation_type": null,
        "osm_type": "way",
        "representative_point_method": "polygon_representative_point"
      },
      "type": "Feature"
    },
    {
      "geometry": {
        "coordinates": [
          [
            [
              69.2174132,
              41.3266128
            ],
            [
              69.2175126,
              41.3267108
            ],
            [
              69.2176487,
              41.3266331
            ],
            [
              69.2180146,
              41.3264267
            ],
            [
              69.2181019,
              41.3265147
            ],
            [
              69.2183478,
              41.3263769
            ],
            [
              69.2181648,
              41.3261928
            ],
            [
              69.2179189,
              41.3263306
            ],
            [
              69.2179461,
              41.3263582
            ],
            [
              69.2175796,
              41.3265649
            ],
            [
              69.2175493,
              41.326535
            ],
            [
              69.2174132,
              41.3266128
            ]
          ]
        ],
        "type": "Polygon"
      },
      "properties": {
        "amenity": "clinic",
        "district_assignment": "within",
        "district_name": "Shaykhantakhur district",
        "facility_category": "clinic",
        "facility_id": "hc_way_144058844",
        "geometry_assembly": "closed_way_polygon",
        "healthcare": "clinic",
        "latitude": 41.3264707,
        "longitude": 69.2178416,
        "name": "Поликлиника №44",
        "normalized_name": "поликлиника 44",
        "operator": null,
        "osm_id": 144058844,
        "osm_relation_type": null,
        "osm_type": "way",
        "representative_point_method": "polygon_representative_point"
      },
      "type": "Feature"
    },
    {
      "geometry": {
        "coordinates": [
          [
            [
              69.2367839,
              41.284959
            ],
            [
              69.236235,
              41.2850795
            ],
            [
              69.2365103,
              41.2857875
            ],
            [
              69.2363909,
              41.2858137
            ],
            [
              69.2364356,
              41.2859286
            ],
            [
              69.2367485,
              41.2858598
            ],
            [
              69.2364649,
              41.2851308
            ],
            [
              69.2368204,
              41.2850528
            ],
            [
              69.2367839,
              41.284959
            ]
          ]
        ],
        "type": "Polygon"
      },
      "properties": {
        "amenity": "hospital",
        "district_assignment": "within",
        "district_name": "Yakkasaray district",
        "facility_category": "hospital",
        "facility_id": "hc_way_145294135",
        "geometry_assembly": "closed_way_polygon",
        "healthcare": "clinic",
        "latitude": 41.2854591,
        "longitude": 69.2364876,
        "name": "Городской психоневрологический диспансер №1",
        "normalized_name": "городской психоневрологический диспансер 1",
        "operator": null,
        "osm_id": 145294135,
        "osm_relation_type": null,
        "osm_type": "way",
        "representative_point_method": "polygon_representative_point"
      },
      "type": "Feature"
    },
    {
      "geometry": {
        "coordinates": [
          [
            [
              69.2785664,
              41.2904099
            ],
            [
              69.2784985,
              41.2903156
            ],
            [
              69.2788061,
              41.2901103
            ],
            [
              69.2799587,
              41.2896539
            ],
            [
              69.2800859,
              41.2898284
            ],
            [
              69.2802605,
              41.2897433
            ],
            [
              69.2803193,
              41.2896931
            ],
            [
              69.2803945,
              41.2896289
            ],
            [
              69.2810264,
              41.289284
            ],
            [
              69.2807557,
              41.2890135
            ],
            [
              69.2806313,
              41.2889281
            ],
            [
              69.2803213,
              41.2887681
            ],
            [
              69.2801481,
              41.2886191
            ],
            [
              69.2802374,
              41.2880124
            ],
            [
              69.280027,
              41.287822
            ],
            [
              69.2797854,
              41.2877002
            ],
            [
              69.2794681,
              41.2876499
            ],
            [
              69.2774363,
              41.2867332
            ],
            [
              69.2775954,
              41.2865458
            ],
            [
              69.2767913,
              41.2860055
            ],
            [
              69.2760891,
              41.2858759
            ],
            [
              69.2756062,
              41.2864703
            ],
            [
              69.2766331,
              41.2870192
            ],
            [
              69.2760668,
              41.2876261
            ],
            [
              69.2758057,
              41.2875484
            ],
            [
              69.2753481,
              41.2880735
            ],
            [
              69.2748692,
              41.2884963
            ],
            [
              69.2757578,
              41.2891418
            ],
            [
              69.2761715,
              41.2894617
            ],
            [
              69.276468,
              41.2896825
            ],
            [
              69.277868,
              41.2896753
            ],
            [
              69.2781084,
              41.2897713
            ],
            [
              69.2778507,
              41.2901006
            ],
            [
              69.2779949,
              41.2901666
            ],
            [
              69.2779383,
              41.2902531
            ],
            [
              69.2783972,
              41.2903893
            ],
            [
              69.2784855,
              41.2904031
            ],
            [
              69.2785542,
              41.2904139
            ],
            [
              69.2785664,
              41.2904099
            ]
          ]
        ],
        "type": "Polygon"
      },
      "properties": {
        "amenity": "hospital",
        "district_assignment": "within",
        "district_name": "Mirabad district",
        "facility_category": "hospital",
        "facility_id": "hc_way_147464980",
        "geometry_assembly": "closed_way_polygon",
        "healthcare": "hospital",
        "latitude": 41.2882849,
        "longitude": 69.277653,
        "name": null,
        "normalized_name": "",
        "operator": null,
        "osm_id": 147464980,
        "osm_relation_type": null,
        "osm_type": "way",
        "representative_point_method": "polygon_representative_point"
      },
      "type": "Feature"
    },
    {
      "geometry": {
        "coordinates": [
          [
            [
              69.2166721,
              41.3541438
            ],
            [
              69.2184508,
              41.3539958
            ],
            [
              69.2184709,
              41.3539941
            ],
            [
              69.2187025,
              41.3554342
            ],
            [
              69.2187644,
              41.3555017
            ],
            [
              69.2187161,
              41.3555149
            ],
            [
              69.2186201,
              41.355541
            ],
            [
              69.2181201,
              41.3556493
            ],
            [
              69.2181003,
              41.3556536
            ],
            [
              69.2179829,
              41.3554848
            ],
            [
              69.2168582,
              41.355524
            ],
            [
              69.2166721,
              41.3541438
            ]
          ]
        ],
        "type": "Polygon"
      },
      "properties": {
        "amenity": "hospital",
        "district_assignment": "within",
        "district_name": "Almazar district",
        "facility_category": "hospital",
        "facility_id": "hc_way_149358564",
        "geometry_assembly": "closed_way_polygon",
        "healthcare": "hospital",
        "latitude": 41.354789,
        "longitude": 69.2176789,
        "name": "Respublika ko'z kasalliklari shifoxonasi",
        "normalized_name": "respublika koz kasalliklari shifoxonasi",
        "operator": null,
        "osm_id": 149358564,
        "osm_relation_type": null,
        "osm_type": "way",
        "representative_point_method": "polygon_representative_point"
      },
      "type": "Feature"
    },
    {
      "geometry": {
        "coordinates": [
          [
            [
              69.1949412,
              41.3598976
            ],
            [
              69.1954581,
              41.3591562
            ],
            [
              69.1957983,
              41.3589463
            ],
            [
              69.1958836,
              41.3588476
            ],
            [
              69.1974888,
              41.3582129
            ],
            [
              69.1981832,
              41.3580928
            ],
            [
              69.1988378,
              41.357947
            ],
            [
              69.2001014,
              41.3576811
            ],
            [
              69.2003291,
              41.3575439
            ],
            [
              69.2005289,
              41.3574577
            ],
            [
              69.2007115,
              41.3574706
            ],
            [
              69.2010767,
              41.3575995
            ],
            [
              69.2015446,
              41.3575866
            ],
            [
              69.2016302,
              41.3575609
            ],
            [
              69.2016302,
              41.357462
            ],
            [
              69.2019155,
              41.3573588
            ],
            [
              69.2026345,
              41.3573588
            ],
            [
              69.2033877,
              41.3576425
            ],
            [
              69.2037338,
              41.3581001
            ],
            [
              69.2024259,
              41.3589529
            ],
            [
              69.2022465,
              41.3590699
            ],
            [
              69.2014506,
              41.3594309
            ],
            [
              69.2006548,
              41.3591058
            ],
            [
              69.2002639,
              41.3590588
            ],
            [
              69.2002757,
              41.3595338
            ],
            [
              69.2007099,
              41.3596774
            ],
            [
              69.2005024,
              41.3600927
            ],
            [
              69.1999875,
              41.3598746
            ],
            [
              69.1977847,
              41.3599328
            ],
            [
              69.1951108,
              41.3601765
            ],
            [
              69.195026,
              41.3600566
            ],
            [
              69.1949412,
              41.3598976
            ]
          ]
        ],
        "type": "Polygon"
      },
      "properties": {
        "amenity": "hospital",
        "district_assignment": "within",
        "district_name": "Almazar district",
        "facility_category": "hospital",
        "facility_id": "hc_way_149526538",
        "geometry_assembly": "closed_way_polygon",
        "healthcare": "hospital",
        "latitude": 41.3585303,
        "longitude": 69.1998801,
        "name": "Pediatriya instituti",
        "normalized_name": "pediatriya instituti",
        "operator": null,
        "osm_id": 149526538,
        "osm_relation_type": null,
        "osm_type": "way",
        "representative_point_method": "polygon_representative_point"
      },
      "type": "Feature"
    },
    {
      "geometry": {
        "coordinates": [
          [
            [
              69.2353645,
              41.3494084
            ],
            [
              69.2353778,
              41.3495177
            ],
            [
              69.2356053,
              41.3495021
            ],
            [
              69.2356287,
              41.3496955
            ],
            [
              69.2353892,
              41.3497118
            ],
            [
              69.2354108,
              41.3498909
            ],
            [
              69.2359962,
              41.3498509
            ],
            [
              69.235974,
              41.3496672
            ],
            [
              69.2357275,
              41.349684
            ],
            [
              69.2357035,
              41.3494864
            ],
            [
              69.2363081,
              41.3494452
            ],
            [
              69.2362959,
              41.3493448
            ],
            [
              69.2353645,
              41.3494084
            ]
          ]
        ],
        "type": "Polygon"
      },
      "properties": {
        "amenity": "hospital",
        "district_assignment": "within",
        "district_name": "Almazar district",
        "facility_category": "hospital",
        "facility_id": "hc_way_149535645",
        "geometry_assembly": "closed_way_polygon",
        "healthcare": "hospital",
        "latitude": 41.3495925,
        "longitude": 69.2356663,
        "name": "Туберкулёзный диспансер",
        "normalized_name": "туберкулёзный диспансер",
        "operator": null,
        "osm_id": 149535645,
        "osm_relation_type": null,
        "osm_type": "way",
        "representative_point_method": "polygon_representative_point"
      },
      "type": "Feature"
    },
    {
      "geometry": {
        "coordinates": [
          [
            [
              69.3588002,
              41.3563678
            ],
            [
              69.3587673,
              41.3563858
            ],
            [
              69.3587962,
              41.3564055
            ],
            [
              69.3588257,
              41.3564237
            ],
            [
              69.3588549,
              41.3564383
            ],
            [
              69.3588856,
              41.3564506
            ],
            [
              69.358919,
              41.3564594
            ],
            [
              69.3589538,
              41.3564657
            ],
            [
              69.3589876,
              41.3564662
            ],
            [
              69.3590211,
              41.3564639
            ],
            [
              69.3590177,
              41.3564306
            ],
            [
              69.359321,
              41.3564135
            ],
            [
              69.3593183,
              41.3563001
            ],
            [
              69.359013,
              41.356309
            ],
            [
              69.3590088,
              41.356287
            ],
            [
              69.3589618,
              41.3562738
            ],
            [
              69.3589274,
              41.3562862
            ],
            [
              69.3586827,
              41.3560712
            ],
            [
              69.3585512,
              41.3561473
            ],
            [
              69.3588002,
              41.3563678
            ]
          ]
        ],
        "type": "Polygon"
      },
      "properties": {
        "amenity": "clinic",
        "district_assignment": "within",
        "district_name": "Mirzo Ulugbek district",
        "facility_category": "clinic",
        "facility_id": "hc_way_151712914",
        "geometry_assembly": "closed_way_polygon",
        "healthcare": null,
        "latitude": 41.3562106,
        "longitude": 69.358732,
        "name": null,
        "normalized_name": "",
        "operator": null,
        "osm_id": 151712914,
        "osm_relation_type": null,
        "osm_type": "way",
        "representative_point_method": "polygon_representative_point"
      },
      "type": "Feature"
    },
    {
      "geometry": {
        "coordinates": [
          [
            [
              69.3363759,
              41.3241658
            ],
            [
              69.3364879,
              41.3238759
            ],
            [
              69.3365412,
              41.3235886
            ],
            [
              69.3362998,
              41.3232377
            ],
            [
              69.3361054,
              41.3231553
            ],
            [
              69.3355253,
              41.3230399
            ],
            [
              69.3347838,
              41.32297
            ],
            [
              69.3347181,
              41.3230984
            ],
            [
              69.334543,
              41.3231727
            ],
            [
              69.3344365,
              41.3235949
            ],
            [
              69.3343451,
              41.3240201
            ],
            [
              69.3357722,
              41.3241445
            ],
            [
              69.3363759,
              41.3241658
            ]
          ]
        ],
        "type": "Polygon"
      },
      "properties": {
        "amenity": "hospital",
        "district_assignment": "within",
        "district_name": "Mirzo Ulugbek district",
        "facility_category": "hospital",
        "facility_id": "hc_way_156960977",
        "geometry_assembly": "closed_way_polygon",
        "healthcare": "hospital",
        "latitude": 41.3234132,
        "longitude": 69.3354514,
        "name": "Центральная клиническая больница №2",
        "normalized_name": "центральная клиническая больница 2",
        "operator": null,
        "osm_id": 156960977,
        "osm_relation_type": null,
        "osm_type": "way",
        "representative_point_method": "polygon_representative_point"
      },
      "type": "Feature"
    },
    {
      "geometry": {
        "coordinates": [
          [
            [
              69.2497481,
              41.3071601
            ],
            [
              69.2499017,
              41.3064798
            ],
            [
              69.2489291,
              41.3063667
            ],
            [
              69.2488638,
              41.3066152
            ],
            [
              69.2488224,
              41.3067533
            ],
            [
              69.2492703,
              41.3070153
            ],
            [
              69.249591,
              41.3071176
            ],
            [
              69.2497481,
              41.3071601
            ]
          ]
        ],
        "type": "Polygon"
      },
      "properties": {
        "amenity": "hospital",
        "district_assignment": "within",
        "district_name": "Chilanzar district",
        "facility_category": "hospital",
        "facility_id": "hc_way_163078178",
        "geometry_assembly": "closed_way_polygon",
        "healthcare": null,
        "latitude": 41.3068843,
        "longitude": 69.2494284,
        "name": "5-sonli Yuqumli kasalliklar shifoxonasi",
        "normalized_name": "5 sonli yuqumli kasalliklar shifoxonasi",
        "operator": null,
        "osm_id": 163078178,
        "osm_relation_type": null,
        "osm_type": "way",
        "representative_point_method": "polygon_representative_point"
      },
      "type": "Feature"
    },
    {
      "geometry": {
        "coordinates": [
          [
            [
              69.2258412,
              41.3608556
            ],
            [
              69.2258335,
              41.3609802
            ],
            [
              69.2260112,
              41.3609863
            ],
            [
              69.2260189,
              41.3608618
            ],
            [
              69.2258412,
              41.3608556
            ]
          ]
        ],
        "type": "Polygon"
      },
      "properties": {
        "amenity": null,
        "district_assignment": "within",
        "district_name": "Almazar district",
        "facility_category": "clinic",
        "facility_id": "hc_way_165499766",
        "geometry_assembly": "closed_way_polygon",
        "healthcare": "clinic",
        "latitude": 41.360921,
        "longitude": 69.2259262,
        "name": null,
        "normalized_name": "",
        "operator": null,
        "osm_id": 165499766,
        "osm_relation_type": null,
        "osm_type": "way",
        "representative_point_method": "polygon_representative_point"
      },
      "type": "Feature"
    },
    {
      "geometry": {
        "coordinates": [
          [
            [
              69.2792839,
              41.328485
            ],
            [
              69.2793685,
              41.3284755
            ],
            [
              69.2793459,
              41.3283619
            ],
            [
              69.279077,
              41.328392
            ],
            [
              69.27911,
              41.3285586
            ],
            [
              69.2792197,
              41.3285463
            ],
            [
              69.2792127,
              41.3285111
            ],
            [
              69.2792874,
              41.3285027
            ],
            [
              69.2792839,
              41.328485
            ]
          ]
        ],
        "type": "Polygon"
      },
      "properties": {
        "amenity": "hospital",
        "district_assignment": "within",
        "district_name": "Yunusabad district",
        "facility_category": "hospital",
        "facility_id": "hc_way_165720274",
        "geometry_assembly": "closed_way_polygon",
        "healthcare": "hospital",
        "latitude": 41.3284338,
        "longitude": 69.2792227,
        "name": "Клиника Lor Medical Service",
        "normalized_name": "клиника lor medical service",
        "operator": "ООО \"ENT DIAGNOSTICS\"",
        "osm_id": 165720274,
        "osm_relation_type": null,
        "osm_type": "way",
        "representative_point_method": "polygon_representative_point"
      },
      "type": "Feature"
    },
    {
      "geometry": {
        "coordinates": [
          [
            [
              69.2133141,
              41.2900711
            ],
            [
              69.21446,
              41.2900644
            ],
            [
              69.2144822,
              41.2892547
            ],
            [
              69.2149056,
              41.2889341
            ],
            [
              69.2153386,
              41.2888259
            ],
            [
              69.2156161,
              41.2885603
            ],
            [
              69.2154783,
              41.2883938
            ],
            [
              69.2152249,
              41.2881899
            ],
            [
              69.2143179,
              41.2874385
            ],
            [
              69.214531,
              41.2871579
            ],
            [
              69.2144875,
              41.2871119
            ],
            [
              69.2142298,
              41.2873907
            ],
            [
              69.2139129,
              41.2880954
            ],
            [
              69.2135912,
              41.2892942
            ],
            [
              69.2133141,
              41.2900711
            ]
          ]
        ],
        "type": "Polygon"
      },
      "properties": {
        "amenity": "hospital",
        "district_assignment": "within",
        "district_name": "Chilanzar district",
        "facility_category": "hospital",
        "facility_id": "hc_way_166723093",
        "geometry_assembly": "closed_way_polygon",
        "healthcare": "hospital",
        "latitude": 41.2886931,
        "longitude": 69.2146149,
        "name": "НИИ Гематологии и кровепереливания",
        "normalized_name": "нии гематологии и кровепереливания",
        "operator": null,
        "osm_id": 166723093,
        "osm_relation_type": null,
        "osm_type": "way",
        "representative_point_method": "polygon_representative_point"
      },
      "type": "Feature"
    },
    {
      "geometry": {
        "coordinates": [
          [
            [
              69.2324307,
              41.2020152
            ],
            [
              69.2322958,
              41.2025411
            ],
            [
              69.2324035,
              41.202788
            ],
            [
              69.232462,
              41.2035294
            ],
            [
              69.2324762,
              41.2035759
            ],
            [
              69.2326877,
              41.2040251
            ],
            [
              69.2338106,
              41.2044788
            ],
            [
              69.2341847,
              41.2039218
            ],
            [
              69.2345613,
              41.2033986
            ],
            [
              69.2342175,
              41.2032659
            ],
            [
              69.2343005,
              41.203143
            ],
            [
              69.2340242,
              41.2030271
            ],
            [
              69.2342505,
              41.2027061
            ],
            [
              69.2326987,
              41.2020155
            ],
            [
              69.2324307,
              41.2020152
            ]
          ]
        ],
        "type": "Polygon"
      },
      "properties": {
        "amenity": "hospital",
        "district_assignment": "within",
        "district_name": "Yangikhayot district",
        "facility_category": "hospital",
        "facility_id": "hc_way_171005012",
        "geometry_assembly": "closed_way_polygon",
        "healthcare": null,
        "latitude": 41.2032045,
        "longitude": 69.2333477,
        "name": "Областной Психиатрической Диспансер",
        "normalized_name": "областной психиатрической диспансер",
        "operator": null,
        "osm_id": 171005012,
        "osm_relation_type": null,
        "osm_type": "way",
        "representative_point_method": "polygon_representative_point"
      },
      "type": "Feature"
    },
    {
      "geometry": {
        "coordinates": [
          [
            [
              69.1989734,
              41.2634136
            ],
            [
              69.1988962,
              41.2632739
            ],
            [
              69.1987363,
              41.2633238
            ],
            [
              69.1988331,
              41.263499
            ],
            [
              69.1988889,
              41.2636001
            ],
            [
              69.1991412,
              41.2635213
            ],
            [
              69.1990658,
              41.2633848
            ],
            [
              69.1989734,
              41.2634136
            ]
          ]
        ],
        "type": "Polygon"
      },
      "properties": {
        "amenity": "clinic",
        "district_assignment": "within",
        "district_name": "Chilanzar district",
        "facility_category": "clinic",
        "facility_id": "hc_way_171182034",
        "geometry_assembly": "closed_way_polygon",
        "healthcare": "clinic",
        "latitude": 41.2634563,
        "longitude": 69.1989574,
        "name": "Cardio Med",
        "normalized_name": "cardio med",
        "operator": null,
        "osm_id": 171182034,
        "osm_relation_type": null,
        "osm_type": "way",
        "representative_point_method": "polygon_representative_point"
      },
      "type": "Feature"
    },
    {
      "geometry": {
        "coordinates": [
          [
            [
              69.2587757,
              41.2823854
            ],
            [
              69.2589533,
              41.2824325
            ],
            [
              69.2591722,
              41.2819671
            ],
            [
              69.258683,
              41.2818372
            ],
            [
              69.2586201,
              41.2819709
            ],
            [
              69.2589317,
              41.2820537
            ],
            [
              69.2587757,
              41.2823854
            ]
          ]
        ],
        "type": "Polygon"
      },
      "properties": {
        "amenity": "hospital",
        "district_assignment": "within",
        "district_name": "Yakkasaray district",
        "facility_category": "hospital",
        "facility_id": "hc_way_172681541",
        "geometry_assembly": "closed_way_polygon",
        "healthcare": "hospital",
        "latitude": 41.2822196,
        "longitude": 69.2589536,
        "name": "Республиканский Центр социальной адаптации детей",
        "normalized_name": "республиканский центр социальной адаптации детей",
        "operator": null,
        "osm_id": 172681541,
        "osm_relation_type": null,
        "osm_type": "way",
        "representative_point_method": "polygon_representative_point"
      },
      "type": "Feature"
    },
    {
      "geometry": {
        "coordinates": [
          [
            [
              69.2415062,
              41.2765597
            ],
            [
              69.2424462,
              41.2759251
            ],
            [
              69.2425081,
              41.2759813
            ],
            [
              69.2425961,
              41.2760612
            ],
            [
              69.242643,
              41.2761034
            ],
            [
              69.2426873,
              41.2761447
            ],
            [
              69.2427771,
              41.2762297
            ],
            [
              69.2428196,
              41.2762036
            ],
            [
              69.2428735,
              41.2762542
            ],
            [
              69.2428887,
              41.2762692
            ],
            [
              69.2429039,
              41.2762841
            ],
            [
              69.2429291,
              41.2763079
            ],
            [
              69.2435324,
              41.2768345
            ],
            [
              69.2435567,
              41.2768574
            ],
            [
              69.2436281,
              41.27692
            ],
            [
              69.2438386,
              41.2771042
            ],
            [
              69.2437255,
              41.2771695
            ],
            [
              69.2438462,
              41.2772945
            ],
            [
              69.2435136,
              41.2774981
            ],
            [
              69.2437339,
              41.2776981
            ],
            [
              69.2440554,
              41.2779899
            ],
            [
              69.243542,
              41.2782751
            ],
            [
              69.2437617,
              41.2784757
            ],
            [
              69.2435464,
              41.2786045
            ],
            [
              69.2432991,
              41.2787524
            ],
            [
              69.2430609,
              41.2788953
            ],
            [
              69.2429514,
              41.2789615
            ],
            [
              69.2427962,
              41.2790532
            ],
            [
              69.2421963,
              41.2784893
            ],
            [
              69.2425607,
              41.2782686
            ],
            [
              69.2424999,
              41.2782071
            ],
            [
              69.2423655,
              41.2780731
            ],
            [
              69.2421564,
              41.2778921
            ],
            [
              69.2419969,
              41.277742
            ],
            [
              69.2418681,
              41.2776089
            ],
            [
              69.2419352,
              41.2775646
            ],
            [
              69.2416589,
              41.2773015
            ],
            [
              69.2420617,
              41.2770573
            ],
            [
              69.2415062,
              41.2765597
            ]
          ]
        ],
        "type": "Polygon"
      },
      "properties": {
        "amenity": "hospital",
        "district_assignment": "within",
        "district_name": "Yakkasaray district",
        "facility_category": "hospital",
        "facility_id": "hc_way_173166205",
        "geometry_assembly": "closed_way_polygon",
        "healthcare": "hospital",
        "latitude": 41.2773998,
        "longitude": 69.2427182,
        "name": "Центральная многопрофильная поликлиника при РМО Яккасарай",
        "normalized_name": "центральная многопрофильная поликлиника при рмо яккасарай",
        "operator": null,
        "osm_id": 173166205,
        "osm_relation_type": null,
        "osm_type": "way",
        "representative_point_method": "polygon_representative_point"
      },
      "type": "Feature"
    },
    {
      "geometry": {
        "coordinates": [
          [
            [
              69.2581344,
              41.3436927
            ],
            [
              69.2595398,
              41.343007
            ],
            [
              69.2599857,
              41.343376
            ],
            [
              69.2597142,
              41.3435286
            ],
            [
              69.2612869,
              41.3449127
            ],
            [
              69.2600047,
              41.3456797
            ],
            [
              69.2597679,
              41.3454477
            ],
            [
              69.2585689,
              41.344197
            ],
            [
              69.2584722,
              41.3440648
            ],
            [
              69.2581344,
              41.3436927
            ]
          ]
        ],
        "type": "Polygon"
      },
      "properties": {
        "amenity": "hospital",
        "district_assignment": "within",
        "district_name": "Almazar district",
        "facility_category": "hospital",
        "facility_id": "hc_way_174750330",
        "geometry_assembly": "closed_way_polygon",
        "healthcare": "hospital",
        "latitude": 41.3445549,
        "longitude": 69.2598961,
        "name": "Инфекционная больница №1",
        "normalized_name": "инфекционная больница 1",
        "operator": null,
        "osm_id": 174750330,
        "osm_relation_type": null,
        "osm_type": "way",
        "representative_point_method": "polygon_representative_point"
      },
      "type": "Feature"
    },
    {
      "geometry": {
        "coordinates": [
          [
            [
              69.2587633,
              41.3419721
            ],
            [
              69.2604747,
              41.341226
            ],
            [
              69.2606241,
              41.3414043
            ],
            [
              69.2607794,
              41.3414108
            ],
            [
              69.2614286,
              41.3423635
            ],
            [
              69.2601754,
              41.3430591
            ],
            [
              69.2601333,
              41.3432728
            ],
            [
              69.2599857,
              41.343376
            ],
            [
              69.2595398,
              41.343007
            ],
            [
              69.2593224,
              41.342855
            ],
            [
              69.2587633,
              41.3419721
            ]
          ]
        ],
        "type": "Polygon"
      },
      "properties": {
        "amenity": "hospital",
        "district_assignment": "within",
        "district_name": "Almazar district",
        "facility_category": "hospital",
        "facility_id": "hc_way_174750343",
        "geometry_assembly": "closed_way_polygon",
        "healthcare": null,
        "latitude": 41.3421678,
        "longitude": 69.2600912,
        "name": "Областной онкологический диспансер",
        "normalized_name": "областной онкологический диспансер",
        "operator": null,
        "osm_id": 174750343,
        "osm_relation_type": null,
        "osm_type": "way",
        "representative_point_method": "polygon_representative_point"
      },
      "type": "Feature"
    },
    {
      "geometry": {
        "coordinates": [
          [
            [
              69.3164685,
              41.2876759
            ],
            [
              69.3164026,
              41.2877545
            ],
            [
              69.3165307,
              41.2878152
            ],
            [
              69.3164821,
              41.2878732
            ],
            [
              69.3164461,
              41.2878561
            ],
            [
              69.3163519,
              41.2879684
            ],
            [
              69.3164296,
              41.2880052
            ],
            [
              69.3165084,
              41.2880425
            ],
            [
              69.3165987,
              41.2879349
            ],
            [
              69.3165313,
              41.287903
            ],
            [
              69.316551,
              41.2878795
            ],
            [
              69.3165795,
              41.2878456
            ],
            [
              69.3169461,
              41.2880193
            ],
            [
              69.3170163,
              41.2879355
            ],
            [
              69.3164685,
              41.2876759
            ]
          ]
        ],
        "type": "Polygon"
      },
      "properties": {
        "amenity": "clinic",
        "district_assignment": "within",
        "district_name": "Yashnabad district",
        "facility_category": "clinic",
        "facility_id": "hc_way_175060525",
        "geometry_assembly": "closed_way_polygon",
        "healthcare": "clinic",
        "latitude": 41.2878647,
        "longitude": 69.3167433,
        "name": "Поликлиника №32",
        "normalized_name": "поликлиника 32",
        "operator": null,
        "osm_id": 175060525,
        "osm_relation_type": null,
        "osm_type": "way",
        "representative_point_method": "polygon_representative_point"
      },
      "type": "Feature"
    },
    {
      "geometry": {
        "coordinates": [
          [
            [
              69.3823146,
              41.3434096
            ],
            [
              69.3838148,
              41.3433408
            ],
            [
              69.3837003,
              41.3414206
            ],
            [
              69.3816083,
              41.3417371
            ],
            [
              69.3817279,
              41.3422699
            ],
            [
              69.3817386,
              41.3425195
            ],
            [
              69.3818719,
              41.3425181
            ],
            [
              69.3818738,
              41.3426333
            ],
            [
              69.3818982,
              41.3429797
            ],
            [
              69.3820994,
              41.3432286
            ],
            [
              69.3821602,
              41.3432411
            ],
            [
              69.3822093,
              41.3432935
            ],
            [
              69.3823146,
              41.3434096
            ]
          ]
        ],
        "type": "Polygon"
      },
      "properties": {
        "amenity": "hospital",
        "district_assignment": "within",
        "district_name": "Mirzo Ulugbek district",
        "facility_category": "hospital",
        "facility_id": "hc_way_176011654",
        "geometry_assembly": "closed_way_polygon",
        "healthcare": "hospital",
        "latitude": 41.342394,
        "longitude": 69.3827458,
        "name": "Respublika neyroxirurgiya ilmiy markazi",
        "normalized_name": "respublika neyroxirurgiya ilmiy markazi",
        "operator": null,
        "osm_id": 176011654,
        "osm_relation_type": null,
        "osm_type": "way",
        "representative_point_method": "polygon_representative_point"
      },
      "type": "Feature"
    },
    {
      "geometry": {
        "coordinates": [
          [
            [
              69.3438409,
              41.3215923
            ],
            [
              69.3444262,
              41.3220336
            ],
            [
              69.3445475,
              41.3219429
            ],
            [
              69.3439622,
              41.3215016
            ],
            [
              69.3438409,
              41.3215923
            ]
          ]
        ],
        "type": "Polygon"
      },
      "properties": {
        "amenity": "hospital",
        "district_assignment": "within",
        "district_name": "Mirzo Ulugbek district",
        "facility_category": "hospital",
        "facility_id": "hc_way_179769890",
        "geometry_assembly": "closed_way_polygon",
        "healthcare": "hospital",
        "latitude": 41.3217676,
        "longitude": 69.3441942,
        "name": "Научно-исследовательский институт санитарии, гигиены и профессиональных заболеваний",
        "normalized_name": "научно исследовательский институт санитарии гигиены и профессиональных заболеваний",
        "operator": "Министерство здравоохранения Республики Узбекистан",
        "osm_id": 179769890,
        "osm_relation_type": null,
        "osm_type": "way",
        "representative_point_method": "polygon_representative_point"
      },
      "type": "Feature"
    },
    {
      "geometry": {
        "coordinates": [
          [
            [
              69.2875329,
              41.35385
            ],
            [
              69.2874731,
              41.3538558
            ],
            [
              69.2875022,
              41.3540276
            ],
            [
              69.2875645,
              41.3540216
            ],
            [
              69.2875662,
              41.354032
            ],
            [
              69.2878366,
              41.3540061
            ],
            [
              69.2878036,
              41.3538113
            ],
            [
              69.2875308,
              41.3538374
            ],
            [
              69.2875329,
              41.35385
            ]
          ]
        ],
        "type": "Polygon"
      },
      "properties": {
        "amenity": "clinic",
        "district_assignment": "within",
        "district_name": "Yunusabad district",
        "facility_category": "clinic",
        "facility_id": "hc_way_183313202",
        "geometry_assembly": "closed_way_polygon",
        "healthcare": "clinic",
        "latitude": 41.3539309,
        "longitude": 69.2876548,
        "name": "ProfMedService",
        "normalized_name": "profmedservice",
        "operator": null,
        "osm_id": 183313202,
        "osm_relation_type": null,
        "osm_type": "way",
        "representative_point_method": "polygon_representative_point"
      },
      "type": "Feature"
    },
    {
      "geometry": {
        "coordinates": [
          [
            [
              69.3405568,
              41.3391898
            ],
            [
              69.3415193,
              41.3386322
            ],
            [
              69.3418995,
              41.3389775
            ],
            [
              69.3421101,
              41.3390363
            ],
            [
              69.3424148,
              41.3393244
            ],
            [
              69.3433656,
              41.3387385
            ],
            [
              69.3437474,
              41.3390617
            ],
            [
              69.3441379,
              41.339425
            ],
            [
              69.3442698,
              41.3395053
            ],
            [
              69.3443262,
              41.3395273
            ],
            [
              69.3444772,
              41.3396661
            ],
            [
              69.342344,
              41.3409545
            ],
            [
              69.3405568,
              41.3391898
            ]
          ]
        ],
        "type": "Polygon"
      },
      "properties": {
        "amenity": "hospital",
        "district_assignment": "within",
        "district_name": "Mirzo Ulugbek district",
        "facility_category": "hospital",
        "facility_id": "hc_way_190307527",
        "geometry_assembly": "closed_way_polygon",
        "healthcare": "hospital",
        "latitude": 41.3403103,
        "longitude": 69.3425511,
        "name": "Akademik Y.X.To'raqulov Nomidagi Respublika Ixtisoslashtirilgan Endokrinologiya Ilmiy-Aamaliy Tibbiyot Markazi",
        "normalized_name": "akademik y x toraqulov nomidagi respublika ixtisoslashtirilgan endokrinologiya ilmiy aamaliy tibbiyot markazi",
        "operator": null,
        "osm_id": 190307527,
        "osm_relation_type": null,
        "osm_type": "way",
        "representative_point_method": "polygon_representative_point"
      },
      "type": "Feature"
    },
    {
      "geometry": {
        "coordinates": [
          [
            [
              69.3688743,
              41.3518189
            ],
            [
              69.3687002,
              41.3509179
            ],
            [
              69.3686567,
              41.350452
            ],
            [
              69.3686001,
              41.3498458
            ],
            [
              69.3683968,
              41.3495654
            ],
            [
              69.3685198,
              41.3493241
            ],
            [
              69.3690965,
              41.3495512
            ],
            [
              69.3695787,
              41.3496293
            ],
            [
              69.3705289,
              41.3497251
            ],
            [
              69.3710253,
              41.3497499
            ],
            [
              69.371134,
              41.3497287
            ],
            [
              69.3734032,
              41.3499735
            ],
            [
              69.3739649,
              41.3500733
            ],
            [
              69.3740773,
              41.3503191
            ],
            [
              69.37326,
              41.3520564
            ],
            [
              69.3718058,
              41.35236
            ],
            [
              69.3712116,
              41.3520196
            ],
            [
              69.370807,
              41.3522313
            ],
            [
              69.3699369,
              41.3516875
            ],
            [
              69.3696501,
              41.352087
            ],
            [
              69.3695974,
              41.3521455
            ],
            [
              69.3692046,
              41.3520189
            ],
            [
              69.3688743,
              41.3518189
            ]
          ]
        ],
        "type": "Polygon"
      },
      "properties": {
        "amenity": "hospital",
        "district_assignment": "within",
        "district_name": "Mirzo Ulugbek district",
        "facility_category": "hospital",
        "facility_id": "hc_way_190375436",
        "geometry_assembly": "closed_way_polygon",
        "healthcare": "hospital",
        "latitude": 41.350685,
        "longitude": 69.3712918,
        "name": "Городская Клиническая больница №5",
        "normalized_name": "городская клиническая больница 5",
        "operator": null,
        "osm_id": 190375436,
        "osm_relation_type": null,
        "osm_type": "way",
        "representative_point_method": "polygon_representative_point"
      },
      "type": "Feature"
    },
    {
      "geometry": {
        "coordinates": [
          [
            [
              69.3740763,
              41.3542224
            ],
            [
              69.3738788,
              41.3541819
            ],
            [
              69.3746631,
              41.3521647
            ],
            [
              69.3750573,
              41.3517277
            ],
            [
              69.3752819,
              41.3515453
            ],
            [
              69.3755707,
              41.3516554
            ],
            [
              69.3763454,
              41.3510223
            ],
            [
              69.3769138,
              41.3513182
            ],
            [
              69.377363,
              41.3513388
            ],
            [
              69.3774593,
              41.351036
            ],
            [
              69.3783715,
              41.3511496
            ],
            [
              69.3784311,
              41.35078
            ],
            [
              69.3789432,
              41.350797
            ],
            [
              69.378995,
              41.3505902
            ],
            [
              69.3800679,
              41.3509916
            ],
            [
              69.3795234,
              41.3515707
            ],
            [
              69.3798281,
              41.3528019
            ],
            [
              69.3796141,
              41.3531523
            ],
            [
              69.3779874,
              41.3547374
            ],
            [
              69.3774482,
              41.3552709
            ],
            [
              69.3768394,
              41.3552387
            ],
            [
              69.3758792,
              41.3547756
            ],
            [
              69.3749816,
              41.3544516
            ],
            [
              69.3740763,
              41.3542224
            ]
          ]
        ],
        "type": "Polygon"
      },
      "properties": {
        "amenity": "hospital",
        "district_assignment": "within",
        "district_name": "Mirzo Ulugbek district",
        "facility_category": "hospital",
        "facility_id": "hc_way_190375437",
        "geometry_assembly": "closed_way_polygon",
        "healthcare": "hospital",
        "latitude": 41.3529771,
        "longitude": 69.3770342,
        "name": "Детский костнотуберкулёзный санаторий",
        "normalized_name": "детский костнотуберкулёзный санаторий",
        "operator": null,
        "osm_id": 190375437,
        "osm_relation_type": null,
        "osm_type": "way",
        "representative_point_method": "polygon_representative_point"
      },
      "type": "Feature"
    },
    {
      "geometry": {
        "coordinates": [
          [
            [
              69.2833702,
              41.3008853
            ],
            [
              69.2834618,
              41.3008026
            ],
            [
              69.2849469,
              41.3016466
            ],
            [
              69.284348,
              41.3026372
            ],
            [
              69.2833563,
              41.3023162
            ],
            [
              69.2831697,
              41.3027401
            ],
            [
              69.2827101,
              41.3026406
            ],
            [
              69.2824324,
              41.302686
            ],
            [
              69.2819201,
              41.3025896
            ],
            [
              69.2820311,
              41.3024134
            ],
            [
              69.2813894,
              41.3020797
            ],
            [
              69.2816843,
              41.3018394
            ],
            [
              69.281839,
              41.3019277
            ],
            [
              69.2828,
              41.30107
            ],
            [
              69.2829669,
              41.3011717
            ],
            [
              69.2833199,
              41.3008537
            ],
            [
              69.2833702,
              41.3008853
            ]
          ]
        ],
        "type": "Polygon"
      },
      "properties": {
        "amenity": "hospital",
        "district_assignment": "within",
        "district_name": "Mirabad district",
        "facility_category": "hospital",
        "facility_id": "hc_way_190479502",
        "geometry_assembly": "closed_way_polygon",
        "healthcare": "hospital",
        "latitude": 41.301743,
        "longitude": 69.2834673,
        "name": "РКБ №1 отделение Гемодиализа",
        "normalized_name": "ркб 1 отделение гемодиализа",
        "operator": null,
        "osm_id": 190479502,
        "osm_relation_type": null,
        "osm_type": "way",
        "representative_point_method": "polygon_representative_point"
      },
      "type": "Feature"
    },
    {
      "geometry": {
        "coordinates": [
          [
            [
              69.1906464,
              41.2778395
            ],
            [
              69.1908088,
              41.2776939
            ],
            [
              69.1910121,
              41.2778025
            ],
            [
              69.1909182,
              41.2778993
            ],
            [
              69.19087,
              41.2779194
            ],
            [
              69.1908244,
              41.2779234
            ],
            [
              69.1907788,
              41.2779154
            ],
            [
              69.1906464,
              41.2778395
            ]
          ]
        ],
        "type": "Polygon"
      },
      "properties": {
        "amenity": "hospital",
        "district_assignment": "within",
        "district_name": "Uchtepa district",
        "facility_category": "hospital",
        "facility_id": "hc_way_194514009",
        "geometry_assembly": "closed_way_polygon",
        "healthcare": null,
        "latitude": 41.277821,
        "longitude": 69.1908306,
        "name": null,
        "normalized_name": "",
        "operator": null,
        "osm_id": 194514009,
        "osm_relation_type": null,
        "osm_type": "way",
        "representative_point_method": "polygon_representative_point"
      },
      "type": "Feature"
    },
    {
      "geometry": {
        "coordinates": [
          [
            [
              69.4390363,
              41.2541035
            ],
            [
              69.4400824,
              41.253597
            ],
            [
              69.4411928,
              41.254953
            ],
            [
              69.440162,
              41.255369
            ],
            [
              69.4390363,
              41.2541035
            ]
          ]
        ],
        "type": "Polygon"
      },
      "properties": {
        "amenity": "hospital",
        "district_assignment": "outside_analysis_districts",
        "district_name": null,
        "facility_category": "hospital",
        "facility_id": "hc_way_203700938",
        "geometry_assembly": "closed_way_polygon",
        "healthcare": null,
        "latitude": 41.2545282,
        "longitude": 69.4401296,
        "name": "Таш.обл.эндокринный диспансер",
        "normalized_name": "таш обл эндокринный диспансер",
        "operator": null,
        "osm_id": 203700938,
        "osm_relation_type": null,
        "osm_type": "way",
        "representative_point_method": "polygon_representative_point"
      },
      "type": "Feature"
    },
    {
      "geometry": {
        "coordinates": [
          [
            [
              69.4409016,
              41.1896622
            ],
            [
              69.4381972,
              41.1891429
            ],
            [
              69.4386712,
              41.1877791
            ],
            [
              69.4414522,
              41.1881568
            ],
            [
              69.4409016,
              41.1896622
            ]
          ]
        ],
        "type": "Polygon"
      },
      "properties": {
        "amenity": "hospital",
        "district_assignment": "outside_analysis_districts",
        "district_name": null,
        "facility_category": "hospital",
        "facility_id": "hc_way_203700939",
        "geometry_assembly": "closed_way_polygon",
        "healthcare": null,
        "latitude": 41.1886499,
        "longitude": 69.4398202,
        "name": null,
        "normalized_name": "",
        "operator": null,
        "osm_id": 203700939,
        "osm_relation_type": null,
        "osm_type": "way",
        "representative_point_method": "polygon_representative_point"
      },
      "type": "Feature"
    },
    {
      "geometry": {
        "coordinates": [
          [
            [
              69.3193847,
              41.2703828
            ],
            [
              69.3196037,
              41.2704499
            ],
            [
              69.3198311,
              41.2700769
            ],
            [
              69.3198805,
              41.2699967
            ],
            [
              69.3196491,
              41.2699169
            ],
            [
              69.3193847,
              41.2703828
            ]
          ]
        ],
        "type": "Polygon"
      },
      "properties": {
        "amenity": "hospital",
        "district_assignment": "within",
        "district_name": "Yashnabad district",
        "facility_category": "hospital",
        "facility_id": "hc_way_288587676",
        "geometry_assembly": "closed_way_polygon",
        "healthcare": "hospital",
        "latitude": 41.2702298,
        "longitude": 69.3196047,
        "name": "Диспансер кожно-венерологический №8",
        "normalized_name": "диспансер кожно венерологический 8",
        "operator": null,
        "osm_id": 288587676,
        "osm_relation_type": null,
        "osm_type": "way",
        "representative_point_method": "polygon_representative_point"
      },
      "type": "Feature"
    },
    {
      "geometry": {
        "coordinates": [
          [
            [
              69.2043692,
              41.3464841
            ],
            [
              69.2049626,
              41.3463143
            ],
            [
              69.2049073,
              41.3462053
            ],
            [
              69.2043138,
              41.3463751
            ],
            [
              69.2043692,
              41.3464841
            ]
          ]
        ],
        "type": "Polygon"
      },
      "properties": {
        "amenity": "clinic",
        "district_assignment": "within",
        "district_name": "Almazar district",
        "facility_category": "clinic",
        "facility_id": "hc_way_292160081",
        "geometry_assembly": "closed_way_polygon",
        "healthcare": "clinic",
        "latitude": 41.3463447,
        "longitude": 69.2046382,
        "name": "New Life Medical",
        "normalized_name": "new life medical",
        "operator": "New Life Medical",
        "osm_id": 292160081,
        "osm_relation_type": null,
        "osm_type": "way",
        "representative_point_method": "polygon_representative_point"
      },
      "type": "Feature"
    },
    {
      "geometry": {
        "coordinates": [
          [
            [
              69.1721888,
              41.3486528
            ],
            [
              69.1726554,
              41.3486524
            ],
            [
              69.1726551,
              41.34852
            ],
            [
              69.1723604,
              41.3485203
            ],
            [
              69.1721886,
              41.3485204
            ],
            [
              69.1721888,
              41.3486528
            ]
          ]
        ],
        "type": "Polygon"
      },
      "properties": {
        "amenity": "clinic",
        "district_assignment": "within",
        "district_name": "Almazar district",
        "facility_category": "clinic",
        "facility_id": "hc_way_308005156",
        "geometry_assembly": "closed_way_polygon",
        "healthcare": "clinic",
        "latitude": 41.3485864,
        "longitude": 69.172422,
        "name": "Medilux medical",
        "normalized_name": "medilux medical",
        "operator": "Medilux medical",
        "osm_id": 308005156,
        "osm_relation_type": null,
        "osm_type": "way",
        "representative_point_method": "polygon_representative_point"
      },
      "type": "Feature"
    },
    {
      "geometry": {
        "coordinates": [
          [
            [
              69.2418644,
              41.2809333
            ],
            [
              69.2417329,
              41.2808063
            ],
            [
              69.2413896,
              41.2810071
            ],
            [
              69.2415309,
              41.2811434
            ],
            [
              69.2416633,
              41.281066
            ],
            [
              69.2416011,
              41.2810059
            ],
            [
              69.241699,
              41.2809486
            ],
            [
              69.2417515,
              41.2809993
            ],
            [
              69.2418644,
              41.2809333
            ]
          ]
        ],
        "type": "Polygon"
      },
      "properties": {
        "amenity": "clinic",
        "district_assignment": "within",
        "district_name": "Yakkasaray district",
        "facility_category": "clinic",
        "facility_id": "hc_way_348129836",
        "geometry_assembly": "closed_way_polygon",
        "healthcare": null,
        "latitude": 41.280974,
        "longitude": 69.241551,
        "name": null,
        "normalized_name": "",
        "operator": null,
        "osm_id": 348129836,
        "osm_relation_type": null,
        "osm_type": "way",
        "representative_point_method": "polygon_representative_point"
      },
      "type": "Feature"
    },
    {
      "geometry": {
        "coordinates": [
          [
            [
              69.3569959,
              41.3367572
            ],
            [
              69.3573821,
              41.3371368
            ],
            [
              69.3569927,
              41.3373601
            ],
            [
              69.3580647,
              41.3383535
            ],
            [
              69.3590158,
              41.3378097
            ],
            [
              69.3598171,
              41.3385263
            ],
            [
              69.36152,
              41.3375
            ],
            [
              69.3600861,
              41.3359567
            ],
            [
              69.3596063,
              41.3362319
            ],
            [
              69.3589817,
              41.3356181
            ],
            [
              69.3569959,
              41.3367572
            ]
          ]
        ],
        "type": "Polygon"
      },
      "properties": {
        "amenity": "hospital",
        "district_assignment": "within",
        "district_name": "Mirzo Ulugbek district",
        "facility_category": "hospital",
        "facility_id": "hc_way_349826845",
        "geometry_assembly": "closed_way_polygon",
        "healthcare": "hospital",
        "latitude": 41.336947,
        "longitude": 69.3590976,
        "name": null,
        "normalized_name": "",
        "operator": null,
        "osm_id": 349826845,
        "osm_relation_type": null,
        "osm_type": "way",
        "representative_point_method": "polygon_representative_point"
      },
      "type": "Feature"
    },
    {
      "geometry": {
        "coordinates": [
          [
            [
              69.1651196,
              41.2780971
            ],
            [
              69.1653119,
              41.2781419
            ],
            [
              69.1653763,
              41.2779855
            ],
            [
              69.165184,
              41.2779407
            ],
            [
              69.1651196,
              41.2780971
            ]
          ]
        ],
        "type": "Polygon"
      },
      "properties": {
        "amenity": "hospital",
        "district_assignment": "within",
        "district_name": "Uchtepa district",
        "facility_category": "hospital",
        "facility_id": "hc_way_375889886",
        "geometry_assembly": "closed_way_polygon",
        "healthcare": null,
        "latitude": 41.2780413,
        "longitude": 69.165248,
        "name": "частная клиника",
        "normalized_name": "частная клиника",
        "operator": null,
        "osm_id": 375889886,
        "osm_relation_type": null,
        "osm_type": "way",
        "representative_point_method": "polygon_representative_point"
      },
      "type": "Feature"
    },
    {
      "geometry": {
        "coordinates": [
          [
            [
              69.2080296,
              41.297795
            ],
            [
              69.2082736,
              41.297925
            ],
            [
              69.208212,
              41.2980197
            ],
            [
              69.2084077,
              41.2981003
            ],
            [
              69.2086196,
              41.2978191
            ],
            [
              69.2086795,
              41.2975696
            ],
            [
              69.208759,
              41.297473
            ],
            [
              69.2087564,
              41.2973627
            ],
            [
              69.2084064,
              41.2973607
            ],
            [
              69.2082139,
              41.2975851
            ],
            [
              69.2081058,
              41.2977075
            ],
            [
              69.2080296,
              41.297795
            ]
          ]
        ],
        "type": "Polygon"
      },
      "properties": {
        "amenity": "hospital",
        "district_assignment": "within",
        "district_name": "Chilanzar district",
        "facility_category": "hospital",
        "facility_id": "hc_way_404213883",
        "geometry_assembly": "closed_way_polygon",
        "healthcare": "hospital",
        "latitude": 41.2977513,
        "longitude": 69.2083518,
        "name": "Городской Туберкулезный Диспансер",
        "normalized_name": "городской туберкулезный диспансер",
        "operator": null,
        "osm_id": 404213883,
        "osm_relation_type": null,
        "osm_type": "way",
        "representative_point_method": "polygon_representative_point"
      },
      "type": "Feature"
    },
    {
      "geometry": {
        "coordinates": [
          [
            [
              69.3363625,
              41.3034462
            ],
            [
              69.3363923,
              41.3038514
            ],
            [
              69.336681,
              41.3040817
            ],
            [
              69.3380423,
              41.3051224
            ],
            [
              69.3388112,
              41.3051049
            ],
            [
              69.3393085,
              41.3050927
            ],
            [
              69.3393877,
              41.3051035
            ],
            [
              69.3398484,
              41.3052995
            ],
            [
              69.3401883,
              41.3049961
            ],
            [
              69.3406981,
              41.3045409
            ],
            [
              69.3407316,
              41.304509
            ],
            [
              69.3407973,
              41.3044525
            ],
            [
              69.340928,
              41.3043487
            ],
            [
              69.3413475,
              41.3039471
            ],
            [
              69.341389,
              41.3039074
            ],
            [
              69.341428,
              41.3038668
            ],
            [
              69.3415126,
              41.3037912
            ],
            [
              69.3417931,
              41.3032813
            ],
            [
              69.3412303,
              41.3032977
            ],
            [
              69.3399483,
              41.3033352
            ],
            [
              69.3398894,
              41.3033369
            ],
            [
              69.3382218,
              41.3033856
            ],
            [
              69.3380152,
              41.3033925
            ],
            [
              69.3379987,
              41.303393
            ],
            [
              69.3378188,
              41.3033992
            ],
            [
              69.3363625,
              41.3034462
            ]
          ]
        ],
        "type": "Polygon"
      },
      "properties": {
        "amenity": "hospital",
        "district_assignment": "within",
        "district_name": "Yashnabad district",
        "facility_category": "hospital",
        "facility_id": "hc_way_406552830",
        "geometry_assembly": "closed_way_polygon",
        "healthcare": "hospital",
        "latitude": 41.3042152,
        "longitude": 69.3389615,
        "name": "Bolalar Milliy Tibbiyot Markazi",
        "normalized_name": "bolalar milliy tibbiyot markazi",
        "operator": null,
        "osm_id": 406552830,
        "osm_relation_type": null,
        "osm_type": "way",
        "representative_point_method": "polygon_representative_point"
      },
      "type": "Feature"
    },
    {
      "geometry": {
        "coordinates": [
          [
            [
              69.2857822,
              41.3533157
            ],
            [
              69.2860301,
              41.3532936
            ],
            [
              69.2862771,
              41.3532717
            ],
            [
              69.2862516,
              41.3531096
            ],
            [
              69.2857566,
              41.3531535
            ],
            [
              69.2857822,
              41.3533157
            ]
          ]
        ],
        "type": "Polygon"
      },
      "properties": {
        "amenity": "clinic",
        "district_assignment": "within",
        "district_name": "Yunusabad district",
        "facility_category": "clinic",
        "facility_id": "hc_way_408159158",
        "geometry_assembly": "closed_way_polygon",
        "healthcare": "clinic",
        "latitude": 41.3532126,
        "longitude": 69.2860169,
        "name": "Поликлиника 51",
        "normalized_name": "поликлиника 51",
        "operator": null,
        "osm_id": 408159158,
        "osm_relation_type": null,
        "osm_type": "way",
        "representative_point_method": "polygon_representative_point"
      },
      "type": "Feature"
    },
    {
      "geometry": {
        "coordinates": [
          [
            [
              69.2212981,
              41.3270449
            ],
            [
              69.2223205,
              41.3264901
            ],
            [
              69.2217854,
              41.3259402
            ],
            [
              69.2213912,
              41.3262097
            ],
            [
              69.220987,
              41.3262211
            ],
            [
              69.2208529,
              41.3261587
            ],
            [
              69.2205337,
              41.326348
            ],
            [
              69.2202225,
              41.3265817
            ],
            [
              69.2201474,
              41.3267347
            ],
            [
              69.2212981,
              41.3270449
            ]
          ]
        ],
        "type": "Polygon"
      },
      "properties": {
        "amenity": "hospital",
        "district_assignment": "within",
        "district_name": "Shaykhantakhur district",
        "facility_category": "hospital",
        "facility_id": "hc_way_420245072",
        "geometry_assembly": "closed_way_polygon",
        "healthcare": null,
        "latitude": 41.3265359,
        "longitude": 69.2212598,
        "name": "Детская городская клиника №4",
        "normalized_name": "детская городская клиника 4",
        "operator": null,
        "osm_id": 420245072,
        "osm_relation_type": null,
        "osm_type": "way",
        "representative_point_method": "polygon_representative_point"
      },
      "type": "Feature"
    },
    {
      "geometry": {
        "coordinates": [
          [
            [
              69.1745948,
              41.3491595
            ],
            [
              69.1746177,
              41.3488077
            ],
            [
              69.1746161,
              41.3487196
            ],
            [
              69.1747937,
              41.3487449
            ],
            [
              69.1755966,
              41.3488751
            ],
            [
              69.1755613,
              41.3489804
            ],
            [
              69.1753192,
              41.3489377
            ],
            [
              69.1753004,
              41.3490102
            ],
            [
              69.1751342,
              41.348986
            ],
            [
              69.1750966,
              41.3491089
            ],
            [
              69.1749733,
              41.3490968
            ],
            [
              69.1749434,
              41.3492239
            ],
            [
              69.1745948,
              41.3491595
            ]
          ]
        ],
        "type": "Polygon"
      },
      "properties": {
        "amenity": "clinic",
        "district_assignment": "within",
        "district_name": "Almazar district",
        "facility_category": "clinic",
        "facility_id": "hc_way_451706582",
        "geometry_assembly": "closed_way_polygon",
        "healthcare": "clinic",
        "latitude": 41.3489591,
        "longitude": 69.1749608,
        "name": "Кўксарой",
        "normalized_name": "кўксарой",
        "operator": null,
        "osm_id": 451706582,
        "osm_relation_type": null,
        "osm_type": "way",
        "representative_point_method": "polygon_representative_point"
      },
      "type": "Feature"
    },
    {
      "geometry": {
        "coordinates": [
          [
            [
              69.2603698,
              41.3385028
            ],
            [
              69.2604116,
              41.3385094
            ],
            [
              69.26135,
              41.3386588
            ],
            [
              69.2613732,
              41.3386622
            ],
            [
              69.2614695,
              41.3386783
            ],
            [
              69.2614929,
              41.3386807
            ],
            [
              69.2614878,
              41.3386978
            ],
            [
              69.261544,
              41.3387035
            ],
            [
              69.2614494,
              41.339002
            ],
            [
              69.2614108,
              41.3390008
            ],
            [
              69.2613749,
              41.3390864
            ],
            [
              69.2612402,
              41.3393039
            ],
            [
              69.2610295,
              41.3392661
            ],
            [
              69.2609777,
              41.3394342
            ],
            [
              69.2604852,
              41.3393494
            ],
            [
              69.2602687,
              41.3393122
            ],
            [
              69.2598283,
              41.3390861
            ],
            [
              69.2600154,
              41.3388516
            ],
            [
              69.2600188,
              41.3388532
            ],
            [
              69.2601391,
              41.338909
            ],
            [
              69.2602398,
              41.3388837
            ],
            [
              69.2602414,
              41.338879
            ],
            [
              69.2603698,
              41.3385028
            ]
          ]
        ],
        "type": "Polygon"
      },
      "properties": {
        "amenity": "hospital",
        "district_assignment": "within",
        "district_name": "Shaykhantakhur district",
        "facility_category": "hospital",
        "facility_id": "hc_way_457847400",
        "geometry_assembly": "closed_way_polygon",
        "healthcare": "hospital",
        "latitude": 41.3389549,
        "longitude": 69.2606987,
        "name": "Городская Детская Инфекционная Больница №4",
        "normalized_name": "городская детская инфекционная больница 4",
        "operator": null,
        "osm_id": 457847400,
        "osm_relation_type": null,
        "osm_type": "way",
        "representative_point_method": "polygon_representative_point"
      },
      "type": "Feature"
    },
    {
      "geometry": {
        "coordinates": [
          [
            [
              69.2822314,
              41.3318242
            ],
            [
              69.2821898,
              41.3316143
            ],
            [
              69.2821316,
              41.3313209
            ],
            [
              69.2814991,
              41.3313868
            ],
            [
              69.2812335,
              41.3313068
            ],
            [
              69.2809468,
              41.3313166
            ],
            [
              69.281078,
              41.332218
            ],
            [
              69.2821185,
              41.3322175
            ],
            [
              69.2820635,
              41.3319557
            ],
            [
              69.2822005,
              41.3319336
            ],
            [
              69.2822314,
              41.3318242
            ]
          ]
        ],
        "type": "Polygon"
      },
      "properties": {
        "amenity": "hospital",
        "district_assignment": "within",
        "district_name": "Yunusabad district",
        "facility_category": "hospital",
        "facility_id": "hc_way_469499483",
        "geometry_assembly": "closed_way_polygon",
        "healthcare": "hospital",
        "latitude": 41.3317192,
        "longitude": 69.281608,
        "name": "Toshkent shahar o'smirlar dispanseri qoshidagi maslahat - tashxis",
        "normalized_name": "toshkent shahar osmirlar dispanseri qoshidagi maslahat tashxis",
        "operator": null,
        "osm_id": 469499483,
        "osm_relation_type": null,
        "osm_type": "way",
        "representative_point_method": "polygon_representative_point"
      },
      "type": "Feature"
    },
    {
      "geometry": {
        "coordinates": [
          [
            [
              69.2609413,
              41.3739819
            ],
            [
              69.2611525,
              41.3740573
            ],
            [
              69.2612078,
              41.3740771
            ],
            [
              69.2612486,
              41.3740754
            ],
            [
              69.2612765,
              41.374048
            ],
            [
              69.2613195,
              41.3739739
            ],
            [
              69.2613238,
              41.3739481
            ],
            [
              69.2613087,
              41.3739271
            ],
            [
              69.2610337,
              41.373832
            ],
            [
              69.2609413,
              41.3739819
            ]
          ]
        ],
        "type": "Polygon"
      },
      "properties": {
        "amenity": "clinic",
        "district_assignment": "within",
        "district_name": "Yunusabad district",
        "facility_category": "clinic",
        "facility_id": "hc_way_479720489",
        "geometry_assembly": "closed_way_polygon",
        "healthcare": "clinic",
        "latitude": 41.373961,
        "longitude": 69.2611379,
        "name": "ASAD KNR",
        "normalized_name": "asad knr",
        "operator": null,
        "osm_id": 479720489,
        "osm_relation_type": null,
        "osm_type": "way",
        "representative_point_method": "polygon_representative_point"
      },
      "type": "Feature"
    },
    {
      "geometry": {
        "coordinates": [
          [
            [
              69.3159639,
              41.3218295
            ],
            [
              69.3166693,
              41.3219363
            ],
            [
              69.3168383,
              41.3215717
            ],
            [
              69.3170314,
              41.321616
            ],
            [
              69.3170395,
              41.3215596
            ],
            [
              69.3176014,
              41.3217338
            ],
            [
              69.3189678,
              41.3217975
            ],
            [
              69.3186697,
              41.3228494
            ],
            [
              69.3173452,
              41.3225325
            ],
            [
              69.3169,
              41.3223985
            ],
            [
              69.3168222,
              41.3225335
            ],
            [
              69.3159062,
              41.3222565
            ],
            [
              69.3159639,
              41.3218295
            ]
          ]
        ],
        "type": "Polygon"
      },
      "properties": {
        "amenity": "hospital",
        "district_assignment": "within",
        "district_name": "Mirzo Ulugbek district",
        "facility_category": "hospital",
        "facility_id": "hc_way_499869153",
        "geometry_assembly": "closed_way_polygon",
        "healthcare": "hospital",
        "latitude": 41.3220964,
        "longitude": 69.3174055,
        "name": "Детская Психоневрологическая больница им У. К. Курбанова",
        "normalized_name": "детская психоневрологическая больница им у к курбанова",
        "operator": null,
        "osm_id": 499869153,
        "osm_relation_type": null,
        "osm_type": "way",
        "representative_point_method": "polygon_representative_point"
      },
      "type": "Feature"
    },
    {
      "geometry": {
        "coordinates": [
          [
            [
              69.2910176,
              41.328786
            ],
            [
              69.2906939,
              41.3288187
            ],
            [
              69.2907127,
              41.3289235
            ],
            [
              69.2910364,
              41.3288908
            ],
            [
              69.2910176,
              41.328786
            ]
          ]
        ],
        "type": "Polygon"
      },
      "properties": {
        "amenity": "clinic",
        "district_assignment": "within",
        "district_name": "Yunusabad district",
        "facility_category": "clinic",
        "facility_id": "hc_way_507254910",
        "geometry_assembly": "closed_way_polygon",
        "healthcare": "clinic",
        "latitude": 41.3288548,
        "longitude": 69.2908652,
        "name": null,
        "normalized_name": "",
        "operator": null,
        "osm_id": 507254910,
        "osm_relation_type": null,
        "osm_type": "way",
        "representative_point_method": "polygon_representative_point"
      },
      "type": "Feature"
    },
    {
      "geometry": {
        "coordinates": [
          [
            [
              69.2413947,
              41.2671053
            ],
            [
              69.2404657,
              41.2669745
            ],
            [
              69.2399213,
              41.2664684
            ],
            [
              69.239927,
              41.2663231
            ],
            [
              69.2401293,
              41.2661842
            ],
            [
              69.2403862,
              41.2659773
            ],
            [
              69.240564,
              41.2660117
            ],
            [
              69.2405026,
              41.2661821
            ],
            [
              69.2415734,
              41.2664132
            ],
            [
              69.2413947,
              41.2671053
            ]
          ]
        ],
        "type": "Polygon"
      },
      "properties": {
        "amenity": "hospital",
        "district_assignment": "within",
        "district_name": "Yakkasaray district",
        "facility_category": "hospital",
        "facility_id": "hc_way_507285890",
        "geometry_assembly": "closed_way_polygon",
        "healthcare": "hospital",
        "latitude": 41.2667215,
        "longitude": 69.2408437,
        "name": "Инфекционная больница №3",
        "normalized_name": "инфекционная больница 3",
        "operator": null,
        "osm_id": 507285890,
        "osm_relation_type": null,
        "osm_type": "way",
        "representative_point_method": "polygon_representative_point"
      },
      "type": "Feature"
    },
    {
      "geometry": {
        "coordinates": [
          [
            [
              69.2080296,
              41.297795
            ],
            [
              69.2081058,
              41.2977075
            ],
            [
              69.2082139,
              41.2975851
            ],
            [
              69.2084064,
              41.2973607
            ],
            [
              69.2077032,
              41.2973428
            ],
            [
              69.2075342,
              41.2975443
            ],
            [
              69.2080296,
              41.297795
            ]
          ]
        ],
        "type": "Polygon"
      },
      "properties": {
        "amenity": "hospital",
        "district_assignment": "within",
        "district_name": "Chilanzar district",
        "facility_category": "hospital",
        "facility_id": "hc_way_512761159",
        "geometry_assembly": "closed_way_polygon",
        "healthcare": "hospital",
        "latitude": 41.2975647,
        "longitude": 69.207903,
        "name": "Межрайонный 2-кожновенерологический Диспансер",
        "normalized_name": "межрайонный 2 кожновенерологический диспансер",
        "operator": null,
        "osm_id": 512761159,
        "osm_relation_type": null,
        "osm_type": "way",
        "representative_point_method": "polygon_representative_point"
      },
      "type": "Feature"
    },
    {
      "geometry": {
        "coordinates": [
          [
            [
              69.2145752,
              41.2870823
            ],
            [
              69.2149158,
              41.2872899
            ],
            [
              69.2156394,
              41.2867429
            ],
            [
              69.2157429,
              41.286665
            ],
            [
              69.2160477,
              41.2864347
            ],
            [
              69.2159822,
              41.2863783
            ],
            [
              69.2160435,
              41.2863381
            ],
            [
              69.2157942,
              41.286137
            ],
            [
              69.2147928,
              41.2868429
            ],
            [
              69.2145752,
              41.2870823
            ]
          ]
        ],
        "type": "Polygon"
      },
      "properties": {
        "amenity": "clinic",
        "district_assignment": "within",
        "district_name": "Chilanzar district",
        "facility_category": "clinic",
        "facility_id": "hc_way_514120548",
        "geometry_assembly": "closed_way_polygon",
        "healthcare": "clinic",
        "latitude": 41.286704,
        "longitude": 69.2153405,
        "name": "Центральная многопрофильная поликлиника при РМО Чиланзар (Райздрав)",
        "normalized_name": "центральная многопрофильная поликлиника при рмо чиланзар райздрав",
        "operator": null,
        "osm_id": 514120548,
        "osm_relation_type": null,
        "osm_type": "way",
        "representative_point_method": "polygon_representative_point"
      },
      "type": "Feature"
    },
    {
      "geometry": {
        "coordinates": [
          [
            [
              69.2097092,
              41.2864497
            ],
            [
              69.2097111,
              41.2865396
            ],
            [
              69.2097329,
              41.2875265
            ],
            [
              69.2107255,
              41.2875358
            ],
            [
              69.210715,
              41.2864229
            ],
            [
              69.2097092,
              41.2864497
            ]
          ]
        ],
        "type": "Polygon"
      },
      "properties": {
        "amenity": "hospital",
        "district_assignment": "within",
        "district_name": "Chilanzar district",
        "facility_category": "hospital",
        "facility_id": "hc_way_531424120",
        "geometry_assembly": "closed_way_polygon",
        "healthcare": "hospital",
        "latitude": 41.287033,
        "longitude": 69.2102214,
        "name": "Специализированная инфекционная больница",
        "normalized_name": "специализированная инфекционная больница",
        "operator": null,
        "osm_id": 531424120,
        "osm_relation_type": null,
        "osm_type": "way",
        "representative_point_method": "polygon_representative_point"
      },
      "type": "Feature"
    },
    {
      "geometry": {
        "coordinates": [
          [
            [
              69.3045354,
              41.3109792
            ],
            [
              69.3047726,
              41.3108429
            ],
            [
              69.3047468,
              41.3108179
            ],
            [
              69.3047827,
              41.3107972
            ],
            [
              69.304781,
              41.3107875
            ],
            [
              69.304781,
              41.3107775
            ],
            [
              69.304782,
              41.3107674
            ],
            [
              69.3047844,
              41.3107572
            ],
            [
              69.3047894,
              41.3107471
            ],
            [
              69.3047961,
              41.3107372
            ],
            [
              69.3048042,
              41.3107288
            ],
            [
              69.3048144,
              41.3107207
            ],
            [
              69.3048262,
              41.3107145
            ],
            [
              69.3048398,
              41.310709
            ],
            [
              69.3048537,
              41.3107046
            ],
            [
              69.3048687,
              41.3107015
            ],
            [
              69.304885,
              41.3107012
            ],
            [
              69.3049014,
              41.3107026
            ],
            [
              69.3049178,
              41.3107058
            ],
            [
              69.304934,
              41.3107103
            ],
            [
              69.3049675,
              41.310691
            ],
            [
              69.3049924,
              41.3107165
            ],
            [
              69.3052183,
              41.3105867
            ],
            [
              69.3053749,
              41.3107394
            ],
            [
              69.3051095,
              41.3108949
            ],
            [
              69.3052688,
              41.3110598
            ],
            [
              69.3056269,
              41.3108467
            ],
            [
              69.3057814,
              41.3109992
            ],
            [
              69.3054267,
              41.3112098
            ],
            [
              69.3056031,
              41.3113881
            ],
            [
              69.3059588,
              41.3111765
            ],
            [
              69.3061172,
              41.3113309
            ],
            [
              69.3057615,
              41.3115385
            ],
            [
              69.305921,
              41.3117005
            ],
            [
              69.306188,
              41.3115414
            ],
            [
              69.3063431,
              41.3116946
            ],
            [
              69.3061096,
              41.3118308
            ],
            [
              69.3061499,
              41.3118711
            ],
            [
              69.3061187,
              41.3118896
            ],
            [
              69.3061206,
              41.3119006
            ],
            [
              69.3061212,
              41.3119115
            ],
            [
              69.3061201,
              41.311922
            ],
            [
              69.3061174,
              41.3119323
            ],
            [
              69.3061102,
              41.3119439
            ],
            [
              69.306101,
              41.3119543
            ],
            [
              69.3060911,
              41.3119634
            ],
            [
              69.306079,
              41.3119713
            ],
            [
              69.3060652,
              41.311978
            ],
            [
              69.306051,
              41.3119833
            ],
            [
              69.3060358,
              41.3119869
            ],
            [
              69.3060207,
              41.3119887
            ],
            [
              69.3060066,
              41.3119884
            ],
            [
              69.3059934,
              41.3119867
            ],
            [
              69.3059806,
              41.3119837
            ],
            [
              69.3059679,
              41.3119791
            ],
            [
              69.3059361,
              41.311998
            ],
            [
              69.3058944,
              41.3119563
            ],
            [
              69.3056584,
              41.312094
            ],
            [
              69.3055037,
              41.3119397
            ],
            [
              69.3057692,
              41.3117853
            ],
            [
              69.3056116,
              41.311628
            ],
            [
              69.3052596,
              41.3118338
            ],
            [
              69.3051024,
              41.3116771
            ],
            [
              69.305457,
              41.311476
            ],
            [
              69.3052794,
              41.3112977
            ],
            [
              69.3049343,
              41.3114984
            ],
            [
              69.3047888,
              41.3113449
            ],
            [
              69.3051254,
              41.3111429
            ],
            [
              69.3049625,
              41.3109817
            ],
            [
              69.3046898,
              41.3111349
            ],
            [
              69.3045354,
              41.3109792
            ]
          ]
        ],
        "type": "Polygon"
      },
      "properties": {
        "amenity": "clinic",
        "district_assignment": "within",
        "district_name": "Yashnabad district",
        "facility_category": "clinic",
        "facility_id": "hc_way_538971017",
        "geometry_assembly": "closed_way_polygon",
        "healthcare": "clinic",
        "latitude": 41.3113379,
        "longitude": 69.3058963,
        "name": null,
        "normalized_name": "",
        "operator": null,
        "osm_id": 538971017,
        "osm_relation_type": null,
        "osm_type": "way",
        "representative_point_method": "polygon_representative_point"
      },
      "type": "Feature"
    },
    {
      "geometry": {
        "coordinates": [
          [
            [
              69.2978794,
              41.2820132
            ],
            [
              69.2980386,
              41.2821272
            ],
            [
              69.2982037,
              41.2819969
            ],
            [
              69.2983631,
              41.2818712
            ],
            [
              69.2982039,
              41.2817572
            ],
            [
              69.2978794,
              41.2820132
            ]
          ]
        ],
        "type": "Polygon"
      },
      "properties": {
        "amenity": "clinic",
        "district_assignment": "within",
        "district_name": "Mirabad district",
        "facility_category": "clinic",
        "facility_id": "hc_way_539418171",
        "geometry_assembly": "closed_way_polygon",
        "healthcare": "clinic",
        "latitude": 41.2819341,
        "longitude": 69.2981316,
        "name": "Семейная поликлиника №3",
        "normalized_name": "семейная поликлиника 3",
        "operator": null,
        "osm_id": 539418171,
        "osm_relation_type": null,
        "osm_type": "way",
        "representative_point_method": "polygon_representative_point"
      },
      "type": "Feature"
    },
    {
      "geometry": {
        "coordinates": [
          [
            [
              69.1898699,
              41.3379176
            ],
            [
              69.1899152,
              41.3377544
            ],
            [
              69.1902663,
              41.3376849
            ],
            [
              69.190248,
              41.3379315
            ],
            [
              69.1898699,
              41.3379176
            ]
          ]
        ],
        "type": "Polygon"
      },
      "properties": {
        "amenity": "clinic",
        "district_assignment": "within",
        "district_name": "Shaykhantakhur district",
        "facility_category": "clinic",
        "facility_id": "hc_way_551192254",
        "geometry_assembly": "closed_way_polygon",
        "healthcare": "clinic",
        "latitude": 41.337836,
        "longitude": 69.1900738,
        "name": "Doctor Hasan Klinikasi",
        "normalized_name": "doctor hasan klinikasi",
        "operator": null,
        "osm_id": 551192254,
        "osm_relation_type": null,
        "osm_type": "way",
        "representative_point_method": "polygon_representative_point"
      },
      "type": "Feature"
    },
    {
      "geometry": {
        "coordinates": [
          [
            [
              69.2116866,
              41.1962615
            ],
            [
              69.2124832,
              41.1950203
            ],
            [
              69.2128077,
              41.1950486
            ],
            [
              69.2137063,
              41.195539
            ],
            [
              69.2136499,
              41.1956359
            ],
            [
              69.2146826,
              41.196094
            ],
            [
              69.2144787,
              41.1963988
            ],
            [
              69.2142642,
              41.19631
            ],
            [
              69.2140603,
              41.1965784
            ],
            [
              69.2142722,
              41.1966692
            ],
            [
              69.2139691,
              41.197087
            ],
            [
              69.2116866,
              41.1962615
            ]
          ]
        ],
        "type": "Polygon"
      },
      "properties": {
        "amenity": "hospital",
        "district_assignment": "within",
        "district_name": "Yangikhayot district",
        "facility_category": "hospital",
        "facility_id": "hc_way_564069608",
        "geometry_assembly": "closed_way_polygon",
        "healthcare": null,
        "latitude": 41.195865,
        "longitude": 69.2130537,
        "name": "Tug'uruqxona 1",
        "normalized_name": "tuguruqxona 1",
        "operator": null,
        "osm_id": 564069608,
        "osm_relation_type": null,
        "osm_type": "way",
        "representative_point_method": "polygon_representative_point"
      },
      "type": "Feature"
    },
    {
      "geometry": {
        "coordinates": [
          [
            [
              69.3291683,
              41.1792454
            ],
            [
              69.3273273,
              41.1793807
            ],
            [
              69.3271905,
              41.1783532
            ],
            [
              69.3288266,
              41.1782126
            ],
            [
              69.3288969,
              41.178656
            ],
            [
              69.3290815,
              41.178656
            ],
            [
              69.3291683,
              41.1792454
            ]
          ]
        ],
        "type": "Polygon"
      },
      "properties": {
        "amenity": "hospital",
        "district_assignment": "outside_analysis_districts",
        "district_name": null,
        "facility_category": "hospital",
        "facility_id": "hc_way_568887763",
        "geometry_assembly": "closed_way_polygon",
        "healthcare": null,
        "latitude": 41.1789507,
        "longitude": 69.3281975,
        "name": null,
        "normalized_name": "",
        "operator": null,
        "osm_id": 568887763,
        "osm_relation_type": null,
        "osm_type": "way",
        "representative_point_method": "polygon_representative_point"
      },
      "type": "Feature"
    },
    {
      "geometry": {
        "coordinates": [
          [
            [
              69.1768457,
              41.3542421
            ],
            [
              69.1755596,
              41.3543754
            ],
            [
              69.1750677,
              41.3546491
            ],
            [
              69.1754235,
              41.3549895
            ],
            [
              69.1751697,
              41.3551164
            ],
            [
              69.1758064,
              41.3559459
            ],
            [
              69.1761543,
              41.356346
            ],
            [
              69.1764127,
              41.3562045
            ],
            [
              69.1764335,
              41.3561933
            ],
            [
              69.1765175,
              41.3561441
            ],
            [
              69.177342,
              41.3556533
            ],
            [
              69.1778834,
              41.3553626
            ],
            [
              69.1789177,
              41.3547582
            ],
            [
              69.1786008,
              41.3543824
            ],
            [
              69.1782225,
              41.3546592
            ],
            [
              69.1775955,
              41.3547403
            ],
            [
              69.1771554,
              41.3545396
            ],
            [
              69.1768457,
              41.3542421
            ]
          ]
        ],
        "type": "Polygon"
      },
      "properties": {
        "amenity": "hospital",
        "district_assignment": "within",
        "district_name": "Almazar district",
        "facility_category": "hospital",
        "facility_id": "hc_way_592032053",
        "geometry_assembly": "closed_way_polygon",
        "healthcare": "hospital",
        "latitude": 41.3552395,
        "longitude": 69.1766791,
        "name": "Respublika ihtisoslashtirilgan urologiya markazi",
        "normalized_name": "respublika ihtisoslashtirilgan urologiya markazi",
        "operator": null,
        "osm_id": 592032053,
        "osm_relation_type": null,
        "osm_type": "way",
        "representative_point_method": "polygon_representative_point"
      },
      "type": "Feature"
    },
    {
      "geometry": {
        "coordinates": [
          [
            [
              69.2870719,
              41.3364347
            ],
            [
              69.287235,
              41.3364177
            ],
            [
              69.2871878,
              41.3361951
            ],
            [
              69.2870244,
              41.3362124
            ],
            [
              69.2870719,
              41.3364347
            ]
          ]
        ],
        "type": "Polygon"
      },
      "properties": {
        "amenity": "clinic",
        "district_assignment": "within",
        "district_name": "Yunusabad district",
        "facility_category": "clinic",
        "facility_id": "hc_way_593974999",
        "geometry_assembly": "closed_way_polygon",
        "healthcare": "clinic",
        "latitude": 41.336315,
        "longitude": 69.2871298,
        "name": "Brain Servis неврологическая клиника",
        "normalized_name": "brain servis неврологическая клиника",
        "operator": null,
        "osm_id": 593974999,
        "osm_relation_type": null,
        "osm_type": "way",
        "representative_point_method": "polygon_representative_point"
      },
      "type": "Feature"
    },
    {
      "geometry": {
        "coordinates": [
          [
            [
              69.3110885,
              41.3048973
            ],
            [
              69.3110751,
              41.3048994
            ],
            [
              69.3111882,
              41.3052298
            ],
            [
              69.3109974,
              41.3052665
            ],
            [
              69.3108551,
              41.3048693
            ],
            [
              69.310799,
              41.304866
            ],
            [
              69.3107525,
              41.3048164
            ],
            [
              69.3107427,
              41.3047742
            ],
            [
              69.310777,
              41.3047356
            ],
            [
              69.3108283,
              41.3047099
            ],
            [
              69.3108992,
              41.3047154
            ],
            [
              69.3109481,
              41.3047429
            ],
            [
              69.3109591,
              41.3047711
            ],
            [
              69.3110315,
              41.3047522
            ],
            [
              69.3110743,
              41.304699
            ],
            [
              69.3111441,
              41.3046656
            ],
            [
              69.3112265,
              41.3046591
            ],
            [
              69.3113041,
              41.3046809
            ],
            [
              69.3113606,
              41.3047263
            ],
            [
              69.3113843,
              41.3047859
            ],
            [
              69.3113702,
              41.3048471
            ],
            [
              69.3113212,
              41.3048973
            ],
            [
              69.3112476,
              41.3049258
            ],
            [
              69.3111649,
              41.3049267
            ],
            [
              69.3110885,
              41.3048973
            ]
          ]
        ],
        "type": "Polygon"
      },
      "properties": {
        "amenity": "hospital",
        "district_assignment": "within",
        "district_name": "Yashnabad district",
        "facility_category": "hospital",
        "facility_id": "hc_way_596181014",
        "geometry_assembly": "closed_way_polygon",
        "healthcare": null,
        "latitude": 41.3050783,
        "longitude": 69.3110331,
        "name": "Eramed",
        "normalized_name": "eramed",
        "operator": null,
        "osm_id": 596181014,
        "osm_relation_type": null,
        "osm_type": "way",
        "representative_point_method": "polygon_representative_point"
      },
      "type": "Feature"
    },
    {
      "geometry": {
        "coordinates": [
          [
            [
              69.2248882,
              41.3549052
            ],
            [
              69.2249101,
              41.3548806
            ],
            [
              69.2249638,
              41.3548723
            ],
            [
              69.2255764,
              41.3549149
            ],
            [
              69.2255605,
              41.3549974
            ],
            [
              69.2255571,
              41.3550154
            ],
            [
              69.2254718,
              41.3554714
            ],
            [
              69.2249127,
              41.3554321
            ],
            [
              69.2248741,
              41.3553893
            ],
            [
              69.2248354,
              41.3553466
            ],
            [
              69.2248882,
              41.3549052
            ]
          ]
        ],
        "type": "Polygon"
      },
      "properties": {
        "amenity": "clinic",
        "district_assignment": "within",
        "district_name": "Almazar district",
        "facility_category": "clinic",
        "facility_id": "hc_way_606293262",
        "geometry_assembly": "closed_way_polygon",
        "healthcare": "clinic",
        "latitude": 41.355181,
        "longitude": 69.2251907,
        "name": null,
        "normalized_name": "",
        "operator": null,
        "osm_id": 606293262,
        "osm_relation_type": null,
        "osm_type": "way",
        "representative_point_method": "polygon_representative_point"
      },
      "type": "Feature"
    },
    {
      "geometry": {
        "coordinates": [
          [
            [
              69.2282489,
              41.2861071
            ],
            [
              69.2281995,
              41.2861573
            ],
            [
              69.2282083,
              41.2861925
            ],
            [
              69.2282341,
              41.286215
            ],
            [
              69.2283312,
              41.2863079
            ],
            [
              69.2284978,
              41.2862151
            ],
            [
              69.2283663,
              41.2860936
            ],
            [
              69.2283365,
              41.2860867
            ],
            [
              69.228306,
              41.2860863
            ],
            [
              69.2282759,
              41.2860911
            ],
            [
              69.2282489,
              41.2861071
            ]
          ]
        ],
        "type": "Polygon"
      },
      "properties": {
        "amenity": "clinic",
        "district_assignment": "within",
        "district_name": "Chilanzar district",
        "facility_category": "clinic",
        "facility_id": "hc_way_613661066",
        "geometry_assembly": "closed_way_polygon",
        "healthcare": "clinic",
        "latitude": 41.2862037,
        "longitude": 69.2283534,
        "name": "Gatling Med частная клиника",
        "normalized_name": "gatling med частная клиника",
        "operator": null,
        "osm_id": 613661066,
        "osm_relation_type": null,
        "osm_type": "way",
        "representative_point_method": "polygon_representative_point"
      },
      "type": "Feature"
    },
    {
      "geometry": {
        "coordinates": [
          [
            [
              69.3106163,
              41.3046378
            ],
            [
              69.3109771,
              41.3055185
            ],
            [
              69.3116377,
              41.3053749
            ],
            [
              69.3112945,
              41.3044799
            ],
            [
              69.3106163,
              41.3046378
            ]
          ]
        ],
        "type": "Polygon"
      },
      "properties": {
        "amenity": "hospital",
        "district_assignment": "within",
        "district_name": "Yashnabad district",
        "facility_category": "hospital",
        "facility_id": "hc_way_653858354",
        "geometry_assembly": "closed_way_polygon",
        "healthcare": "hospital",
        "latitude": 41.3050063,
        "longitude": 69.3111318,
        "name": null,
        "normalized_name": "",
        "operator": null,
        "osm_id": 653858354,
        "osm_relation_type": null,
        "osm_type": "way",
        "representative_point_method": "polygon_representative_point"
      },
      "type": "Feature"
    },
    {
      "geometry": {
        "coordinates": [
          [
            [
              69.2161069,
              41.3059819
            ],
            [
              69.2162051,
              41.3059115
            ],
            [
              69.2164406,
              41.306097
            ],
            [
              69.2163172,
              41.3061854
            ],
            [
              69.2162479,
              41.3061309
            ],
            [
              69.2162731,
              41.3061128
            ],
            [
              69.2161311,
              41.306001
            ],
            [
              69.2161069,
              41.3059819
            ]
          ]
        ],
        "type": "Polygon"
      },
      "properties": {
        "amenity": "clinic",
        "district_assignment": "within",
        "district_name": "Shaykhantakhur district",
        "facility_category": "clinic",
        "facility_id": "hc_way_657618794",
        "geometry_assembly": "closed_way_polygon",
        "healthcare": "clinic",
        "latitude": 41.306049,
        "longitude": 69.2162859,
        "name": "Med centre",
        "normalized_name": "med centre",
        "operator": null,
        "osm_id": 657618794,
        "osm_relation_type": null,
        "osm_type": "way",
        "representative_point_method": "polygon_representative_point"
      },
      "type": "Feature"
    },
    {
      "geometry": {
        "coordinates": [
          [
            [
              69.2594224,
              41.3851435
            ],
            [
              69.2590057,
              41.3849652
            ],
            [
              69.2591186,
              41.384825
            ],
            [
              69.2595275,
              41.3850032
            ],
            [
              69.2594224,
              41.3851435
            ]
          ]
        ],
        "type": "Polygon"
      },
      "properties": {
        "amenity": "clinic",
        "district_assignment": "within",
        "district_name": "Yunusabad district",
        "facility_category": "clinic",
        "facility_id": "hc_way_663781191",
        "geometry_assembly": "closed_way_polygon",
        "healthcare": "clinic",
        "latitude": 41.3849842,
        "longitude": 69.259267,
        "name": null,
        "normalized_name": "",
        "operator": null,
        "osm_id": 663781191,
        "osm_relation_type": null,
        "osm_type": "way",
        "representative_point_method": "polygon_representative_point"
      },
      "type": "Feature"
    },
    {
      "geometry": {
        "coordinates": [
          [
            [
              69.1956895,
              41.3425531
            ],
            [
              69.1951647,
              41.3427838
            ],
            [
              69.195097,
              41.342697
            ],
            [
              69.1956217,
              41.3424663
            ],
            [
              69.1956895,
              41.3425531
            ]
          ]
        ],
        "type": "Polygon"
      },
      "properties": {
        "amenity": "clinic",
        "district_assignment": "within",
        "district_name": "Shaykhantakhur district",
        "facility_category": "clinic",
        "facility_id": "hc_way_672472023",
        "geometry_assembly": "closed_way_polygon",
        "healthcare": "clinic",
        "latitude": 41.3426251,
        "longitude": 69.1953932,
        "name": "Доктор Октам",
        "normalized_name": "доктор октам",
        "operator": null,
        "osm_id": 672472023,
        "osm_relation_type": null,
        "osm_type": "way",
        "representative_point_method": "polygon_representative_point"
      },
      "type": "Feature"
    },
    {
      "geometry": {
        "coordinates": [
          [
            [
              69.1768785,
              41.3570555
            ],
            [
              69.1769646,
              41.3570062
            ],
            [
              69.1768605,
              41.3569038
            ],
            [
              69.1766942,
              41.3567401
            ],
            [
              69.1764931,
              41.3568552
            ],
            [
              69.1767321,
              41.3570904
            ],
            [
              69.1767581,
              41.3570755
            ],
            [
              69.1767895,
              41.3571064
            ],
            [
              69.1768785,
              41.3570555
            ]
          ]
        ],
        "type": "Polygon"
      },
      "properties": {
        "amenity": "clinic",
        "district_assignment": "within",
        "district_name": "Almazar district",
        "facility_category": "clinic",
        "facility_id": "hc_way_697109601",
        "geometry_assembly": "closed_way_polygon",
        "healthcare": "clinic",
        "latitude": 41.356955,
        "longitude": 69.1767535,
        "name": "Med-Tashmi",
        "normalized_name": "med tashmi",
        "operator": null,
        "osm_id": 697109601,
        "osm_relation_type": null,
        "osm_type": "way",
        "representative_point_method": "polygon_representative_point"
      },
      "type": "Feature"
    },
    {
      "geometry": {
        "coordinates": [
          [
            [
              69.1693311,
              41.3430451
            ],
            [
              69.1693339,
              41.342925
            ],
            [
              69.168657,
              41.3429295
            ],
            [
              69.1686532,
              41.3430835
            ],
            [
              69.1691406,
              41.3430868
            ],
            [
              69.1693327,
              41.3430855
            ],
            [
              69.1693311,
              41.3430451
            ]
          ]
        ],
        "type": "Polygon"
      },
      "properties": {
        "amenity": "clinic",
        "district_assignment": "within",
        "district_name": "Shaykhantakhur district",
        "facility_category": "clinic",
        "facility_id": "hc_way_711034682",
        "geometry_assembly": "closed_way_polygon",
        "healthcare": "clinic",
        "latitude": 41.3429873,
        "longitude": 69.168994,
        "name": null,
        "normalized_name": "",
        "operator": null,
        "osm_id": 711034682,
        "osm_relation_type": null,
        "osm_type": "way",
        "representative_point_method": "polygon_representative_point"
      },
      "type": "Feature"
    },
    {
      "geometry": {
        "coordinates": [
          [
            [
              69.1600892,
              41.3142364
            ],
            [
              69.1608607,
              41.3145155
            ],
            [
              69.1609369,
              41.3143978
            ],
            [
              69.1609867,
              41.3142643
            ],
            [
              69.1611937,
              41.313584
            ],
            [
              69.1595706,
              41.3132013
            ],
            [
              69.1595128,
              41.3133477
            ],
            [
              69.1594934,
              41.3133969
            ],
            [
              69.1595216,
              41.3134031
            ],
            [
              69.159332,
              41.3138862
            ],
            [
              69.1593193,
              41.3139172
            ],
            [
              69.1593548,
              41.3139559
            ],
            [
              69.1594486,
              41.3140011
            ],
            [
              69.1596239,
              41.3140655
            ],
            [
              69.1600892,
              41.3142364
            ]
          ]
        ],
        "type": "Polygon"
      },
      "properties": {
        "amenity": "hospital",
        "district_assignment": "within",
        "district_name": "Uchtepa district",
        "facility_category": "hospital",
        "facility_id": "hc_way_713924491",
        "geometry_assembly": "closed_way_polygon",
        "healthcare": "hospital",
        "latitude": 41.3137351,
        "longitude": 69.1602695,
        "name": "9-sonli tug‘ruqxona (sobiq 10-sonli tug‘ruqxona)",
        "normalized_name": "9 sonli tugruqxona sobiq 10 sonli tugruqxona",
        "operator": null,
        "osm_id": 713924491,
        "osm_relation_type": null,
        "osm_type": "way",
        "representative_point_method": "polygon_representative_point"
      },
      "type": "Feature"
    },
    {
      "geometry": {
        "coordinates": [
          [
            [
              69.1608607,
              41.3145155
            ],
            [
              69.1609428,
              41.3145477
            ],
            [
              69.1619617,
              41.314948
            ],
            [
              69.1621176,
              41.3150092
            ],
            [
              69.1628642,
              41.3139528
            ],
            [
              69.1614152,
              41.3136363
            ],
            [
              69.1611937,
              41.313584
            ],
            [
              69.1609867,
              41.3142643
            ],
            [
              69.1609369,
              41.3143978
            ],
            [
              69.1608607,
              41.3145155
            ]
          ]
        ],
        "type": "Polygon"
      },
      "properties": {
        "amenity": "hospital",
        "district_assignment": "within",
        "district_name": "Uchtepa district",
        "facility_category": "hospital",
        "facility_id": "hc_way_740586629",
        "geometry_assembly": "closed_way_polygon",
        "healthcare": "hospital",
        "latitude": 41.314331,
        "longitude": 69.1617793,
        "name": "3-sonli bolalar shahar klinik shifoxonasi",
        "normalized_name": "3 sonli bolalar shahar klinik shifoxonasi",
        "operator": null,
        "osm_id": 740586629,
        "osm_relation_type": null,
        "osm_type": "way",
        "representative_point_method": "polygon_representative_point"
      },
      "type": "Feature"
    },
    {
      "geometry": {
        "coordinates": [
          [
            [
              69.2857099,
              41.3531087
            ],
            [
              69.2863323,
              41.3530477
            ],
            [
              69.2863471,
              41.3531297
            ],
            [
              69.2862793,
              41.3531366
            ],
            [
              69.2863321,
              41.3534943
            ],
            [
              69.2863449,
              41.3535811
            ],
            [
              69.2860443,
              41.3534852
            ],
            [
              69.2856474,
              41.3533586
            ],
            [
              69.2857099,
              41.3531087
            ]
          ]
        ],
        "type": "Polygon"
      },
      "properties": {
        "amenity": "hospital",
        "district_assignment": "within",
        "district_name": "Yunusabad district",
        "facility_category": "hospital",
        "facility_id": "hc_way_744561313",
        "geometry_assembly": "closed_way_polygon",
        "healthcare": "hospital",
        "latitude": 41.3532476,
        "longitude": 69.2859854,
        "name": null,
        "normalized_name": "",
        "operator": null,
        "osm_id": 744561313,
        "osm_relation_type": null,
        "osm_type": "way",
        "representative_point_method": "polygon_representative_point"
      },
      "type": "Feature"
    },
    {
      "geometry": {
        "coordinates": [
          [
            [
              69.2000363,
              41.3484706
            ],
            [
              69.1999403,
              41.3482881
            ],
            [
              69.2005182,
              41.3481077
            ],
            [
              69.2006168,
              41.3482996
            ],
            [
              69.2000363,
              41.3484706
            ]
          ]
        ],
        "type": "Polygon"
      },
      "properties": {
        "amenity": "clinic",
        "district_assignment": "within",
        "district_name": "Almazar district",
        "facility_category": "clinic",
        "facility_id": "hc_way_773583817",
        "geometry_assembly": "closed_way_polygon",
        "healthcare": "clinic",
        "latitude": 41.3482938,
        "longitude": 69.2002786,
        "name": "Uni Medical Care",
        "normalized_name": "uni medical care",
        "operator": null,
        "osm_id": 773583817,
        "osm_relation_type": null,
        "osm_type": "way",
        "representative_point_method": "polygon_representative_point"
      },
      "type": "Feature"
    },
    {
      "geometry": {
        "coordinates": [
          [
            [
              69.1695447,
              41.3557704
            ],
            [
              69.1710445,
              41.3550169
            ],
            [
              69.1720274,
              41.3549704
            ],
            [
              69.1724025,
              41.3553448
            ],
            [
              69.172875,
              41.3558311
            ],
            [
              69.1725756,
              41.3563943
            ],
            [
              69.1722829,
              41.3565748
            ],
            [
              69.17095,
              41.3573969
            ],
            [
              69.1709172,
              41.3573629
            ],
            [
              69.1702556,
              41.3566763
            ],
            [
              69.1696285,
              41.3560256
            ],
            [
              69.1696162,
              41.355988
            ],
            [
              69.1695621,
              41.3558235
            ],
            [
              69.1695447,
              41.3557704
            ]
          ]
        ],
        "type": "Polygon"
      },
      "properties": {
        "amenity": null,
        "district_assignment": "within",
        "district_name": "Almazar district",
        "facility_category": "hospital",
        "facility_id": "hc_way_845815802",
        "geometry_assembly": "closed_way_polygon",
        "healthcare": "hospital",
        "latitude": 41.35621,
        "longitude": 69.1712399,
        "name": null,
        "normalized_name": "",
        "operator": null,
        "osm_id": 845815802,
        "osm_relation_type": null,
        "osm_type": "way",
        "representative_point_method": "polygon_representative_point"
      },
      "type": "Feature"
    },
    {
      "geometry": {
        "coordinates": [
          [
            [
              69.204272,
              41.2224501
            ],
            [
              69.2048476,
              41.2226872
            ],
            [
              69.2047515,
              41.222819
            ],
            [
              69.204176,
              41.2225819
            ],
            [
              69.204272,
              41.2224501
            ]
          ]
        ],
        "type": "Polygon"
      },
      "properties": {
        "amenity": "clinic",
        "district_assignment": "within",
        "district_name": "Yangikhayot district",
        "facility_category": "clinic",
        "facility_id": "hc_way_891209979",
        "geometry_assembly": "closed_way_polygon",
        "healthcare": "clinic",
        "latitude": 41.2226346,
        "longitude": 69.2045118,
        "name": "My Med",
        "normalized_name": "my med",
        "operator": null,
        "osm_id": 891209979,
        "osm_relation_type": null,
        "osm_type": "way",
        "representative_point_method": "polygon_representative_point"
      },
      "type": "Feature"
    },
    {
      "geometry": {
        "coordinates": [
          [
            [
              69.3272724,
              41.3107744
            ],
            [
              69.3274971,
              41.310883
            ],
            [
              69.3275839,
              41.3107818
            ],
            [
              69.3274486,
              41.3107164
            ],
            [
              69.3274691,
              41.3106925
            ],
            [
              69.3273796,
              41.3106493
            ],
            [
              69.3272724,
              41.3107744
            ]
          ]
        ],
        "type": "Polygon"
      },
      "properties": {
        "amenity": "clinic",
        "district_assignment": "within",
        "district_name": "Yashnabad district",
        "facility_category": "clinic",
        "facility_id": "hc_way_953016285",
        "geometry_assembly": "closed_way_polygon",
        "healthcare": "clinic",
        "latitude": 41.3107454,
        "longitude": 69.3274029,
        "name": "Doctor Lotos",
        "normalized_name": "doctor lotos",
        "operator": null,
        "osm_id": 953016285,
        "osm_relation_type": null,
        "osm_type": "way",
        "representative_point_method": "polygon_representative_point"
      },
      "type": "Feature"
    },
    {
      "geometry": {
        "coordinates": [
          [
            [
              69.3220791,
              41.3369621
            ],
            [
              69.3221687,
              41.3369706
            ],
            [
              69.3221485,
              41.3370919
            ],
            [
              69.3222835,
              41.3371046
            ],
            [
              69.322303,
              41.3369878
            ],
            [
              69.3224313,
              41.3369998
            ],
            [
              69.3224521,
              41.3368753
            ],
            [
              69.3220991,
              41.3368421
            ],
            [
              69.3220791,
              41.3369621
            ]
          ]
        ],
        "type": "Polygon"
      },
      "properties": {
        "amenity": "clinic",
        "district_assignment": "within",
        "district_name": "Mirzo Ulugbek district",
        "facility_category": "clinic",
        "facility_id": "hc_way_956059660",
        "geometry_assembly": "closed_way_polygon",
        "healthcare": "clinic",
        "latitude": 41.3369792,
        "longitude": 69.322301,
        "name": "IX Med",
        "normalized_name": "ix med",
        "operator": null,
        "osm_id": 956059660,
        "osm_relation_type": null,
        "osm_type": "way",
        "representative_point_method": "polygon_representative_point"
      },
      "type": "Feature"
    },
    {
      "geometry": {
        "coordinates": [
          [
            [
              69.2272266,
              41.2796648
            ],
            [
              69.2275819,
              41.2794612
            ],
            [
              69.228924,
              41.278617
            ],
            [
              69.2287811,
              41.27851
            ],
            [
              69.2276293,
              41.2776395
            ],
            [
              69.2275279,
              41.2775225
            ],
            [
              69.2274707,
              41.2775385
            ],
            [
              69.2271325,
              41.277616
            ],
            [
              69.2269906,
              41.2776485
            ],
            [
              69.2268358,
              41.2777262
            ],
            [
              69.2267132,
              41.2777925
            ],
            [
              69.2266603,
              41.2778263
            ],
            [
              69.2263243,
              41.2780411
            ],
            [
              69.2260713,
              41.2782028
            ],
            [
              69.2259749,
              41.278253
            ],
            [
              69.2259251,
              41.2782719
            ],
            [
              69.2258736,
              41.2782858
            ],
            [
              69.2257411,
              41.2783038
            ],
            [
              69.2256379,
              41.2783131
            ],
            [
              69.2258651,
              41.2785861
            ],
            [
              69.2263504,
              41.2790217
            ],
            [
              69.226544,
              41.2790302
            ],
            [
              69.2267381,
              41.2791901
            ],
            [
              69.2269137,
              41.2793612
            ],
            [
              69.2269795,
              41.2794385
            ],
            [
              69.2271831,
              41.2796253
            ],
            [
              69.2272266,
              41.2796648
            ]
          ]
        ],
        "type": "Polygon"
      },
      "properties": {
        "amenity": "hospital",
        "district_assignment": "within",
        "district_name": "Chilanzar district",
        "facility_category": "hospital",
        "facility_id": "hc_way_987644502",
        "geometry_assembly": "closed_way_polygon",
        "healthcare": "hospital",
        "latitude": 41.2786015,
        "longitude": 69.2273928,
        "name": "Pediatric Hematology and Oncology Clinic and Immunology Center",
        "normalized_name": "pediatric hematology and oncology clinic and immunology center",
        "operator": null,
        "osm_id": 987644502,
        "osm_relation_type": null,
        "osm_type": "way",
        "representative_point_method": "polygon_representative_point"
      },
      "type": "Feature"
    },
    {
      "geometry": {
        "coordinates": [
          [
            [
              69.2256379,
              41.2783131
            ],
            [
              69.2257411,
              41.2783038
            ],
            [
              69.2258736,
              41.2782858
            ],
            [
              69.2259251,
              41.2782719
            ],
            [
              69.2259749,
              41.278253
            ],
            [
              69.2260713,
              41.2782028
            ],
            [
              69.2263243,
              41.2780411
            ],
            [
              69.2266603,
              41.2778263
            ],
            [
              69.2267132,
              41.2777925
            ],
            [
              69.2268358,
              41.2777262
            ],
            [
              69.2269906,
              41.2776485
            ],
            [
              69.2271325,
              41.277616
            ],
            [
              69.2274707,
              41.2775385
            ],
            [
              69.2275279,
              41.2775225
            ],
            [
              69.2273419,
              41.2773474
            ],
            [
              69.2270655,
              41.277112
            ],
            [
              69.2268961,
              41.2769676
            ],
            [
              69.2260599,
              41.2762553
            ],
            [
              69.2259875,
              41.2762325
            ],
            [
              69.2257067,
              41.2758929
            ],
            [
              69.2248161,
              41.2761471
            ],
            [
              69.225087,
              41.2768477
            ],
            [
              69.2252626,
              41.277304
            ],
            [
              69.2253722,
              41.2775918
            ],
            [
              69.2254333,
              41.2777634
            ],
            [
              69.2254586,
              41.2778346
            ],
            [
              69.2256379,
              41.2783131
            ]
          ]
        ],
        "type": "Polygon"
      },
      "properties": {
        "amenity": "hospital",
        "district_assignment": "within",
        "district_name": "Chilanzar district",
        "facility_category": "hospital",
        "facility_id": "hc_way_987644503",
        "geometry_assembly": "closed_way_polygon",
        "healthcare": "hospital",
        "latitude": 41.2770398,
        "longitude": 69.2260709,
        "name": "Republican Specialized Scientific and Practical Medical Center of Hematology",
        "normalized_name": "republican specialized scientific and practical medical center of hematology",
        "operator": null,
        "osm_id": 987644503,
        "osm_relation_type": null,
        "osm_type": "way",
        "representative_point_method": "polygon_representative_point"
      },
      "type": "Feature"
    },
    {
      "geometry": {
        "coordinates": [
          [
            [
              69.316081,
              41.2880686
            ],
            [
              69.3163473,
              41.2875906
            ],
            [
              69.3170827,
              41.2879345
            ],
            [
              69.317093,
              41.2879393
            ],
            [
              69.3167915,
              41.2882795
            ],
            [
              69.3166879,
              41.2883589
            ],
            [
              69.3166756,
              41.2883715
            ],
            [
              69.3165709,
              41.2883222
            ],
            [
              69.3166482,
              41.2882504
            ],
            [
              69.316081,
              41.2880686
            ]
          ]
        ],
        "type": "Polygon"
      },
      "properties": {
        "amenity": "hospital",
        "district_assignment": "within",
        "district_name": "Yashnabad district",
        "facility_category": "hospital",
        "facility_id": "hc_way_1066986901",
        "geometry_assembly": "closed_way_polygon",
        "healthcare": "hospital",
        "latitude": 41.288004,
        "longitude": 69.3165764,
        "name": null,
        "normalized_name": "",
        "operator": null,
        "osm_id": 1066986901,
        "osm_relation_type": null,
        "osm_type": "way",
        "representative_point_method": "polygon_representative_point"
      },
      "type": "Feature"
    },
    {
      "geometry": {
        "coordinates": [
          [
            [
              69.2504106,
              41.3235433
            ],
            [
              69.2504931,
              41.3241606
            ],
            [
              69.251699,
              41.3240645
            ],
            [
              69.2516613,
              41.3237885
            ],
            [
              69.2516459,
              41.3236658
            ],
            [
              69.2514357,
              41.3236789
            ],
            [
              69.2514046,
              41.3234731
            ],
            [
              69.2504106,
              41.3235433
            ]
          ]
        ],
        "type": "Polygon"
      },
      "properties": {
        "amenity": "hospital",
        "district_assignment": "within",
        "district_name": "Shaykhantakhur district",
        "facility_category": "hospital",
        "facility_id": "hc_way_1067551524",
        "geometry_assembly": "closed_way_polygon",
        "healthcare": "hospital",
        "latitude": 41.3239265,
        "longitude": 69.251071,
        "name": "Shayxontohur tuman davlat sanitariya epidemiologiya nazorat markazi",
        "normalized_name": "shayxontohur tuman davlat sanitariya epidemiologiya nazorat markazi",
        "operator": null,
        "osm_id": 1067551524,
        "osm_relation_type": null,
        "osm_type": "way",
        "representative_point_method": "polygon_representative_point"
      },
      "type": "Feature"
    },
    {
      "geometry": {
        "coordinates": [
          [
            [
              69.4487955,
              41.4043239
            ],
            [
              69.4494037,
              41.4042516
            ],
            [
              69.4507325,
              41.4039825
            ],
            [
              69.4503633,
              41.4037601
            ],
            [
              69.4500948,
              41.4035797
            ],
            [
              69.4498487,
              41.4033741
            ],
            [
              69.4496808,
              41.4032104
            ],
            [
              69.4494571,
              41.4029461
            ],
            [
              69.4492892,
              41.4027237
            ],
            [
              69.4491102,
              41.4023628
            ],
            [
              69.4490095,
              41.4020775
            ],
            [
              69.4487466,
              41.4020649
            ],
            [
              69.4472977,
              41.4031559
            ],
            [
              69.4487955,
              41.4043239
            ]
          ]
        ],
        "type": "Polygon"
      },
      "properties": {
        "amenity": "hospital",
        "district_assignment": "within",
        "district_name": "Mirzo Ulugbek district",
        "facility_category": "hospital",
        "facility_id": "hc_way_1093932558",
        "geometry_assembly": "closed_way_polygon",
        "healthcare": "hospital",
        "latitude": 41.4031832,
        "longitude": 69.4484952,
        "name": "2 - sonli Respublika Klinik Shifoxonasi",
        "normalized_name": "2 sonli respublika klinik shifoxonasi",
        "operator": null,
        "osm_id": 1093932558,
        "osm_relation_type": null,
        "osm_type": "way",
        "representative_point_method": "polygon_representative_point"
      },
      "type": "Feature"
    },
    {
      "geometry": {
        "coordinates": [
          [
            [
              69.2826163,
              41.2688259
            ],
            [
              69.2826436,
              41.2687332
            ],
            [
              69.2827429,
              41.2687449
            ],
            [
              69.2828285,
              41.2684748
            ],
            [
              69.2829565,
              41.2680709
            ],
            [
              69.2828006,
              41.2680451
            ],
            [
              69.2828246,
              41.2679689
            ],
            [
              69.2828743,
              41.2677186
            ],
            [
              69.2835067,
              41.2678819
            ],
            [
              69.283519,
              41.2681523
            ],
            [
              69.2835034,
              41.2681883
            ],
            [
              69.2834851,
              41.2682478
            ],
            [
              69.2834243,
              41.2684189
            ],
            [
              69.2833793,
              41.2684209
            ],
            [
              69.2832126,
              41.2689568
            ],
            [
              69.2830501,
              41.2689231
            ],
            [
              69.2830579,
              41.2688984
            ],
            [
              69.2829496,
              41.2688797
            ],
            [
              69.2826163,
              41.2688259
            ]
          ]
        ],
        "type": "Polygon"
      },
      "properties": {
        "amenity": "clinic",
        "district_assignment": "within",
        "district_name": "Sergeli district",
        "facility_category": "clinic",
        "facility_id": "hc_way_1130605575",
        "geometry_assembly": "closed_way_polygon",
        "healthcare": "clinic",
        "latitude": 41.2683333,
        "longitude": 69.283164,
        "name": "Медсанчасть Аэропорта \"Ташкент\"",
        "normalized_name": "медсанчасть аэропорта ташкент",
        "operator": null,
        "osm_id": 1130605575,
        "osm_relation_type": null,
        "osm_type": "way",
        "representative_point_method": "polygon_representative_point"
      },
      "type": "Feature"
    },
    {
      "geometry": {
        "coordinates": [
          [
            [
              69.2111128,
              41.2941025
            ],
            [
              69.2116012,
              41.2940703
            ],
            [
              69.2116273,
              41.2942937
            ],
            [
              69.2115197,
              41.2943008
            ],
            [
              69.2115079,
              41.2941998
            ],
            [
              69.2112409,
              41.2942174
            ],
            [
              69.2112534,
              41.2943243
            ],
            [
              69.2111396,
              41.2943318
            ],
            [
              69.2111128,
              41.2941025
            ]
          ]
        ],
        "type": "Polygon"
      },
      "properties": {
        "amenity": "clinic",
        "district_assignment": "within",
        "district_name": "Chilanzar district",
        "facility_category": "clinic",
        "facility_id": "hc_way_1158966324",
        "geometry_assembly": "closed_way_polygon",
        "healthcare": "clinic",
        "latitude": 41.2942086,
        "longitude": 69.2112498,
        "name": "Поликлиника №37",
        "normalized_name": "поликлиника 37",
        "operator": null,
        "osm_id": 1158966324,
        "osm_relation_type": null,
        "osm_type": "way",
        "representative_point_method": "polygon_representative_point"
      },
      "type": "Feature"
    },
    {
      "geometry": {
        "coordinates": [
          [
            [
              69.3270282,
              41.3106723
            ],
            [
              69.3271221,
              41.3105504
            ],
            [
              69.3269766,
              41.3104872
            ],
            [
              69.3268828,
              41.3106091
            ],
            [
              69.3270282,
              41.3106723
            ]
          ]
        ],
        "type": "Polygon"
      },
      "properties": {
        "amenity": "clinic",
        "district_assignment": "within",
        "district_name": "Yashnabad district",
        "facility_category": "clinic",
        "facility_id": "hc_way_1458725332",
        "geometry_assembly": "closed_way_polygon",
        "healthcare": "clinic",
        "latitude": 41.3105798,
        "longitude": 69.3270024,
        "name": "Womens Life",
        "normalized_name": "womens life",
        "operator": null,
        "osm_id": 1458725332,
        "osm_relation_type": null,
        "osm_type": "way",
        "representative_point_method": "polygon_representative_point"
      },
      "type": "Feature"
    },
    {
      "geometry": {
        "coordinates": [
          [
            [
              69.3350037,
              41.2956825
            ],
            [
              69.335125,
              41.295595
            ],
            [
              69.3353828,
              41.2957967
            ],
            [
              69.3352614,
              41.2958842
            ],
            [
              69.3350037,
              41.2956825
            ]
          ]
        ],
        "type": "Polygon"
      },
      "properties": {
        "amenity": "clinic",
        "district_assignment": "within",
        "district_name": "Yashnabad district",
        "facility_category": "clinic",
        "facility_id": "hc_way_1521327810",
        "geometry_assembly": "closed_way_polygon",
        "healthcare": "clinic",
        "latitude": 41.2957396,
        "longitude": 69.3351932,
        "name": "G'ulomjon Neyro Service",
        "normalized_name": "gulomjon neyro service",
        "operator": null,
        "osm_id": 1521327810,
        "osm_relation_type": null,
        "osm_type": "way",
        "representative_point_method": "polygon_representative_point"
      },
      "type": "Feature"
    }
  ],
  "provenance": {
    "acquired_at_utc": "2026-09-20T14:10:23Z",
    "city_clipping_rule": "retained when the routing representative point lies within data/processed/tashkent_boundary.geojson",
    "clean": {
      "by_category": {
        "clinic": 230,
        "hospital": 206
      },
      "named": 403,
      "total": 436,
      "unnamed": 33
    },
    "dedupe_distance_max_m": 92.312547,
    "dedupe_distance_median_m": 73.80383,
    "dedupe_distance_min_m": 9.660945,
    "dedupe_distance_units": "metres (EPSG:32642)",
    "dedupe_radius_m": 150.0,
    "dedupe_rule": "one object per OSM type/id; records sharing a category and a non-empty normalized name within 150 m collapse to the areal representation; unnamed facilities are never proximity-merged and categories are never merged",
    "district_scope_rule": "routing scope is the full current city boundary; supply scope is the 12 SIAT-matched analysis districts. A facility outside all 12 stays a routing source and is credited to no district supply",
    "duplicates_removed": 4,
    "elements_returned": 478,
    "facility_class": "healthcare",
    "geometry": {
      "assembly_methods": {
        "closed_way_polygon": 142,
        "multipolygon_polygonized": 24,
        "osm_node": 270
      },
      "multipolygon_line_fallback": 0,
      "multipolygon_relations": 24,
      "relation_geometry_types": {
        "Polygon": 24
      },
      "relation_line_fallback": 0,
      "relation_polygonal": 24,
      "relations": 24
    },
    "osm_licence": "ODbL 1.0",
    "overpass_query": "[out:json][timeout:300];\n(\n  node[\"amenity\"=\"hospital\"](41.1577334,69.121797,41.4224955,69.525908);\n  way[\"amenity\"=\"hospital\"](41.1577334,69.121797,41.4224955,69.525908);\n  relation[\"amenity\"=\"hospital\"](41.1577334,69.121797,41.4224955,69.525908);\n  node[\"amenity\"=\"clinic\"](41.1577334,69.121797,41.4224955,69.525908);\n  way[\"amenity\"=\"clinic\"](41.1577334,69.121797,41.4224955,69.525908);\n  relation[\"amenity\"=\"clinic\"](41.1577334,69.121797,41.4224955,69.525908);\n  node[\"healthcare\"=\"hospital\"](41.1577334,69.121797,41.4224955,69.525908);\n  way[\"healthcare\"=\"hospital\"](41.1577334,69.121797,41.4224955,69.525908);\n  relation[\"healthcare\"=\"hospital\"](41.1577334,69.121797,41.4224955,69.525908);\n  node[\"healthcare\"=\"clinic\"](41.1577334,69.121797,41.4224955,69.525908);\n  way[\"healthcare\"=\"clinic\"](41.1577334,69.121797,41.4224955,69.525908);\n  relation[\"healthcare\"=\"clinic\"](41.1577334,69.121797,41.4224955,69.525908);\n);\nout geom;",
    "raw_cache_path": "data/external/osm_cache/phase2c_healthcare_overpass.json",
    "raw_cache_sha256": "82f6ba9a3370f198c5504ad9248767b5bf2e96da03a2e856a62e2f200720e9be",
    "raw_cache_size_bytes": 477524,
    "raw_in_city": {
      "by_category": {
        "clinic": 233,
        "hospital": 207
      },
      "named": 407,
      "total": 440,
      "unnamed": 33
    },
    "relation_assembly_rule": "relation member linework is noded and polygonized by role, so an outer ring split across several member ways still closes; inner rings are subtracted so courtyards remain holes",
    "representative_point_rule": "OSM node as-is; a closed way and a polygonized multipolygon relation use a representative point guaranteed inside the reconstructed area; only a genuine line feature uses its midpoint. These are routing proxies, not verified pedestrian entrances.",
    "scope": {
      "boundary_tie": 0,
      "in_analysis_districts": 432,
      "outside_analysis_districts": 4,
      "routing_sources": 436,
      "within": 432
    }
  },
  "type": "FeatureCollection"
}
