{
"type": "FeatureCollection",
"name": "metro_isochrone_10min",
"crs": { "type": "name", "properties": { "name": "urn:ogc:def:crs:OGC:1.3:CRS84" } },
"features": [
{ "type": "Feature", "properties": { "budget_m": 800.0, "buffer_m": 40.0, "simplify_m": 10.0 }, "geometry": { "type": "MultiPolygon", "coordinates": [ [ [ [ 69.351239687332239, 41.259997792703963 ], [ 69.355238384882171, 41.259865742849712 ], [ 69.354736094707931, 41.260482907557765 ], [ 69.354411472008564, 41.260381799183705 ], [ 69.353949114919544, 41.260672244661414 ], [ 69.353037834455264, 41.26070801371592 ], [ 69.352327761019538, 41.261158504419072 ], [ 69.352300039495461, 41.261433478772275 ], [ 69.352538115998399, 41.261642705965222 ], [ 69.353315657354955, 41.261714840053415 ], [ 69.353367667140475, 41.261955335586947 ], [ 69.352970606996848, 41.262282532154494 ], [ 69.353204319906894, 41.262936038023327 ], [ 69.353700582246574, 41.263077692852143 ], [ 69.354130952999967, 41.26275672798829 ], [ 69.354699768930431, 41.262914974700237 ], [ 69.355328458357661, 41.26254724173679 ], [ 69.355875548024486, 41.262677361212994 ], [ 69.356210695099222, 41.262436218799998 ], [ 69.356722657709042, 41.262343300157092 ], [ 69.356846247872113, 41.26200557145814 ], [ 69.357430094655172, 41.261880439590158 ], [ 69.357572869587614, 41.261633109073415 ], [ 69.358365024797124, 41.262082994876081 ], [ 69.360166200538217, 41.264729511086195 ], [ 69.360108985434806, 41.265117617358619 ], [ 69.360386083896472, 41.265297435520317 ], [ 69.361239513025282, 41.265104597578386 ], [ 69.361477775300685, 41.264895483139036 ], [ 69.36145900164567, 41.264597098350208 ], [ 69.361007207188734, 41.264387216471924 ], [ 69.363227805328236, 41.263515355392791 ], [ 69.364879666639013, 41.265944497328618 ], [ 69.36450510265685, 41.266246931663417 ], [ 69.364309039171943, 41.266124026501537 ], [ 69.364256757905167, 41.265688103977475 ], [ 69.363758250645915, 41.265550970166601 ], [ 69.363463386620182, 41.265713912607389 ], [ 69.363320654844188, 41.266231402246348 ], [ 69.363098649642168, 41.266405214643477 ], [ 69.363078289233655, 41.267238969348547 ], [ 69.364143431615119, 41.267825268913775 ], [ 69.361292481031143, 41.267559261697244 ], [ 69.360944863514561, 41.267644460700097 ], [ 69.360778906750468, 41.267890163151428 ], [ 69.360891827751146, 41.268152440514825 ], [ 69.361715541753767, 41.268307253144258 ], [ 69.362069762323088, 41.268708601742631 ], [ 69.362836937127668, 41.268633599112803 ], [ 69.362859249671672, 41.269220611725096 ], [ 69.363132971077491, 41.269403365173027 ], [ 69.363646135210132, 41.269301477373133 ], [ 69.363957980082404, 41.268702622851343 ], [ 69.3638768682044, 41.269196633136012 ], [ 69.364175081984897, 41.269449758888541 ], [ 69.363079248950555, 41.270496192715562 ], [ 69.363138965875294, 41.270768255568385 ], [ 69.363563112346711, 41.270931862204201 ], [ 69.363355938459065, 41.271374486515391 ], [ 69.363648445435771, 41.271708525178035 ], [ 69.364013961886471, 41.271709964314475 ], [ 69.364273768527781, 41.27151598638563 ], [ 69.365029832232111, 41.270158907697287 ], [ 69.365631529202332, 41.270383890318541 ], [ 69.366392345098731, 41.270199141561491 ], [ 69.365867654569655, 41.270494867233751 ], [ 69.365924515632443, 41.270897025777096 ], [ 69.366158850985215, 41.271108664686636 ], [ 69.366865056425041, 41.271181066117066 ], [ 69.36711837549602, 41.270982265521035 ], [ 69.367115697459823, 41.270722095852442 ], [ 69.367403575324687, 41.271185943442887 ], [ 69.367923147204863, 41.271267324664244 ], [ 69.368221632412684, 41.270936311035072 ], [ 69.368085955176184, 41.27061008523556 ], [ 69.368742631440426, 41.270563069140053 ], [ 69.369115038593478, 41.270046933365556 ], [ 69.369153121374438, 41.269772666169899 ], [ 69.368802244133718, 41.269530156323441 ], [ 69.369001816464831, 41.26934609064584 ], [ 69.369687026329558, 41.269526299152268 ], [ 69.370023699860326, 41.269418941501719 ], [ 69.370155499846049, 41.269185662984867 ], [ 69.371485090132651, 41.269404298610503 ], [ 69.371853946591457, 41.269088867881976 ], [ 69.372400831020329, 41.269174214941025 ], [ 69.372675385542479, 41.268992175430832 ], [ 69.372605583282478, 41.268595301303279 ], [ 69.371261821405128, 41.268066043410364 ], [ 69.369684893353238, 41.266849271887928 ], [ 69.369736359857285, 41.266435356567705 ], [ 69.371181991468717, 41.265232877284461 ], [ 69.371714858539377, 41.265153300557195 ], [ 69.371873818664, 41.264791765121544 ], [ 69.371771831413881, 41.264588355467531 ], [ 69.372667470493013, 41.26389481516356 ], [ 69.372495478167878, 41.263345370499152 ], [ 69.372047536680412, 41.26313079441816 ], [ 69.370978225436346, 41.263823430546474 ], [ 69.37221196468245, 41.262813756111164 ], [ 69.372113198769057, 41.262420399828912 ], [ 69.371776837901436, 41.262312550420098 ], [ 69.371437927347486, 41.262415755300481 ], [ 69.369116397032812, 41.26413575919053 ], [ 69.366958565173732, 41.265342226260245 ], [ 69.36594052156714, 41.264321490182418 ], [ 69.370016719477505, 41.260936062219024 ], [ 69.370260715869833, 41.260567166375324 ], [ 69.370159634803997, 41.260302155851313 ], [ 69.369839824091542, 41.260168698409117 ], [ 69.369488623278826, 41.260244970841796 ], [ 69.366796887141589, 41.262346025839832 ], [ 69.366053925786971, 41.261863915403659 ], [ 69.365537857492939, 41.261956894873158 ], [ 69.365454207270332, 41.262352241788989 ], [ 69.366147245091938, 41.26287423221342 ], [ 69.365325834899295, 41.263594933141384 ], [ 69.364870768106755, 41.263269566760812 ], [ 69.364363373410413, 41.263327905222184 ], [ 69.362343867708361, 41.260368085471342 ], [ 69.362838625792548, 41.26014454642457 ], [ 69.362786611148636, 41.259746120889496 ], [ 69.36246430598294, 41.259616128884325 ], [ 69.361888412625021, 41.259702289473388 ], [ 69.36168436466896, 41.259463786673685 ], [ 69.361205875385409, 41.259408245590613 ], [ 69.359393081188401, 41.257106685179778 ], [ 69.358162644032106, 41.257166376799155 ], [ 69.358624862303486, 41.255821299698447 ], [ 69.358370896471115, 41.255623011993364 ], [ 69.35800551757761, 41.255618318906798 ], [ 69.357496293425555, 41.256238217168637 ], [ 69.356124341302788, 41.252513665264196 ], [ 69.355590878260571, 41.251571693732991 ], [ 69.354675987330126, 41.250858732076132 ], [ 69.354202178769455, 41.251038789257819 ], [ 69.3541575016542, 41.25131248947649 ], [ 69.354542326427762, 41.251729089272281 ], [ 69.354037826423024, 41.252058830800678 ], [ 69.35399185665969, 41.252332409133452 ], [ 69.354392369375006, 41.252594944153145 ], [ 69.355010999043969, 41.252366665461949 ], [ 69.35510758067052, 41.252543311752959 ], [ 69.353760821675735, 41.253387025647548 ], [ 69.353609676439063, 41.253770787842697 ], [ 69.35384308062288, 41.253982974435147 ], [ 69.354206939474906, 41.254008461859385 ], [ 69.355420086661326, 41.253284099728383 ], [ 69.356445026049997, 41.256074038636491 ], [ 69.355447208881174, 41.255612942132515 ], [ 69.355543969004856, 41.25526089755401 ], [ 69.35513778574537, 41.255003357387473 ], [ 69.354632418926343, 41.255235552356034 ], [ 69.353885800874352, 41.255012908373338 ], [ 69.35358981047699, 41.25517463500892 ], [ 69.353532051708129, 41.255446937679679 ], [ 69.353746361216125, 41.255670305430108 ], [ 69.356665015329611, 41.257020684535149 ], [ 69.356736446287201, 41.257567862229564 ], [ 69.35668494601471, 41.25765609467534 ], [ 69.354056455754971, 41.256326914200422 ], [ 69.35359018932715, 41.256353082705054 ], [ 69.351481814664652, 41.257399378244806 ], [ 69.351398283933506, 41.257667846689642 ], [ 69.351599194740999, 41.258093405262066 ], [ 69.35145891691775, 41.258529499776543 ], [ 69.350557943934149, 41.258942653107212 ], [ 69.350459117768011, 41.259208147415251 ], [ 69.350779041168821, 41.259502689228086 ], [ 69.350896040412763, 41.259903953277046 ], [ 69.351239687332239, 41.259997792703963 ] ], [ [ 69.368240527996136, 41.265987968291391 ], [ 69.367890311052705, 41.266054000609849 ], [ 69.370251671807736, 41.264397894431504 ], [ 69.368240527996136, 41.265987968291391 ] ], [ [ 69.368860633173739, 41.26819878730754 ], [ 69.369609035519474, 41.268288456491454 ], [ 69.369941840982847, 41.26840261609393 ], [ 69.368860633173739, 41.26819878730754 ] ], [ [ 69.367659340288924, 41.269279568016792 ], [ 69.368258104565669, 41.269492050160018 ], [ 69.367401493802106, 41.269484791003755 ], [ 69.366825577789299, 41.268865368889685 ], [ 69.367644343874574, 41.268797197269436 ], [ 69.367659340288924, 41.269279568016792 ] ], [ [ 69.366805971163231, 41.26770083864195 ], [ 69.366836058995148, 41.267852142097787 ], [ 69.36670968708593, 41.267750430789818 ], [ 69.366805971163231, 41.26770083864195 ] ], [ [ 69.366228122004458, 41.269477601037366 ], [ 69.365717816999606, 41.269474788917194 ], [ 69.36571152646529, 41.2694744371477 ], [ 69.36602396465527, 41.269258016514414 ], [ 69.366228122004458, 41.269477601037366 ] ], [ [ 69.360094118865206, 41.260069055558162 ], [ 69.360292303010027, 41.259671486139091 ], [ 69.36145429603053, 41.261004636480315 ], [ 69.360616124570086, 41.260506790886012 ], [ 69.360175021557978, 41.260729267344281 ], [ 69.360175077424842, 41.261005036025757 ], [ 69.362014872557296, 41.262429472173082 ], [ 69.360913902566097, 41.262878832881711 ], [ 69.360371391269368, 41.262505506481773 ], [ 69.359811122387725, 41.26262651488841 ], [ 69.359160846508146, 41.261496876220932 ], [ 69.358044639837431, 41.261005869931566 ], [ 69.358412513550292, 41.260734143254581 ], [ 69.358546656147396, 41.260257585699307 ], [ 69.358379342518717, 41.260012414967989 ], [ 69.358031290602881, 41.259928326291387 ], [ 69.357601312049653, 41.260064554862062 ], [ 69.356786281086343, 41.259739100189016 ], [ 69.35668289537179, 41.259518601114387 ], [ 69.357005936968775, 41.259063797818243 ], [ 69.357204294016697, 41.259037560869423 ], [ 69.357622337448376, 41.259596107667072 ], [ 69.358149224232591, 41.259643118997552 ], [ 69.358408410303014, 41.259293788359457 ], [ 69.358010915315091, 41.258644876392232 ], [ 69.358394186006308, 41.258329596504879 ], [ 69.358808644066642, 41.258533358350178 ], [ 69.359297905015083, 41.258411682624796 ], [ 69.359652337505537, 41.258908511085984 ], [ 69.359212306101355, 41.260090962162792 ], [ 69.359662911545712, 41.260302314073719 ], [ 69.360094118865206, 41.260069055558162 ] ], [ [ 69.355935971721763, 41.258290175637235 ], [ 69.35519402882386, 41.258303426182103 ], [ 69.354819922450034, 41.258054917213556 ], [ 69.353988855288804, 41.25786097056892 ], [ 69.355101751448316, 41.257720897492845 ], [ 69.355975597434224, 41.258164503341092 ], [ 69.355935971721763, 41.258290175637235 ] ], [ [ 69.355534298970639, 41.259064459582056 ], [ 69.355468281869207, 41.259143372041152 ], [ 69.355462471154638, 41.259084825075767 ], [ 69.355534298970639, 41.259064459582056 ] ] ], [ [ [ 69.34161690760105, 41.298843957292128 ], [ 69.341684153239896, 41.299241084296114 ], [ 69.342528374905839, 41.299462291193912 ], [ 69.342989476376658, 41.30054043992336 ], [ 69.342728416559979, 41.300987011815785 ], [ 69.34278118290537, 41.301283593441745 ], [ 69.342487395204813, 41.301519599678166 ], [ 69.342705463313806, 41.301917528422571 ], [ 69.342133356614809, 41.302967385136554 ], [ 69.342215605696893, 41.303334240205672 ], [ 69.342708816193678, 41.303482415816141 ], [ 69.345022742339566, 41.301368412795554 ], [ 69.345608825154187, 41.301406567457626 ], [ 69.346530218149823, 41.300790849402986 ], [ 69.347142975917194, 41.300569418658824 ], [ 69.347459604463552, 41.300799987132521 ], [ 69.347985938707311, 41.300747646529267 ], [ 69.348123232111462, 41.300360914149145 ], [ 69.347859664863492, 41.300092782214485 ], [ 69.348617565397333, 41.299502614074953 ], [ 69.348650035125502, 41.298965965187087 ], [ 69.348368754141902, 41.298739488033384 ], [ 69.349423690856597, 41.298107912552155 ], [ 69.349679541086942, 41.298359851393904 ], [ 69.350628933950972, 41.298430546964319 ], [ 69.352021231920233, 41.297613399821842 ], [ 69.352099248021247, 41.298229600610405 ], [ 69.352609552453586, 41.29833995549685 ], [ 69.353191474434809, 41.298075390919884 ], [ 69.353113862550472, 41.297507327490692 ], [ 69.353471185699604, 41.297691762491084 ], [ 69.353768081705283, 41.297635280039522 ], [ 69.354053273909599, 41.297953821824045 ], [ 69.353673448821866, 41.298332143213528 ], [ 69.353928950835297, 41.298683076642668 ], [ 69.354293242582301, 41.298707016755102 ], [ 69.354590910954727, 41.298554333637171 ], [ 69.355017416956301, 41.298842140848976 ], [ 69.355375716606574, 41.298787041948877 ], [ 69.355694324612983, 41.298066704109232 ], [ 69.355587384182471, 41.297502641447501 ], [ 69.355751708963965, 41.2972305130601 ], [ 69.355528989119179, 41.296921146800585 ], [ 69.355657107644092, 41.296574246920883 ], [ 69.355447924460066, 41.296348061620506 ], [ 69.354870391084106, 41.296218791368425 ], [ 69.354971769441377, 41.295924462537997 ], [ 69.354552461841763, 41.295587996002723 ], [ 69.354682224637855, 41.295450336941514 ], [ 69.356738184672281, 41.296012376725876 ], [ 69.356764313827412, 41.296881096949882 ], [ 69.357237843398991, 41.2971095738624 ], [ 69.35768460591656, 41.296816622985517 ], [ 69.35826430961329, 41.296719582879405 ], [ 69.358361679845487, 41.296453772657898 ], [ 69.358049619652633, 41.296136456783039 ], [ 69.35894736571457, 41.296044342752303 ], [ 69.359180210151649, 41.295831714708129 ], [ 69.359145496302503, 41.295557193230813 ], [ 69.358863561652342, 41.295381588987034 ], [ 69.35802777833608, 41.295414144798848 ], [ 69.357996325549792, 41.295000077217409 ], [ 69.356823209886613, 41.293662927540396 ], [ 69.360272608434428, 41.295146688356169 ], [ 69.360058054144403, 41.295428051196538 ], [ 69.360315134980738, 41.295804359601362 ], [ 69.361669371486187, 41.296128043755125 ], [ 69.362818481040577, 41.295880050472064 ], [ 69.362885868619088, 41.295366166523614 ], [ 69.362381948876362, 41.295113963671071 ], [ 69.36270609105398, 41.294591658501133 ], [ 69.362353334608372, 41.294304999517301 ], [ 69.36268596297181, 41.293909845224476 ], [ 69.362194629239397, 41.293511607104222 ], [ 69.362280211844975, 41.293306532618793 ], [ 69.362817628516027, 41.293487442605056 ], [ 69.363246078709267, 41.293330452134576 ], [ 69.363791492008247, 41.293347009629457 ], [ 69.364005343654355, 41.292980583718411 ], [ 69.363808925091618, 41.292747985183901 ], [ 69.362094324147336, 41.291836660936724 ], [ 69.363297708865986, 41.290043601803703 ], [ 69.362910012536915, 41.289773589363257 ], [ 69.363105419537902, 41.289360550142739 ], [ 69.362715804005987, 41.289099125030006 ], [ 69.362716623161873, 41.288858932005695 ], [ 69.36228325844354, 41.288470262751694 ], [ 69.36264668413088, 41.288230404922835 ], [ 69.362571187263811, 41.287834123315527 ], [ 69.360886341844662, 41.287306754760131 ], [ 69.361034659267801, 41.287150255135856 ], [ 69.361530846325564, 41.287240379442473 ], [ 69.361818751960186, 41.287070409992239 ], [ 69.361862989869437, 41.286796668721792 ], [ 69.361587180239923, 41.286558016424827 ], [ 69.361737821694106, 41.286394441444791 ], [ 69.362340095529802, 41.286538985649926 ], [ 69.362693107515767, 41.286240017098798 ], [ 69.362601192042248, 41.285973107012978 ], [ 69.362290281686398, 41.285803490298157 ], [ 69.362614038116334, 41.285417019064141 ], [ 69.36255513014396, 41.285144854918343 ], [ 69.362072070953488, 41.284978972770439 ], [ 69.361552322118243, 41.285343271170866 ], [ 69.361149614012191, 41.285122348342689 ], [ 69.361270100636887, 41.284409933830396 ], [ 69.36412345935733, 41.28243640875715 ], [ 69.364242614827788, 41.28249027950497 ], [ 69.362638134129114, 41.284253132984283 ], [ 69.362700318076705, 41.284524882180079 ], [ 69.362999035833724, 41.28468387008671 ], [ 69.363494397979693, 41.284540113130411 ], [ 69.365254217305448, 41.282658729941943 ], [ 69.365972950964291, 41.282370843975343 ], [ 69.366655396661187, 41.283200893981657 ], [ 69.366993429411139, 41.283305922385743 ], [ 69.367446692136397, 41.283229389864168 ], [ 69.367684551037243, 41.283019972268313 ], [ 69.367434739595268, 41.282565630601212 ], [ 69.367648587388388, 41.282242345790706 ], [ 69.367279587871408, 41.281867305798343 ], [ 69.368072065282973, 41.28148663510418 ], [ 69.368165011224292, 41.28121992940499 ], [ 69.367980728681673, 41.280981762685059 ], [ 69.367627168949639, 41.280911648958451 ], [ 69.366371137683061, 41.28143289522361 ], [ 69.365757773757196, 41.280976958531042 ], [ 69.366376445054101, 41.280471453651479 ], [ 69.366719248725886, 41.28057075690208 ], [ 69.367052957288948, 41.280458158070488 ], [ 69.367170711008683, 41.280103714951473 ], [ 69.365324255050709, 41.278749471761891 ], [ 69.364980270545956, 41.278656133549291 ], [ 69.364649545826651, 41.278773620695603 ], [ 69.36452581316928, 41.279033111624422 ], [ 69.365151019840738, 41.279604663476327 ], [ 69.363370008221608, 41.281308240084812 ], [ 69.36186817649309, 41.28072215126496 ], [ 69.362409999230351, 41.277638280648347 ], [ 69.363203052335876, 41.278187372975182 ], [ 69.363568594903967, 41.278184876106955 ], [ 69.363859430248425, 41.277849993779853 ], [ 69.362861579361649, 41.2769628279949 ], [ 69.362979422168905, 41.276662366429726 ], [ 69.36260515115967, 41.276340222161238 ], [ 69.362730008139891, 41.275365384129081 ], [ 69.361852650832162, 41.27473463618125 ], [ 69.361619506222041, 41.274342726061008 ], [ 69.361256705285371, 41.27430905420217 ], [ 69.360895389701398, 41.274495051650327 ], [ 69.360657930193426, 41.275695344721825 ], [ 69.358968087478516, 41.275196724449842 ], [ 69.358647527422221, 41.275515784398351 ], [ 69.358806348790225, 41.275798844095206 ], [ 69.357943677037653, 41.275600182999618 ], [ 69.357670334498124, 41.27578328151769 ], [ 69.357645795893802, 41.276042840545017 ], [ 69.357268787977191, 41.275933765670693 ], [ 69.356922851521873, 41.276022872557128 ], [ 69.356782913856691, 41.276390012521254 ], [ 69.356229109445351, 41.276306775957785 ], [ 69.355220096247777, 41.276712193747514 ], [ 69.355072540798787, 41.27706325405385 ], [ 69.354690021119211, 41.276954382232574 ], [ 69.354344860659396, 41.277045197568796 ], [ 69.354222585336842, 41.277446609832261 ], [ 69.353801794357622, 41.277324706138408 ], [ 69.353456923060051, 41.277416148645749 ], [ 69.353298772537627, 41.277664772964528 ], [ 69.353406519991339, 41.27790777142166 ], [ 69.352862919097817, 41.277698381863324 ], [ 69.352385058430684, 41.277872538192327 ], [ 69.352334407408051, 41.278145646172099 ], [ 69.352678507407063, 41.278980188791614 ], [ 69.351852096997504, 41.280171630241782 ], [ 69.352117799299265, 41.280758480546858 ], [ 69.352617684920006, 41.280866382478585 ], [ 69.352242581509287, 41.281335320608157 ], [ 69.352781390510614, 41.282490564000312 ], [ 69.353106053549567, 41.282617335992171 ], [ 69.353454461137616, 41.282533804811038 ], [ 69.35393593966154, 41.28187937347834 ], [ 69.354166959707328, 41.282176439831765 ], [ 69.353879779089539, 41.282802264885184 ], [ 69.354289242785171, 41.283056987300071 ], [ 69.354639338588342, 41.282977568038703 ], [ 69.355024267528151, 41.28249537258295 ], [ 69.355898709626985, 41.282483751491604 ], [ 69.356146115639461, 41.282359584844677 ], [ 69.356602016100908, 41.282542597903984 ], [ 69.357436873303499, 41.282476374436072 ], [ 69.357812669297459, 41.282183626783954 ], [ 69.35822709385009, 41.282294767957083 ], [ 69.357777828147618, 41.282820479844432 ], [ 69.357650743619871, 41.283320582404052 ], [ 69.357792222674362, 41.283574863193245 ], [ 69.358089275659978, 41.283673150104121 ], [ 69.358046922114937, 41.284203062780691 ], [ 69.357223322471512, 41.28516598459116 ], [ 69.356300319528842, 41.284966741343318 ], [ 69.355897552831479, 41.284710912748487 ], [ 69.355374010929651, 41.284776718267551 ], [ 69.355124072394801, 41.285329347181921 ], [ 69.355415332822105, 41.285559042804969 ], [ 69.355432451151799, 41.285998692348322 ], [ 69.355820778644343, 41.286179698089121 ], [ 69.355408733741513, 41.286800465033544 ], [ 69.354397915694975, 41.286315168775843 ], [ 69.353908296887639, 41.28634845639408 ], [ 69.353223632445463, 41.286873385540225 ], [ 69.35276409312047, 41.286630700979153 ], [ 69.352290750807327, 41.286854911091723 ], [ 69.351722104282004, 41.286736738178803 ], [ 69.351040846674948, 41.287021028642421 ], [ 69.350585133418789, 41.287044622398447 ], [ 69.350272648986746, 41.287360643290491 ], [ 69.349633363884607, 41.287428337290919 ], [ 69.34920625999095, 41.287643288044244 ], [ 69.349229208662933, 41.288043266178619 ], [ 69.350249143854469, 41.288557602334443 ], [ 69.349313344657062, 41.288631184894037 ], [ 69.348648639192803, 41.289465407563775 ], [ 69.348095114398632, 41.289471934560758 ], [ 69.347913201413277, 41.289848041441715 ], [ 69.348264461417898, 41.290573609458981 ], [ 69.348852803205574, 41.290558617565942 ], [ 69.349311993733622, 41.291591395581612 ], [ 69.348736051932264, 41.291746774318526 ], [ 69.348776123190959, 41.292145984180841 ], [ 69.349977854560706, 41.292729491520198 ], [ 69.349621894597433, 41.293020068421612 ], [ 69.348993439159457, 41.292716831810665 ], [ 69.34824927085964, 41.29302901201897 ], [ 69.347657679090247, 41.292970904866181 ], [ 69.346916071496324, 41.29341904009172 ], [ 69.346435765343941, 41.293286525590922 ], [ 69.346137179289244, 41.293445697268496 ], [ 69.345960165503925, 41.293823655652659 ], [ 69.344265013278417, 41.29426175149338 ], [ 69.343469243404783, 41.293978455913873 ], [ 69.343121915966151, 41.294064648316422 ], [ 69.342511552412375, 41.295207647995191 ], [ 69.342831269664856, 41.295527243899031 ], [ 69.343419985883017, 41.295429965950092 ], [ 69.343642054132488, 41.295914201823535 ], [ 69.343329992117944, 41.296386166660355 ], [ 69.342932132061264, 41.296549647687435 ], [ 69.342522518850316, 41.296076824099913 ], [ 69.342168709363591, 41.296007193352139 ], [ 69.341853241800237, 41.296146634633395 ], [ 69.341480988661061, 41.296923927822711 ], [ 69.341607867385662, 41.297309933046016 ], [ 69.341351439437815, 41.297804598715842 ], [ 69.34183956346817, 41.298661496969444 ], [ 69.34161690760105, 41.298843957292128 ] ], [ [ 69.364943806084099, 41.281967157933487 ], [ 69.364909656567946, 41.281865547890305 ], [ 69.365040905379814, 41.281928265562222 ], [ 69.364943806084099, 41.281967157933487 ] ], [ [ 69.362786271805504, 41.282383607391708 ], [ 69.362849450448721, 41.281914631268904 ], [ 69.363233457684046, 41.282074303454337 ], [ 69.362786271805504, 41.282383607391708 ] ], [ [ 69.361933058549354, 41.290041995278784 ], [ 69.361987012959702, 41.290484665408314 ], [ 69.361614541641671, 41.290254957855495 ], [ 69.361956408964616, 41.289955750203077 ], [ 69.361829743866295, 41.289574218246564 ], [ 69.362579530451256, 41.289828102948874 ], [ 69.361933058549354, 41.290041995278784 ] ], [ [ 69.361749312958551, 41.281903754243629 ], [ 69.36188000539012, 41.281983081568377 ], [ 69.361832684972882, 41.282334302486177 ], [ 69.361632360494355, 41.282315802664272 ], [ 69.361749312958551, 41.281903754243629 ] ], [ [ 69.361497747276587, 41.28315968636241 ], [ 69.36162035882117, 41.283190009497964 ], [ 69.361473997572887, 41.283291237824194 ], [ 69.361497747276587, 41.28315968636241 ] ], [ [ 69.361347381428729, 41.294625085573657 ], [ 69.361345560706596, 41.294658649043392 ], [ 69.36127832997272, 41.294626467634991 ], [ 69.361347381428729, 41.294625085573657 ] ], [ [ 69.36023391872331, 41.291908938031845 ], [ 69.361002537600896, 41.292226639760408 ], [ 69.360456063707929, 41.29281970121599 ], [ 69.359685708447998, 41.292397016883712 ], [ 69.36023391872331, 41.291908938031845 ] ], [ [ 69.360524741713235, 41.294017806406146 ], [ 69.360946623351552, 41.294467688280953 ], [ 69.360367453613833, 41.294190450679565 ], [ 69.360524741713235, 41.294017806406146 ] ], [ [ 69.360653521128341, 41.289815240183621 ], [ 69.360033617993452, 41.289535839190798 ], [ 69.360108135670828, 41.289402095684871 ], [ 69.360779884105114, 41.289612935271506 ], [ 69.360653521128341, 41.289815240183621 ] ], [ [ 69.358934395811119, 41.293561429472149 ], [ 69.359653064261778, 41.29370211438296 ], [ 69.359545971263003, 41.293819661155531 ], [ 69.358934395811119, 41.293561429472149 ] ], [ [ 69.359462728957212, 41.283187411900734 ], [ 69.35946030107138, 41.283206620537392 ], [ 69.359437552501461, 41.283198085450259 ], [ 69.359462728957212, 41.283187411900734 ] ], [ [ 69.358839422144968, 41.292008651945245 ], [ 69.358771935543714, 41.291969570720248 ], [ 69.358919164864858, 41.291872738318503 ], [ 69.358839422144968, 41.292008651945245 ] ], [ [ 69.357905115281753, 41.279604099247251 ], [ 69.357574370094909, 41.279482663839005 ], [ 69.357578864567031, 41.279476017002239 ], [ 69.357905115281753, 41.279604099247251 ] ], [ [ 69.357717360008223, 41.287621118668625 ], [ 69.357708939580178, 41.287629110039383 ], [ 69.357709702111947, 41.28761855029942 ], [ 69.357717360008223, 41.287621118668625 ] ], [ [ 69.357328069632246, 41.287930448066746 ], [ 69.357616787178216, 41.287800410556521 ], [ 69.357586950984071, 41.288070413959495 ], [ 69.357328069632246, 41.287930448066746 ] ], [ [ 69.357232488694805, 41.292716237259945 ], [ 69.35749711851534, 41.292449576223589 ], [ 69.357409563572929, 41.292785923541174 ], [ 69.357232488694805, 41.292716237259945 ] ], [ [ 69.357083263771628, 41.281582628111181 ], [ 69.356953278866612, 41.281612255498089 ], [ 69.356984824081735, 41.281564537274988 ], [ 69.357083263771628, 41.281582628111181 ] ], [ [ 69.355331272352871, 41.278647669567469 ], [ 69.356724601335912, 41.279153472341882 ], [ 69.355779656958987, 41.278826140929887 ], [ 69.355331272352871, 41.278647669567469 ] ], [ [ 69.356186159214403, 41.280645826608108 ], [ 69.356609365178443, 41.279962530236823 ], [ 69.356653608808429, 41.279945920387853 ], [ 69.356186159214403, 41.280645826608108 ] ], [ [ 69.356250009189154, 41.29431548763521 ], [ 69.355869264812142, 41.294178679630988 ], [ 69.356005167367343, 41.294036400619873 ], [ 69.356250009189154, 41.29431548763521 ] ], [ [ 69.355308214303918, 41.294775304046453 ], [ 69.35623521482529, 41.295108390782453 ], [ 69.355249663978483, 41.294838966891994 ], [ 69.355308214303918, 41.294775304046453 ] ], [ [ 69.355151239583364, 41.292060243997881 ], [ 69.355194819692841, 41.292103987862433 ], [ 69.355133223362174, 41.29207936494867 ], [ 69.355151239583364, 41.292060243997881 ] ], [ [ 69.354409195194293, 41.292642696419662 ], [ 69.354591838073347, 41.292678523609432 ], [ 69.353847699258523, 41.293454585761303 ], [ 69.353716084452387, 41.293387426664921 ], [ 69.353867399261162, 41.293085071624205 ], [ 69.354333319514808, 41.292912460730115 ], [ 69.354409195194293, 41.292642696419662 ] ], [ [ 69.353920272648921, 41.279541379492386 ], [ 69.353937361090416, 41.27926591305971 ], [ 69.353625181245306, 41.279038587539269 ], [ 69.353743048293481, 41.278861315447358 ], [ 69.354327831409776, 41.279078634755145 ], [ 69.353842499604639, 41.279798906632543 ], [ 69.353637381089698, 41.279728480119402 ], [ 69.353920272648921, 41.279541379492386 ] ], [ [ 69.354031738993442, 41.290884215955053 ], [ 69.35372446943579, 41.290357957444236 ], [ 69.353768423646173, 41.290271548835605 ], [ 69.354169081397401, 41.290495785386618 ], [ 69.354277771244952, 41.290893916886958 ], [ 69.354031738993442, 41.290884215955053 ] ], [ [ 69.353718167538943, 41.292373037100965 ], [ 69.353718082128708, 41.292326182159371 ], [ 69.353803895856643, 41.29236102699975 ], [ 69.353718167538943, 41.292373037100965 ] ], [ [ 69.353271897495134, 41.280577148828037 ], [ 69.353112837770041, 41.280552001488772 ], [ 69.353419488406075, 41.280598322605336 ], [ 69.353271897495134, 41.280577148828037 ] ], [ [ 69.35262754152879, 41.29436740339159 ], [ 69.353180850254859, 41.293984364575522 ], [ 69.353290135761938, 41.294040129986868 ], [ 69.352303233716384, 41.295065307485096 ], [ 69.351967392687712, 41.294798745861684 ], [ 69.352480574872615, 41.29472502167642 ], [ 69.35262754152879, 41.29436740339159 ] ], [ [ 69.352430111965944, 41.291797922163568 ], [ 69.352878111841832, 41.291982748604951 ], [ 69.35285504505913, 41.292015064113343 ], [ 69.352430960769681, 41.29199862143868 ], [ 69.352298874755121, 41.291901933539229 ], [ 69.352430111965944, 41.291797922163568 ] ], [ [ 69.352296473964188, 41.289138312260668 ], [ 69.35223319072503, 41.289286166111459 ], [ 69.351499228208411, 41.289109740946564 ], [ 69.351159425235082, 41.288849498064145 ], [ 69.352296473964188, 41.289138312260668 ] ], [ [ 69.351922701614527, 41.289967858334577 ], [ 69.351856235429693, 41.29011482892939 ], [ 69.351504427633344, 41.290029426275169 ], [ 69.351562183003509, 41.289881199687386 ], [ 69.351922701614527, 41.289967858334577 ] ], [ [ 69.351547803044085, 41.294465721469564 ], [ 69.351670109367959, 41.294461161098916 ], [ 69.351700763810896, 41.294587116654995 ], [ 69.351547803044085, 41.294465721469564 ] ], [ [ 69.350880741044591, 41.293949720070472 ], [ 69.350310313793571, 41.2935200000394 ], [ 69.350651721326187, 41.293241300294177 ], [ 69.350981071751605, 41.293874178467902 ], [ 69.350880741044591, 41.293949720070472 ] ], [ [ 69.350239952361591, 41.290923549011183 ], [ 69.350955672744362, 41.291929622860778 ], [ 69.350626511358598, 41.292199138255683 ], [ 69.349978212459263, 41.29082330804421 ], [ 69.350239952361591, 41.290923549011183 ] ], [ [ 69.349639028458711, 41.289615922515978 ], [ 69.350557157358182, 41.289904811144105 ], [ 69.350441916985915, 41.290192704454448 ], [ 69.349477820590423, 41.28982346913358 ], [ 69.349639028458711, 41.289615922515978 ] ], [ [ 69.348609563592106, 41.295836024470823 ], [ 69.348105411260818, 41.295795838795215 ], [ 69.348711950249893, 41.295538603801532 ], [ 69.348790920627962, 41.29567889659095 ], [ 69.348609563592106, 41.295836024470823 ] ], [ [ 69.347030467183785, 41.294308785935051 ], [ 69.347391772723327, 41.294582233385356 ], [ 69.346926126278035, 41.294850317355781 ], [ 69.347065260739711, 41.295226548304903 ], [ 69.345015956472622, 41.296564003015135 ], [ 69.344886710259729, 41.296374231245004 ], [ 69.34548653019867, 41.296129546595907 ], [ 69.345453882641351, 41.295539490882014 ], [ 69.3450462596101, 41.295283024064922 ], [ 69.344414848990283, 41.295394699961321 ], [ 69.344246775508097, 41.295028211635049 ], [ 69.347030467183785, 41.294308785935051 ] ], [ [ 69.346985172733937, 41.296661430076711 ], [ 69.347182191663364, 41.296910749549689 ], [ 69.34731754466705, 41.297395279577479 ], [ 69.346167822503944, 41.296895620664905 ], [ 69.346985172733937, 41.296661430076711 ] ], [ [ 69.345861606846455, 41.298158457432308 ], [ 69.345480266250988, 41.297806426659555 ], [ 69.345800802379486, 41.29783275249428 ], [ 69.345861606846455, 41.298158457432308 ] ], [ [ 69.344954007167701, 41.299249814388588 ], [ 69.344568931980874, 41.298104159496468 ], [ 69.34555902542624, 41.299018158904431 ], [ 69.344954007167701, 41.299249814388588 ] ] ], [ [ [ 69.320738619934886, 41.323160891753716 ], [ 69.321966481804168, 41.32344561359529 ], [ 69.32219440237742, 41.323765210603526 ], [ 69.319931186314605, 41.323441871207741 ], [ 69.319688787331373, 41.323648404821377 ], [ 69.319713243800322, 41.323925769674297 ], [ 69.319362091078787, 41.323850212462432 ], [ 69.319026241171159, 41.323959518759686 ], [ 69.318891287575156, 41.324215833724928 ], [ 69.319036286386392, 41.324469012250574 ], [ 69.319843788567269, 41.324854821625621 ], [ 69.320210341715892, 41.324841391467587 ], [ 69.322062942028523, 41.325446014515315 ], [ 69.32344564462052, 41.325562331053867 ], [ 69.323364345034292, 41.326433162726467 ], [ 69.322775538988722, 41.326404771665743 ], [ 69.322427485053041, 41.326707168512264 ], [ 69.322524043462778, 41.326973155469538 ], [ 69.322836154249586, 41.327108341273281 ], [ 69.322885474140008, 41.327574121525728 ], [ 69.321968118726872, 41.327594173427244 ], [ 69.321786298450775, 41.327833469516051 ], [ 69.321882205938707, 41.328099590653068 ], [ 69.322495210865185, 41.328609364944292 ], [ 69.32300422288661, 41.328568556846925 ], [ 69.323056716180048, 41.329209661795929 ], [ 69.323564386484748, 41.329327315457405 ], [ 69.324693188341797, 41.328658673173379 ], [ 69.325154803040306, 41.328773175623589 ], [ 69.32553810161167, 41.328591969345347 ], [ 69.325712670883249, 41.32834962382934 ], [ 69.325660188408705, 41.327812773179069 ], [ 69.326103769254246, 41.328048754233734 ], [ 69.326611114066552, 41.327930329930481 ], [ 69.32666196209064, 41.327342519649378 ], [ 69.327021793925923, 41.327159396810444 ], [ 69.327280680352175, 41.327631442785524 ], [ 69.32891150356896, 41.329175306255713 ], [ 69.327592499911063, 41.330014526123051 ], [ 69.327404235363701, 41.330482120689211 ], [ 69.328404241777079, 41.33116416448793 ], [ 69.328341935700777, 41.331445412122306 ], [ 69.328560938386687, 41.331666313253848 ], [ 69.329193949880164, 41.331587424373851 ], [ 69.329893552152001, 41.332150050733716 ], [ 69.330257544165505, 41.332122221598006 ], [ 69.330502133739103, 41.331803486236311 ], [ 69.330737611185924, 41.332138317063048 ], [ 69.331871282594406, 41.332235342596498 ], [ 69.332211852765212, 41.331928124570375 ], [ 69.33208098446076, 41.331302020531659 ], [ 69.332274284107967, 41.331584640864065 ], [ 69.332630710031211, 41.331727134361515 ], [ 69.33285705335021, 41.332139310047076 ], [ 69.33391524067811, 41.332267021259725 ], [ 69.334227257059283, 41.331943031214522 ], [ 69.333681518618576, 41.331092586574215 ], [ 69.334897153593502, 41.33091041504813 ], [ 69.336271781859807, 41.330308984328717 ], [ 69.336491767364905, 41.328816327660967 ], [ 69.337297640858949, 41.329216666255384 ], [ 69.337662919725361, 41.329201355048696 ], [ 69.338096721573322, 41.328765343671577 ], [ 69.337963304552943, 41.328225453989909 ], [ 69.338778443348446, 41.328461204941213 ], [ 69.339882127585568, 41.32776321505925 ], [ 69.339799126148876, 41.32739022723861 ], [ 69.33919626470491, 41.326735201101378 ], [ 69.338838061193542, 41.326679189357684 ], [ 69.338506233426415, 41.326876749446839 ], [ 69.336129202359572, 41.326541637613637 ], [ 69.335767330425526, 41.326196830477727 ], [ 69.335859227162885, 41.325882946240441 ], [ 69.336740364047046, 41.326005655376655 ], [ 69.336803109894817, 41.326296084473576 ], [ 69.337291929444746, 41.326452619612134 ], [ 69.337680421526201, 41.326137418358122 ], [ 69.338086350192199, 41.326087334982461 ], [ 69.338284033967355, 41.325715752094695 ], [ 69.337872724011106, 41.325431426217932 ], [ 69.337609971488206, 41.324929432405106 ], [ 69.337020446527745, 41.324741497419815 ], [ 69.337114119720496, 41.324450701683801 ], [ 69.336523015342038, 41.323803785822463 ], [ 69.335754584712319, 41.323631535402924 ], [ 69.335411723024194, 41.323727675184841 ], [ 69.335263871418107, 41.32396440440241 ], [ 69.334613838298651, 41.323876072368854 ], [ 69.334674520796483, 41.323471625718184 ], [ 69.33495556702016, 41.323319987941801 ], [ 69.334975823110682, 41.322973280346524 ], [ 69.335317702440832, 41.322813465952812 ], [ 69.335379918394565, 41.322541717553044 ], [ 69.335169017010486, 41.32231639761536 ], [ 69.334675395547748, 41.322224337737325 ], [ 69.334720572601029, 41.321786809440965 ], [ 69.334106519646042, 41.321590439508739 ], [ 69.334164140179865, 41.321219312294119 ], [ 69.333958981034996, 41.320991001313722 ], [ 69.333427936350887, 41.320993548985726 ], [ 69.333166846149567, 41.321458238460259 ], [ 69.332495005000439, 41.321473748735514 ], [ 69.332337934840609, 41.321911631204507 ], [ 69.331616941637606, 41.321919701244198 ], [ 69.331442063016354, 41.322327772566517 ], [ 69.330403406787596, 41.322180151888361 ], [ 69.32978430936555, 41.321843331492254 ], [ 69.329709158860368, 41.321591941306998 ], [ 69.329422848351868, 41.321447427171641 ], [ 69.329400526802331, 41.321060239627407 ], [ 69.328953896817367, 41.320625798805104 ], [ 69.328594262155249, 41.320575400798667 ], [ 69.328287072459972, 41.320742073823098 ], [ 69.328442577508838, 41.320035363928 ], [ 69.327815260830022, 41.319261897803017 ], [ 69.327435202681229, 41.319076148572925 ], [ 69.327074549845364, 41.319122189659922 ], [ 69.326810235524675, 41.31951988807041 ], [ 69.326385519812888, 41.319490491592646 ], [ 69.325748436910274, 41.319719191913897 ], [ 69.325370798490567, 41.320578657067593 ], [ 69.324344228169736, 41.320524205898103 ], [ 69.324014952731758, 41.320805975515064 ], [ 69.323612015073948, 41.320730634268514 ], [ 69.323082768900065, 41.320981646600465 ], [ 69.322689865896564, 41.320764363294451 ], [ 69.322335788654797, 41.320833606682505 ], [ 69.322150364088984, 41.321071317896958 ], [ 69.322222889118493, 41.321465434510799 ], [ 69.32114857214431, 41.320547675696815 ], [ 69.320620822399349, 41.320592255626408 ], [ 69.320364572904197, 41.32163983210954 ], [ 69.320871334539888, 41.322182851560342 ], [ 69.320380086910177, 41.322865546738043 ], [ 69.320738619934886, 41.323160891753716 ] ], [ [ 69.336965648726746, 41.327758275682527 ], [ 69.336694424593929, 41.327843520134451 ], [ 69.336718834990606, 41.327724359305002 ], [ 69.336965648726746, 41.327758275682527 ] ], [ [ 69.335648323065925, 41.328228134693184 ], [ 69.335085404307605, 41.328044373700017 ], [ 69.334731662003961, 41.327807617869105 ], [ 69.335133864084966, 41.327754685712357 ], [ 69.335298748229334, 41.327569964433273 ], [ 69.335767690337818, 41.327645482404364 ], [ 69.335648323065925, 41.328228134693184 ] ], [ [ 69.334657701992882, 41.330019549214711 ], [ 69.334672760099906, 41.33025218372039 ], [ 69.334480961831105, 41.330260312401911 ], [ 69.334657701992882, 41.330019549214711 ] ], [ [ 69.334245759951969, 41.328446078467728 ], [ 69.334280099375931, 41.328469061614257 ], [ 69.334241125556389, 41.328465814293232 ], [ 69.334245759951969, 41.328446078467728 ] ], [ [ 69.333636414150305, 41.32961637496043 ], [ 69.333729118906348, 41.329356415136559 ], [ 69.333943115382894, 41.329329207055828 ], [ 69.333858077415769, 41.329620447570107 ], [ 69.333636414150305, 41.32961637496043 ] ], [ [ 69.333588474370657, 41.327699560098765 ], [ 69.333798450641311, 41.32735585415675 ], [ 69.333723415941819, 41.327726568565261 ], [ 69.333588474370657, 41.327699560098765 ] ], [ [ 69.332279834354935, 41.328296143441079 ], [ 69.332365968653363, 41.328825767707663 ], [ 69.331440125546976, 41.328732865643325 ], [ 69.331435576939867, 41.328533713454057 ], [ 69.331844598898314, 41.328490315465032 ], [ 69.332039543415107, 41.328263605385132 ], [ 69.332279834354935, 41.328296143441079 ] ], [ [ 69.329849666692937, 41.325068877291095 ], [ 69.332155591400934, 41.325412061989418 ], [ 69.329778989915823, 41.325342496128243 ], [ 69.329849666692937, 41.325068877291095 ] ], [ [ 69.331739815108634, 41.327490871362073 ], [ 69.331714907722784, 41.327459132524069 ], [ 69.332171249367789, 41.327549293859924 ], [ 69.331739815108634, 41.327490871362073 ] ], [ [ 69.331505311051714, 41.330716563520106 ], [ 69.331489949614948, 41.33107524619907 ], [ 69.330989363777022, 41.330590120742116 ], [ 69.331250009702359, 41.330534338633207 ], [ 69.331505311051714, 41.330716563520106 ] ], [ [ 69.330300469827463, 41.331401318190764 ], [ 69.330616997080028, 41.331403000118861 ], [ 69.330505859410479, 41.331766881310266 ], [ 69.330300469827463, 41.331401318190764 ] ], [ [ 69.330088607006644, 41.328931150709806 ], [ 69.329720738522852, 41.328784528129766 ], [ 69.33026434430414, 41.328598932041352 ], [ 69.330135051287783, 41.328793424291518 ], [ 69.330088607006644, 41.328931150709806 ] ], [ [ 69.329976824912208, 41.327835677496061 ], [ 69.329846407618945, 41.327657070994086 ], [ 69.330256609242426, 41.327868653770174 ], [ 69.329976824912208, 41.327835677496061 ] ], [ [ 69.328393091024168, 41.324883506563125 ], [ 69.328907095554968, 41.324947641453349 ], [ 69.328848303848929, 41.325175235192837 ], [ 69.328364622969104, 41.324995668554649 ], [ 69.328393091024168, 41.324883506563125 ] ], [ [ 69.328286338053047, 41.326674613931146 ], [ 69.32864904914571, 41.327126741725984 ], [ 69.328026771961092, 41.327128267953618 ], [ 69.327855378690515, 41.326782153228478 ], [ 69.328014650360373, 41.326642466685371 ], [ 69.328286338053047, 41.326674613931146 ] ], [ [ 69.327290759963503, 41.323996269740647 ], [ 69.327490696561384, 41.323734122597337 ], [ 69.327455534269092, 41.323572143357985 ], [ 69.327552478465464, 41.32362936311781 ], [ 69.32745158823441, 41.324019616367252 ], [ 69.327290759963503, 41.323996269740647 ] ], [ [ 69.32475886283207, 41.325241355572849 ], [ 69.325362372924218, 41.326027644253827 ], [ 69.326357570460402, 41.326297149628665 ], [ 69.325986041098645, 41.326466171893458 ], [ 69.325931809595019, 41.326699935509289 ], [ 69.325500142938267, 41.326709252843294 ], [ 69.324802477060317, 41.325803924215336 ], [ 69.324645928707483, 41.325553649881215 ], [ 69.32475886283207, 41.325241355572849 ] ], [ [ 69.325804462522257, 41.325280131861135 ], [ 69.325675529548278, 41.325262279870465 ], [ 69.325693681348724, 41.325219551107686 ], [ 69.325804462522257, 41.325280131861135 ] ], [ [ 69.324439862384722, 41.321450906539134 ], [ 69.323849555536128, 41.321733603691655 ], [ 69.323664449535045, 41.321553999596475 ], [ 69.324188188265254, 41.321146715444989 ], [ 69.325172095104321, 41.32128742850562 ], [ 69.325110258702196, 41.321503443275034 ], [ 69.324439862384722, 41.321450906539134 ] ], [ [ 69.324794189991721, 41.322623984634433 ], [ 69.324664226129187, 41.322502980806526 ], [ 69.324831058719099, 41.322489270304061 ], [ 69.324794189991721, 41.322623984634433 ] ], [ [ 69.324764979608943, 41.327475465149931 ], [ 69.324146966522378, 41.327409782860222 ], [ 69.324239271153772, 41.326869747288747 ], [ 69.32480135443906, 41.327302901409745 ], [ 69.324764979608943, 41.327475465149931 ] ] ], [ [ [ 69.326817923959325, 41.236474771826678 ], [ 69.326547474888244, 41.235809698875222 ], [ 69.326193783558821, 41.235740668124812 ], [ 69.3258790222649, 41.235880646144345 ], [ 69.325665318783379, 41.236493047113029 ], [ 69.323355889866662, 41.23677779988958 ], [ 69.322656866445513, 41.236554704109736 ], [ 69.322319215265821, 41.236955012220598 ], [ 69.32179778134423, 41.236355404673112 ], [ 69.321440266708066, 41.236298685362577 ], [ 69.320647983321422, 41.23671780985061 ], [ 69.320653486352697, 41.237071094964264 ], [ 69.32000380436871, 41.237187956503647 ], [ 69.319842633761795, 41.237569380602288 ], [ 69.320140984846034, 41.237857411899505 ], [ 69.320101670668052, 41.238501799691434 ], [ 69.32040992753133, 41.239064057820741 ], [ 69.320928278318519, 41.239148883216622 ], [ 69.32185270301639, 41.238625190317315 ], [ 69.321984211473847, 41.239677327913867 ], [ 69.32136314861458, 41.240062937513279 ], [ 69.321496234186498, 41.240450486256442 ], [ 69.322113668888804, 41.240645152090423 ], [ 69.323022621168221, 41.240245796940428 ], [ 69.324230162639296, 41.239988911845082 ], [ 69.324205053666518, 41.240602562436806 ], [ 69.324443155196221, 41.240811725601453 ], [ 69.32480746290689, 41.240832542717442 ], [ 69.325407276282661, 41.240517049186124 ], [ 69.326618979127787, 41.241326716797985 ], [ 69.327624719838269, 41.240747479827235 ], [ 69.328154296061896, 41.240998950993479 ], [ 69.327803619987563, 41.241568317724372 ], [ 69.32603148458864, 41.241326591742023 ], [ 69.325655443440908, 41.241608941842316 ], [ 69.32585713582661, 41.241979224115319 ], [ 69.327395209737901, 41.242241287344712 ], [ 69.326787371732692, 41.243331975090108 ], [ 69.326931597684094, 41.243627727974761 ], [ 69.327271290126177, 41.243729276666016 ], [ 69.328343388983527, 41.243368516664518 ], [ 69.328566906104825, 41.243013403350098 ], [ 69.329061743020134, 41.243165056573702 ], [ 69.329407200559956, 41.243075275025355 ], [ 69.329542246608597, 41.242688112203581 ], [ 69.328972357743581, 41.242360898942451 ], [ 69.329095114788416, 41.242184239517798 ], [ 69.329331306689866, 41.242103026742704 ], [ 69.329505128208268, 41.242365744104589 ], [ 69.329856049169251, 41.242442501502161 ], [ 69.330176095073625, 41.242309483176065 ], [ 69.330525920471175, 41.24168499650149 ], [ 69.331507056953882, 41.241929951078617 ], [ 69.332185983582363, 41.241777216960465 ], [ 69.332618787818134, 41.241355183941131 ], [ 69.332815811240508, 41.240813434550653 ], [ 69.334613927160888, 41.24134398436442 ], [ 69.335244477232052, 41.241180861893035 ], [ 69.335471647030531, 41.240532249254173 ], [ 69.334384922033436, 41.239415010786018 ], [ 69.334398383837765, 41.238680416717571 ], [ 69.334179866875587, 41.238418867615906 ], [ 69.334172229187885, 41.238011944077989 ], [ 69.333611000274928, 41.237881749946304 ], [ 69.333192031911949, 41.237542549614183 ], [ 69.332853522113453, 41.237524976978278 ], [ 69.333114824139699, 41.236872195738137 ], [ 69.332955350356684, 41.236624087137187 ], [ 69.33261017302857, 41.236533768654468 ], [ 69.332253768607629, 41.236689859861357 ], [ 69.333185385015739, 41.235257410585525 ], [ 69.332720387032538, 41.234616495587204 ], [ 69.332367718767657, 41.234544562107004 ], [ 69.332050963085095, 41.234681944995828 ], [ 69.329662133238216, 41.237021713405305 ], [ 69.32875975056848, 41.236658350987753 ], [ 69.329329209090531, 41.235637516505527 ], [ 69.329649563704521, 41.23561606087496 ], [ 69.329891550584577, 41.235409466421324 ], [ 69.329869138857404, 41.235134215415414 ], [ 69.329595459833996, 41.234951546125025 ], [ 69.328761463446838, 41.234689318102141 ], [ 69.328410532582055, 41.234765942767076 ], [ 69.328234160703417, 41.235007444673428 ], [ 69.328454817245586, 41.235348144548261 ], [ 69.327773385774989, 41.236569673419019 ], [ 69.326817923959325, 41.236474771826678 ] ], [ [ 69.331744063622608, 41.24088416875523 ], [ 69.330702433329066, 41.240556844377473 ], [ 69.330705619189203, 41.240551067506381 ], [ 69.331753374363998, 41.240655217010271 ], [ 69.331744063622608, 41.24088416875523 ] ], [ [ 69.328153290161111, 41.239076186011374 ], [ 69.328381400628032, 41.238721209694212 ], [ 69.328827221069261, 41.238868752683111 ], [ 69.328789950640839, 41.239286722111174 ], [ 69.328153290161111, 41.239076186011374 ] ], [ [ 69.328815382051431, 41.24008187345742 ], [ 69.32860102334709, 41.240359074508618 ], [ 69.328196268711793, 41.239877142695867 ], [ 69.328815382051431, 41.24008187345742 ] ], [ [ 69.325976107394695, 41.238584813902463 ], [ 69.326361154149254, 41.238159852625451 ], [ 69.327038490562089, 41.238471198054043 ], [ 69.326949927303104, 41.238813413845925 ], [ 69.326514359395262, 41.238729517724501 ], [ 69.326215373446516, 41.23888791074414 ], [ 69.325976107394695, 41.238584813902463 ] ], [ [ 69.3245195758644, 41.239121897878881 ], [ 69.324478674071798, 41.239024903894617 ], [ 69.324550305643498, 41.239111534758514 ], [ 69.3245195758644, 41.239121897878881 ] ], [ [ 69.323239136485441, 41.238562162951531 ], [ 69.322717330346592, 41.237999567588858 ], [ 69.323264700194827, 41.238113157068419 ], [ 69.323622135829325, 41.239369566120693 ], [ 69.322921994642641, 41.239518509160391 ], [ 69.322846144740296, 41.238944925851293 ], [ 69.323239136485441, 41.238562162951531 ] ], [ [ 69.322311194738589, 41.237005118545227 ], [ 69.322316146099979, 41.23698421817825 ], [ 69.322313991787141, 41.237004718446371 ], [ 69.322311194738589, 41.237005118545227 ] ] ], [ [ [ 69.309034762901248, 41.297826280731158 ], [ 69.308709687674053, 41.297273726549989 ], [ 69.30793871387398, 41.296983486581091 ], [ 69.30758092886542, 41.297331939425447 ], [ 69.304221174252248, 41.298144709480489 ], [ 69.303451105879816, 41.298535315129349 ], [ 69.301436544686311, 41.298878945801299 ], [ 69.300486353278359, 41.298682705041251 ], [ 69.300202554047402, 41.299089412668941 ], [ 69.298793169930988, 41.299329776452829 ], [ 69.298427683932786, 41.299620145530646 ], [ 69.29850834045557, 41.299889121659334 ], [ 69.298817580780693, 41.300036306177702 ], [ 69.301342480075206, 41.299633806713061 ], [ 69.301460640021702, 41.300006105216568 ], [ 69.301764847776113, 41.300159138406507 ], [ 69.302606620215002, 41.299983007376667 ], [ 69.302492940340841, 41.300578167346856 ], [ 69.302954755560521, 41.300775642250848 ], [ 69.303281460006048, 41.300651753216584 ], [ 69.303572014036064, 41.300076709520596 ], [ 69.304317037755837, 41.30004716288547 ], [ 69.305282441660751, 41.303014672722348 ], [ 69.304364548618864, 41.302117760781435 ], [ 69.303834002993185, 41.302103072245657 ], [ 69.303612973686256, 41.302467078882536 ], [ 69.304001760696352, 41.302995030702462 ], [ 69.303190177774326, 41.303964558432789 ], [ 69.303223383756119, 41.304352931622397 ], [ 69.302814444981891, 41.304436563619717 ], [ 69.302616720557637, 41.304719700224048 ], [ 69.302901760178855, 41.305057462739406 ], [ 69.303449881371378, 41.305105365445904 ], [ 69.303628132768566, 41.305420615209272 ], [ 69.304672825628828, 41.305682009231724 ], [ 69.304566331307001, 41.305971753594982 ], [ 69.305000567739668, 41.306343770205281 ], [ 69.305541267006376, 41.306301583363798 ], [ 69.306607320344071, 41.306568294404101 ], [ 69.307028332438804, 41.306398920964511 ], [ 69.307779787185964, 41.30640537771054 ], [ 69.308111838693989, 41.306223270855497 ], [ 69.30829869345186, 41.305467826283582 ], [ 69.308846597940601, 41.304802423554563 ], [ 69.308768191708381, 41.304554015722928 ], [ 69.30940162275472, 41.30426737026206 ], [ 69.309178342710879, 41.303086912242037 ], [ 69.309217712628083, 41.301586439639152 ], [ 69.309446526088507, 41.301682072143834 ], [ 69.309578013967709, 41.302021512131667 ], [ 69.31015103230591, 41.302306042865105 ], [ 69.310681157358545, 41.302284358688105 ], [ 69.310819310280635, 41.301794317722681 ], [ 69.311185581149843, 41.301726059479392 ], [ 69.311450982481347, 41.301410829152658 ], [ 69.311396463859836, 41.301009937421234 ], [ 69.311709064622647, 41.300669553984278 ], [ 69.311105754209038, 41.299805356016762 ], [ 69.310616012954071, 41.299862476597028 ], [ 69.310196209246726, 41.299583497873719 ], [ 69.309196390363681, 41.299633336798266 ], [ 69.308820349759714, 41.299791022639575 ], [ 69.308653978911082, 41.300279352793261 ], [ 69.308877555074602, 41.300497574972646 ], [ 69.309316355328946, 41.300567671655372 ], [ 69.306539418405492, 41.300978020764127 ], [ 69.306211823676279, 41.30075562628528 ], [ 69.306836900899, 41.300196420895482 ], [ 69.306819535053464, 41.29992096438442 ], [ 69.306548973234982, 41.29973544705144 ], [ 69.306183706497222, 41.29974854153123 ], [ 69.305633836016497, 41.300163829682667 ], [ 69.305639604929766, 41.29948782402581 ], [ 69.312529938319088, 41.297896082747975 ], [ 69.31297933163377, 41.298148290910831 ], [ 69.313345001549663, 41.298148045044307 ], [ 69.313603337355289, 41.297952873438483 ], [ 69.31353128037594, 41.297546840715256 ], [ 69.313917985215582, 41.297302857617112 ], [ 69.321060872998231, 41.294451927073645 ], [ 69.321158805997513, 41.295327799416633 ], [ 69.321430677759295, 41.295512208934817 ], [ 69.321795820947301, 41.295497620597359 ], [ 69.32204033694309, 41.295292580362371 ], [ 69.322035861861863, 41.294710464112526 ], [ 69.323170843423114, 41.294734403851727 ], [ 69.323871662307425, 41.295188535873528 ], [ 69.324391051413045, 41.295100025727805 ], [ 69.324602959970719, 41.294894689787668 ], [ 69.325753464503435, 41.29531393374306 ], [ 69.325607383850425, 41.295575303694129 ], [ 69.325639022932336, 41.297161448789907 ], [ 69.325908218718908, 41.29747357012743 ], [ 69.325799664585148, 41.297926431689689 ], [ 69.326053662552724, 41.298124814682701 ], [ 69.326419276192524, 41.298129644477555 ], [ 69.326682331302607, 41.297938091731261 ], [ 69.327296099215417, 41.296873707622538 ], [ 69.327675258962586, 41.296652055743202 ], [ 69.327692891020988, 41.296103903978548 ], [ 69.328756389074769, 41.296169653888484 ], [ 69.331482206163912, 41.296833401554153 ], [ 69.331993016821102, 41.296724416396906 ], [ 69.33209956083617, 41.295978863512225 ], [ 69.331746574567262, 41.29524530198708 ], [ 69.329821263521282, 41.295222825646071 ], [ 69.330971414384479, 41.294974316463573 ], [ 69.331153394407679, 41.294665246364474 ], [ 69.332041223087174, 41.29455150450741 ], [ 69.332177000581623, 41.294295454356352 ], [ 69.332032944066754, 41.294041990798895 ], [ 69.330683683326683, 41.293948913686847 ], [ 69.328924521520165, 41.292347796581261 ], [ 69.329125890939835, 41.291933427997023 ], [ 69.328923891945848, 41.291703564990662 ], [ 69.32839307769845, 41.291702068420122 ], [ 69.327998659018988, 41.29209459408991 ], [ 69.327192217134282, 41.292419941516144 ], [ 69.327087420453182, 41.292308914772377 ], [ 69.328308232015786, 41.29133238423281 ], [ 69.329809551082519, 41.291785548791971 ], [ 69.329748177962713, 41.292127336574261 ], [ 69.330005206875668, 41.292323469981845 ], [ 69.330370837838103, 41.292325080446055 ], [ 69.330783377292306, 41.292056111474459 ], [ 69.331268602886169, 41.292296269105158 ], [ 69.331611584582163, 41.29220070778954 ], [ 69.33176451501474, 41.29195022035637 ], [ 69.331589928999904, 41.291652506560773 ], [ 69.331765030186162, 41.291195277630486 ], [ 69.33163731126082, 41.290936881439514 ], [ 69.331120747601204, 41.290844746488261 ], [ 69.330784974637325, 41.291046555233905 ], [ 69.330294843761422, 41.290712570131284 ], [ 69.330742658609111, 41.290820426887187 ], [ 69.331185508690069, 41.290599702978575 ], [ 69.331010007470937, 41.290149806849406 ], [ 69.33121229323207, 41.289833746276969 ], [ 69.330836243341935, 41.289310346241635 ], [ 69.33107470881599, 41.289063933251569 ], [ 69.331018571921248, 41.288740904410908 ], [ 69.330543618498709, 41.288512795991487 ], [ 69.329433001529466, 41.288579781808423 ], [ 69.329135806224357, 41.288911496343133 ], [ 69.32932493117346, 41.28930168822879 ], [ 69.328236785410752, 41.290069084010725 ], [ 69.328105286058005, 41.289858865012256 ], [ 69.328483767240868, 41.289777261184625 ], [ 69.328894532239545, 41.289139217464431 ], [ 69.328748746811684, 41.288886320266499 ], [ 69.328352115876015, 41.288794491367945 ], [ 69.328347120757982, 41.288388636085323 ], [ 69.3280385732578, 41.288240692530081 ], [ 69.327505169022359, 41.288394066163093 ], [ 69.327013555248499, 41.288243481221031 ], [ 69.326728409935711, 41.288361139885893 ], [ 69.325840790686016, 41.288117107188938 ], [ 69.32555867852939, 41.288292521640194 ], [ 69.325523642709513, 41.288567020553536 ], [ 69.326108264598091, 41.289074180107932 ], [ 69.325507489700911, 41.289509811959405 ], [ 69.325481160544697, 41.28976768216878 ], [ 69.324822244774836, 41.289910691419337 ], [ 69.323668315952432, 41.28875874065799 ], [ 69.323307216380968, 41.288715522883088 ], [ 69.322955703691704, 41.288991242566304 ], [ 69.322711559748015, 41.288952506949016 ], [ 69.322733329138629, 41.288607162831383 ], [ 69.322509604679155, 41.288389050583469 ], [ 69.322146930561331, 41.288354142069913 ], [ 69.321857753765386, 41.288522885981116 ], [ 69.321725251096098, 41.289089344635038 ], [ 69.320191656188683, 41.28744844466911 ], [ 69.319713109268406, 41.287275252468838 ], [ 69.319317837815063, 41.28754245040156 ], [ 69.319356422178828, 41.288079954253618 ], [ 69.318629102129776, 41.288413258576909 ], [ 69.318169030799524, 41.28844398643065 ], [ 69.317402046586679, 41.288893439955679 ], [ 69.316876982516675, 41.288638176478862 ], [ 69.316443256799118, 41.288843705513088 ], [ 69.316192588459828, 41.288651426085409 ], [ 69.315721314487519, 41.28865116902297 ], [ 69.314755264957242, 41.289384114746021 ], [ 69.314604436295653, 41.289635324437626 ], [ 69.314728478856054, 41.289887559016904 ], [ 69.3142626414121, 41.290118625788551 ], [ 69.314929442113893, 41.29171859494717 ], [ 69.314181755526732, 41.29158925593412 ], [ 69.313884850961401, 41.291921125673817 ], [ 69.314178262304495, 41.292294361412743 ], [ 69.313508462990356, 41.292237568598473 ], [ 69.313244676609472, 41.292428530898206 ], [ 69.313357701397919, 41.292937053950119 ], [ 69.313008594987821, 41.293237120931813 ], [ 69.312861930685543, 41.293654832888933 ], [ 69.313847779940474, 41.294270764427694 ], [ 69.313292485587382, 41.294497020418348 ], [ 69.313332482210356, 41.294896235159968 ], [ 69.313650953141661, 41.295031731483959 ], [ 69.314777994094314, 41.294823334193694 ], [ 69.315571283954142, 41.294880554643179 ], [ 69.315832986318512, 41.294740697967676 ], [ 69.316518618748304, 41.294839719938757 ], [ 69.316819921113577, 41.294683479075857 ], [ 69.31688689329124, 41.294435509577625 ], [ 69.31856603088444, 41.294367225861563 ], [ 69.318930593925032, 41.294143069371479 ], [ 69.320506109605788, 41.293723923640407 ], [ 69.320598901970598, 41.293821008241032 ], [ 69.312689961517549, 41.296977640912324 ], [ 69.309034762901248, 41.297826280731158 ] ], [ [ 69.329659633522496, 41.294510297724599 ], [ 69.329478696047758, 41.294544939636332 ], [ 69.329447426959447, 41.294463631066968 ], [ 69.329659633522496, 41.294510297724599 ] ], [ [ 69.327950165509648, 41.294337130261042 ], [ 69.327604457309718, 41.293955569880872 ], [ 69.328374913904582, 41.294261709029819 ], [ 69.32842428032086, 41.29439008242386 ], [ 69.327950165509648, 41.294337130261042 ] ], [ [ 69.328277224336162, 41.292902793003755 ], [ 69.328209775439106, 41.292826656987032 ], [ 69.32833212487229, 41.292938018915571 ], [ 69.328277224336162, 41.292902793003755 ] ], [ [ 69.327293435619197, 41.290249845816902 ], [ 69.32738788443686, 41.290400837551246 ], [ 69.327170648858868, 41.290347404952811 ], [ 69.327293435619197, 41.290249845816902 ] ], [ [ 69.326416748959716, 41.29359668672523 ], [ 69.326739554564739, 41.293169755767167 ], [ 69.326959788669427, 41.293391693612016 ], [ 69.326218817100568, 41.293692274694443 ], [ 69.325541400681374, 41.293676468677695 ], [ 69.326416748959716, 41.29359668672523 ] ], [ [ 69.326799868564549, 41.28957500013793 ], [ 69.326646613617768, 41.289717085326295 ], [ 69.326610961224091, 41.289700527445341 ], [ 69.326799868564549, 41.28957500013793 ] ], [ [ 69.326815068346548, 41.295681775589557 ], [ 69.326666472382612, 41.296123908170131 ], [ 69.326571888428987, 41.296125886563964 ], [ 69.326563507146389, 41.295609103198153 ], [ 69.326815068346548, 41.295681775589557 ] ], [ [ 69.32589957005176, 41.290293501684545 ], [ 69.325713966494476, 41.290260270913819 ], [ 69.325754432643393, 41.289997775692818 ], [ 69.325922235944248, 41.290026529418192 ], [ 69.32589957005176, 41.290293501684545 ] ], [ [ 69.325565430134006, 41.291466935127396 ], [ 69.325769554728581, 41.29160426193063 ], [ 69.325725047519299, 41.291632017713567 ], [ 69.325565430134006, 41.291466935127396 ] ], [ [ 69.323466864587814, 41.291654009164986 ], [ 69.324969513471473, 41.290732861974028 ], [ 69.325108116523566, 41.290817499146897 ], [ 69.32359321175295, 41.291768243269004 ], [ 69.323466864587814, 41.291654009164986 ] ], [ [ 69.324965918337426, 41.292069906713664 ], [ 69.32410701828573, 41.292383576147643 ], [ 69.324828866745733, 41.291928161029723 ], [ 69.324965918337426, 41.292069906713664 ] ], [ [ 69.323296865282941, 41.290033685597251 ], [ 69.32313972878363, 41.289802229158553 ], [ 69.323420605850472, 41.289681219239164 ], [ 69.324069935505548, 41.290355703662868 ], [ 69.323601875484101, 41.290642628508934 ], [ 69.323348450264419, 41.290567595150335 ], [ 69.323192109437059, 41.290381789129299 ], [ 69.323296865282941, 41.290033685597251 ] ], [ [ 69.322238761075994, 41.292582183496862 ], [ 69.322766066880575, 41.292145353212788 ], [ 69.323291004544899, 41.292782587251217 ], [ 69.322653461463005, 41.293000781156941 ], [ 69.322556170795323, 41.292709269005051 ], [ 69.322238761075994, 41.292582183496862 ] ], [ [ 69.321581044918688, 41.291517086240681 ], [ 69.322019062886639, 41.29169377402939 ], [ 69.321878580069693, 41.291810152396032 ], [ 69.321581044918688, 41.291517086240681 ] ], [ [ 69.321166541605535, 41.292294118707638 ], [ 69.320509386116385, 41.29256693188028 ], [ 69.320990175877625, 41.292120400670683 ], [ 69.321166541605535, 41.292294118707638 ] ], [ [ 69.320230132970806, 41.291683171538033 ], [ 69.31992353003038, 41.291428435508514 ], [ 69.320299953628847, 41.291618325966958 ], [ 69.320230132970806, 41.291683171538033 ] ], [ [ 69.319146203150723, 41.290260013483341 ], [ 69.318487557796388, 41.291050277125628 ], [ 69.317856064033961, 41.290573420750036 ], [ 69.318595417699825, 41.290070337667778 ], [ 69.319146203150723, 41.290260013483341 ] ], [ [ 69.318453072115062, 41.28916750304446 ], [ 69.318083868039508, 41.289398407455067 ], [ 69.31841051665603, 41.289114809546469 ], [ 69.318453072115062, 41.28916750304446 ] ], [ [ 69.316170757403199, 41.292519734348147 ], [ 69.316266961458695, 41.292913457339417 ], [ 69.317326980497896, 41.293735794184471 ], [ 69.316946019503689, 41.293716261854648 ], [ 69.315484847502987, 41.292319390701735 ], [ 69.316164137256152, 41.291812341394852 ], [ 69.318249703085613, 41.293389348066484 ], [ 69.316798525090093, 41.292331396298792 ], [ 69.316432923957834, 41.292327507097454 ], [ 69.316170757403199, 41.292519734348147 ] ], [ [ 69.316843471334664, 41.291305540409212 ], [ 69.317159175386237, 41.291066893742787 ], [ 69.31817050026612, 41.291830571142064 ], [ 69.317858764201461, 41.292060716354996 ], [ 69.316843471334664, 41.291305540409212 ] ], [ [ 69.317394676235594, 41.289898762466969 ], [ 69.317409681841482, 41.289909410610484 ], [ 69.317175809499886, 41.290054145054043 ], [ 69.317394676235594, 41.289898762466969 ] ], [ [ 69.316506734322047, 41.289539518765842 ], [ 69.316224616263867, 41.289323484317691 ], [ 69.316431586716007, 41.289137234803036 ], [ 69.316713290024509, 41.289392877375924 ], [ 69.316506734322047, 41.289539518765842 ] ], [ [ 69.31616253204102, 41.290800025531489 ], [ 69.316090914392021, 41.290746962077051 ], [ 69.31634292651691, 41.290663663316749 ], [ 69.31616253204102, 41.290800025531489 ] ], [ [ 69.315822981444455, 41.290042845555384 ], [ 69.315565354402707, 41.290357556370502 ], [ 69.315074589878478, 41.290006132887356 ], [ 69.315533820936395, 41.289821416565417 ], [ 69.315822981444455, 41.290042845555384 ] ], [ [ 69.314836541289395, 41.293141644540739 ], [ 69.314810217624256, 41.292837900010475 ], [ 69.315395011684615, 41.293396973274589 ], [ 69.315059100177422, 41.293283824125901 ], [ 69.314836541289395, 41.293141644540739 ] ], [ [ 69.310601597408834, 41.300905633089208 ], [ 69.310868260218371, 41.300900651525161 ], [ 69.310615892787865, 41.300956714846969 ], [ 69.310601597408834, 41.300905633089208 ] ], [ [ 69.308197682225625, 41.302646365697576 ], [ 69.308206033229595, 41.302798234943147 ], [ 69.307149479451539, 41.302864811430027 ], [ 69.307070594796784, 41.302737001807301 ], [ 69.308197682225625, 41.302646365697576 ] ], [ [ 69.307122754867919, 41.304506009691927 ], [ 69.306962874582553, 41.30425330437749 ], [ 69.30777221289901, 41.304184816338804 ], [ 69.307122754867919, 41.304506009691927 ] ], [ [ 69.305809894199001, 41.305041889553465 ], [ 69.305516246315747, 41.304487497152579 ], [ 69.305287865945374, 41.304064690201685 ], [ 69.305478923700022, 41.304039323791621 ], [ 69.305809894199001, 41.305041889553465 ] ], [ [ 69.304800017077923, 41.298809303425557 ], [ 69.304590067682042, 41.298827913961823 ], [ 69.304830149266763, 41.298802309415571 ], [ 69.304800017077923, 41.298809303425557 ] ] ], [ [ [ 69.303760876239892, 41.319583087609722 ], [ 69.303395232749267, 41.3195908921507 ], [ 69.303112812176451, 41.319929932793009 ], [ 69.303357013967698, 41.320408191584526 ], [ 69.303222137918141, 41.320808777963791 ], [ 69.303448000741099, 41.321025698266389 ], [ 69.304647459823997, 41.321002719314031 ], [ 69.304810424436766, 41.321334849697202 ], [ 69.305152608603208, 41.321432328853319 ], [ 69.305545439678582, 41.321246999642376 ], [ 69.306146402403428, 41.321334076771898 ], [ 69.306372528864983, 41.321074368899403 ], [ 69.307322309625093, 41.32075241307615 ], [ 69.30774980768588, 41.3206941649266 ], [ 69.308199368738585, 41.320892530064178 ], [ 69.308513589910163, 41.320810185368458 ], [ 69.30852844140162, 41.321102848672282 ], [ 69.308763492526921, 41.321314148744129 ], [ 69.309127891250668, 41.321338260686097 ], [ 69.309407440006154, 41.321161750086723 ], [ 69.309352410553572, 41.321736082888179 ], [ 69.309869641192975, 41.322009506526449 ], [ 69.309539531436045, 41.322338143745441 ], [ 69.308789419060901, 41.322494024546401 ], [ 69.308679702134398, 41.32275709507342 ], [ 69.30895878189807, 41.323046965836532 ], [ 69.308990454051852, 41.323468169841156 ], [ 69.310019301824369, 41.323905486916871 ], [ 69.310174176133742, 41.324120047494084 ], [ 69.309807185645312, 41.324180220229941 ], [ 69.309639074898072, 41.324365652105179 ], [ 69.308872088155056, 41.324117960196332 ], [ 69.308651621831288, 41.323576649052754 ], [ 69.308137644890536, 41.32347587515094 ], [ 69.307864391348005, 41.323659218387178 ], [ 69.307544515547207, 41.324323245456398 ], [ 69.307505286472079, 41.324863364819159 ], [ 69.307670920810011, 41.325027171412103 ], [ 69.307373147609852, 41.325261542562444 ], [ 69.306545644008324, 41.325230767375963 ], [ 69.306264010831455, 41.325406763657213 ], [ 69.306229953806351, 41.32568133248477 ], [ 69.30646342577873, 41.325893635280543 ], [ 69.307627015378728, 41.326003188211708 ], [ 69.307212589177581, 41.32624742688234 ], [ 69.307215393344961, 41.32664777202617 ], [ 69.307707135158964, 41.326799023494843 ], [ 69.308909837642261, 41.326219382235827 ], [ 69.30893842261132, 41.326402788003072 ], [ 69.308577675750414, 41.326748724903155 ], [ 69.308876870250714, 41.32707950355843 ], [ 69.309788539198706, 41.327076243850861 ], [ 69.310056101106184, 41.326847450023031 ], [ 69.310419030541937, 41.326830504468774 ], [ 69.310661554200166, 41.326624045969183 ], [ 69.310639376842275, 41.326348786800715 ], [ 69.309490075969379, 41.325633062122876 ], [ 69.310035603075974, 41.325459910460921 ], [ 69.311257147469405, 41.326440321199712 ], [ 69.311535266874742, 41.326506527576633 ], [ 69.311347737537318, 41.326836521061168 ], [ 69.311515046481972, 41.327081757862054 ], [ 69.311959211698905, 41.32714532240233 ], [ 69.311520131547539, 41.327469697538618 ], [ 69.311499788871942, 41.327869754356229 ], [ 69.311982328478351, 41.328037015508471 ], [ 69.312869188355236, 41.327658645010011 ], [ 69.313235721932799, 41.327800792830224 ], [ 69.313523156573027, 41.32837967854956 ], [ 69.312882248160875, 41.328633186815622 ], [ 69.313048407848925, 41.329138750626235 ], [ 69.313651133899782, 41.329570381441933 ], [ 69.314416313407705, 41.329351794211398 ], [ 69.314733760054679, 41.328041437248345 ], [ 69.313514520399991, 41.323804078584956 ], [ 69.313669626013123, 41.323597627450567 ], [ 69.313597275543245, 41.323256022106293 ], [ 69.31384157720835, 41.322984374831229 ], [ 69.313749046143101, 41.322658159483488 ], [ 69.317283941060069, 41.323935970870338 ], [ 69.317558448367905, 41.324205907077811 ], [ 69.318347386012164, 41.324054670208227 ], [ 69.318463832498622, 41.323664061812231 ], [ 69.31706869070743, 41.323064194350842 ], [ 69.317492862838648, 41.322829623806143 ], [ 69.317531032872779, 41.322420763725056 ], [ 69.317300879554381, 41.322206419281549 ], [ 69.316886547965353, 41.322197574812101 ], [ 69.3168010247621, 41.321944150278057 ], [ 69.316499964614763, 41.321803810992847 ], [ 69.316781102022716, 41.321466048048201 ], [ 69.316655715232642, 41.321206988105011 ], [ 69.315900253566511, 41.320940994794974 ], [ 69.315172372481726, 41.321069380760569 ], [ 69.314701648972175, 41.321712458556867 ], [ 69.314895286899841, 41.321946419651454 ], [ 69.315382369921181, 41.322059603403495 ], [ 69.315282774943256, 41.322422458385809 ], [ 69.313477235458706, 41.321755134748066 ], [ 69.313124095350901, 41.321323852635985 ], [ 69.312683760379713, 41.321398294966343 ], [ 69.311385394505848, 41.319336095771831 ], [ 69.311987135319271, 41.319145605320344 ], [ 69.311952606933417, 41.319931640274589 ], [ 69.312232866184786, 41.320271699161466 ], [ 69.312598459584791, 41.320280825153404 ], [ 69.312827222224286, 41.320132659739464 ], [ 69.31305720822526, 41.320438279796491 ], [ 69.313416981178477, 41.320488111657227 ], [ 69.313718118040015, 41.320331560904116 ], [ 69.313739592997365, 41.319903275381996 ], [ 69.313931939796404, 41.319816528251764 ], [ 69.314422425741284, 41.320380178764168 ], [ 69.314952835797797, 41.32039984302461 ], [ 69.315170752318096, 41.320178352691535 ], [ 69.315090511569736, 41.319872128592614 ], [ 69.315342129461797, 41.319641765111761 ], [ 69.315183313971062, 41.319236063430289 ], [ 69.315672478858005, 41.318780321989664 ], [ 69.315324835206496, 41.318184996300374 ], [ 69.31599029086307, 41.317769114240249 ], [ 69.315695881755659, 41.317211529357962 ], [ 69.314560125304212, 41.316886137851498 ], [ 69.314144380889516, 41.317158432129006 ], [ 69.31374080095074, 41.317046693366578 ], [ 69.313429000823106, 41.317152693239507 ], [ 69.31291322383565, 41.316611949753884 ], [ 69.312554972733864, 41.316556311520444 ], [ 69.312249467015377, 41.316707954936795 ], [ 69.312112303714954, 41.317285502188788 ], [ 69.312847559292862, 41.317798093009692 ], [ 69.311302839269814, 41.318242673030099 ], [ 69.310029062516151, 41.315587762101906 ], [ 69.309598630697863, 41.315147816996237 ], [ 69.309065287213798, 41.315050188595222 ], [ 69.308680445603642, 41.315326041170579 ], [ 69.308524900643647, 41.316104785137291 ], [ 69.308725077603953, 41.316335589162591 ], [ 69.309211827557263, 41.316352998406444 ], [ 69.310218668019687, 41.318596080276961 ], [ 69.306361957870507, 41.320109819501518 ], [ 69.306341794478115, 41.319792793148103 ], [ 69.306629392343837, 41.319478668165267 ], [ 69.306523454824841, 41.319214719810368 ], [ 69.306015388578714, 41.319098234268424 ], [ 69.305287937886774, 41.319322683513931 ], [ 69.30527937990523, 41.318849588864872 ], [ 69.30485190649712, 41.31858293374566 ], [ 69.304486136935466, 41.318585422482116 ], [ 69.304229831824372, 41.31878217030058 ], [ 69.304376908671586, 41.319567140775341 ], [ 69.30403138927808, 41.319780302863528 ], [ 69.303760876239892, 41.319583087609722 ] ], [ [ 69.31402857671236, 41.318564140226101 ], [ 69.314381224560663, 41.318413261168239 ], [ 69.314596708478788, 41.318662488273439 ], [ 69.314247245794576, 41.318826393084855 ], [ 69.31402857671236, 41.318564140226101 ] ], [ [ 69.312642338568949, 41.325734184721945 ], [ 69.312352187530067, 41.325527419321084 ], [ 69.312885870091051, 41.325432537533203 ], [ 69.312945812200311, 41.325624576150787 ], [ 69.312642338568949, 41.325734184721945 ] ], [ [ 69.312537721407864, 41.326785492377823 ], [ 69.312471799756196, 41.326788110103138 ], [ 69.312525533415226, 41.326740320810941 ], [ 69.312537721407864, 41.326785492377823 ] ], [ [ 69.31239064444442, 41.323934602271983 ], [ 69.312138257988892, 41.324014362899028 ], [ 69.311738193201649, 41.323397843295737 ], [ 69.312192594858033, 41.323331012415011 ], [ 69.31239064444442, 41.323934602271983 ] ], [ [ 69.311704672270992, 41.325642535351584 ], [ 69.311882586216058, 41.325610906006951 ], [ 69.311762380334144, 41.325749632249853 ], [ 69.311704672270992, 41.325642535351584 ] ], [ [ 69.310765787830931, 41.320769052080024 ], [ 69.31107960517339, 41.320699655741237 ], [ 69.311238136644079, 41.320938618564533 ], [ 69.310765787830931, 41.320769052080024 ] ], [ [ 69.311174003119362, 41.322491206327641 ], [ 69.311195584279588, 41.322471506658168 ], [ 69.311227620198437, 41.322482684459864 ], [ 69.311174003119362, 41.322491206327641 ] ], [ [ 69.310143497881228, 41.319946133513916 ], [ 69.309951271357903, 41.319913502641604 ], [ 69.310208993999282, 41.319819910672791 ], [ 69.310143497881228, 41.319946133513916 ] ], [ [ 69.310099996921409, 41.323024245428478 ], [ 69.310120721418571, 41.323132019342765 ], [ 69.309884222502575, 41.32303861205655 ], [ 69.310099996921409, 41.323024245428478 ] ] ], [ [ [ 69.282253383623939, 41.2392050897638 ], [ 69.281726076637227, 41.239248224743754 ], [ 69.281577077786366, 41.239632460217592 ], [ 69.282540482747848, 41.240543820329563 ], [ 69.281869531244411, 41.24057019650698 ], [ 69.281527654054159, 41.239663948017842 ], [ 69.281027753196284, 41.239530148722267 ], [ 69.280672681399906, 41.239827559185215 ], [ 69.281064409033661, 41.241078166971903 ], [ 69.280634089032574, 41.240516053890389 ], [ 69.280111667949114, 41.240446852068267 ], [ 69.279859236739526, 41.240646212588246 ], [ 69.279886430191652, 41.240954314398685 ], [ 69.279495085171746, 41.241265251109319 ], [ 69.279681478626173, 41.241741785225138 ], [ 69.279199028655597, 41.241509172194405 ], [ 69.278749428095153, 41.241721589697278 ], [ 69.278837372346075, 41.242116405556061 ], [ 69.280465946954806, 41.243421086116001 ], [ 69.280451026887377, 41.243454147468761 ], [ 69.279994594398431, 41.243275179961699 ], [ 69.279310309218317, 41.243473784061386 ], [ 69.278411575802608, 41.243210929725393 ], [ 69.278100069667332, 41.243355042333164 ], [ 69.277896600237924, 41.243747874954096 ], [ 69.277210646306088, 41.243188221627051 ], [ 69.27668735723212, 41.243253680151675 ], [ 69.276492600758445, 41.243843129404809 ], [ 69.276022068159094, 41.244274195522316 ], [ 69.276287792668114, 41.244687881647131 ], [ 69.276783708139803, 41.244804104643713 ], [ 69.276951251907846, 41.245121971354983 ], [ 69.277402134488639, 41.245190354532227 ], [ 69.277537758373853, 41.245407290060093 ], [ 69.277887650276369, 41.245527170401644 ], [ 69.278230470271936, 41.245431775700155 ], [ 69.27880516849028, 41.244778152527125 ], [ 69.279522025460281, 41.244619012448432 ], [ 69.283559596395051, 41.244583958616275 ], [ 69.284135181300286, 41.244964094613543 ], [ 69.284603787797124, 41.244997360308773 ], [ 69.284584654501501, 41.245323718304718 ], [ 69.284832892024852, 41.245576539878478 ], [ 69.285202645117238, 41.245792050195071 ], [ 69.285666264010402, 41.245743303063243 ], [ 69.285796717013156, 41.246268847902606 ], [ 69.286674030583342, 41.246755299996408 ], [ 69.287078856078224, 41.24669822677923 ], [ 69.287374399220241, 41.246352009565719 ], [ 69.287727909065723, 41.246251205261757 ], [ 69.288103496985144, 41.245458520619593 ], [ 69.289287647444453, 41.245596497729366 ], [ 69.289155120975408, 41.246988472871941 ], [ 69.289307074153001, 41.247890632443443 ], [ 69.289447862911246, 41.248145109895184 ], [ 69.289785837759425, 41.24824991672827 ], [ 69.290571940288146, 41.247829149297296 ], [ 69.290784517390748, 41.247517300506416 ], [ 69.290702852209378, 41.247248506262743 ], [ 69.290359931598644, 41.247102753646338 ], [ 69.290242453173789, 41.245596847512424 ], [ 69.291427405620894, 41.245445076525804 ], [ 69.291450962134775, 41.246271419015791 ], [ 69.291887180674252, 41.246499213254992 ], [ 69.292704296262627, 41.246244472285731 ], [ 69.293048732865415, 41.245950411878191 ], [ 69.293185698316492, 41.245694750096476 ], [ 69.293057197577539, 41.245456591643446 ], [ 69.29377735989469, 41.245465411476516 ], [ 69.294251643289002, 41.245716583466134 ], [ 69.293709114923317, 41.246435467375278 ], [ 69.293665021180061, 41.247072819225238 ], [ 69.294394389076487, 41.247299074275794 ], [ 69.294890451659441, 41.246950038912374 ], [ 69.296042752766141, 41.246897965512879 ], [ 69.296035387472671, 41.248051480680068 ], [ 69.296477959416549, 41.24842611265376 ], [ 69.296469921571074, 41.248939201321704 ], [ 69.297277422060759, 41.249354891665028 ], [ 69.297419159119286, 41.24976263633976 ], [ 69.298334266229389, 41.250177346956924 ], [ 69.298612434683321, 41.250508502622161 ], [ 69.299168396079736, 41.2504090265708 ], [ 69.29985614116049, 41.250678781194075 ], [ 69.300312591624817, 41.25045850618595 ], [ 69.301128901341727, 41.250411945676518 ], [ 69.30113545229662, 41.251262321929119 ], [ 69.30143274591164, 41.25159390287093 ], [ 69.301952433303285, 41.251513506579606 ], [ 69.302617198181508, 41.250969739487388 ], [ 69.302614757524594, 41.250693975542163 ], [ 69.302208519232366, 41.250479109362004 ], [ 69.302205773120761, 41.25014274347204 ], [ 69.302512567659832, 41.250473797088432 ], [ 69.303064143235829, 41.250465640173545 ], [ 69.303818814608405, 41.249788861978224 ], [ 69.304109026025941, 41.249866576741582 ], [ 69.304444552930562, 41.249757367657949 ], [ 69.305040583123315, 41.249171958491289 ], [ 69.304638252666749, 41.248283540885744 ], [ 69.30411413303483, 41.247900760058613 ], [ 69.303949220572193, 41.247545455530009 ], [ 69.303649345677641, 41.247472831724572 ], [ 69.30353394538642, 41.247067556630618 ], [ 69.302329333227789, 41.246942489448543 ], [ 69.302377007386212, 41.246218661323383 ], [ 69.304427963902683, 41.246570916651585 ], [ 69.306156051105702, 41.246562377517172 ], [ 69.305983371494065, 41.247156190405619 ], [ 69.305630472145225, 41.247453113705532 ], [ 69.305726362055566, 41.24784687447989 ], [ 69.30631343008055, 41.247897300069909 ], [ 69.306819869357227, 41.248391602203469 ], [ 69.307173900208255, 41.248461866805577 ], [ 69.307357623128425, 41.248805963560436 ], [ 69.308225815997588, 41.248811250381884 ], [ 69.308449600135162, 41.248967183174528 ], [ 69.308963706570395, 41.248994611569699 ], [ 69.308959544486441, 41.249765626643288 ], [ 69.309477699969619, 41.250006300434848 ], [ 69.310154264122531, 41.249610262202175 ], [ 69.309890849628189, 41.248657758299572 ], [ 69.311316607125519, 41.248346021445322 ], [ 69.311868278278553, 41.248339907601043 ], [ 69.312564828054619, 41.248649769982222 ], [ 69.313009565490532, 41.248392001946726 ], [ 69.313325842259971, 41.248527018552622 ], [ 69.313678043420722, 41.248453587447067 ], [ 69.314502948846041, 41.24784239841383 ], [ 69.314612291306901, 41.247579265649527 ], [ 69.314443079927742, 41.247334849128166 ], [ 69.313467358602807, 41.24707514423752 ], [ 69.313633522685663, 41.246739207736212 ], [ 69.315099625366472, 41.247097551691951 ], [ 69.315531437048108, 41.24686502036009 ], [ 69.315412041209768, 41.246474937510122 ], [ 69.314412322625813, 41.246159852646777 ], [ 69.314496385868438, 41.245951517184125 ], [ 69.315119905362423, 41.245974107947056 ], [ 69.315403553362572, 41.246294112449576 ], [ 69.315768887444321, 41.246298522946944 ], [ 69.316941475050726, 41.245474645586597 ], [ 69.316780907088727, 41.244975603209312 ], [ 69.315211230606664, 41.244534128222426 ], [ 69.316388752851836, 41.243626008606427 ], [ 69.316290900094245, 41.243232523810555 ], [ 69.315771815622128, 41.243150177506344 ], [ 69.314360556008324, 41.244154180493261 ], [ 69.314178030465214, 41.243856068693724 ], [ 69.315103158474287, 41.243525047519384 ], [ 69.316307821362116, 41.242709834360419 ], [ 69.317122758708564, 41.241940383300928 ], [ 69.316976419097728, 41.241555565811105 ], [ 69.316105212276341, 41.241244061745647 ], [ 69.31526522747356, 41.241600128401537 ], [ 69.314807958113477, 41.241586747873193 ], [ 69.314555914767482, 41.241927952835759 ], [ 69.314127444902027, 41.24212597583594 ], [ 69.312978926166267, 41.241428261606224 ], [ 69.312624840269748, 41.241360302347147 ], [ 69.312310798075146, 41.241501232187183 ], [ 69.312220759946683, 41.241768497274784 ], [ 69.312915412902186, 41.242292004133503 ], [ 69.31241984072571, 41.242708794873224 ], [ 69.311681378533009, 41.242102220113907 ], [ 69.311746446869478, 41.241737443726905 ], [ 69.311481500505849, 41.241547558044125 ], [ 69.310264656440552, 41.24164542054227 ], [ 69.309833192622051, 41.242130190233361 ], [ 69.309430381887779, 41.242219381190687 ], [ 69.308584833667098, 41.241949452185985 ], [ 69.308031258434255, 41.242066365325279 ], [ 69.30753333954388, 41.241910038599414 ], [ 69.306965149033502, 41.238431991140558 ], [ 69.306618728180197, 41.238128828903591 ], [ 69.306115106070678, 41.238254399352762 ], [ 69.306017651750679, 41.238520177504611 ], [ 69.30656538171651, 41.241873283266081 ], [ 69.306261662871592, 41.241784289136461 ], [ 69.305896332478525, 41.241920341242164 ], [ 69.305907120241372, 41.239800584969515 ], [ 69.305653154422913, 41.239602340935654 ], [ 69.305287862146827, 41.239597712182608 ], [ 69.304985826404746, 41.239926815596057 ], [ 69.304964141286902, 41.240901544197193 ], [ 69.304491477297432, 41.241127618176172 ], [ 69.304486734018255, 41.242024260626124 ], [ 69.304178003363063, 41.24365499162996 ], [ 69.303948031882214, 41.242275884559852 ], [ 69.304385103730468, 41.24203730848658 ], [ 69.304367523449457, 41.241761857474685 ], [ 69.304090837726804, 41.241575767112124 ], [ 69.304875555049207, 41.240337289139127 ], [ 69.304958237163589, 41.239686550059886 ], [ 69.304847203141421, 41.239423823788186 ], [ 69.304522574557652, 41.239297311105886 ], [ 69.303839475448186, 41.239424767271039 ], [ 69.303608852074959, 41.239638649060765 ], [ 69.303882340950651, 41.24024330770753 ], [ 69.303160289133928, 41.241373233701857 ], [ 69.302955866134099, 41.241380465751966 ], [ 69.301042319086889, 41.240247107421446 ], [ 69.300535836580295, 41.240365982234579 ], [ 69.300487512606651, 41.240764674068011 ], [ 69.301861818467756, 41.24163927984312 ], [ 69.301988294503161, 41.242076152680617 ], [ 69.302992034451691, 41.242100600413735 ], [ 69.302995935211783, 41.242645305173973 ], [ 69.301531875979464, 41.24327951079858 ], [ 69.301384767003952, 41.243095578761242 ], [ 69.301675492522563, 41.242729315258238 ], [ 69.301066303326053, 41.241843479312983 ], [ 69.300778330915151, 41.241673763875916 ], [ 69.300307161601964, 41.241778094850822 ], [ 69.299716680655422, 41.241059640440113 ], [ 69.298590677528878, 41.240151732344266 ], [ 69.299247890529216, 41.240173114674754 ], [ 69.299495214617238, 41.239970141461342 ], [ 69.299479955572963, 41.239694611396914 ], [ 69.298863188527307, 41.239411801916638 ], [ 69.298519106228952, 41.238908987340267 ], [ 69.298176813312011, 41.238812591183098 ], [ 69.297746576670576, 41.239046725366386 ], [ 69.297916162546954, 41.239641712260521 ], [ 69.296570555446948, 41.239106333577531 ], [ 69.295693963390036, 41.239931053011105 ], [ 69.29570996392539, 41.240206559154622 ], [ 69.295930328825932, 41.240370377291974 ], [ 69.29555115457525, 41.240589662346629 ], [ 69.295628523786746, 41.240942019274385 ], [ 69.295316375747646, 41.24104240830551 ], [ 69.295170166355945, 41.241365386732163 ], [ 69.295919525636776, 41.242464495222293 ], [ 69.29552462038599, 41.24259038624929 ], [ 69.29553752743324, 41.243076297386381 ], [ 69.294896870131993, 41.243639168120886 ], [ 69.295174776510947, 41.243066735633263 ], [ 69.294968668973596, 41.242839033374935 ], [ 69.294609611466186, 41.242788025294097 ], [ 69.294283771915744, 41.242922832747887 ], [ 69.292315135450366, 41.242921189046776 ], [ 69.291992902505612, 41.243239200603099 ], [ 69.292352050960417, 41.243735693826629 ], [ 69.290145138222883, 41.243783796132192 ], [ 69.29032977620507, 41.243341628235889 ], [ 69.289810531772162, 41.242926704092412 ], [ 69.290769332797069, 41.24236878665883 ], [ 69.291128894801972, 41.242511987337551 ], [ 69.29147315675209, 41.242419632112295 ], [ 69.291656473376932, 41.241607804666955 ], [ 69.291523218263791, 41.241351030753577 ], [ 69.291188445599445, 41.241240585373376 ], [ 69.290147999750033, 41.241317496561955 ], [ 69.289790143941033, 41.241179293734639 ], [ 69.289401797028887, 41.241314360061367 ], [ 69.289021716703658, 41.241166643648057 ], [ 69.288681011944334, 41.241266218285254 ], [ 69.288543396293122, 41.241561727170904 ], [ 69.288130766894341, 41.241565996408859 ], [ 69.286723481412835, 41.239836706524372 ], [ 69.286193726168037, 41.239816983640495 ], [ 69.285973097186655, 41.24032449959855 ], [ 69.284678371238499, 41.239706562792911 ], [ 69.284279337084058, 41.239970313698343 ], [ 69.2845242009316, 41.240392877063158 ], [ 69.283415530899731, 41.240210176135669 ], [ 69.282253383623939, 41.2392050897638 ] ], [ [ 69.314881914469922, 41.242622267276985 ], [ 69.314806238837164, 41.242674610459737 ], [ 69.314792567148729, 41.242663560460123 ], [ 69.314881914469922, 41.242622267276985 ] ], [ [ 69.313393129061282, 41.244129027080938 ], [ 69.313136329522195, 41.244282222405687 ], [ 69.313095463638376, 41.244232541538487 ], [ 69.313393129061282, 41.244129027080938 ] ], [ [ 69.312810876915137, 41.245177044083839 ], [ 69.313117635149226, 41.24517614742583 ], [ 69.312876787852815, 41.245481383683526 ], [ 69.312810876915137, 41.245177044083839 ] ], [ [ 69.311767539719824, 41.247029553884076 ], [ 69.311769773663343, 41.24675661406512 ], [ 69.312355561929152, 41.246753641846503 ], [ 69.312460021190418, 41.247032970960348 ], [ 69.311767539719824, 41.247029553884076 ] ], [ [ 69.312278209527719, 41.244419557683798 ], [ 69.31207724869418, 41.2446164290753 ], [ 69.311354579363268, 41.244492350790566 ], [ 69.312278209527719, 41.244419557683798 ] ], [ [ 69.310299124738179, 41.243733865191231 ], [ 69.309719643571341, 41.24372267837358 ], [ 69.309950110336302, 41.243511378639496 ], [ 69.310299124738179, 41.243733865191231 ] ], [ [ 69.308856387567531, 41.24687106213127 ], [ 69.307564510589827, 41.246786082092299 ], [ 69.307108097982464, 41.246668976396663 ], [ 69.307111038770529, 41.246562789868186 ], [ 69.309383019707582, 41.246557759945908 ], [ 69.309387199517644, 41.246774687461205 ], [ 69.308856387567531, 41.24687106213127 ] ], [ [ 69.307708592157709, 41.242982730326936 ], [ 69.308550780509137, 41.243651077652153 ], [ 69.308471075608892, 41.243721855381366 ], [ 69.307829335027719, 41.243721756023518 ], [ 69.307708592157709, 41.242982730326936 ] ], [ [ 69.306869242998147, 41.243733315583583 ], [ 69.306734363759844, 41.243736268361552 ], [ 69.306736313491925, 41.242919624859184 ], [ 69.306869242998147, 41.243733315583583 ] ], [ [ 69.300968307682538, 41.248270140652089 ], [ 69.300968946229261, 41.248292250240738 ], [ 69.3009528646853, 41.248272022759032 ], [ 69.300968307682538, 41.248270140652089 ] ], [ [ 69.300547916440891, 41.24344362850011 ], [ 69.300778385503051, 41.243731790954151 ], [ 69.299949227655432, 41.243733752566044 ], [ 69.299957877599923, 41.243456265662878 ], [ 69.300547916440891, 41.24344362850011 ] ], [ [ 69.300053182236496, 41.245806309898278 ], [ 69.300053167328599, 41.24580774713754 ], [ 69.300051771258055, 41.245807761224675 ], [ 69.300053182236496, 41.245806309898278 ] ], [ [ 69.300055298246349, 41.248778374523866 ], [ 69.30005290236295, 41.248975368007663 ], [ 69.299351174988985, 41.248966774820246 ], [ 69.299344321993814, 41.248683485226387 ], [ 69.300055298246349, 41.248778374523866 ] ], [ [ 69.29952872029989, 41.247886542609436 ], [ 69.298098654454591, 41.247945348774287 ], [ 69.297905417865607, 41.247775082520356 ], [ 69.29788282777244, 41.246891088172084 ], [ 69.299617220994378, 41.246849533094846 ], [ 69.29952872029989, 41.247886542609436 ] ], [ [ 69.29936988941823, 41.245886288665119 ], [ 69.299351327412424, 41.245886288642609 ], [ 69.299350706053602, 41.245875664613422 ], [ 69.29936988941823, 41.245886288665119 ] ], [ [ 69.29899450086819, 41.243724545921147 ], [ 69.298886433646715, 41.243497239070521 ], [ 69.298841034943294, 41.243469912536824 ], [ 69.299002471479611, 41.243468971882628 ], [ 69.29899450086819, 41.243724545921147 ] ], [ [ 69.297738252210095, 41.243476331982741 ], [ 69.298007209461602, 41.243474767305479 ], [ 69.297795468286679, 41.243554006901306 ], [ 69.297738252210095, 41.243476331982741 ] ], [ [ 69.297587951876878, 41.245269944581914 ], [ 69.29708209167616, 41.245601293189303 ], [ 69.296831268534305, 41.244926859336978 ], [ 69.297376628758343, 41.24493034862649 ], [ 69.297587951876878, 41.245269944581914 ] ], [ [ 69.290100638428797, 41.241806919413897 ], [ 69.290090232240431, 41.241858893239296 ], [ 69.290060907008183, 41.241835703455806 ], [ 69.290100638428797, 41.241806919413897 ] ], [ [ 69.288812079730079, 41.241943542324371 ], [ 69.288812427311328, 41.241891984896043 ], [ 69.288846746704294, 41.241919123987699 ], [ 69.288812079730079, 41.241943542324371 ] ], [ [ 69.28837251339904, 41.243783094583826 ], [ 69.287245465320851, 41.243769565175555 ], [ 69.286424061240623, 41.243274660341797 ], [ 69.286676318630924, 41.242620764787105 ], [ 69.28837251339904, 41.243783094583826 ] ], [ [ 69.285666821706499, 41.24277700427379 ], [ 69.285364963128146, 41.243313390643905 ], [ 69.285057676787773, 41.243320190827589 ], [ 69.285666821706499, 41.24277700427379 ] ], [ [ 69.285246450502342, 41.241879293638945 ], [ 69.285317135342396, 41.241973430285299 ], [ 69.284227770460703, 41.24294483395763 ], [ 69.284053423069608, 41.24278543928812 ], [ 69.285246450502342, 41.241879293638945 ] ], [ [ 69.284782440926008, 41.24356562019198 ], [ 69.284758451005715, 41.243672077632475 ], [ 69.284644092035265, 41.243688985626285 ], [ 69.284782440926008, 41.24356562019198 ] ], [ [ 69.28354696058814, 41.243745566236832 ], [ 69.282666177328906, 41.24359673526515 ], [ 69.282756160079728, 41.242578269177763 ], [ 69.283662522605539, 41.243559957949792 ], [ 69.28354696058814, 41.243745566236832 ] ], [ [ 69.282591244269312, 41.241263425430368 ], [ 69.28258129433749, 41.241332973215513 ], [ 69.282505165224208, 41.241266809578327 ], [ 69.282591244269312, 41.241263425430368 ] ], [ [ 69.281300848424465, 41.24380601961952 ], [ 69.281425205766865, 41.243530447968638 ], [ 69.281710251367898, 41.243322432458136 ], [ 69.281712346286042, 41.243812485855656 ], [ 69.281300848424465, 41.24380601961952 ] ] ], [ [ [ 69.200894639969249, 41.25147406688253 ], [ 69.201209259550197, 41.251085112887409 ], [ 69.201135518391723, 41.2508150154124 ], [ 69.200830310091092, 41.250663378931243 ], [ 69.200166838357504, 41.250740299527237 ], [ 69.199889327612055, 41.250149857596483 ], [ 69.199359005419822, 41.250139951052297 ], [ 69.199148540423522, 41.250365384598211 ], [ 69.199242809526439, 41.250936528466262 ], [ 69.198369463803104, 41.251006052431002 ], [ 69.19809811029323, 41.251190745753078 ], [ 69.198235082763745, 41.251637477200397 ], [ 69.197843889307336, 41.252368282318947 ], [ 69.197137792077456, 41.252753847069116 ], [ 69.196783110036151, 41.252780680018191 ], [ 69.19631094581861, 41.253168922468554 ], [ 69.195952887046317, 41.252945378002593 ], [ 69.195424960039134, 41.252999324559475 ], [ 69.196111103594475, 41.25175385678628 ], [ 69.196924884797497, 41.25118610222458 ], [ 69.196951880024869, 41.25091108449331 ], [ 69.196713292534398, 41.250702211351012 ], [ 69.19634888398663, 41.250681836979176 ], [ 69.195640954272235, 41.251106188384092 ], [ 69.195383993531422, 41.250719843992627 ], [ 69.194383616077019, 41.250489063518394 ], [ 69.193342889171561, 41.251821841121732 ], [ 69.19298226405914, 41.251610182706081 ], [ 69.193175989141906, 41.251087899394683 ], [ 69.193013156466648, 41.250841022419728 ], [ 69.192486951319935, 41.250790238756522 ], [ 69.192190957392768, 41.251124469574918 ], [ 69.191783923928654, 41.250712469898261 ], [ 69.191262133886553, 41.250751522693626 ], [ 69.190968486839026, 41.25108495036347 ], [ 69.191356692732143, 41.251521320344963 ], [ 69.191037032990238, 41.251827292208858 ], [ 69.191165009289378, 41.252215825985459 ], [ 69.191689628820328, 41.252275280518042 ], [ 69.192079311612474, 41.251992731020941 ], [ 69.194403127424209, 41.253518813819518 ], [ 69.19442692710885, 41.253618096988617 ], [ 69.193225630392234, 41.253682386903868 ], [ 69.192970734053375, 41.253919768887336 ], [ 69.192316585790593, 41.253933574681319 ], [ 69.192205183098281, 41.253699367488238 ], [ 69.191878125033583, 41.253576360991502 ], [ 69.191531604556971, 41.253663908043514 ], [ 69.191376527756191, 41.253888784542113 ], [ 69.191082730956083, 41.253854126646949 ], [ 69.191220367008142, 41.25322293380642 ], [ 69.190848874175316, 41.252937122441686 ], [ 69.190489804860661, 41.252988312085115 ], [ 69.190240397310234, 41.253373108051832 ], [ 69.189830217253288, 41.25326234452212 ], [ 69.189365406048182, 41.253431041996194 ], [ 69.188277379307948, 41.252510137272509 ], [ 69.187553223421844, 41.252397754007774 ], [ 69.186973121048069, 41.252731538484646 ], [ 69.187004528041584, 41.253006289353976 ], [ 69.187379312796708, 41.253280042495035 ], [ 69.18723546135962, 41.253572942336362 ], [ 69.187425533193149, 41.253821639640122 ], [ 69.187312274376239, 41.254202801020469 ], [ 69.187561582141655, 41.254404426197098 ], [ 69.187902215430768, 41.254416986621486 ], [ 69.187532371149445, 41.255049913305541 ], [ 69.187723827789227, 41.255284806534661 ], [ 69.18814797940604, 41.2553295189376 ], [ 69.188268769801184, 41.255473185636433 ], [ 69.18802295547529, 41.256088938765529 ], [ 69.18837187464041, 41.257102863512884 ], [ 69.188682426647432, 41.257248226267663 ], [ 69.189165430495251, 41.257082584779951 ], [ 69.189354049565566, 41.256235786072224 ], [ 69.189203489073734, 41.256018646070693 ], [ 69.189680287691232, 41.256031265495842 ], [ 69.189920076405471, 41.255699659108714 ], [ 69.19140010128217, 41.256827054298462 ], [ 69.190633747193701, 41.257116580618607 ], [ 69.190610756907432, 41.257569381674323 ], [ 69.188736933349901, 41.258939819843675 ], [ 69.18835390437215, 41.25885778084006 ], [ 69.188044811215917, 41.25900491331295 ], [ 69.187860889171475, 41.259493756419523 ], [ 69.187065718107405, 41.259391043595656 ], [ 69.186758195454786, 41.259540041067304 ], [ 69.186808241264728, 41.260020973423281 ], [ 69.187445923419887, 41.260252092285974 ], [ 69.187331057849107, 41.260648802186836 ], [ 69.187462610723898, 41.260880854892356 ], [ 69.187946594842572, 41.261044906141912 ], [ 69.188521421816048, 41.260969617682292 ], [ 69.188829122368176, 41.260641819945036 ], [ 69.189350148023522, 41.260643056655617 ], [ 69.190582362858848, 41.261044263787547 ], [ 69.190316110217466, 41.261389157390347 ], [ 69.19047606899565, 41.261637111070591 ], [ 69.192095856452212, 41.262088008958273 ], [ 69.192691440306689, 41.262928369056823 ], [ 69.194069513880649, 41.262941254505527 ], [ 69.194084340080948, 41.263071886947309 ], [ 69.193233661594391, 41.263171589246376 ], [ 69.193090699890689, 41.263425386866864 ], [ 69.193480627338431, 41.263935198410969 ], [ 69.193822224720805, 41.264033253249984 ], [ 69.194131560054899, 41.26393326524272 ], [ 69.194162435119068, 41.264418644203829 ], [ 69.194417996798961, 41.264615788782422 ], [ 69.194783459341807, 41.26461883851502 ], [ 69.195418186261591, 41.26415652998309 ], [ 69.195426217516157, 41.263880825866039 ], [ 69.195084378347715, 41.263666664339802 ], [ 69.195014486567885, 41.262821819746229 ], [ 69.196809368243819, 41.263417046487397 ], [ 69.1972252325276, 41.263383500642355 ], [ 69.197808800280328, 41.264713592852324 ], [ 69.198153522311543, 41.264922715436612 ], [ 69.199762616788419, 41.268089089127194 ], [ 69.199364436719009, 41.268189163007584 ], [ 69.198811894977609, 41.268051124719825 ], [ 69.198273642184233, 41.268671083724641 ], [ 69.197859893235432, 41.268885315237654 ], [ 69.197461806032834, 41.269559306065851 ], [ 69.197575739177324, 41.269821337109008 ], [ 69.197953242309623, 41.269941140098908 ], [ 69.198078997387697, 41.27052614541298 ], [ 69.197593627371731, 41.270933038167222 ], [ 69.197596618165818, 41.271211152951743 ], [ 69.197243713971986, 41.271403853881722 ], [ 69.196636814649537, 41.271252858008012 ], [ 69.19633643911996, 41.271582901690088 ], [ 69.196724197807569, 41.272034113735764 ], [ 69.196352945901197, 41.272244658096724 ], [ 69.19634514561136, 41.272930887657772 ], [ 69.196782567293852, 41.273157561216799 ], [ 69.197335040724354, 41.272898669110091 ], [ 69.196260456570414, 41.274156884511541 ], [ 69.196396563496847, 41.274774260702344 ], [ 69.19672102221368, 41.274941649185422 ], [ 69.196241094559539, 41.275057740707346 ], [ 69.196083348248933, 41.275306511458552 ], [ 69.19676245470383, 41.275968379020384 ], [ 69.19645552010536, 41.276130921254648 ], [ 69.196526432319445, 41.276582635637432 ], [ 69.196265631313508, 41.276867859279292 ], [ 69.196361290664015, 41.27713401989493 ], [ 69.196901663819901, 41.277402173482542 ], [ 69.196764771757529, 41.279515310738304 ], [ 69.197142074385255, 41.279866777741404 ], [ 69.19779823211681, 41.280071729666112 ], [ 69.200011014546689, 41.280131361281498 ], [ 69.200387603151071, 41.280035598262295 ], [ 69.201690526300638, 41.279120679096025 ], [ 69.201945227450167, 41.279422695214578 ], [ 69.202375234672175, 41.279421914020368 ], [ 69.201817955868776, 41.279858259266831 ], [ 69.202040455887939, 41.280221733104078 ], [ 69.203236210313491, 41.280377420051728 ], [ 69.203927549935699, 41.280231130639919 ], [ 69.203690697502651, 41.281210107018623 ], [ 69.20377045122838, 41.28241621014368 ], [ 69.204745669481198, 41.282955923633274 ], [ 69.204968928548567, 41.283272930038024 ], [ 69.205330467872912, 41.283313862121695 ], [ 69.205861068526474, 41.283054892783703 ], [ 69.206391234466196, 41.283486429102545 ], [ 69.204789538475396, 41.28455593650262 ], [ 69.204748227649489, 41.284994814398608 ], [ 69.205006319169328, 41.285286483120693 ], [ 69.204572562136391, 41.285595994701225 ], [ 69.204682546430178, 41.287107207885128 ], [ 69.205096314096167, 41.287357971694803 ], [ 69.207084247172247, 41.287529716659215 ], [ 69.207654398988765, 41.287910371716315 ], [ 69.208811901386113, 41.287802164909507 ], [ 69.2087732845049, 41.288107334676319 ], [ 69.209253736789975, 41.288341350570114 ], [ 69.209381324704523, 41.289140977133336 ], [ 69.209625544228743, 41.289346204929409 ], [ 69.210536119490484, 41.289256262980231 ], [ 69.211566603179918, 41.289771627632469 ], [ 69.212282014721552, 41.289643780836997 ], [ 69.212490927502657, 41.289275738227587 ], [ 69.212115106880375, 41.288953505675202 ], [ 69.212529060138166, 41.288175222277857 ], [ 69.21270280064077, 41.287331798729831 ], [ 69.213572788680892, 41.287621396939997 ], [ 69.213158133965351, 41.288803778669163 ], [ 69.21321519365911, 41.289076168995436 ], [ 69.213697153217765, 41.289243917335931 ], [ 69.214249461142444, 41.289055288948688 ], [ 69.214423724911157, 41.288812858228098 ], [ 69.214271322999579, 41.288434771893961 ], [ 69.214646837308152, 41.287374175984723 ], [ 69.214512878633499, 41.287118626066686 ], [ 69.214815632993876, 41.286793085054612 ], [ 69.215233381413114, 41.286986006014693 ], [ 69.215933591996517, 41.286703199547766 ], [ 69.21519862767299, 41.287356157167338 ], [ 69.215324221042479, 41.287615145238384 ], [ 69.215655825121146, 41.287731291741693 ], [ 69.216213596827004, 41.287487892120126 ], [ 69.215755552674992, 41.287983237121672 ], [ 69.216047252471824, 41.288429090086048 ], [ 69.215743089802402, 41.28871360366972 ], [ 69.215817327166221, 41.288947995321912 ], [ 69.215330816269187, 41.288919963574713 ], [ 69.215047318875406, 41.289258433503441 ], [ 69.215185009203196, 41.289498850948107 ], [ 69.215078774687953, 41.290071393570841 ], [ 69.215531451477858, 41.290667899452366 ], [ 69.215318598303568, 41.29104054206239 ], [ 69.215330600174525, 41.29161925074456 ], [ 69.214415624923021, 41.292226371737776 ], [ 69.214329359916192, 41.292807557897525 ], [ 69.214471506017844, 41.293069213567385 ], [ 69.214391252172447, 41.293787292451576 ], [ 69.214702012314291, 41.293932612045381 ], [ 69.21511771343917, 41.293837279198009 ], [ 69.21558676955577, 41.293921958236119 ], [ 69.215339686361062, 41.294689610579205 ], [ 69.215629402546796, 41.295157624982814 ], [ 69.215352192287597, 41.295332132889754 ], [ 69.215285447425458, 41.295644428477985 ], [ 69.215519471324583, 41.296278633038064 ], [ 69.21522067741958, 41.296605531323884 ], [ 69.215476065902294, 41.296956512156861 ], [ 69.216148326465202, 41.297191970867594 ], [ 69.217485284205225, 41.297280747009303 ], [ 69.219441669159565, 41.297094419641098 ], [ 69.219569804683928, 41.29744121766737 ], [ 69.219903922815973, 41.29755327485767 ], [ 69.220245246585748, 41.297454336731128 ], [ 69.220398434018534, 41.297067553732091 ], [ 69.221864996610435, 41.297126177436276 ], [ 69.222703528267303, 41.29694824796087 ], [ 69.222759092110536, 41.297036808732528 ], [ 69.222240330181435, 41.297130392671257 ], [ 69.222090104584623, 41.297381814816042 ], [ 69.222451062212571, 41.297824849658205 ], [ 69.222784239465881, 41.29793849223708 ], [ 69.223201771600941, 41.29776172619291 ], [ 69.224954521753986, 41.297808875485799 ], [ 69.224799787259968, 41.298063710732222 ], [ 69.224930895676152, 41.29832114472574 ], [ 69.226202153715363, 41.29845163127343 ], [ 69.226032933885989, 41.298871972335881 ], [ 69.226970309042557, 41.299393023958487 ], [ 69.22731820089173, 41.299308065134674 ], [ 69.227750036132392, 41.298666036834732 ], [ 69.227030963165745, 41.297097207946969 ], [ 69.227410028625883, 41.296696875657943 ], [ 69.228466231213616, 41.297744419941985 ], [ 69.227826230292138, 41.298083204949279 ], [ 69.227813720727539, 41.298483447895933 ], [ 69.228299263617743, 41.298645329108318 ], [ 69.228703653113215, 41.298484274283041 ], [ 69.228907521091571, 41.298758579127274 ], [ 69.229376370351957, 41.298848573948554 ], [ 69.229791663324477, 41.299332388374637 ], [ 69.228774000596047, 41.299715007313075 ], [ 69.228514682873083, 41.300040887231496 ], [ 69.228637846490855, 41.300464416823786 ], [ 69.228161088448743, 41.300820693230399 ], [ 69.228606523335372, 41.301358141458074 ], [ 69.228418895702404, 41.301732732336859 ], [ 69.228561085633544, 41.301980501009858 ], [ 69.228103938104809, 41.302104300316842 ], [ 69.228027838657283, 41.30250052002269 ], [ 69.228299642307533, 41.302685013099151 ], [ 69.230113407558505, 41.302814523489651 ], [ 69.230230509113341, 41.30303419177676 ], [ 69.230600992541909, 41.303146134776235 ], [ 69.230428423361104, 41.304689681864517 ], [ 69.229756482779507, 41.304498146586859 ], [ 69.229437995120378, 41.304633685065362 ], [ 69.22929364943684, 41.304922310533009 ], [ 69.228755643345693, 41.305047630157546 ], [ 69.228677393446347, 41.305443611784234 ], [ 69.229213179216003, 41.305646715461599 ], [ 69.229246504783418, 41.306058877887416 ], [ 69.2288569045174, 41.305858957211711 ], [ 69.22850348462083, 41.305929861116574 ], [ 69.228320067252952, 41.306168439413803 ], [ 69.228470674010978, 41.306490738806666 ], [ 69.227884896120145, 41.306654557551795 ], [ 69.227780344779219, 41.307151151674979 ], [ 69.227996272591767, 41.307373724326254 ], [ 69.228411578019404, 41.307397079147172 ], [ 69.228990790143285, 41.307749461289923 ], [ 69.229523123247063, 41.307655611480264 ], [ 69.229660135847766, 41.308045870864476 ], [ 69.230098063125951, 41.308138175327109 ], [ 69.230232979739185, 41.30849493792757 ], [ 69.23084341323306, 41.308843448932606 ], [ 69.231308084992961, 41.308649741659792 ], [ 69.231386583940093, 41.308273684187149 ], [ 69.231813596199729, 41.308271990575065 ], [ 69.23209204906729, 41.308093204204553 ], [ 69.232030422674669, 41.307695556629966 ], [ 69.231383625435001, 41.307474166790712 ], [ 69.232530504160792, 41.307481972360719 ], [ 69.232844637002813, 41.307877284177408 ], [ 69.232372028516252, 41.308091653010344 ], [ 69.232558620689488, 41.308610814043789 ], [ 69.232880415092055, 41.308741864003231 ], [ 69.233478728585538, 41.308687343088302 ], [ 69.233655795109385, 41.308928948375502 ], [ 69.23328103326341, 41.309214512394156 ], [ 69.233329224765754, 41.30948787604607 ], [ 69.233619660834137, 41.309655478834323 ], [ 69.234009122301629, 41.309607389299863 ], [ 69.234020941821456, 41.309764027908834 ], [ 69.23350381150901, 41.311397310574286 ], [ 69.233965693790381, 41.311594799897655 ], [ 69.234331286134378, 41.311419297213774 ], [ 69.234620322076381, 41.311697684416067 ], [ 69.234217434838854, 41.31197114431933 ], [ 69.234368862743892, 41.312359368282536 ], [ 69.234098536523319, 41.312539354508708 ], [ 69.234046090282519, 41.312957359378004 ], [ 69.23376756408976, 41.31320028121138 ], [ 69.233827362277239, 41.313472338638739 ], [ 69.234425189901941, 41.313812076886215 ], [ 69.23407869080161, 41.314079653523486 ], [ 69.234193552051536, 41.314512985660734 ], [ 69.233715481125444, 41.314792948871869 ], [ 69.233808985771375, 41.315343316608846 ], [ 69.234317516782198, 41.315608333817025 ], [ 69.235157825359323, 41.315698030218059 ], [ 69.235502710972327, 41.316137818332471 ], [ 69.236273729478214, 41.316547840786512 ], [ 69.236866130638077, 41.316519345067654 ], [ 69.237452892504876, 41.316187172314386 ], [ 69.237461554519967, 41.315797760961928 ], [ 69.237782568974225, 41.315739191144552 ], [ 69.237979759285153, 41.315506929968286 ], [ 69.237901360153373, 41.315237571343893 ], [ 69.237529920534811, 41.31508036969479 ], [ 69.237683909197898, 41.314730019987948 ], [ 69.238399125052069, 41.314639090789122 ], [ 69.23839056837032, 41.315067760493967 ], [ 69.238813366992005, 41.315664103439786 ], [ 69.23843289150922, 41.315902205245216 ], [ 69.238471920400698, 41.316301475119879 ], [ 69.239724250540419, 41.316570002723459 ], [ 69.239568459701772, 41.316854728145628 ], [ 69.239731684659702, 41.317101516149037 ], [ 69.240280621201862, 41.317426903355738 ], [ 69.241125833741364, 41.317405631617007 ], [ 69.241323490068069, 41.318058870119756 ], [ 69.241960254852373, 41.318201188723592 ], [ 69.242279264718078, 41.318493064694906 ], [ 69.243379150517157, 41.318505747994905 ], [ 69.244033591226213, 41.317742592193284 ], [ 69.244407974879636, 41.317842011331216 ], [ 69.244729274260024, 41.317710211064345 ], [ 69.244806061152559, 41.317192199490471 ], [ 69.245061629651573, 41.31717933152737 ], [ 69.245211659919818, 41.317386603759282 ], [ 69.245558943700075, 41.317473183993542 ], [ 69.246134452115825, 41.317131805525833 ], [ 69.24635396400474, 41.317414142302717 ], [ 69.245687119182136, 41.31865827469035 ], [ 69.246002385345534, 41.318988445364653 ], [ 69.245909122363997, 41.319531047573342 ], [ 69.246101422157025, 41.319941841743827 ], [ 69.245265241282056, 41.320026538660109 ], [ 69.245030997442939, 41.320238346189782 ], [ 69.245060860076208, 41.320504893490224 ], [ 69.24450479879647, 41.320765355881697 ], [ 69.244536870113222, 41.321040061464664 ], [ 69.245373478687654, 41.321582739631296 ], [ 69.244297452899488, 41.321586575059918 ], [ 69.243276845271652, 41.32092847567187 ], [ 69.242530594348437, 41.320799076166878 ], [ 69.241467879219826, 41.321405291639138 ], [ 69.24085853947868, 41.32112556603029 ], [ 69.240432475632076, 41.32068809223361 ], [ 69.239907782193711, 41.320670078214029 ], [ 69.23966629894457, 41.32026936292317 ], [ 69.239301556934251, 41.320248455328674 ], [ 69.238995008887557, 41.320410744884562 ], [ 69.238875359914147, 41.320087528948051 ], [ 69.238572443576572, 41.319932942071155 ], [ 69.238213255224039, 41.319985110192881 ], [ 69.23800785744082, 41.320256291838973 ], [ 69.236782910907479, 41.320314831049267 ], [ 69.23774892448489, 41.320187077173145 ], [ 69.238005527808227, 41.319836564527684 ], [ 69.237837443187985, 41.319591635143397 ], [ 69.237367568671615, 41.319515813196148 ], [ 69.237209179574947, 41.31913515956721 ], [ 69.23684606581736, 41.319044653242941 ], [ 69.236522482657989, 41.318714494181947 ], [ 69.236157438981593, 41.318732058881764 ], [ 69.235566063600288, 41.319186607398095 ], [ 69.235421698965084, 41.319476802521848 ], [ 69.235630453885193, 41.319740829592035 ], [ 69.235231742317396, 41.319839137261567 ], [ 69.235267420499341, 41.319489672299831 ], [ 69.234858348058012, 41.319234382574841 ], [ 69.234427633670379, 41.319362523843424 ], [ 69.233989047945443, 41.319131934738863 ], [ 69.232463216285254, 41.319249096185295 ], [ 69.232303507138397, 41.319497190238017 ], [ 69.232456747139821, 41.31978616990822 ], [ 69.232256291340917, 41.320047526531091 ], [ 69.232243133145133, 41.320699102678311 ], [ 69.233876096086689, 41.321080338484386 ], [ 69.232560700704511, 41.321030074893685 ], [ 69.230854148478869, 41.321978761621907 ], [ 69.230340737522752, 41.322026723467339 ], [ 69.22998170037998, 41.322337555807962 ], [ 69.22968378554134, 41.322333473675073 ], [ 69.22902772050854, 41.321847718876008 ], [ 69.228552751031472, 41.321982228782304 ], [ 69.228303986190369, 41.322580602497482 ], [ 69.228703765259255, 41.322978171308065 ], [ 69.228647300708801, 41.3232711833449 ], [ 69.228969849939077, 41.323625376253091 ], [ 69.227696529471487, 41.32364802145225 ], [ 69.22713246945105, 41.32406735477074 ], [ 69.227128612911997, 41.324343107012943 ], [ 69.227415257353798, 41.324768888610336 ], [ 69.227708538984217, 41.324904711519736 ], [ 69.227735407134517, 41.325224613111772 ], [ 69.228228199555048, 41.325489137092013 ], [ 69.227729685319474, 41.325804210896081 ], [ 69.227514419471461, 41.326803765343875 ], [ 69.226380632539346, 41.327452988857402 ], [ 69.226364898964491, 41.326990655872216 ], [ 69.226048354903412, 41.32685241229963 ], [ 69.225622652349344, 41.326965010438201 ], [ 69.224766437230855, 41.326252950091501 ], [ 69.224401641447812, 41.326273658193934 ], [ 69.223920159462111, 41.326653652448179 ], [ 69.223712959389914, 41.326223191246974 ], [ 69.223356189113971, 41.326162205202962 ], [ 69.223020424647146, 41.326337254094234 ], [ 69.222709327646768, 41.326051732734854 ], [ 69.222301411679652, 41.325976829239949 ], [ 69.221948325882053, 41.326048975885108 ], [ 69.22177594622336, 41.326394076336015 ], [ 69.221234617744599, 41.32667652944896 ], [ 69.221007809197005, 41.326623253267748 ], [ 69.220966614287335, 41.326147641921736 ], [ 69.220705971195613, 41.325954136628027 ], [ 69.220185881540402, 41.326035230069643 ], [ 69.220050852815845, 41.326527530355008 ], [ 69.218869312743706, 41.325939098719104 ], [ 69.218503786306826, 41.325950277728566 ], [ 69.218226865167196, 41.326291900721024 ], [ 69.218516604507869, 41.326877492819783 ], [ 69.218261907585813, 41.327073386102818 ], [ 69.218223027593538, 41.326706959877043 ], [ 69.217263740460524, 41.32608827826828 ], [ 69.216808535647914, 41.326222061277427 ], [ 69.216386241049321, 41.326146620173986 ], [ 69.213874614883167, 41.327319927134397 ], [ 69.213393683685027, 41.326616804362587 ], [ 69.2130492897099, 41.326523792239271 ], [ 69.212474437973142, 41.326683369239582 ], [ 69.212200981810071, 41.327026576128837 ], [ 69.212732411460195, 41.327939816876039 ], [ 69.212575710691809, 41.328016830976381 ], [ 69.212189841366566, 41.327685717564982 ], [ 69.211832789435263, 41.327745788606187 ], [ 69.211595805133712, 41.328154715356298 ], [ 69.211031587890574, 41.328290667780678 ], [ 69.210965071694744, 41.328687868021611 ], [ 69.211241409625174, 41.328868585711376 ], [ 69.211961528927475, 41.328857591657652 ], [ 69.211687670567031, 41.329547377724865 ], [ 69.212010312259324, 41.329865396539944 ], [ 69.212523567920627, 41.32976240818838 ], [ 69.212854745750988, 41.32911583403272 ], [ 69.213989338212571, 41.329337460888212 ], [ 69.213640612085527, 41.329534714123682 ], [ 69.213360646511433, 41.329427926517475 ], [ 69.213009435049486, 41.329505145109636 ], [ 69.212833527094972, 41.329746942823959 ], [ 69.212906148591358, 41.32996851978141 ], [ 69.212554207651749, 41.330176392409541 ], [ 69.211742116562903, 41.329992135588803 ], [ 69.211084242976597, 41.33003017162828 ], [ 69.210795215327593, 41.33019924076622 ], [ 69.210749443399223, 41.330472841353718 ], [ 69.211040753513217, 41.330800524762751 ], [ 69.210590456085342, 41.331099732951785 ], [ 69.210618844187763, 41.331711199480182 ], [ 69.211121390673185, 41.331840798886354 ], [ 69.211770473746085, 41.331511315413429 ], [ 69.212325696768971, 41.332054606042114 ], [ 69.210889666572953, 41.332055876890465 ], [ 69.210244485802065, 41.332351419892866 ], [ 69.210149870325083, 41.332637683932724 ], [ 69.209738878413717, 41.332795286907576 ], [ 69.209672580229295, 41.333066488754341 ], [ 69.210107020200354, 41.333590217010673 ], [ 69.210012811205985, 41.334115036007447 ], [ 69.210209023960331, 41.334338251178075 ], [ 69.209563903302652, 41.334441416710433 ], [ 69.209339971629319, 41.334804451768974 ], [ 69.209699273614078, 41.335099312791598 ], [ 69.210440551179616, 41.335040416019822 ], [ 69.210189683442252, 41.335245447249505 ], [ 69.21016845564354, 41.335520749858702 ], [ 69.21059224886595, 41.335762111067858 ], [ 69.212067627816367, 41.33491351568216 ], [ 69.212551617601036, 41.335187208211629 ], [ 69.211751687591203, 41.335315196785309 ], [ 69.211479040006722, 41.335949379001143 ], [ 69.21049417328976, 41.336515369328197 ], [ 69.209941069966575, 41.336527319345173 ], [ 69.20969720764208, 41.337096465487022 ], [ 69.209784974938302, 41.337364181369075 ], [ 69.210805501461053, 41.337609075978207 ], [ 69.212318040538136, 41.33681875028757 ], [ 69.212277402005967, 41.337064244601876 ], [ 69.212695134231538, 41.337332126512649 ], [ 69.212794421408944, 41.337754564416301 ], [ 69.21418168029858, 41.33782927569569 ], [ 69.214234627621693, 41.338236573381508 ], [ 69.214691643137257, 41.338375134702247 ], [ 69.215115981518878, 41.338091870763591 ], [ 69.215525252539464, 41.338205250471482 ], [ 69.215923794520748, 41.337879405078318 ], [ 69.216428770101032, 41.337798531345854 ], [ 69.21659054569669, 41.337551183172721 ], [ 69.216412089559398, 41.337254923707881 ], [ 69.216965588530726, 41.337155501266466 ], [ 69.217116245848814, 41.337457542099401 ], [ 69.217436056963251, 41.337591515134925 ], [ 69.21891937891705, 41.337300853208632 ], [ 69.219339133074527, 41.337708657274682 ], [ 69.219699194975959, 41.337757693049532 ], [ 69.220068141887197, 41.337469667139239 ], [ 69.219732639353282, 41.336920160578103 ], [ 69.219914011094403, 41.336723227601375 ], [ 69.220215878862192, 41.337066788330347 ], [ 69.220768287201125, 41.337080336154308 ], [ 69.221009073163202, 41.337390857098406 ], [ 69.221425790009178, 41.33741614166356 ], [ 69.221537203395741, 41.337608192129714 ], [ 69.221929417989514, 41.337717735011097 ], [ 69.22177219751056, 41.338152111469064 ], [ 69.222252173263286, 41.338357578825963 ], [ 69.222352413749277, 41.338640668213806 ], [ 69.222619523924749, 41.338774802562639 ], [ 69.2230238263394, 41.33885667737254 ], [ 69.223350570484087, 41.338732561372176 ], [ 69.223457735265171, 41.338516260377304 ], [ 69.224885608157081, 41.338385426230801 ], [ 69.22523772365922, 41.337850319348192 ], [ 69.225074357576275, 41.33694946648766 ], [ 69.22480416235598, 41.336763518816717 ], [ 69.22439753710546, 41.336790546960991 ], [ 69.224507319752391, 41.336463384015104 ], [ 69.224225718883886, 41.336173429149767 ], [ 69.223699961460014, 41.336230497314396 ], [ 69.223441278004316, 41.336700080214783 ], [ 69.223083819478575, 41.336432882290701 ], [ 69.223394905983866, 41.336401336376781 ], [ 69.223626311701551, 41.336187728099347 ], [ 69.223272023586802, 41.33545506045008 ], [ 69.223473582683539, 41.334655687384007 ], [ 69.223174637793932, 41.334206830571581 ], [ 69.222340141737959, 41.334119010056021 ], [ 69.222508128086403, 41.333876163787281 ], [ 69.222379448956289, 41.333556641502604 ], [ 69.222761828126536, 41.333208946548481 ], [ 69.222365826413323, 41.332850088022859 ], [ 69.222743221199508, 41.332404536490607 ], [ 69.222706838517709, 41.332873404604364 ], [ 69.223004466730359, 41.333033785173242 ], [ 69.223365380260134, 41.332988562488488 ], [ 69.224056214740614, 41.332338423807293 ], [ 69.224065882745052, 41.332695060788495 ], [ 69.223411181460961, 41.333499510532455 ], [ 69.223033115712028, 41.333643777354752 ], [ 69.222938779723592, 41.333910220085308 ], [ 69.223644959970429, 41.334398275142036 ], [ 69.224176361351439, 41.334313903869301 ], [ 69.224330042031156, 41.334735592645437 ], [ 69.224671376653049, 41.334834889509878 ], [ 69.225105710558097, 41.334604425373897 ], [ 69.225127394199561, 41.334149162696328 ], [ 69.225622624333283, 41.333929006420867 ], [ 69.22558916436067, 41.333612455347087 ], [ 69.226276342217574, 41.333251418262996 ], [ 69.227031696798988, 41.333609657740602 ], [ 69.227525096443145, 41.333461404838175 ], [ 69.227532190943577, 41.333061088765497 ], [ 69.226985970778799, 41.332744680518083 ], [ 69.227411543211076, 41.332640858941062 ], [ 69.227694431869409, 41.332351981661915 ], [ 69.227259999080914, 41.331707727419307 ], [ 69.226926941514719, 41.331593600926809 ], [ 69.226641073353278, 41.331663911636085 ], [ 69.226320711317626, 41.331390969178784 ], [ 69.225482750232047, 41.331122496812675 ], [ 69.22489044146441, 41.331402257448374 ], [ 69.225363347720673, 41.330910793372432 ], [ 69.226036327810021, 41.331148541334912 ], [ 69.226426163438504, 41.330876625629799 ], [ 69.226368738242869, 41.330604276672638 ], [ 69.225501601991425, 41.330096034058855 ], [ 69.225534365562808, 41.329548703316632 ], [ 69.225918139417445, 41.329323579457544 ], [ 69.226073671668715, 41.329758266799601 ], [ 69.2264153068231, 41.329856923858621 ], [ 69.226749427581353, 41.32974459273521 ], [ 69.226852193582204, 41.32869778113912 ], [ 69.227302731133889, 41.328861518987289 ], [ 69.227622601868092, 41.328727684837027 ], [ 69.227707716644787, 41.328360401229183 ], [ 69.228124410242657, 41.328177693603152 ], [ 69.228119401556995, 41.327841459386157 ], [ 69.228823458697789, 41.327436890484925 ], [ 69.228751264124654, 41.327832137251391 ], [ 69.229005988087934, 41.328030076014905 ], [ 69.229577045863834, 41.327904847443932 ], [ 69.230124071833174, 41.328250724919023 ], [ 69.230786875583973, 41.328044062402562 ], [ 69.230701367586335, 41.328274259418116 ], [ 69.230870869144042, 41.328518641769108 ], [ 69.231828428913303, 41.328621397728668 ], [ 69.231808409884337, 41.32907757397971 ], [ 69.232181824822362, 41.329323503424732 ], [ 69.232170589063941, 41.329689155307889 ], [ 69.231878279187129, 41.329965757817078 ], [ 69.232075049073288, 41.330337529974294 ], [ 69.231827519321797, 41.330555163097301 ], [ 69.231820513804934, 41.33083087963039 ], [ 69.232248846213807, 41.3311589039388 ], [ 69.232587186534758, 41.331201718606977 ], [ 69.233798774666667, 41.330941439260336 ], [ 69.233486138178492, 41.331238109248361 ], [ 69.233475503672636, 41.331513759793985 ], [ 69.234389900032625, 41.33225702511875 ], [ 69.234985253760016, 41.332107912820845 ], [ 69.235182670539501, 41.331814020002298 ], [ 69.23569458933288, 41.331681302280131 ], [ 69.237135944015506, 41.331774064248968 ], [ 69.237327206637389, 41.331538981393301 ], [ 69.23720220279138, 41.331229584661045 ], [ 69.23776730912698, 41.331471454417937 ], [ 69.238319426271389, 41.331378554709858 ], [ 69.238564043772385, 41.33158938845115 ], [ 69.238981625581573, 41.331586081295939 ], [ 69.239378876028624, 41.331854530587655 ], [ 69.239538588252756, 41.332352182594001 ], [ 69.239880615650051, 41.332450090798162 ], [ 69.240214314948332, 41.33233702837925 ], [ 69.240639573040426, 41.331627374517836 ], [ 69.240854024272522, 41.331658241633903 ], [ 69.241356413182785, 41.332071259436177 ], [ 69.241777404789488, 41.332143931099857 ], [ 69.241779998918673, 41.332461461835337 ], [ 69.242114107037878, 41.332802530644393 ], [ 69.242887750094894, 41.333073202809118 ], [ 69.243309693198924, 41.332882456925951 ], [ 69.244187463114756, 41.332805375499149 ], [ 69.244862431301598, 41.333113737721341 ], [ 69.24536722698447, 41.332817574024929 ], [ 69.246577058169763, 41.333112664062249 ], [ 69.246847122581642, 41.332859536766861 ], [ 69.247255547263549, 41.332888161610271 ], [ 69.2475264541131, 41.33270281731582 ], [ 69.247544136294081, 41.332427372718655 ], [ 69.247286451136091, 41.332218985400011 ], [ 69.247405333887542, 41.33197489465703 ], [ 69.247723295626187, 41.33224678574495 ], [ 69.248102425237391, 41.33231125438104 ], [ 69.249797548111616, 41.331906484506391 ], [ 69.250277525027983, 41.332370832888671 ], [ 69.250439087553858, 41.332819978010164 ], [ 69.252159785361627, 41.333056475024812 ], [ 69.252694872354809, 41.332953620906437 ], [ 69.252874306088202, 41.332576805708875 ], [ 69.252504415338521, 41.332154003181159 ], [ 69.253100477902194, 41.331786899308476 ], [ 69.253205786192623, 41.33126792678565 ], [ 69.25281452792548, 41.330997174447262 ], [ 69.252499167267032, 41.330983675595583 ], [ 69.252181318589521, 41.331174935771749 ], [ 69.252050728804491, 41.331095967183707 ], [ 69.252113352973907, 41.330385133421728 ], [ 69.25187233221142, 41.330177667769028 ], [ 69.251553604821169, 41.330154858726488 ], [ 69.251338583598596, 41.329614576426138 ], [ 69.251445024428008, 41.329345333976995 ], [ 69.251231226633237, 41.329090552742166 ], [ 69.251307418158575, 41.328805831808879 ], [ 69.251670159819071, 41.328787282786458 ], [ 69.251931550810397, 41.3284616386536 ], [ 69.252374159228637, 41.328309671571866 ], [ 69.252869766578669, 41.328416417308652 ], [ 69.254152542993182, 41.327969991586627 ], [ 69.254269097849999, 41.327731741004584 ], [ 69.254720529399805, 41.327496437296119 ], [ 69.254489906197961, 41.326938089123544 ], [ 69.255103228587458, 41.327304564327385 ], [ 69.255602204926177, 41.327304864533453 ], [ 69.255972315997681, 41.326936789611494 ], [ 69.255849198706528, 41.325623208429036 ], [ 69.256676475271021, 41.325490920151829 ], [ 69.256879318218353, 41.325779098650841 ], [ 69.257409951541945, 41.325795813231068 ], [ 69.257620726581763, 41.325377757141872 ], [ 69.258037225634496, 41.325238973096361 ], [ 69.258707791424854, 41.324438055638886 ], [ 69.259013011183512, 41.324307422882406 ], [ 69.25925089151724, 41.323850660534845 ], [ 69.259080007847729, 41.323606830714574 ], [ 69.257440132124671, 41.323616535043058 ], [ 69.257271269371714, 41.323257789943078 ], [ 69.256852230520224, 41.32318222601095 ], [ 69.256829376975674, 41.322276830442703 ], [ 69.25717574701433, 41.322355142526455 ], [ 69.257498213691761, 41.322224941717963 ], [ 69.257591130226359, 41.321862523318728 ], [ 69.257975221435586, 41.321522209823108 ], [ 69.259099852073319, 41.321441712547156 ], [ 69.259216001229206, 41.322225446601742 ], [ 69.258447834674939, 41.322312615892571 ], [ 69.258200890078513, 41.322667052842924 ], [ 69.258569323406007, 41.323089417864388 ], [ 69.25909247553173, 41.323179325818543 ], [ 69.259409056937429, 41.323592506685038 ], [ 69.259924698877043, 41.323688331880341 ], [ 69.260239462964876, 41.323365875906447 ], [ 69.26012480011687, 41.321879441756224 ], [ 69.260686438419796, 41.321651786871911 ], [ 69.260776785457338, 41.322285265209153 ], [ 69.261053261135942, 41.322465839080081 ], [ 69.261418133874685, 41.322446144847028 ], [ 69.261680889441479, 41.322098229065695 ], [ 69.261603617864878, 41.321258801052764 ], [ 69.261940465635746, 41.321235481906314 ], [ 69.262432284902076, 41.321457800714079 ], [ 69.263292001709246, 41.320910343752388 ], [ 69.263588035438516, 41.32046528585294 ], [ 69.26355149479005, 41.320190897955726 ], [ 69.26281064286492, 41.319812941857293 ], [ 69.262255938522287, 41.320067431279035 ], [ 69.262081535285873, 41.319562138718759 ], [ 69.262776437395885, 41.319365864755149 ], [ 69.262791120657695, 41.31896566570839 ], [ 69.262492715643802, 41.318806175884824 ], [ 69.261442875484533, 41.318818741755379 ], [ 69.261418648565396, 41.318193734655104 ], [ 69.261698445917929, 41.317924880649016 ], [ 69.262061317869779, 41.317955170176532 ], [ 69.262372764019489, 41.317721485977472 ], [ 69.263785748825484, 41.317625456057335 ], [ 69.264081935127237, 41.3185723113058 ], [ 69.264310474859812, 41.318787628184801 ], [ 69.26467402910481, 41.318818046820994 ], [ 69.264980115178005, 41.3185970120783 ], [ 69.265346043338141, 41.318792601952417 ], [ 69.265773602180005, 41.318667554876662 ], [ 69.265752686616807, 41.319645091602453 ], [ 69.265338255135404, 41.319767811409847 ], [ 69.265165158867703, 41.320010748598087 ], [ 69.265414670081952, 41.32039617460017 ], [ 69.266191965562612, 41.320706575185625 ], [ 69.266788848547634, 41.32059124071921 ], [ 69.267002097145721, 41.32102362346577 ], [ 69.26732504030042, 41.321153142591328 ], [ 69.267674879256987, 41.32107257384871 ], [ 69.267843728739734, 41.320836503099564 ], [ 69.268934788291276, 41.321223711792165 ], [ 69.26923178830063, 41.321062727590302 ], [ 69.269281046991367, 41.32075926144163 ], [ 69.269656310394566, 41.320676221990247 ], [ 69.269854444578584, 41.321054288660442 ], [ 69.269606979934252, 41.321416288310367 ], [ 69.269762827450492, 41.321665775474798 ], [ 69.27028801169115, 41.321725179451121 ], [ 69.270605902011368, 41.321502416104913 ], [ 69.270681313866532, 41.322078483042247 ], [ 69.271003810931418, 41.322208639617152 ], [ 69.271397742603497, 41.322088574267866 ], [ 69.271543139563647, 41.322432446070906 ], [ 69.272257689628773, 41.322843809447086 ], [ 69.272313045708955, 41.323282850225524 ], [ 69.273181358072463, 41.323815585056295 ], [ 69.274614574379797, 41.323744366769738 ], [ 69.274152880692071, 41.324065243017721 ], [ 69.274288959877282, 41.324436214482994 ], [ 69.274590880013335, 41.324591927212722 ], [ 69.275060041212797, 41.324553503633105 ], [ 69.275305927979346, 41.324995794997406 ], [ 69.276477942461568, 41.325463356225328 ], [ 69.276393763400463, 41.325725433195714 ], [ 69.276754288569961, 41.326021254334385 ], [ 69.276709349591741, 41.32641185129026 ], [ 69.275654492599713, 41.326327477835157 ], [ 69.275431510684882, 41.326680609291316 ], [ 69.274760327570405, 41.327133432555073 ], [ 69.274970359197539, 41.327501148697905 ], [ 69.275860980455519, 41.327936379344457 ], [ 69.27502674329304, 41.328016412672554 ], [ 69.274743805706819, 41.327684739369921 ], [ 69.274278238570872, 41.327652779264 ], [ 69.273674475836955, 41.328290694159449 ], [ 69.273810542264783, 41.32869726585502 ], [ 69.274364539354707, 41.329157204865787 ], [ 69.275206446721157, 41.329241600745036 ], [ 69.27542500197103, 41.329613999641047 ], [ 69.276135092783846, 41.329865611050892 ], [ 69.276204457419766, 41.330228626022986 ], [ 69.276528244161028, 41.330357007390617 ], [ 69.277879177914301, 41.329639411096593 ], [ 69.277967484096308, 41.329264980010812 ], [ 69.278356197625541, 41.329262827092585 ], [ 69.278276544452339, 41.32951194285635 ], [ 69.278633718260821, 41.330078736586849 ], [ 69.278931216461984, 41.330239239746454 ], [ 69.279337313465263, 41.33021632620715 ], [ 69.279395670946428, 41.330551868530002 ], [ 69.278243351122882, 41.330659925789384 ], [ 69.278018926943147, 41.33086350819309 ], [ 69.278032784003898, 41.331117052364114 ], [ 69.278518377304209, 41.331430998871902 ], [ 69.278936187592166, 41.33136278151715 ], [ 69.279016322995517, 41.331708505846045 ], [ 69.279851603012304, 41.332259236383109 ], [ 69.280375783312948, 41.332278138726281 ], [ 69.280274310237516, 41.333008943059092 ], [ 69.280538702201454, 41.333325428932966 ], [ 69.280038866446333, 41.333017572002035 ], [ 69.278862220783026, 41.333133968830104 ], [ 69.278263376837032, 41.332370502469111 ], [ 69.277912006803476, 41.332293657708249 ], [ 69.277591459779586, 41.332426591820031 ], [ 69.27702405584742, 41.333471957233357 ], [ 69.277189077774821, 41.333718079658155 ], [ 69.277641206804702, 41.33378222018311 ], [ 69.277957721987889, 41.334205716179241 ], [ 69.277064565619185, 41.333929488541436 ], [ 69.276622519183732, 41.334151459089121 ], [ 69.276686123419069, 41.334528116711013 ], [ 69.27705163370517, 41.334702705260547 ], [ 69.276630178416454, 41.335069298245344 ], [ 69.276718847021684, 41.335336844104198 ], [ 69.276976219080964, 41.335463548326111 ], [ 69.276490190528463, 41.335679843996324 ], [ 69.276368981168972, 41.336533875998619 ], [ 69.27692473901638, 41.336847539527902 ], [ 69.277539038469158, 41.336718284364757 ], [ 69.279420057578719, 41.337252714803505 ], [ 69.280006287914517, 41.33673790366587 ], [ 69.279861011211764, 41.33648480680106 ], [ 69.279311262147687, 41.336365103357217 ], [ 69.279190598228539, 41.335680537233159 ], [ 69.279436663956545, 41.335549156052373 ], [ 69.279574702148722, 41.335602406721058 ], [ 69.2793746673416, 41.335891129072678 ], [ 69.279490243987155, 41.336152775488493 ], [ 69.279960342154894, 41.336330090519311 ], [ 69.280385559714503, 41.336185562997649 ], [ 69.28083128740515, 41.33698905244426 ], [ 69.280210955808784, 41.337336690126882 ], [ 69.280140720831113, 41.337605512363922 ], [ 69.279069436993154, 41.338129755354096 ], [ 69.277913008833394, 41.3381698710864 ], [ 69.276601886837355, 41.338019474074876 ], [ 69.276120834601244, 41.338189273916612 ], [ 69.276065774946517, 41.33846190010874 ], [ 69.276282624068699, 41.338684018541755 ], [ 69.27773050770827, 41.338877847296594 ], [ 69.278212003920231, 41.339218615370413 ], [ 69.278014241211793, 41.339333785862813 ], [ 69.277542917490038, 41.339282799098548 ], [ 69.277271983072566, 41.33946814233861 ], [ 69.277349621687492, 41.340165060848591 ], [ 69.277985247727869, 41.340293719614493 ], [ 69.278888803304056, 41.33973515014312 ], [ 69.279185900063524, 41.340082386099084 ], [ 69.279035101024405, 41.340364311149948 ], [ 69.279198529241384, 41.340611043164301 ], [ 69.279572823350392, 41.340692808253173 ], [ 69.282258989625646, 41.342568278460291 ], [ 69.282698595523911, 41.34246760214878 ], [ 69.282840515880594, 41.342213422233932 ], [ 69.28241160419131, 41.341749828554875 ], [ 69.282479770671841, 41.3415274218601 ], [ 69.283051243152229, 41.341313808859773 ], [ 69.283036371388306, 41.342335418828583 ], [ 69.283559538862804, 41.342682081016143 ], [ 69.284666185203307, 41.342316033608554 ], [ 69.284856307210077, 41.342080412571732 ], [ 69.284693216152178, 41.341743977747477 ], [ 69.284907935066585, 41.34154472888715 ], [ 69.284875600403325, 41.341270041712647 ], [ 69.284051925345352, 41.340982352447128 ], [ 69.284086577815856, 41.340388745708438 ], [ 69.284882702983808, 41.340574254142112 ], [ 69.285000891571656, 41.340813715715008 ], [ 69.284987710640209, 41.341889607459549 ], [ 69.285356070833672, 41.342232497823254 ], [ 69.285447143433373, 41.342720200045058 ], [ 69.28444123158468, 41.343505217177643 ], [ 69.284065399258751, 41.344428418579668 ], [ 69.284283444141337, 41.344649881969119 ], [ 69.28481404763869, 41.344630153563536 ], [ 69.285626865518637, 41.343661045604627 ], [ 69.285995701558633, 41.345699632777439 ], [ 69.285430493973493, 41.345510726409934 ], [ 69.284932700763093, 41.345736256558013 ], [ 69.284359221343593, 41.345767095517097 ], [ 69.284194190467929, 41.346013225772616 ], [ 69.284444623027113, 41.346355544861915 ], [ 69.284030680211501, 41.346748346338067 ], [ 69.282779236457529, 41.346867361286343 ], [ 69.282109319022382, 41.347687293784794 ], [ 69.282793526303266, 41.348190801301435 ], [ 69.283264936142828, 41.348118896432162 ], [ 69.283786554354492, 41.348285645886939 ], [ 69.284085618469334, 41.348126083430181 ], [ 69.284159493175594, 41.348416705214092 ], [ 69.284467962475262, 41.348565076736676 ], [ 69.284825309009335, 41.348505624021222 ], [ 69.285019248453054, 41.348278881654998 ], [ 69.285295957605953, 41.348324149245109 ], [ 69.285257049474922, 41.348800170599468 ], [ 69.28548325214598, 41.349016946148005 ], [ 69.28584661706428, 41.34904969845536 ], [ 69.286164339896317, 41.348809835600044 ], [ 69.286567868621844, 41.348793969227955 ], [ 69.286674207791918, 41.349429105840784 ], [ 69.281415687939941, 41.349843958883184 ], [ 69.281217365195147, 41.34942002468356 ], [ 69.280688444115896, 41.349382279471804 ], [ 69.280457345248337, 41.349596103747658 ], [ 69.28048794324333, 41.350091094398735 ], [ 69.279997590937214, 41.350353063224723 ], [ 69.279962346557483, 41.350717613604928 ], [ 69.279737463339515, 41.350904642961716 ], [ 69.278675960639021, 41.351017361819892 ], [ 69.278464393124892, 41.351697675956309 ], [ 69.278737949813831, 41.352040881851138 ], [ 69.279570851337652, 41.3519277988919 ], [ 69.281607111224076, 41.353340523530854 ], [ 69.281257522114188, 41.353448070780779 ], [ 69.280866416932454, 41.353365907962264 ], [ 69.280559896564142, 41.35351658251161 ], [ 69.280364289888169, 41.353829394662412 ], [ 69.280469069440613, 41.354093616797613 ], [ 69.281159497009483, 41.354240109487719 ], [ 69.280164468696569, 41.354707522902942 ], [ 69.280070741044085, 41.354974092023603 ], [ 69.280422199412868, 41.355274344700973 ], [ 69.280943363568383, 41.355168201788345 ], [ 69.281191881490273, 41.355587606265928 ], [ 69.282012436433973, 41.355633888225242 ], [ 69.281469430226352, 41.356013996322979 ], [ 69.281527997285309, 41.356411906070143 ], [ 69.282038318101115, 41.356523409043703 ], [ 69.282401064219499, 41.356329273013067 ], [ 69.282961409850969, 41.35632992798044 ], [ 69.283295532633645, 41.35596336772948 ], [ 69.283421729343871, 41.356089060936554 ], [ 69.280714812845673, 41.357550260083556 ], [ 69.280523188663167, 41.357785209341593 ], [ 69.280608188171001, 41.358053435000983 ], [ 69.281106475729956, 41.358192468378675 ], [ 69.282333645135139, 41.357556309296228 ], [ 69.282613766115915, 41.357821401438024 ], [ 69.282529169716724, 41.358089880519721 ], [ 69.282721328899839, 41.358324582213768 ], [ 69.283224280452046, 41.35834698643761 ], [ 69.283716164692351, 41.358590402079372 ], [ 69.284141650878354, 41.358508554078405 ], [ 69.284564206442084, 41.358736996255331 ], [ 69.285028919643594, 41.358638249248571 ], [ 69.285567827726453, 41.359209557511385 ], [ 69.285539675629451, 41.359768306344222 ], [ 69.2857331455929, 41.360002398145582 ], [ 69.28666781366428, 41.360093127921452 ], [ 69.287704512420504, 41.360758396288738 ], [ 69.287576091067081, 41.361063642094436 ], [ 69.287259291610056, 41.361142225040936 ], [ 69.286864644044869, 41.361645406918242 ], [ 69.286226535867954, 41.361206559160657 ], [ 69.285323802236647, 41.36140012382333 ], [ 69.284933486024457, 41.361341750750199 ], [ 69.284578197633124, 41.361639456486579 ], [ 69.284751403610102, 41.362019661241895 ], [ 69.283879434769844, 41.361663784269275 ], [ 69.283527106171363, 41.361738518225934 ], [ 69.283176488343116, 41.362085071229089 ], [ 69.283174327397603, 41.362434315188814 ], [ 69.282944595704592, 41.362688603387781 ], [ 69.283043303999378, 41.363250051569395 ], [ 69.283362071120223, 41.363724766442992 ], [ 69.283322898743677, 41.363979919925313 ], [ 69.283637514703742, 41.364238203218676 ], [ 69.283676644422115, 41.365004738766523 ], [ 69.284170243717597, 41.365431990756086 ], [ 69.283603265612101, 41.365864432697833 ], [ 69.283388848522648, 41.366910713484529 ], [ 69.283516303978175, 41.367236674146497 ], [ 69.283041544328995, 41.36706951471399 ], [ 69.282558245496858, 41.367236004434957 ], [ 69.282253073987988, 41.368331010763875 ], [ 69.282443678242416, 41.368566444474226 ], [ 69.28325150611569, 41.368641573620515 ], [ 69.283723829428709, 41.368909013974339 ], [ 69.284088619787099, 41.368886007102809 ], [ 69.284613753230317, 41.368541664788452 ], [ 69.28492161741039, 41.369704146362601 ], [ 69.284652424893068, 41.369842232344539 ], [ 69.284575286606497, 41.370111805100528 ], [ 69.284823886498344, 41.370412374974165 ], [ 69.285177061417684, 41.37048493648394 ], [ 69.285452836814798, 41.370375663094848 ], [ 69.285674594696189, 41.370731678842347 ], [ 69.286024713476593, 41.370775345750367 ], [ 69.286375473419497, 41.371077723453254 ], [ 69.289147773084295, 41.372215117955449 ], [ 69.289341869523241, 41.372415433011184 ], [ 69.289799912225064, 41.372431900739535 ], [ 69.289922045672, 41.372684235513482 ], [ 69.289753473272143, 41.373070770463791 ], [ 69.288943871882353, 41.373739874236882 ], [ 69.289028964224116, 41.374201537525884 ], [ 69.288382101467661, 41.374337149328859 ], [ 69.288188985674424, 41.374710134921841 ], [ 69.288572559981816, 41.374987262216329 ], [ 69.289815866474513, 41.374808674981161 ], [ 69.290030011400447, 41.37550070820204 ], [ 69.288819061996961, 41.375708432988063 ], [ 69.288990473026928, 41.375331071716261 ], [ 69.288768762972438, 41.375111626235196 ], [ 69.288207299772296, 41.37489582156347 ], [ 69.287728521767306, 41.375069655589385 ], [ 69.287470520851798, 41.375447929294104 ], [ 69.287755497702619, 41.376487051480701 ], [ 69.287604870254285, 41.376847063443066 ], [ 69.288219024219359, 41.377236539844361 ], [ 69.28808362465486, 41.377580200645689 ], [ 69.288308848433587, 41.378346516156085 ], [ 69.287120358023898, 41.378587567339167 ], [ 69.286935302061266, 41.378962867216295 ], [ 69.287324829554066, 41.379235262707624 ], [ 69.288374380341139, 41.379075478692293 ], [ 69.288569806321078, 41.379725258058947 ], [ 69.288149411146463, 41.379901314482758 ], [ 69.288157665548383, 41.380301613611209 ], [ 69.288783318454421, 41.380427754906016 ], [ 69.289077583693043, 41.38156561069033 ], [ 69.289896344780942, 41.381938282773056 ], [ 69.290275628754159, 41.381859019491493 ], [ 69.290544532118844, 41.382291669225729 ], [ 69.290904912647449, 41.382340395897181 ], [ 69.291205486135254, 41.382182923622551 ], [ 69.291048429919783, 41.381146960884628 ], [ 69.291692386783083, 41.38103891193466 ], [ 69.291965339436345, 41.381944358147862 ], [ 69.291465240979605, 41.382108170896657 ], [ 69.29128320827985, 41.382388194876668 ], [ 69.291371843734808, 41.382655756602183 ], [ 69.291685721341381, 41.382797746666704 ], [ 69.292221604601565, 41.382727221046594 ], [ 69.293417877784321, 41.383575298056279 ], [ 69.294447780860708, 41.38362957238153 ], [ 69.294571469986238, 41.383860357794489 ], [ 69.295613123496878, 41.384272406557187 ], [ 69.300150065616691, 41.384209625152344 ], [ 69.301003108231015, 41.383906826621434 ], [ 69.301520194573541, 41.383537080463562 ], [ 69.30150406317172, 41.383219243046391 ], [ 69.301896032330774, 41.382711017433678 ], [ 69.303301129344348, 41.381693160855335 ], [ 69.303254551804557, 41.381039691098003 ], [ 69.303659393190173, 41.380691103563528 ], [ 69.303344543739627, 41.380354731326136 ], [ 69.304234034542446, 41.380315539237706 ], [ 69.304488341293805, 41.380117150758259 ], [ 69.304481911691838, 41.379841429460029 ], [ 69.304218514856927, 41.379649889011546 ], [ 69.303133824491141, 41.379636799839041 ], [ 69.302638500077919, 41.379440051820261 ], [ 69.304396573353586, 41.379019412295357 ], [ 69.304698289656415, 41.379254328600886 ], [ 69.30511526703485, 41.379254983764959 ], [ 69.305771411206536, 41.378618459935687 ], [ 69.305696126541747, 41.378348589084183 ], [ 69.305389540097494, 41.378197857503451 ], [ 69.301648973241839, 41.37847264407457 ], [ 69.301555836511483, 41.377379307751831 ], [ 69.302367814592913, 41.377056742520978 ], [ 69.302872698713927, 41.377661947412854 ], [ 69.303396612067601, 41.377729423620579 ], [ 69.303760357710274, 41.3773084260649 ], [ 69.303701952368996, 41.377080710756694 ], [ 69.304030184439384, 41.376983876555492 ], [ 69.30415638241189, 41.376616588467321 ], [ 69.304697669401151, 41.376235849106003 ], [ 69.304687216139115, 41.375960197467386 ], [ 69.30397564728564, 41.375369479150393 ], [ 69.304236386587789, 41.37508780264551 ], [ 69.304118157294795, 41.374816528867171 ], [ 69.304594021896079, 41.37467784512711 ], [ 69.30479810380379, 41.374308187737 ], [ 69.304431642899033, 41.373980602369954 ], [ 69.3038473892383, 41.373905936981025 ], [ 69.303779811621098, 41.373648987327243 ], [ 69.303438906158249, 41.373437931638847 ], [ 69.30247851713375, 41.37314918102927 ], [ 69.302253913762968, 41.372830639294548 ], [ 69.301919356839207, 41.372775569462227 ], [ 69.301700485102643, 41.37240790041821 ], [ 69.300888999678946, 41.372443636033815 ], [ 69.30084584895441, 41.371990274302576 ], [ 69.30058410763867, 41.371797474616024 ], [ 69.299921708507028, 41.371724374528299 ], [ 69.29973215135594, 41.371526168056668 ], [ 69.299372439429121, 41.371474952675996 ], [ 69.298702231784546, 41.37161808095113 ], [ 69.298520977167755, 41.371998852637645 ], [ 69.297827822568649, 41.37190950050099 ], [ 69.298327746255964, 41.37170808667485 ], [ 69.298246169016096, 41.371268488727836 ], [ 69.298502885913294, 41.371131276469967 ], [ 69.298577480293915, 41.37080374275007 ], [ 69.297532595828685, 41.369543658476957 ], [ 69.29791676615973, 41.36948945139121 ], [ 69.298891284427754, 41.370451688667124 ], [ 69.299422317995152, 41.370435685115169 ], [ 69.299613366716187, 41.370200453761328 ], [ 69.299494457878083, 41.3698979897393 ], [ 69.299730412179159, 41.369756612823963 ], [ 69.299787388576206, 41.369484209115612 ], [ 69.299302747781937, 41.369215529172649 ], [ 69.299515651357268, 41.368836881367749 ], [ 69.300321106876424, 41.368649802400583 ], [ 69.300440502804534, 41.368274095078363 ], [ 69.299276206371957, 41.367654820731147 ], [ 69.297728354767287, 41.367865740445318 ], [ 69.297471454203034, 41.367546268621368 ], [ 69.298299604387324, 41.367337253728962 ], [ 69.298476325565503, 41.367095753762143 ], [ 69.298374607093763, 41.366830849685797 ], [ 69.298054036534054, 41.366697718381047 ], [ 69.29694529266034, 41.366910774571544 ], [ 69.296418100557574, 41.366131987733333 ], [ 69.297582524037495, 41.366354939486378 ], [ 69.29903991844229, 41.365617889084703 ], [ 69.299510779728948, 41.365877042189084 ], [ 69.299976913533882, 41.365684786118557 ], [ 69.300089025911959, 41.36489557033137 ], [ 69.299632402117282, 41.364591546847194 ], [ 69.299702804844571, 41.363764336882511 ], [ 69.299222043654552, 41.363240765193382 ], [ 69.299850653896641, 41.362814190839103 ], [ 69.299827343624898, 41.362147507422428 ], [ 69.299038598130352, 41.361904514031913 ], [ 69.297904623499889, 41.362471726052981 ], [ 69.297103404986927, 41.361786986457744 ], [ 69.296581385297173, 41.361576074183461 ], [ 69.29613238796351, 41.361643525860742 ], [ 69.295937315956323, 41.36199770947659 ], [ 69.295907215958565, 41.361392691001804 ], [ 69.295371621578084, 41.361125759418542 ], [ 69.294902390697473, 41.361313644843378 ], [ 69.294899597212108, 41.3616361412383 ], [ 69.294161899200247, 41.361836209080487 ], [ 69.294127404382095, 41.362358856841368 ], [ 69.293838479246418, 41.362224121299576 ], [ 69.293480296452742, 41.362283660480493 ], [ 69.293363431503352, 41.362103650594463 ], [ 69.294012421600797, 41.361459548037686 ], [ 69.294044422776707, 41.361059926158894 ], [ 69.293752885648232, 41.360893188690262 ], [ 69.293390248073905, 41.360930600529194 ], [ 69.292736573823717, 41.36153398794783 ], [ 69.291536467695835, 41.360397685198897 ], [ 69.291786739122088, 41.35972894921187 ], [ 69.292305017884644, 41.35996796265006 ], [ 69.292804504091677, 41.359831365177797 ], [ 69.292767411011141, 41.359381387511668 ], [ 69.293085485096839, 41.358878642236078 ], [ 69.293786122159304, 41.359252479223457 ], [ 69.294289986111693, 41.359125347832958 ], [ 69.294326912565708, 41.35872596695669 ], [ 69.293524739593209, 41.358165995806083 ], [ 69.29424825440212, 41.358438583200595 ], [ 69.294704958949978, 41.358270614421443 ], [ 69.295026687341178, 41.358496573565908 ], [ 69.295393733831645, 41.358525501265838 ], [ 69.295715824650671, 41.358394525641103 ], [ 69.296270856446114, 41.357613294314206 ], [ 69.296669403946737, 41.357703459933909 ], [ 69.296982741635333, 41.357560944680785 ], [ 69.297070554207735, 41.357293234241212 ], [ 69.296881404617139, 41.357057150297194 ], [ 69.295212841307603, 41.356155648048556 ], [ 69.296623376985039, 41.356535725584976 ], [ 69.296976830780849, 41.356464150368957 ], [ 69.297147242297825, 41.356084950102336 ], [ 69.296733794683433, 41.355783606212398 ], [ 69.29694923523499, 41.355428212824407 ], [ 69.296760110369959, 41.355192119978931 ], [ 69.295222478721428, 41.354516573704927 ], [ 69.295414256411732, 41.354264222319252 ], [ 69.295292253403133, 41.353867058283029 ], [ 69.293684828768335, 41.353720665825655 ], [ 69.292100164171757, 41.352663233520666 ], [ 69.292705535174449, 41.352630978373284 ], [ 69.293192736060277, 41.35195893291224 ], [ 69.293891083726493, 41.352434645054331 ], [ 69.293500154370179, 41.352403318463068 ], [ 69.293192603132354, 41.352552790012361 ], [ 69.293115397142202, 41.352822349167305 ], [ 69.293313765112472, 41.353054092319347 ], [ 69.29451933303298, 41.353415695032304 ], [ 69.294831773140444, 41.353272090614112 ], [ 69.294904422454408, 41.35297629732171 ], [ 69.295572450961402, 41.353321060591341 ], [ 69.29611041438902, 41.353120861345595 ], [ 69.296266265537, 41.352649588003054 ], [ 69.295895283712881, 41.352281404102001 ], [ 69.29610796525489, 41.351994564126919 ], [ 69.29576610689746, 41.35164191485481 ], [ 69.29591972118854, 41.351341490818079 ], [ 69.295751903207716, 41.351096428257399 ], [ 69.29540327264526, 41.351012559353556 ], [ 69.294856948477545, 41.351145827068862 ], [ 69.294443369741643, 41.351690304367494 ], [ 69.29380866380248, 41.351253530692205 ], [ 69.294251151529252, 41.350848053984024 ], [ 69.294843006288801, 41.350588533514674 ], [ 69.295178517127368, 41.350804046491056 ], [ 69.295537950028375, 41.350752177386184 ], [ 69.295743432461109, 41.35052398465276 ], [ 69.295707033747505, 41.350234957432036 ], [ 69.296134867102424, 41.349964760677686 ], [ 69.296116114741636, 41.349689357569495 ], [ 69.295659820380436, 41.349484283914521 ], [ 69.29401132795013, 41.350119478943746 ], [ 69.293468125753023, 41.350029020117923 ], [ 69.293211587133953, 41.350225685481547 ], [ 69.29329469190273, 41.350589955407969 ], [ 69.293073486732041, 41.350792655317143 ], [ 69.292191942632812, 41.349978402643515 ], [ 69.291828939084155, 41.349943419258061 ], [ 69.291510522661696, 41.350177053528249 ], [ 69.291165403350547, 41.349884276122687 ], [ 69.291872418186244, 41.349913942269865 ], [ 69.294059750765797, 41.34934955977559 ], [ 69.294225581255745, 41.349103732004835 ], [ 69.294112164060579, 41.348841544608362 ], [ 69.293600692219442, 41.348733238728158 ], [ 69.292545529937257, 41.348992414090397 ], [ 69.292225091579553, 41.348766669349708 ], [ 69.291402088833692, 41.3486070290108 ], [ 69.29069544439416, 41.347707020946181 ], [ 69.291057249017697, 41.347492971763884 ], [ 69.291130001794528, 41.346639532612166 ], [ 69.290821893537156, 41.346490746340081 ], [ 69.290421270794226, 41.346528757823499 ], [ 69.290457934574377, 41.346151605588069 ], [ 69.290174916754481, 41.345976793566983 ], [ 69.289611435788032, 41.346084399101308 ], [ 69.289045467588522, 41.345720606697618 ], [ 69.288332119680248, 41.345878157767935 ], [ 69.287878326075926, 41.345306663553842 ], [ 69.287392540686113, 41.345213435789347 ], [ 69.287230844087105, 41.344775938549105 ], [ 69.287569407551985, 41.344394264906818 ], [ 69.288093947915357, 41.344167913589914 ], [ 69.288197189641096, 41.343903351004336 ], [ 69.288021955850809, 41.343661261348778 ], [ 69.287068264408504, 41.34341987155436 ], [ 69.287709015925643, 41.343355894039753 ], [ 69.28802497300039, 41.343567934719871 ], [ 69.288387022607765, 41.343527909801892 ], [ 69.288918843689487, 41.342864676023403 ], [ 69.288341197927522, 41.342400777271656 ], [ 69.287797478614792, 41.342104400936869 ], [ 69.287387960513769, 41.342113688038083 ], [ 69.28729097110957, 41.34194000327922 ], [ 69.289745719172302, 41.341575472437725 ], [ 69.290052679592989, 41.341087930259761 ], [ 69.289820939717515, 41.340767140496574 ], [ 69.289661862571677, 41.340126149204202 ], [ 69.289799225113327, 41.340493520663117 ], [ 69.29028497948616, 41.340655568850458 ], [ 69.290959978315385, 41.340365528908144 ], [ 69.292203941452357, 41.340556875981306 ], [ 69.292808037488598, 41.340016821729705 ], [ 69.292712913809282, 41.339750537476057 ], [ 69.292277185220925, 41.339601275640412 ], [ 69.292601411695529, 41.339413789679021 ], [ 69.292634586595128, 41.338720216289666 ], [ 69.292341692470558, 41.338554934334603 ], [ 69.291511313536461, 41.338607785389485 ], [ 69.291696951392808, 41.338284582424784 ], [ 69.291516463189708, 41.338044701659172 ], [ 69.290876787761647, 41.337998040136441 ], [ 69.29013967480121, 41.337672766484822 ], [ 69.289904812536179, 41.337119438459752 ], [ 69.289329589636978, 41.336977731629837 ], [ 69.289204526929311, 41.336244800575138 ], [ 69.289918918575765, 41.336165630399961 ], [ 69.289644333698263, 41.336878403739412 ], [ 69.289909680580237, 41.337068275189907 ], [ 69.290275445458008, 41.337061119619079 ], [ 69.290674956854602, 41.336783794977876 ], [ 69.291565581910149, 41.336587170877557 ], [ 69.291659360383193, 41.336320616599849 ], [ 69.291308512114, 41.336020459261754 ], [ 69.292229224592546, 41.335896899956637 ], [ 69.29245009836734, 41.335677051159813 ], [ 69.29240002293551, 41.335403879981904 ], [ 69.291922136710639, 41.335229108027896 ], [ 69.290365550289565, 41.335391185530646 ], [ 69.289894152423017, 41.335125347255939 ], [ 69.289562031380243, 41.335241041256815 ], [ 69.289437656698709, 41.335490605506173 ], [ 69.289070437995136, 41.335531300749025 ], [ 69.288782442972419, 41.334046860775544 ], [ 69.288947077474617, 41.333736432446663 ], [ 69.288775232267398, 41.333504982118775 ], [ 69.290700617452615, 41.333284141794316 ], [ 69.290934853119495, 41.332924822929741 ], [ 69.290666340882879, 41.332544087760397 ], [ 69.2900689902512, 41.332496676250258 ], [ 69.289767719334549, 41.332310617251593 ], [ 69.288026012589583, 41.332466530277642 ], [ 69.288344649438415, 41.332116138206437 ], [ 69.288201187386733, 41.331764473672216 ], [ 69.288578246628489, 41.33173097498927 ], [ 69.288828162636634, 41.33142155205141 ], [ 69.289309935373495, 41.331401549046788 ], [ 69.289534109997518, 41.331038604588144 ], [ 69.289196801311363, 41.330586853427114 ], [ 69.287564360128997, 41.330635288240551 ], [ 69.287536992134434, 41.330479613549514 ], [ 69.29017143266536, 41.330210924230983 ], [ 69.290487606885279, 41.330072182067141 ], [ 69.290581021745126, 41.329805556685372 ], [ 69.290265483988748, 41.329508940993406 ], [ 69.29032937685669, 41.32939489621026 ], [ 69.290870220453556, 41.32922500380522 ], [ 69.292192215890935, 41.32772444309056 ], [ 69.292559533463589, 41.327595766486475 ], [ 69.29266308370876, 41.327331277559296 ], [ 69.292427840871596, 41.327065181114151 ], [ 69.292871445162191, 41.326860854410853 ], [ 69.293158154081567, 41.326364625827352 ], [ 69.292969779957744, 41.325990303652986 ], [ 69.292236330721295, 41.325800421713538 ], [ 69.291988691961649, 41.325513364731997 ], [ 69.291422245614157, 41.325595027844315 ], [ 69.291117938699941, 41.325004053995059 ], [ 69.290626056304404, 41.324949190397184 ], [ 69.290974797600512, 41.32468205236345 ], [ 69.29098273707352, 41.324358616327025 ], [ 69.29075607261575, 41.324142164882261 ], [ 69.290407270097162, 41.324109064211058 ], [ 69.290237476094319, 41.323157958396777 ], [ 69.290836513394964, 41.323363841996638 ], [ 69.291241314243422, 41.323052811212207 ], [ 69.292414607662067, 41.322938607848975 ], [ 69.291646905430085, 41.323454268941795 ], [ 69.291573499186356, 41.323724426527988 ], [ 69.291775001443639, 41.323954585862637 ], [ 69.292413383938182, 41.324087648224562 ], [ 69.292742896985146, 41.323967880242996 ], [ 69.292858957515548, 41.32373217243309 ], [ 69.293239049139132, 41.323637194600678 ], [ 69.293356708413469, 41.32326972261891 ], [ 69.293568513821612, 41.323188786187522 ], [ 69.293729677896565, 41.323552753398751 ], [ 69.294067771760623, 41.323658053355111 ], [ 69.294972389486304, 41.323393837251039 ], [ 69.294880409265929, 41.323843990950436 ], [ 69.29567098184971, 41.324216912174883 ], [ 69.296144212671749, 41.32422573162328 ], [ 69.296524167691672, 41.323873983633177 ], [ 69.297170539603357, 41.323794328129779 ], [ 69.296828215101868, 41.324208046175833 ], [ 69.296981126818594, 41.324591443791014 ], [ 69.298073681965064, 41.324836526776764 ], [ 69.298446709343466, 41.325090834466131 ], [ 69.298803452382899, 41.325029782705961 ], [ 69.298993423894444, 41.324655920654408 ], [ 69.298635572252806, 41.323839001436198 ], [ 69.300555728432002, 41.322659435431646 ], [ 69.300492872791622, 41.322387770244497 ], [ 69.299452429243743, 41.32129297795327 ], [ 69.300319351545085, 41.320721671157997 ], [ 69.300457613996329, 41.320335126855497 ], [ 69.300036819091531, 41.320090902818443 ], [ 69.299392148142104, 41.320296124668651 ], [ 69.299653511055709, 41.319913393697725 ], [ 69.299426089514, 41.319551612454482 ], [ 69.299064217763316, 41.319511358398415 ], [ 69.298506274104952, 41.319744066011744 ], [ 69.298562927995462, 41.319445031484335 ], [ 69.298333111285771, 41.319230487734103 ], [ 69.297788437050826, 41.319280861873764 ], [ 69.297475245757383, 41.319142966649714 ], [ 69.297551903891431, 41.318829143653737 ], [ 69.298011091124735, 41.318620865824933 ], [ 69.298025137995523, 41.318345302379917 ], [ 69.297137405475397, 41.31758215838093 ], [ 69.298140003886473, 41.317372199046751 ], [ 69.298250765389682, 41.317788461645208 ], [ 69.299006135720376, 41.318010955952118 ], [ 69.298493330727183, 41.318273839233889 ], [ 69.298466475852038, 41.318673678395889 ], [ 69.298759949575285, 41.318838285333612 ], [ 69.299278106491371, 41.318727865502616 ], [ 69.299943528582929, 41.319223645086566 ], [ 69.300500242820746, 41.319349644203612 ], [ 69.301408203306536, 41.319223524868228 ], [ 69.301629624601574, 41.319004020994448 ], [ 69.301580777008951, 41.318731787955407 ], [ 69.301888066823778, 41.31913486431678 ], [ 69.302246688524065, 41.319189182418839 ], [ 69.302952210780177, 41.318688728449224 ], [ 69.302876192907306, 41.318418982537331 ], [ 69.302429095890375, 41.318249146581458 ], [ 69.302837338832632, 41.316590080349052 ], [ 69.303781289101934, 41.31669527145668 ], [ 69.304209056390064, 41.316177973351813 ], [ 69.30421574575351, 41.315902252578674 ], [ 69.303452315464497, 41.315585280672337 ], [ 69.303087556869102, 41.315816657226669 ], [ 69.302353809338257, 41.315928648248672 ], [ 69.30069293389657, 41.316059913923837 ], [ 69.300457583208512, 41.315930617785796 ], [ 69.30067210818909, 41.315556040651373 ], [ 69.301232785477595, 41.315778557378849 ], [ 69.30182650164555, 41.315440792183814 ], [ 69.301630803308754, 41.315068620498899 ], [ 69.30104714956984, 41.314893127927682 ], [ 69.301306076112709, 41.314633572913415 ], [ 69.301312146376333, 41.314357843847468 ], [ 69.300828350707235, 41.314026569251737 ], [ 69.300234613805401, 41.314287538532753 ], [ 69.300220174216051, 41.314517054323254 ], [ 69.299669194571052, 41.315489376932391 ], [ 69.299766082380359, 41.315086366690728 ], [ 69.299530983940514, 41.314875110342506 ], [ 69.299166613317723, 41.314851064629892 ], [ 69.298819654092696, 41.315124989748107 ], [ 69.297922107110864, 41.314844175996505 ], [ 69.299414295402002, 41.314490576798043 ], [ 69.29949782688729, 41.313727877734095 ], [ 69.2997557712103, 41.313473995292583 ], [ 69.299539171389384, 41.312778930480093 ], [ 69.299014999629549, 41.312714981207776 ], [ 69.298758349881382, 41.312931986643846 ], [ 69.297972710264361, 41.312328167941907 ], [ 69.297480373726245, 41.312363293772613 ], [ 69.297176322210646, 41.312601293289077 ], [ 69.296662538913367, 41.312681796099007 ], [ 69.296493808393564, 41.312909425603983 ], [ 69.295961782777169, 41.313015517182556 ], [ 69.295484088456192, 41.313895542608144 ], [ 69.294912036935656, 41.313198356643014 ], [ 69.294546402765619, 41.313191286398137 ], [ 69.294308656111184, 41.313351924621287 ], [ 69.29416524448466, 41.313225645825483 ], [ 69.294410128321303, 41.312487382013501 ], [ 69.294206499917067, 41.312172731687959 ], [ 69.293737618601398, 41.311984848701194 ], [ 69.293393744600664, 41.312146242072451 ], [ 69.293113386292504, 41.311650056452024 ], [ 69.292571671371391, 41.311508190533743 ], [ 69.292476071554802, 41.311083790997834 ], [ 69.291705094449355, 41.310344893465683 ], [ 69.291177668790255, 41.310119922405065 ], [ 69.290569558201383, 41.310068606782352 ], [ 69.290496830933961, 41.309615441795991 ], [ 69.290223102896178, 41.309432550499807 ], [ 69.289922014979609, 41.309436507965039 ], [ 69.289778131377986, 41.309145060593004 ], [ 69.289968408043322, 41.308476368592359 ], [ 69.289578473005363, 41.307997304102734 ], [ 69.28838618556432, 41.307682392492815 ], [ 69.287888064390316, 41.307890561406076 ], [ 69.28666259594165, 41.307796169911505 ], [ 69.285995323976223, 41.306983264982975 ], [ 69.285368003230261, 41.307054922285893 ], [ 69.285060361832208, 41.306704107238758 ], [ 69.285644150580808, 41.306062652069372 ], [ 69.285402384655612, 41.305450959209978 ], [ 69.28466284139769, 41.30543137764932 ], [ 69.284135717925437, 41.305885773512649 ], [ 69.283621036725762, 41.305454935291408 ], [ 69.282580534412773, 41.305441158786181 ], [ 69.282255992669448, 41.305758007350093 ], [ 69.282630209636409, 41.306242466707722 ], [ 69.282259196268228, 41.30626440057987 ], [ 69.282023593151521, 41.306475317971142 ], [ 69.282249242410501, 41.306992459108983 ], [ 69.280190550065925, 41.306905276661553 ], [ 69.280251302064528, 41.306531640753064 ], [ 69.279854124254427, 41.306331934581216 ], [ 69.279627303875372, 41.305767959158167 ], [ 69.279331447987133, 41.305680519828606 ], [ 69.279712142610478, 41.305530030707786 ], [ 69.279798089604952, 41.305134958458403 ], [ 69.279119178151404, 41.304812676731402 ], [ 69.279178976283973, 41.304045258094376 ], [ 69.279585561737619, 41.304134150924057 ], [ 69.279709505534299, 41.304585460411118 ], [ 69.280833322588137, 41.305397875434771 ], [ 69.28217057110804, 41.305352355867711 ], [ 69.282441547710704, 41.30516716421765 ], [ 69.282698673846667, 41.304789047491063 ], [ 69.282281274863024, 41.30429147660918 ], [ 69.282505885484099, 41.303914905998646 ], [ 69.281957230869267, 41.30325423840727 ], [ 69.281374477295884, 41.302982336596855 ], [ 69.282169848403768, 41.302283597098359 ], [ 69.282205747697489, 41.302009161201617 ], [ 69.281973798607169, 41.301795962961741 ], [ 69.281400067025857, 41.301751009222357 ], [ 69.28207332751785, 41.301619738194056 ], [ 69.282564502471303, 41.301169453192976 ], [ 69.282438682704594, 41.300804999061427 ], [ 69.282694056366424, 41.299940808339301 ], [ 69.284320728473929, 41.299868048122647 ], [ 69.284616849339315, 41.299658432212723 ], [ 69.284670890270277, 41.299238740700844 ], [ 69.285184444361619, 41.299817789844091 ], [ 69.286089132099704, 41.299668649730314 ], [ 69.286143989341113, 41.299179848280133 ], [ 69.285000825045145, 41.298498734119931 ], [ 69.28548316277346, 41.298047353530322 ], [ 69.286820773882454, 41.298961293288038 ], [ 69.286900711047281, 41.299419253005951 ], [ 69.287246365571463, 41.299509254577941 ], [ 69.28753298118427, 41.299412725256254 ], [ 69.288147210467827, 41.299664113188648 ], [ 69.288561468701062, 41.299413740149156 ], [ 69.288369601642202, 41.29890388614578 ], [ 69.289372317588544, 41.299506631233726 ], [ 69.290235863826013, 41.299549850743198 ], [ 69.290563166893222, 41.299426872169541 ], [ 69.290630308267126, 41.29902973400138 ], [ 69.290250137142635, 41.298744020209519 ], [ 69.29058841033239, 41.298515465334312 ], [ 69.2906000511381, 41.29827373795402 ], [ 69.29027871394193, 41.297972061302801 ], [ 69.290788143536815, 41.297883798108138 ], [ 69.291110317854788, 41.298152856507109 ], [ 69.291474094853868, 41.298124829047438 ], [ 69.291739097749456, 41.297825236982646 ], [ 69.291681678923936, 41.29719648818125 ], [ 69.29185290285335, 41.297237783905288 ], [ 69.29176867903054, 41.298604030779465 ], [ 69.292303697993532, 41.299141054932299 ], [ 69.293465233791906, 41.298924707324787 ], [ 69.294437385543617, 41.297939471032805 ], [ 69.294661431763956, 41.298192140327657 ], [ 69.294642517412385, 41.298734354872913 ], [ 69.294880463187965, 41.298943754009848 ], [ 69.296042666768102, 41.298719021922018 ], [ 69.296182865670062, 41.298332882381743 ], [ 69.2956927708926, 41.297864899437656 ], [ 69.295697812712774, 41.297556547436102 ], [ 69.294834388507695, 41.296788701778752 ], [ 69.296422769827203, 41.295220508590639 ], [ 69.296439420334139, 41.294820352435934 ], [ 69.296141914108517, 41.294660026876045 ], [ 69.29578122764579, 41.29470531506233 ], [ 69.295064407353948, 41.295414704651975 ], [ 69.293212668980658, 41.295223439269115 ], [ 69.293205832884155, 41.295101262298296 ], [ 69.295121826550357, 41.294608062663656 ], [ 69.295267550583787, 41.294223089907064 ], [ 69.294851727361092, 41.293974229492456 ], [ 69.291613687365214, 41.29467590982668 ], [ 69.290334963014303, 41.293824860374826 ], [ 69.289631648937032, 41.293104486920399 ], [ 69.289805206546404, 41.292700767373091 ], [ 69.290325464114417, 41.292520106565277 ], [ 69.290279369753961, 41.292121265365019 ], [ 69.289482234301445, 41.291949056760487 ], [ 69.289328925809471, 41.291678146990193 ], [ 69.28898421761221, 41.291586192297203 ], [ 69.288284692053196, 41.291971904857114 ], [ 69.288113751913158, 41.291710241201002 ], [ 69.287671693329088, 41.291506266887531 ], [ 69.288137144245241, 41.291059488588047 ], [ 69.287834433323141, 41.290730617492287 ], [ 69.287468861982859, 41.290735523824011 ], [ 69.286590207280341, 41.291189056536702 ], [ 69.286459247683638, 41.291098341699858 ], [ 69.286514421933973, 41.290723031129467 ], [ 69.285968619341858, 41.290494686549806 ], [ 69.286383727611977, 41.289421683772403 ], [ 69.286208861029777, 41.28917950075045 ], [ 69.285737565139655, 41.289129883441205 ], [ 69.285961424549313, 41.288575327230546 ], [ 69.286652748767651, 41.288486202699204 ], [ 69.286821136801194, 41.288241422614064 ], [ 69.286682841145279, 41.287961694191509 ], [ 69.287809154687565, 41.287608796413359 ], [ 69.288380212694818, 41.28780399142024 ], [ 69.288716597528506, 41.287695950472106 ], [ 69.289014492529589, 41.286786060936805 ], [ 69.288693332309776, 41.286477170743147 ], [ 69.287806325399302, 41.286325572581916 ], [ 69.287231238483415, 41.286894466689169 ], [ 69.286142765308583, 41.286413329555785 ], [ 69.285748387555145, 41.286681274534118 ], [ 69.285868063517981, 41.287010410013792 ], [ 69.284886308250279, 41.287127831722152 ], [ 69.285051455363771, 41.286311518872637 ], [ 69.284703983081315, 41.286008879014759 ], [ 69.284200324166548, 41.2861352037526 ], [ 69.284033187421869, 41.286490666838027 ], [ 69.283671094665706, 41.286506161946249 ], [ 69.28363653319478, 41.286029880875283 ], [ 69.283140680856462, 41.285887063629161 ], [ 69.282842484734616, 41.286046616531813 ], [ 69.282709203560657, 41.286474250716715 ], [ 69.282132549569667, 41.286222542295441 ], [ 69.281779696336955, 41.286232623706525 ], [ 69.28128696604638, 41.286406286515181 ], [ 69.28103017840192, 41.286684659402589 ], [ 69.280568766696518, 41.286209655908856 ], [ 69.2802104259072, 41.286154960698113 ], [ 69.279808381704356, 41.28635174177748 ], [ 69.279500667817175, 41.286855995004466 ], [ 69.279632535298916, 41.287113201558256 ], [ 69.280151352389069, 41.287400934165085 ], [ 69.280037500217816, 41.287757403138258 ], [ 69.28034000506311, 41.288091260236051 ], [ 69.279912039194159, 41.2881585889372 ], [ 69.279766582578006, 41.288543617014106 ], [ 69.280540547300504, 41.289273223137123 ], [ 69.278331947689637, 41.290206701408849 ], [ 69.278223543016196, 41.290740935108609 ], [ 69.277875480435327, 41.290675263138723 ], [ 69.277151133882981, 41.290957374290045 ], [ 69.277065554534218, 41.291598743600375 ], [ 69.276447489919548, 41.291705521725412 ], [ 69.276125918083281, 41.291413645889726 ], [ 69.275643844170546, 41.291393440161485 ], [ 69.274808828268576, 41.291969870962411 ], [ 69.273195774367338, 41.292234717013436 ], [ 69.27318849435899, 41.292732193255794 ], [ 69.27361062538553, 41.292945654711723 ], [ 69.273469420253036, 41.293394284782543 ], [ 69.273935791245123, 41.293725662288658 ], [ 69.273702949596881, 41.293932456731397 ], [ 69.272760681028473, 41.293583106980037 ], [ 69.273000586655641, 41.293175535300676 ], [ 69.272818470803202, 41.292936406494562 ], [ 69.271685110646047, 41.292959907580368 ], [ 69.271053118126275, 41.292737860551547 ], [ 69.270140490324408, 41.2928589235025 ], [ 69.269669310932713, 41.293486432233607 ], [ 69.268685520813435, 41.293086665733753 ], [ 69.268330821871231, 41.293153629870879 ], [ 69.268151909367177, 41.293530558945704 ], [ 69.268583209525502, 41.293931620932995 ], [ 69.2679958625871, 41.294370588865696 ], [ 69.266790292773038, 41.293490731756975 ], [ 69.265380177821598, 41.293794921004597 ], [ 69.265259534204233, 41.294415184699403 ], [ 69.265523674699352, 41.294667474051785 ], [ 69.265391157447354, 41.295097449423928 ], [ 69.265840893936954, 41.295310144511824 ], [ 69.266299567719528, 41.295097346881391 ], [ 69.266657986161334, 41.295340952360618 ], [ 69.266035436817162, 41.295510931305984 ], [ 69.265967345879488, 41.296137293233244 ], [ 69.265491389972439, 41.296706791280883 ], [ 69.265672221831196, 41.297108360000195 ], [ 69.266238503730904, 41.297135412466467 ], [ 69.265916347740074, 41.297747633004533 ], [ 69.266113657010777, 41.298089290840551 ], [ 69.266095278956598, 41.298674373169746 ], [ 69.265594827702188, 41.298743011053517 ], [ 69.265130832124285, 41.299151295996452 ], [ 69.264861362656987, 41.299200248031966 ], [ 69.263808364061688, 41.298918142901705 ], [ 69.263508534558113, 41.298692192184674 ], [ 69.263144325914823, 41.298716855601782 ], [ 69.261941434291728, 41.299763954640284 ], [ 69.261266818094853, 41.299477373972543 ], [ 69.260636424991873, 41.299461350189851 ], [ 69.260371242640957, 41.29965123362085 ], [ 69.260274321844591, 41.300097118621231 ], [ 69.259803270058811, 41.300298959500012 ], [ 69.259784104222604, 41.300574348765117 ], [ 69.259975731178443, 41.30074942334786 ], [ 69.25978632937705, 41.301154035111402 ], [ 69.259428708948462, 41.301025671543769 ], [ 69.259601887058366, 41.300604128722448 ], [ 69.259209215549816, 41.30033469246176 ], [ 69.258854319076718, 41.30040117821639 ], [ 69.258569400348833, 41.300704897677335 ], [ 69.258094200721374, 41.300559705564694 ], [ 69.257762877568197, 41.300649328086983 ], [ 69.257598327673776, 41.300895600308749 ], [ 69.257745014682499, 41.30119153378115 ], [ 69.258826349482931, 41.301604880457042 ], [ 69.258611551903527, 41.30197947386641 ], [ 69.257137994556373, 41.301466600402236 ], [ 69.256517008729034, 41.301543042340313 ], [ 69.256190213390468, 41.302496013944719 ], [ 69.255627462356941, 41.302405643623068 ], [ 69.255080731116493, 41.302962219674441 ], [ 69.255241896201937, 41.303236656247506 ], [ 69.256161165267997, 41.303553935190642 ], [ 69.256017374149906, 41.303886070433592 ], [ 69.255570183651741, 41.304119895308013 ], [ 69.255567210675352, 41.304339160338337 ], [ 69.255107022958441, 41.304612746533621 ], [ 69.255619001375592, 41.305400001997135 ], [ 69.255116536357562, 41.305760184083155 ], [ 69.255082318386471, 41.306034742373761 ], [ 69.256013840572408, 41.307013733650692 ], [ 69.255207579042278, 41.307053635943333 ], [ 69.254953819047941, 41.306194599290535 ], [ 69.254204207761589, 41.306078072518282 ], [ 69.253882238316677, 41.305191074981195 ], [ 69.25353138796099, 41.304941345161986 ], [ 69.253540950307183, 41.304532517232275 ], [ 69.253199887216709, 41.304247593714862 ], [ 69.252432254616139, 41.304289071356195 ], [ 69.252193750508127, 41.304498122730557 ], [ 69.252389307191422, 41.3053697197453 ], [ 69.251984224913016, 41.305101588521993 ], [ 69.251084361132996, 41.304859908177527 ], [ 69.250603924476863, 41.305156306142166 ], [ 69.250172032619133, 41.305121456254845 ], [ 69.249586410176533, 41.305331706632842 ], [ 69.249435378686215, 41.305582859896177 ], [ 69.249590470688972, 41.305991367850041 ], [ 69.250415637248111, 41.306487217210396 ], [ 69.250027697687869, 41.306691718390383 ], [ 69.249801244622674, 41.306379389939529 ], [ 69.249172120080999, 41.306284361353661 ], [ 69.247477397609472, 41.305386491118554 ], [ 69.246918596829929, 41.304557705456553 ], [ 69.246058292158409, 41.304463972037468 ], [ 69.245718646631047, 41.3046382704553 ], [ 69.244998914940425, 41.304569499022392 ], [ 69.244674611924893, 41.304238976917205 ], [ 69.244388988436796, 41.304197111031677 ], [ 69.244515021739417, 41.303793464390779 ], [ 69.243867769726805, 41.303476507959338 ], [ 69.244053859015423, 41.30316774443147 ], [ 69.243665415573503, 41.302486184514215 ], [ 69.242956132103316, 41.302378725266507 ], [ 69.242283203806451, 41.302871639383028 ], [ 69.241667276056148, 41.302810693425542 ], [ 69.241389577300637, 41.30256781017593 ], [ 69.241005265493186, 41.302582281820513 ], [ 69.240879056028589, 41.302303747781153 ], [ 69.240379084643024, 41.302189954745153 ], [ 69.239884093474529, 41.29988269143405 ], [ 69.24034876381161, 41.299626284770305 ], [ 69.240480106898858, 41.299258001447349 ], [ 69.240347524795766, 41.298985822710883 ], [ 69.2400310721209, 41.298847636118651 ], [ 69.238534991022405, 41.298610559118593 ], [ 69.238276406654265, 41.298960209397677 ], [ 69.238749977524904, 41.299718294320371 ], [ 69.237638592755076, 41.300838558499564 ], [ 69.236041726137344, 41.301007235083226 ], [ 69.235783925612481, 41.301202819266763 ], [ 69.235749635576894, 41.301724000530456 ], [ 69.234670028683212, 41.301768396711921 ], [ 69.233066405409517, 41.299945550743004 ], [ 69.233877733254417, 41.299697147177731 ], [ 69.234441810190262, 41.29986741487361 ], [ 69.234798494176587, 41.299806619936895 ], [ 69.234982966484395, 41.299359325390732 ], [ 69.235507536180478, 41.299121750045678 ], [ 69.235537709651538, 41.298846921814409 ], [ 69.235020890113546, 41.298562776020304 ], [ 69.233331537361096, 41.298983379174153 ], [ 69.23304702908807, 41.298567286064781 ], [ 69.232271378000917, 41.298377440505952 ], [ 69.231610221259302, 41.298460764065716 ], [ 69.230970443971927, 41.297819039485532 ], [ 69.231284868806284, 41.297639164027984 ], [ 69.231345369330356, 41.297136596379012 ], [ 69.23079974715418, 41.296860942310147 ], [ 69.231404682732546, 41.296425299614882 ], [ 69.231429001670435, 41.296150141344832 ], [ 69.23100820412516, 41.295906069186678 ], [ 69.230118764487358, 41.296266226697398 ], [ 69.231525255680509, 41.295403539403502 ], [ 69.231599873576101, 41.295007159916644 ], [ 69.231263165413665, 41.294735870890335 ], [ 69.231749756063593, 41.294842612821519 ], [ 69.232083938465536, 41.294730688341737 ], [ 69.232123154070877, 41.294250787934878 ], [ 69.230776965576808, 41.293853646695609 ], [ 69.231045360670464, 41.293516961194321 ], [ 69.230892101108253, 41.29326658571236 ], [ 69.229745200596597, 41.293094674557551 ], [ 69.22875050595681, 41.292513676640127 ], [ 69.227795035086359, 41.292398943872023 ], [ 69.227626929519815, 41.29209797197295 ], [ 69.228191945354652, 41.291897519103422 ], [ 69.229825369808651, 41.292487194360341 ], [ 69.230230520215571, 41.29222852186588 ], [ 69.22997944063647, 41.291793671472753 ], [ 69.2303493931622, 41.291555174370096 ], [ 69.230638671049206, 41.291899118397332 ], [ 69.230984594228602, 41.291988445976926 ], [ 69.231579597549938, 41.291649025239316 ], [ 69.23151879026554, 41.291251306134818 ], [ 69.23107974518426, 41.291087631430088 ], [ 69.231635384888676, 41.290691940208042 ], [ 69.231663254425854, 41.290416973363236 ], [ 69.231425175619279, 41.290207678815385 ], [ 69.231060612415604, 41.290186657520195 ], [ 69.230429008329139, 41.290559226738885 ], [ 69.230176474285173, 41.290143972987899 ], [ 69.229530580546609, 41.29009734691607 ], [ 69.229194184742042, 41.290416845148442 ], [ 69.228682414054632, 41.290032329382804 ], [ 69.22910668128695, 41.289715812576752 ], [ 69.229677936489182, 41.289655188605494 ], [ 69.229891455910888, 41.289363401285115 ], [ 69.230395453974936, 41.289776457317252 ], [ 69.230759587476669, 41.289801339342972 ], [ 69.231040394710121, 41.289624729969482 ], [ 69.231014235348184, 41.288668555264522 ], [ 69.230606417006939, 41.288320494491096 ], [ 69.231072460754291, 41.288144791289149 ], [ 69.231215997451457, 41.287882940019756 ], [ 69.231224174097704, 41.287500991913042 ], [ 69.230905469000319, 41.287009789306957 ], [ 69.229673485241989, 41.286798489153014 ], [ 69.228712947815794, 41.286912650224529 ], [ 69.227510907592233, 41.286480554709783 ], [ 69.227053960855685, 41.286628506155225 ], [ 69.226682861375551, 41.286416846801679 ], [ 69.226327565144786, 41.286493839411179 ], [ 69.226540073896388, 41.28558236706143 ], [ 69.226372204452829, 41.285337386455005 ], [ 69.226023848075727, 41.285253693851004 ], [ 69.225229962168072, 41.28579950641754 ], [ 69.224737084935583, 41.285337257813012 ], [ 69.224044311898496, 41.285523263426434 ], [ 69.223674491257995, 41.285390491002445 ], [ 69.223030877966934, 41.285484532279845 ], [ 69.222688111808225, 41.285143936608783 ], [ 69.221899832020199, 41.285312030722757 ], [ 69.221335858422279, 41.285168185323279 ], [ 69.221015525193309, 41.285487405573129 ], [ 69.221401374089069, 41.285973768121018 ], [ 69.221099735132157, 41.286273192742492 ], [ 69.219974895950898, 41.285192836903207 ], [ 69.220585031016526, 41.28504991451161 ], [ 69.221076695370243, 41.284638663977105 ], [ 69.221148898127396, 41.284368326011474 ], [ 69.220895859268225, 41.28412271509125 ], [ 69.221101226521426, 41.283666988498297 ], [ 69.221642129672503, 41.283448368492344 ], [ 69.221667481748639, 41.282385430161987 ], [ 69.221359027774312, 41.28205962891608 ], [ 69.220993622926358, 41.282068208598716 ], [ 69.220674921586692, 41.282281272211854 ], [ 69.220149117666253, 41.282263057083057 ], [ 69.219690597455696, 41.282070853215764 ], [ 69.219577473356111, 41.281057867644165 ], [ 69.219643711999169, 41.280888159674561 ], [ 69.220193149460897, 41.280632015876307 ], [ 69.220146200732088, 41.279634521378064 ], [ 69.220444007441785, 41.278843831311811 ], [ 69.220163247219276, 41.278366995971219 ], [ 69.220309504106226, 41.277496445610431 ], [ 69.220019772222543, 41.277111197791108 ], [ 69.218784057083695, 41.276947420245676 ], [ 69.21846326754337, 41.277299747718146 ], [ 69.217415306262595, 41.2778003990271 ], [ 69.216183303917035, 41.276632988313821 ], [ 69.215274605601294, 41.276542888816316 ], [ 69.214977502617373, 41.276703554865144 ], [ 69.214918013334, 41.27697564851109 ], [ 69.215700004896064, 41.277843304005486 ], [ 69.212836491516001, 41.277687675118379 ], [ 69.208725391078815, 41.273850329234008 ], [ 69.209249149131992, 41.273894905445026 ], [ 69.209507220779528, 41.273545079233557 ], [ 69.208873039741022, 41.272552082408964 ], [ 69.210791744334244, 41.271303492642005 ], [ 69.21110999900408, 41.271336576259749 ], [ 69.211608053260406, 41.27199078867725 ], [ 69.212129690846893, 41.271917273116841 ], [ 69.21248672021764, 41.271113788073535 ], [ 69.212205347784106, 41.2704223462679 ], [ 69.212763665372378, 41.270143160362274 ], [ 69.212714034988466, 41.269609217353661 ], [ 69.212236973565041, 41.269396984383725 ], [ 69.210541978836119, 41.269223803166874 ], [ 69.21027600260831, 41.269570235759296 ], [ 69.210485212247775, 41.269957380622692 ], [ 69.209903196304893, 41.270332846413581 ], [ 69.210249677576854, 41.269493041700407 ], [ 69.209946066750504, 41.269164692640139 ], [ 69.209427808083518, 41.269250668270288 ], [ 69.209026306392985, 41.269950307389948 ], [ 69.208857423288222, 41.269973309214357 ], [ 69.208525304470243, 41.269764571746009 ], [ 69.208388555905259, 41.269444346476391 ], [ 69.207526053901319, 41.269361677609979 ], [ 69.207200988688626, 41.268891198605218 ], [ 69.206679788654739, 41.268816033755208 ], [ 69.206375953644383, 41.269252613238244 ], [ 69.205434253578559, 41.269625292841276 ], [ 69.205360456255448, 41.269895384007953 ], [ 69.205663282314347, 41.270534666943973 ], [ 69.206680690518411, 41.271457920943156 ], [ 69.205511642145126, 41.270705906081417 ], [ 69.205037609383581, 41.270885848174153 ], [ 69.205054740608063, 41.271252417452239 ], [ 69.204908787726168, 41.271280291461302 ], [ 69.204931229230766, 41.270782373218225 ], [ 69.204739422656772, 41.270596715511161 ], [ 69.205022859528157, 41.270367079619206 ], [ 69.205103709667199, 41.26987353114437 ], [ 69.202757554560861, 41.267875376991732 ], [ 69.203075719354104, 41.267591170104438 ], [ 69.202966881362215, 41.267199325647326 ], [ 69.202445423474629, 41.267125239382501 ], [ 69.201839608827015, 41.267552576872241 ], [ 69.201614901631899, 41.267308172737117 ], [ 69.201277740910257, 41.267270914171853 ], [ 69.20084379137198, 41.266762717604081 ], [ 69.200253675992499, 41.266869643945526 ], [ 69.199074850540896, 41.26471806981337 ], [ 69.199641901767066, 41.26446039887464 ], [ 69.199426695404554, 41.263867811665413 ], [ 69.199813778734693, 41.263042305993565 ], [ 69.200040863524137, 41.263192232892067 ], [ 69.200406231799377, 41.263185512269551 ], [ 69.200753063873478, 41.262807067317787 ], [ 69.20075209518366, 41.262531297488252 ], [ 69.2003251726493, 41.262122566412842 ], [ 69.200620063527893, 41.261662026841186 ], [ 69.200684632503837, 41.261081896796213 ], [ 69.200850252379851, 41.260964298226114 ], [ 69.201382759248503, 41.261182283174961 ], [ 69.201752941392584, 41.260895472438584 ], [ 69.201675816331004, 41.260490003391794 ], [ 69.201995044281631, 41.260057537667883 ], [ 69.201811015499416, 41.259773936832538 ], [ 69.201459582292244, 41.25969827448354 ], [ 69.20106948147864, 41.259901289518112 ], [ 69.199832994983041, 41.259206140758941 ], [ 69.200538384456806, 41.25854010238978 ], [ 69.20114882196691, 41.258842985081309 ], [ 69.201647149624847, 41.258705578094272 ], [ 69.201669618461708, 41.258305579907997 ], [ 69.201105167689974, 41.257960118800533 ], [ 69.201486947671356, 41.257356791624282 ], [ 69.201244837831553, 41.257103623791743 ], [ 69.200716109479416, 41.257136690798426 ], [ 69.199852798652614, 41.258033174102948 ], [ 69.199505207600538, 41.257705886833065 ], [ 69.199571263567606, 41.257419993289503 ], [ 69.199351366766223, 41.257199734056506 ], [ 69.198801687041694, 41.257130286128842 ], [ 69.19828098012573, 41.257666727336378 ], [ 69.198238379093851, 41.257390780305897 ], [ 69.197950696934058, 41.257220717439459 ], [ 69.196821016447913, 41.257296632428194 ], [ 69.196818504148155, 41.256978256008651 ], [ 69.197308858362959, 41.256533373909079 ], [ 69.198239207325088, 41.256502059275704 ], [ 69.198295917287481, 41.256911908200863 ], [ 69.198794056323379, 41.257049676085231 ], [ 69.199153351792688, 41.256755103413539 ], [ 69.199414257005586, 41.255494512250166 ], [ 69.200597156413068, 41.25589783369962 ], [ 69.201835173453034, 41.25554173283485 ], [ 69.202324231000958, 41.255047913039022 ], [ 69.202377517712577, 41.255276780229387 ], [ 69.202668705930179, 41.255443401862848 ], [ 69.203030733497684, 41.255405838515294 ], [ 69.203327101478152, 41.255162378493011 ], [ 69.204009498694845, 41.255295296001883 ], [ 69.204676222508368, 41.254783171326821 ], [ 69.204777357736717, 41.254518171957862 ], [ 69.204209615278998, 41.253612089270327 ], [ 69.203689334876131, 41.253533838934182 ], [ 69.20340217775572, 41.253837316097929 ], [ 69.203223303685306, 41.253802871129096 ], [ 69.199846341876651, 41.2515368280066 ], [ 69.200894639969249, 41.25147406688253 ] ], [ [ 69.302801159227641, 41.375059464072329 ], [ 69.302779720084757, 41.374972564112291 ], [ 69.302977887878072, 41.374943814687803 ], [ 69.302801159227641, 41.375059464072329 ] ], [ [ 69.301934475542822, 41.37549060611336 ], [ 69.301755909062052, 41.375377066758958 ], [ 69.301899446579938, 41.375348614480068 ], [ 69.301934475542822, 41.37549060611336 ] ], [ [ 69.301359151717875, 41.316779626254196 ], [ 69.301225964705367, 41.316742351088813 ], [ 69.301568003113502, 41.316715319127802 ], [ 69.301359151717875, 41.316779626254196 ] ], [ [ 69.300948991957895, 41.373680935957744 ], [ 69.300782489467551, 41.373202931461783 ], [ 69.301517419456061, 41.373072372948641 ], [ 69.301613538933765, 41.373574828023074 ], [ 69.300948991957895, 41.373680935957744 ] ], [ [ 69.301551736220233, 41.379523880357517 ], [ 69.301595559256015, 41.379583416436347 ], [ 69.301527547503625, 41.379583438039816 ], [ 69.301551736220233, 41.379523880357517 ] ], [ [ 69.299587246451154, 41.378267338515165 ], [ 69.299680740658147, 41.378090842961633 ], [ 69.300646808777643, 41.378036804740027 ], [ 69.299587246451154, 41.378267338515165 ] ], [ [ 69.299820102399323, 41.377146795968166 ], [ 69.300550257502067, 41.376943973108752 ], [ 69.300596090952098, 41.377317051183439 ], [ 69.300135959588033, 41.377342790243475 ], [ 69.299820102399323, 41.377146795968166 ] ], [ [ 69.300331483615821, 41.382001063685124 ], [ 69.300308911428942, 41.382414202569102 ], [ 69.299484876628668, 41.382418743256459 ], [ 69.299166060547847, 41.381923364810646 ], [ 69.300331483615821, 41.382001063685124 ] ], [ [ 69.299819331910882, 41.317086188371356 ], [ 69.299101766515022, 41.317307314475975 ], [ 69.299111977304307, 41.3171627858923 ], [ 69.299819331910882, 41.317086188371356 ] ], [ [ 69.298272817434764, 41.316494088284529 ], [ 69.29850204548211, 41.316132959615338 ], [ 69.298315435688764, 41.315895781801345 ], [ 69.297907916102488, 41.31578902146628 ], [ 69.297978022410931, 41.315641868575504 ], [ 69.299534158066763, 41.31631411724068 ], [ 69.297440792904439, 41.31677072886491 ], [ 69.297583624020149, 41.316470326017026 ], [ 69.298272817434764, 41.316494088284529 ] ], [ [ 69.298667404395815, 41.377018427939454 ], [ 69.298538084830696, 41.376570288538709 ], [ 69.29897921993701, 41.376502795576656 ], [ 69.299070382359119, 41.376682588476626 ], [ 69.298667404395815, 41.377018427939454 ] ], [ [ 69.298317843965464, 41.379450635387741 ], [ 69.298577452134211, 41.379427906465672 ], [ 69.298753511873159, 41.37993318637627 ], [ 69.298460202323568, 41.379973883788864 ], [ 69.298317843965464, 41.379450635387741 ] ], [ [ 69.298632032374982, 41.374089398729993 ], [ 69.298153605608135, 41.374252581532367 ], [ 69.298130308828689, 41.374170858407275 ], [ 69.298632032374982, 41.374089398729993 ] ], [ [ 69.298014706131639, 41.322682602858535 ], [ 69.298197012855795, 41.322661165293368 ], [ 69.298032716248244, 41.322715778128412 ], [ 69.298014706131639, 41.322682602858535 ] ], [ [ 69.297607932597742, 41.321948584088751 ], [ 69.297491006542742, 41.321743425814695 ], [ 69.29777266781457, 41.32169422482243 ], [ 69.297921779936843, 41.321964203034547 ], [ 69.297607932597742, 41.321948584088751 ] ], [ [ 69.296387939898963, 41.371000035349802 ], [ 69.29670367957651, 41.370363774744341 ], [ 69.296968940604472, 41.370325049004556 ], [ 69.29760794902019, 41.371039505311593 ], [ 69.297016414570606, 41.371204618937362 ], [ 69.296387939898963, 41.371000035349802 ] ], [ [ 69.296493280952362, 41.369276903414026 ], [ 69.294653412147497, 41.36964090604345 ], [ 69.294598874903755, 41.369456941227263 ], [ 69.295085709599121, 41.369257867235248 ], [ 69.295128788944751, 41.36885965400154 ], [ 69.296760410906231, 41.368359812033077 ], [ 69.297309847881564, 41.368841949220268 ], [ 69.296701445664354, 41.368955695940301 ], [ 69.296493280952362, 41.369276903414026 ] ], [ [ 69.29692519467406, 41.315454279175313 ], [ 69.296543855044618, 41.316521647054621 ], [ 69.296414986385244, 41.316410781960435 ], [ 69.29692519467406, 41.315454279175313 ] ], [ [ 69.29648011195097, 41.318873197174035 ], [ 69.295897800487666, 41.318751422720673 ], [ 69.296162062878167, 41.318395755456443 ], [ 69.295994607928634, 41.318075859538276 ], [ 69.296191568602524, 41.317872686919337 ], [ 69.297049935145779, 41.318571566848554 ], [ 69.29648011195097, 41.318873197174035 ] ], [ [ 69.296544846000046, 41.375871401039269 ], [ 69.296972375845627, 41.37587244955472 ], [ 69.296623228927331, 41.376229974329625 ], [ 69.296544846000046, 41.375871401039269 ] ], [ [ 69.296733686803165, 41.376615811742809 ], [ 69.296840369114435, 41.376672141738879 ], [ 69.296797688466242, 41.376830293078385 ], [ 69.296733686803165, 41.376615811742809 ] ], [ [ 69.296635697111697, 41.374004738201101 ], [ 69.29661193661569, 41.374019561161035 ], [ 69.296609184937452, 41.37400924820404 ], [ 69.296635697111697, 41.374004738201101 ] ], [ [ 69.295703843352911, 41.362840298269475 ], [ 69.29633942862813, 41.362990609818837 ], [ 69.294683449330549, 41.363819594698661 ], [ 69.294229039644165, 41.36374442597932 ], [ 69.293589684767326, 41.364040524308983 ], [ 69.294450791286209, 41.363373178663402 ], [ 69.295703843352911, 41.362840298269475 ] ], [ [ 69.29597710602981, 41.315272675386687 ], [ 69.295990564324811, 41.315275129667718 ], [ 69.295799966742706, 41.31563244212569 ], [ 69.29597710602981, 41.315272675386687 ] ], [ [ 69.295824378082926, 41.321183336283035 ], [ 69.294624441174903, 41.321427522477272 ], [ 69.294473928565111, 41.320322370412818 ], [ 69.295824378082926, 41.321183336283035 ] ], [ [ 69.295703832152626, 41.367172467924867 ], [ 69.295006788546075, 41.36728773144285 ], [ 69.294947462123119, 41.367085420145507 ], [ 69.295189232702896, 41.366957830424099 ], [ 69.295703832152626, 41.367172467924867 ] ], [ [ 69.295493787075543, 41.357189346235259 ], [ 69.295142169667628, 41.357623588881388 ], [ 69.294274716572048, 41.357182672931685 ], [ 69.294635797955166, 41.356730731040841 ], [ 69.295493787075543, 41.357189346235259 ] ], [ [ 69.294681806979156, 41.319478059356378 ], [ 69.295269441460434, 41.319635346481341 ], [ 69.295030941818368, 41.319734525400911 ], [ 69.294681806979156, 41.319478059356378 ] ], [ [ 69.294266265642349, 41.355220812253641 ], [ 69.294896023592912, 41.355244802433738 ], [ 69.295421397072047, 41.355451359934222 ], [ 69.294266265642349, 41.355220812253641 ] ], [ [ 69.29435248512624, 41.296123671487848 ], [ 69.294337168719977, 41.296066935509252 ], [ 69.294403483735948, 41.296073784948113 ], [ 69.29435248512624, 41.296123671487848 ] ], [ [ 69.294597282988462, 41.379749138381172 ], [ 69.293955088123283, 41.379875414230597 ], [ 69.293586720657871, 41.378697439863735 ], [ 69.293831202095305, 41.378633490972234 ], [ 69.293913922003313, 41.379538394127572 ], [ 69.294182586602133, 41.379725737890887 ], [ 69.294597282988462, 41.379749138381172 ] ], [ [ 69.294174184766746, 41.380577124366063 ], [ 69.29421780371068, 41.380568485060856 ], [ 69.294373282150488, 41.381215824301748 ], [ 69.294174184766746, 41.380577124366063 ] ], [ [ 69.294179869682239, 41.374764927762023 ], [ 69.293863968075271, 41.374108164734594 ], [ 69.293973724885134, 41.374088353957738 ], [ 69.294179869682239, 41.374764927762023 ] ], [ [ 69.293728357189892, 41.322893657644023 ], [ 69.293752344673223, 41.322968044857774 ], [ 69.293726907957492, 41.322986698780319 ], [ 69.293728357189892, 41.322893657644023 ] ], [ [ 69.292999924465008, 41.319724496028876 ], [ 69.293248830756184, 41.320065955176752 ], [ 69.293495900239023, 41.320196521212452 ], [ 69.293735675502262, 41.321927326489181 ], [ 69.293439125432997, 41.322056048771081 ], [ 69.292999924465008, 41.319724496028876 ] ], [ [ 69.293729331664949, 41.322776024910034 ], [ 69.29370505253199, 41.322772149479185 ], [ 69.293730805524305, 41.322760971075752 ], [ 69.293729331664949, 41.322776024910034 ] ], [ [ 69.293784236184209, 41.356317928859532 ], [ 69.293465507058627, 41.356798279560429 ], [ 69.292595817948197, 41.356411873666872 ], [ 69.292883213327798, 41.355974668120083 ], [ 69.293784236184209, 41.356317928859532 ] ], [ [ 69.292969815456843, 41.297803103768011 ], [ 69.292847002606948, 41.297562672703805 ], [ 69.293392348267261, 41.297369657848193 ], [ 69.292969815456843, 41.297803103768011 ] ], [ [ 69.291075791464166, 41.354407832277538 ], [ 69.291514302594408, 41.354303348755003 ], [ 69.292197040686005, 41.354658245710901 ], [ 69.293444021904676, 41.354947226215174 ], [ 69.293595935091844, 41.355138297091216 ], [ 69.293387927488183, 41.355359464945536 ], [ 69.291075791464166, 41.354407832277538 ] ], [ [ 69.29288474719668, 41.316276854844197 ], [ 69.293109543968143, 41.315612831316741 ], [ 69.293365658680983, 41.315687404671152 ], [ 69.29288474719668, 41.316276854844197 ] ], [ [ 69.293488342339032, 41.37604398853248 ], [ 69.292125327102966, 41.376278055229214 ], [ 69.291881643474611, 41.376108017100549 ], [ 69.291185379594609, 41.376040886834176 ], [ 69.293417979513322, 41.375654656332436 ], [ 69.293488342339032, 41.37604398853248 ] ], [ [ 69.293181139490017, 41.380768438564438 ], [ 69.293247183221695, 41.380756015199935 ], [ 69.29326983424572, 41.380828683099871 ], [ 69.293181139490017, 41.380768438564438 ] ], [ [ 69.292299810956891, 41.377697306024132 ], [ 69.29294125947132, 41.377634572102899 ], [ 69.29315735919154, 41.37804714039509 ], [ 69.291817549659655, 41.378182779330068 ], [ 69.291668410998398, 41.377666109857032 ], [ 69.292018810403775, 41.377575909283692 ], [ 69.292299810956891, 41.377697306024132 ] ], [ [ 69.291830989681443, 41.363528647386474 ], [ 69.292561109238548, 41.362918612218138 ], [ 69.292824598843438, 41.362901504022254 ], [ 69.2930361789751, 41.363128428097639 ], [ 69.292768337359476, 41.363307408104482 ], [ 69.292224178515085, 41.363287811685701 ], [ 69.291830989681443, 41.363528647386474 ] ], [ [ 69.292266359542538, 41.379744935762055 ], [ 69.292683182600314, 41.378951237640663 ], [ 69.293028163422619, 41.380054474533779 ], [ 69.292404356159579, 41.380171815994281 ], [ 69.292266359542538, 41.379744935762055 ] ], [ [ 69.292932580801306, 41.37427278600142 ], [ 69.292935329261752, 41.374281309146987 ], [ 69.292511247981807, 41.374345654460086 ], [ 69.292932580801306, 41.37427278600142 ] ], [ [ 69.292369911595742, 41.296792564544496 ], [ 69.292502402919425, 41.296874159385197 ], [ 69.292379892060268, 41.29693276350509 ], [ 69.292369911595742, 41.296792564544496 ] ], [ [ 69.292100126701243, 41.365408763973022 ], [ 69.292421822768816, 41.365115839600222 ], [ 69.292802615479545, 41.365481014011387 ], [ 69.292380174446322, 41.36568777207075 ], [ 69.292100126701243, 41.365408763973022 ] ], [ [ 69.292550281285187, 41.351544640529632 ], [ 69.292694211919027, 41.351625958160845 ], [ 69.292484269868055, 41.351676204026838 ], [ 69.292473553036572, 41.351669487765037 ], [ 69.292550281285187, 41.351544640529632 ] ], [ [ 69.291934116091497, 41.320899470867751 ], [ 69.292263628644577, 41.320872780603807 ], [ 69.292501375776496, 41.322206010224356 ], [ 69.29214633797649, 41.322236266519845 ], [ 69.291934116091497, 41.320899470867751 ] ], [ [ 69.292150581106824, 41.35705062066463 ], [ 69.29252621152331, 41.357217516222121 ], [ 69.292172357479032, 41.357295740382824 ], [ 69.292002345616297, 41.35756916729553 ], [ 69.291791279250489, 41.357489647658689 ], [ 69.292150581106824, 41.35705062066463 ] ], [ [ 69.291699261691136, 41.358861671286881 ], [ 69.290438391608973, 41.358374847131309 ], [ 69.290776511253441, 41.358218044671631 ], [ 69.290836417625016, 41.35793557595585 ], [ 69.292070784689315, 41.358400627307972 ], [ 69.29173977930121, 41.358580910037553 ], [ 69.291699261691136, 41.358861671286881 ] ], [ [ 69.291808635103095, 41.370838030587279 ], [ 69.291837706091641, 41.370668082372021 ], [ 69.292104330723987, 41.370623878461899 ], [ 69.291808635103095, 41.370838030587279 ] ], [ [ 69.292030305542823, 41.355648572576399 ], [ 69.291752948774644, 41.356070498253771 ], [ 69.290814521033795, 41.355723514244829 ], [ 69.29107740648773, 41.355282917667573 ], [ 69.292030305542823, 41.355648572576399 ] ], [ [ 69.292107948458579, 41.375141924606517 ], [ 69.290962615651338, 41.375340056224665 ], [ 69.290928489783326, 41.375229780595774 ], [ 69.291251845899808, 41.375271810270092 ], [ 69.292107948458579, 41.375141924606517 ] ], [ [ 69.291819793139865, 41.314873358888384 ], [ 69.291565238580176, 41.314815826356963 ], [ 69.291576805488475, 41.314789532949106 ], [ 69.291819793139865, 41.314873358888384 ] ], [ [ 69.291785540545604, 41.319998236580325 ], [ 69.291799685812265, 41.319988930398495 ], [ 69.291788325727893, 41.320015116302962 ], [ 69.291785540545604, 41.319998236580325 ] ], [ [ 69.291668868539006, 41.352273905138659 ], [ 69.291922218367475, 41.352261237465221 ], [ 69.291926038246331, 41.352506051688827 ], [ 69.291668868539006, 41.352273905138659 ] ], [ [ 69.291692462423299, 41.362597472998104 ], [ 69.291487796941325, 41.362624659537794 ], [ 69.291750740601842, 41.362457773902094 ], [ 69.291692462423299, 41.362597472998104 ] ], [ [ 69.291181484844643, 41.361876839689636 ], [ 69.29040173521399, 41.361165806878944 ], [ 69.290821174641053, 41.360877554958037 ], [ 69.29159923568541, 41.361611699045433 ], [ 69.291181484844643, 41.361876839689636 ] ], [ [ 69.29101045582, 41.367402186704062 ], [ 69.291048066755366, 41.367264657223885 ], [ 69.291621352737948, 41.367224991602406 ], [ 69.291539421333425, 41.367320344362746 ], [ 69.29101045582, 41.367402186704062 ] ], [ [ 69.29141498363029, 41.3514969179678 ], [ 69.291521543588715, 41.351503707748968 ], [ 69.291401301828316, 41.351560784466251 ], [ 69.29141498363029, 41.3514969179678 ] ], [ [ 69.290722970718747, 41.318967093697985 ], [ 69.290926101595133, 41.318569127918039 ], [ 69.291258919127984, 41.318595959198156 ], [ 69.290722970718747, 41.318967093697985 ] ], [ [ 69.291141543236009, 41.322335497479848 ], [ 69.291060846864937, 41.321462833535406 ], [ 69.291198371914746, 41.322329181906042 ], [ 69.291141543236009, 41.322335497479848 ] ], [ [ 69.291308510804626, 41.356708868714954 ], [ 69.291006686331514, 41.35719404564621 ], [ 69.290562185099034, 41.357026572488344 ], [ 69.290885079047285, 41.356904414482798 ], [ 69.290981193032081, 41.356587843777575 ], [ 69.291308510804626, 41.356708868714954 ] ], [ [ 69.290250268195152, 41.312291496428678 ], [ 69.290983527754236, 41.312329821904044 ], [ 69.290784134361544, 41.312880001996874 ], [ 69.290370268305296, 41.312876580265417 ], [ 69.290515275914032, 41.3125735504874 ], [ 69.290250268195152, 41.312291496428678 ] ], [ [ 69.290149248671923, 41.359222536917095 ], [ 69.290244814127931, 41.35910944007351 ], [ 69.290918574823365, 41.359368504439132 ], [ 69.290791236682864, 41.359764230617294 ], [ 69.290149248671923, 41.359222536917095 ] ], [ [ 69.290678132066674, 41.372010085473917 ], [ 69.290167891774644, 41.372093581507087 ], [ 69.290069502822575, 41.372125816851806 ], [ 69.290053464663245, 41.371987781849661 ], [ 69.290938594055291, 41.371738474319933 ], [ 69.290678132066674, 41.372010085473917 ] ], [ [ 69.290840690457927, 41.380443546574554 ], [ 69.290810328689133, 41.380333728272092 ], [ 69.290941750039863, 41.38042659006971 ], [ 69.290840690457927, 41.380443546574554 ] ], [ [ 69.290879724195193, 41.374627806646089 ], [ 69.290768301985125, 41.374712139297145 ], [ 69.290749190177749, 41.374650379797785 ], [ 69.290879724195193, 41.374627806646089 ] ], [ [ 69.289551265846413, 41.37650678818332 ], [ 69.289279673049037, 41.376368478582123 ], [ 69.290252658057298, 41.376201572607016 ], [ 69.290882270731174, 41.378334471634766 ], [ 69.290227656947465, 41.378439377768146 ], [ 69.289551265846413, 41.37650678818332 ] ], [ [ 69.290360500808262, 41.296779285193381 ], [ 69.290336133812346, 41.29674647487392 ], [ 69.290371870939595, 41.296768581243406 ], [ 69.290360500808262, 41.296779285193381 ] ], [ [ 69.287265808050606, 41.328675317219087 ], [ 69.287242532210101, 41.328522054465758 ], [ 69.290431509380525, 41.327773253895437 ], [ 69.290484195581598, 41.327988100060175 ], [ 69.289895238763165, 41.328056820498823 ], [ 69.289673595208981, 41.328369102727414 ], [ 69.287265808050606, 41.328675317219087 ] ], [ [ 69.290393266717828, 41.325910355938085 ], [ 69.290057516957262, 41.326000287146456 ], [ 69.290376422013338, 41.325747510848764 ], [ 69.290393266717828, 41.325910355938085 ] ], [ [ 69.290319100493519, 41.325475894183079 ], [ 69.290342863206376, 41.32542308075103 ], [ 69.290356154145854, 41.325551571438758 ], [ 69.290319100493519, 41.325475894183079 ] ], [ [ 69.289556432456394, 41.338250435288906 ], [ 69.290361283123787, 41.338717649246789 ], [ 69.289657459107843, 41.338792209892283 ], [ 69.289556432456394, 41.338250435288906 ] ], [ [ 69.29010013050889, 41.296600486601669 ], [ 69.290166715527008, 41.296641675206182 ], [ 69.290118054995332, 41.296631327052268 ], [ 69.29010013050889, 41.296600486601669 ] ], [ [ 69.288095680843298, 41.321709446859217 ], [ 69.290036285767755, 41.321529722329615 ], [ 69.290194833649693, 41.322435323404456 ], [ 69.289598702246082, 41.322257171804864 ], [ 69.289197248478501, 41.322534750481346 ], [ 69.288818202701663, 41.322572522928965 ], [ 69.288620933689529, 41.32226532841058 ], [ 69.28805156247553, 41.322267622350473 ], [ 69.288095680843298, 41.321709446859217 ] ], [ [ 69.29032541885644, 41.362265386082136 ], [ 69.290216662780509, 41.362303156561744 ], [ 69.290155906767239, 41.362292093786834 ], [ 69.29032541885644, 41.362265386082136 ] ], [ [ 69.29001106183614, 41.370935474458513 ], [ 69.290065439387703, 41.371204938836392 ], [ 69.289836708311142, 41.371275778260532 ], [ 69.289381338265883, 41.369672219582178 ], [ 69.290184829795763, 41.369768971072737 ], [ 69.290358943476193, 41.370351400297793 ], [ 69.29001106183614, 41.370935474458513 ] ], [ [ 69.290268581969741, 41.354137100802134 ], [ 69.289684653511173, 41.353953484750583 ], [ 69.2899829544901, 41.353465791712367 ], [ 69.290283186683737, 41.353715443091808 ], [ 69.290268581969741, 41.354137100802134 ] ], [ [ 69.290210090256295, 41.35159824019496 ], [ 69.290212325810472, 41.351604891858244 ], [ 69.290210037400783, 41.351605285924656 ], [ 69.290210090256295, 41.35159824019496 ] ], [ [ 69.289556815086556, 41.355285806370304 ], [ 69.289929790703752, 41.355153820096859 ], [ 69.29002763194265, 41.35488609693126 ], [ 69.290222200326937, 41.354958824544987 ], [ 69.289948363364104, 41.355417765589806 ], [ 69.289556815086556, 41.355285806370304 ] ], [ [ 69.290193015724171, 41.360333884577884 ], [ 69.290171868360474, 41.360348417711869 ], [ 69.290174256042405, 41.360319457951114 ], [ 69.290193015724171, 41.360333884577884 ] ], [ [ 69.289405478775535, 41.368945370387294 ], [ 69.289531154549749, 41.368400378680008 ], [ 69.290193260267429, 41.368279080435471 ], [ 69.290145221120142, 41.36903444672226 ], [ 69.289405478775535, 41.368945370387294 ] ], [ [ 69.289810068170397, 41.313860620266816 ], [ 69.289939358145119, 41.313894968319509 ], [ 69.289574206021385, 41.314324190441184 ], [ 69.289810068170397, 41.313860620266816 ] ], [ [ 69.289459279595221, 41.295667289562296 ], [ 69.289814975481107, 41.295778706710635 ], [ 69.289482623861502, 41.296050556532919 ], [ 69.289247743099054, 41.295891223357131 ], [ 69.289459279595221, 41.295667289562296 ] ], [ [ 69.289462809322742, 41.365899996031892 ], [ 69.290004312500344, 41.366111218491056 ], [ 69.289967611743023, 41.366161601219453 ], [ 69.289534782237439, 41.36618750310258 ], [ 69.289462809322742, 41.365899996031892 ] ], [ [ 69.289929242940801, 41.357593782471518 ], [ 69.289704113422431, 41.357562512090929 ], [ 69.289693490897733, 41.357504957252978 ], [ 69.289929242940801, 41.357593782471518 ] ], [ [ 69.289443669461264, 41.326011743141748 ], [ 69.28944414017343, 41.325853574541256 ], [ 69.289707010187087, 41.325982230184955 ], [ 69.289443669461264, 41.326011743141748 ] ], [ [ 69.289385555537422, 41.35272087671536 ], [ 69.28913347665349, 41.352420370129252 ], [ 69.289801067306769, 41.352432223745915 ], [ 69.289385555537422, 41.35272087671536 ] ], [ [ 69.289207975124526, 41.324582833667932 ], [ 69.28896058073741, 41.323285216955462 ], [ 69.289289810813614, 41.323252408702096 ], [ 69.289510867453586, 41.324490758220698 ], [ 69.289207975124526, 41.324582833667932 ] ], [ [ 69.28878508855027, 41.329625146834701 ], [ 69.288908174045943, 41.329277988341836 ], [ 69.289360293177566, 41.329234319295459 ], [ 69.289502881347147, 41.329551935393646 ], [ 69.28878508855027, 41.329625146834701 ] ], [ [ 69.28859958943238, 41.349531390823088 ], [ 69.289073073124854, 41.349188403379493 ], [ 69.28944136933714, 41.349447396304868 ], [ 69.288862764663236, 41.349530247221914 ], [ 69.288669253822647, 41.349721774832027 ], [ 69.28859958943238, 41.349531390823088 ] ], [ [ 69.287290608662019, 41.318389873487554 ], [ 69.289172685043468, 41.318174688683769 ], [ 69.289051757200482, 41.318615221539417 ], [ 69.288591228790978, 41.318763173809913 ], [ 69.287290608662019, 41.318389873487554 ] ], [ [ 69.288897045474314, 41.353099802837455 ], [ 69.289208719091135, 41.353009986112987 ], [ 69.28898672877061, 41.3533729134436 ], [ 69.288946912892357, 41.353370890567916 ], [ 69.288897045474314, 41.353099802837455 ] ], [ [ 69.288500794504756, 41.317131265077627 ], [ 69.288123549677763, 41.317034645849475 ], [ 69.288417950661227, 41.316753517921249 ], [ 69.28840251929914, 41.316477996330775 ], [ 69.287777116515713, 41.316007439448121 ], [ 69.288109398568793, 41.31572186240242 ], [ 69.288370074677744, 41.315803034483018 ], [ 69.28844921252437, 41.316162991140963 ], [ 69.289042019797975, 41.316680159407746 ], [ 69.288500794504756, 41.317131265077627 ] ], [ [ 69.288849018608047, 41.296668723361385 ], [ 69.288369873500784, 41.296542707778343 ], [ 69.288048141658805, 41.296388041242906 ], [ 69.288619877922457, 41.296434546344528 ], [ 69.288849018608047, 41.296668723361385 ] ], [ [ 69.288509582882767, 41.295433647607048 ], [ 69.288641051919143, 41.295266580697081 ], [ 69.288674118165588, 41.29528603003186 ], [ 69.288509582882767, 41.295433647607048 ] ], [ [ 69.287497998050839, 41.325987878335418 ], [ 69.287757529561659, 41.325545736040525 ], [ 69.287932056552521, 41.325820218117514 ], [ 69.288300693300002, 41.325894122440666 ], [ 69.288564769657029, 41.326289934174731 ], [ 69.28785511931197, 41.325983474388842 ], [ 69.287497998050839, 41.325987878335418 ] ], [ [ 69.288605241824058, 41.338327319486545 ], [ 69.2885671089726, 41.338345511915627 ], [ 69.288584993112721, 41.338218764678167 ], [ 69.288605241824058, 41.338327319486545 ] ], [ [ 69.288558715393378, 41.365673388794434 ], [ 69.288550767605187, 41.365860742900992 ], [ 69.288353935001098, 41.365783759117882 ], [ 69.288558715393378, 41.365673388794434 ] ], [ [ 69.287899431863153, 41.324298013201016 ], [ 69.288210386042593, 41.324361551045037 ], [ 69.288276424977582, 41.324780037206885 ], [ 69.287991696779159, 41.324802598623862 ], [ 69.287899431863153, 41.324298013201016 ] ], [ [ 69.288065745173114, 41.323625441391982 ], [ 69.287792334178235, 41.323712299131302 ], [ 69.287738289998131, 41.323416729003426 ], [ 69.288013761752708, 41.323385652689268 ], [ 69.288065745173114, 41.323625441391982 ] ], [ [ 69.287968371274275, 41.338582367311218 ], [ 69.287749835267803, 41.338993214556687 ], [ 69.286644183730658, 41.339098185940841 ], [ 69.286243421473216, 41.338872040307422 ], [ 69.286147007459633, 41.338467486135933 ], [ 69.286419759726684, 41.338604405158549 ], [ 69.287753784999609, 41.338467763835837 ], [ 69.287968371274275, 41.338582367311218 ] ], [ [ 69.28771185891425, 41.331354586805261 ], [ 69.287870291560012, 41.331353116803356 ], [ 69.288015588375956, 41.331681811106876 ], [ 69.287784016439858, 41.331672134314097 ], [ 69.28771185891425, 41.331354586805261 ] ], [ [ 69.287518154404069, 41.310012158694072 ], [ 69.287523610813238, 41.3095840469908 ], [ 69.28777264887286, 41.30955147251143 ], [ 69.28786351586912, 41.309964920375762 ], [ 69.287518154404069, 41.310012158694072 ] ], [ [ 69.287111691301163, 41.357068686077312 ], [ 69.287082964920074, 41.356668922552267 ], [ 69.286483791521903, 41.356554823235555 ], [ 69.286537130856871, 41.356177265482984 ], [ 69.288000186835731, 41.356769917458145 ], [ 69.287522192748114, 41.356744403372865 ], [ 69.287111691301163, 41.357068686077312 ] ], [ [ 69.287783835203783, 41.321542811823363 ], [ 69.287785424893471, 41.321545697734734 ], [ 69.287774157519209, 41.321544104818585 ], [ 69.287783835203783, 41.321542811823363 ] ], [ [ 69.287686017953945, 41.32935338107869 ], [ 69.28740346083579, 41.329419062554777 ], [ 69.287399106960379, 41.32939175256363 ], [ 69.287686017953945, 41.32935338107869 ] ], [ [ 69.287771447353009, 41.3557158833516 ], [ 69.287783750349007, 41.355864099136809 ], [ 69.287435511781354, 41.355723035149403 ], [ 69.287771447353009, 41.3557158833516 ] ], [ [ 69.286847910501237, 41.33783504693632 ], [ 69.287564308069193, 41.337760933936011 ], [ 69.286850639680523, 41.337848902697324 ], [ 69.286847910501237, 41.33783504693632 ] ], [ [ 69.287393750209461, 41.321594928773848 ], [ 69.287426131988269, 41.321590602489223 ], [ 69.287395898716795, 41.321606195814262 ], [ 69.287393750209461, 41.321594928773848 ] ], [ [ 69.287362205473428, 41.335707149868384 ], [ 69.287361315351419, 41.335693390552692 ], [ 69.287374453545439, 41.335705787770181 ], [ 69.287362205473428, 41.335707149868384 ] ], [ [ 69.286623901965854, 41.32683031095096 ], [ 69.286599670921404, 41.326698975346346 ], [ 69.286514786391407, 41.326161722334859 ], [ 69.286871671222556, 41.32642632456951 ], [ 69.287206219830452, 41.32641545712729 ], [ 69.287201010615092, 41.326768828253485 ], [ 69.286623901965854, 41.32683031095096 ] ], [ [ 69.286819783989657, 41.368940323363198 ], [ 69.287187232777114, 41.368878255683448 ], [ 69.287241373298144, 41.368993926006084 ], [ 69.286900104983332, 41.369226254517976 ], [ 69.286819783989657, 41.368940323363198 ] ], [ [ 69.286697201559704, 41.324905182619723 ], [ 69.286492902231288, 41.323650995152384 ], [ 69.286803223487993, 41.323580175634277 ], [ 69.287040508130644, 41.324877975471544 ], [ 69.286697201559704, 41.324905182619723 ] ], [ [ 69.286729697289005, 41.297911344624602 ], [ 69.286712481050216, 41.297921721294799 ], [ 69.286692651577411, 41.297888995441362 ], [ 69.286729697289005, 41.297911344624602 ] ], [ [ 69.286722487398322, 41.318576830088304 ], [ 69.286707109564915, 41.318555335150762 ], [ 69.28673869402715, 41.318550770808663 ], [ 69.286722487398322, 41.318576830088304 ] ], [ [ 69.286371530228763, 41.295275738888655 ], [ 69.286633519093485, 41.295443931929647 ], [ 69.286295804859975, 41.295758264093934 ], [ 69.286238643230845, 41.295719951409446 ], [ 69.286371530228763, 41.295275738888655 ] ], [ [ 69.286563115288956, 41.293744036901245 ], [ 69.286567006253577, 41.293741638492662 ], [ 69.286619849408481, 41.293777651938733 ], [ 69.286563115288956, 41.293744036901245 ] ], [ [ 69.285812824732588, 41.352888741178162 ], [ 69.285999470788539, 41.351752470757248 ], [ 69.286465513077417, 41.351746527484579 ], [ 69.286617761009268, 41.352528178973486 ], [ 69.286431287537141, 41.352866529609841 ], [ 69.286567660341859, 41.353064493996328 ], [ 69.285812824732588, 41.352888741178162 ] ], [ [ 69.285550895409415, 41.335372929630651 ], [ 69.286391319366956, 41.335495966815067 ], [ 69.286411784553493, 41.335812391266025 ], [ 69.285651699947451, 41.335896114202029 ], [ 69.285550895409415, 41.335372929630651 ] ], [ [ 69.286381095683666, 41.357785809133183 ], [ 69.286171802815062, 41.357358765956448 ], [ 69.286445848043698, 41.35730594830035 ], [ 69.286306743313219, 41.357519679767464 ], [ 69.286381095683666, 41.357785809133183 ] ], [ [ 69.286241156605328, 41.347042691835107 ], [ 69.286142730875312, 41.347045021154166 ], [ 69.286239116966371, 41.34703200330199 ], [ 69.286241156605328, 41.347042691835107 ] ], [ [ 69.285502729629741, 41.310502755500025 ], [ 69.285317749980649, 41.310162185076507 ], [ 69.285884168695901, 41.310003895468377 ], [ 69.285911492932485, 41.310894564740607 ], [ 69.285415647768389, 41.311011769421306 ], [ 69.285502729629741, 41.310502755500025 ] ], [ [ 69.286121125996061, 41.354573451201034 ], [ 69.286162604722563, 41.354735625359574 ], [ 69.28601486381379, 41.354758819718164 ], [ 69.286121125996061, 41.354573451201034 ] ], [ [ 69.285446676282973, 41.331157825737776 ], [ 69.285974534925984, 41.331228070986739 ], [ 69.285965542423966, 41.33130061084718 ], [ 69.285446676282973, 41.331157825737776 ] ], [ [ 69.285498433040758, 41.330420957815242 ], [ 69.285709539724749, 41.329717202323522 ], [ 69.285877520553228, 41.329746552274877 ], [ 69.285962509681212, 41.330021834249102 ], [ 69.285498433040758, 41.330420957815242 ] ], [ [ 69.286058672578932, 41.355983446067718 ], [ 69.285956577952192, 41.356000283580443 ], [ 69.285969430049519, 41.355947294340567 ], [ 69.286058672578932, 41.355983446067718 ] ], [ [ 69.284234961629494, 41.3220251118886 ], [ 69.284704404859141, 41.322178788178512 ], [ 69.285092023369543, 41.321903873668518 ], [ 69.285469774322593, 41.321856631894178 ], [ 69.285896720893632, 41.323015895808872 ], [ 69.285580343100307, 41.32296845344986 ], [ 69.285359029347887, 41.322367493477557 ], [ 69.2850488248516, 41.322221339720294 ], [ 69.284564598403989, 41.322385739355077 ], [ 69.284602192529832, 41.32297786249331 ], [ 69.284290922213216, 41.32301196040855 ], [ 69.283929209466407, 41.322693354956108 ], [ 69.283499342403999, 41.322780920681623 ], [ 69.283395828250917, 41.322283691265397 ], [ 69.284234961629494, 41.3220251118886 ] ], [ [ 69.284953874176566, 41.295449197474753 ], [ 69.285002451150248, 41.295139886627467 ], [ 69.284757429887023, 41.294937858695988 ], [ 69.284969322441654, 41.294742605823217 ], [ 69.284906283726158, 41.294297720831736 ], [ 69.285649268244569, 41.294803347220942 ], [ 69.284953874176566, 41.295449197474753 ] ], [ [ 69.284890553704642, 41.324894648271879 ], [ 69.285721720990168, 41.324826789389562 ], [ 69.28574265382197, 41.32495724946773 ], [ 69.28490662900856, 41.325021736592795 ], [ 69.284890553704642, 41.324894648271879 ] ], [ [ 69.285617027406303, 41.353955606534754 ], [ 69.285617465219573, 41.353844155271574 ], [ 69.285570574077056, 41.353758136334008 ], [ 69.28583365357521, 41.353878171786725 ], [ 69.285617027406303, 41.353955606534754 ] ], [ [ 69.28560543338898, 41.324111433452039 ], [ 69.28498992746087, 41.324160707884126 ], [ 69.284607579152379, 41.324193796695639 ], [ 69.28507128885883, 41.324020590814868 ], [ 69.28517354100731, 41.323642182957677 ], [ 69.285537181316187, 41.323696713224464 ], [ 69.28560543338898, 41.324111433452039 ] ], [ [ 69.285216356356841, 41.319573949792485 ], [ 69.285338665595376, 41.31958098372624 ], [ 69.285220874001126, 41.319594046681502 ], [ 69.285216356356841, 41.319573949792485 ] ], [ [ 69.285438220409347, 41.350266809747559 ], [ 69.285444206700276, 41.350340625768283 ], [ 69.285263457879537, 41.35062673185606 ], [ 69.285438220409347, 41.350266809747559 ] ], [ [ 69.285245128917182, 41.357537366728373 ], [ 69.285317014852126, 41.357762718809845 ], [ 69.284269459606136, 41.35810777011524 ], [ 69.284258461649088, 41.358084248944699 ], [ 69.285245128917182, 41.357537366728373 ] ], [ [ 69.28521388017846, 41.350769015486797 ], [ 69.285163318886362, 41.350832965372774 ], [ 69.28525769806231, 41.350638594039111 ], [ 69.28521388017846, 41.350769015486797 ] ], [ [ 69.284310341970397, 41.296933535176798 ], [ 69.284557207654586, 41.296564892052466 ], [ 69.28502315125354, 41.296859765832238 ], [ 69.284349347993398, 41.297493873739072 ], [ 69.284179805859836, 41.297264366836181 ], [ 69.283705439402866, 41.297215358814604 ], [ 69.283418668708379, 41.297023184234064 ], [ 69.282968748772859, 41.297100111406721 ], [ 69.282259079799815, 41.296639144117769 ], [ 69.283288460446926, 41.295762850753832 ], [ 69.283791625776857, 41.296080700712523 ], [ 69.283497656389088, 41.29667353246947 ], [ 69.283634707730442, 41.296929198445504 ], [ 69.28397133389258, 41.29703689537191 ], [ 69.284310341970397, 41.296933535176798 ] ], [ [ 69.284544657811722, 41.289615684185506 ], [ 69.283798176470782, 41.289589826607404 ], [ 69.283430356778908, 41.289364088446519 ], [ 69.283449238166241, 41.288773844650741 ], [ 69.284853756768456, 41.288844717266812 ], [ 69.284544657811722, 41.289615684185506 ] ], [ [ 69.284594968859636, 41.35456822299868 ], [ 69.284815691788523, 41.354448984479056 ], [ 69.28499805175494, 41.354751078981515 ], [ 69.284594968859636, 41.35456822299868 ] ], [ [ 69.284756464656795, 41.328086928964517 ], [ 69.284669191657045, 41.328343725613571 ], [ 69.284152713801589, 41.328157356236609 ], [ 69.284756464656795, 41.328086928964517 ] ], [ [ 69.284718928441734, 41.356692473884664 ], [ 69.284822370294208, 41.356877097277511 ], [ 69.283571231756667, 41.35757056551563 ], [ 69.283112500133143, 41.357136452144836 ], [ 69.284109651203664, 41.356605099268137 ], [ 69.284410042003429, 41.356740722087942 ], [ 69.284718928441734, 41.356692473884664 ] ], [ [ 69.28447937606802, 41.329915111860622 ], [ 69.284521990445555, 41.329835623272366 ], [ 69.284683958943077, 41.329868682081695 ], [ 69.28447937606802, 41.329915111860622 ] ], [ [ 69.284627186763046, 41.325843845529 ], [ 69.284622803141318, 41.325830532249249 ], [ 69.284644681895031, 41.325828728825662 ], [ 69.284627186763046, 41.325843845529 ] ], [ [ 69.284748594919193, 41.35259957508643 ], [ 69.284306865335296, 41.35260718933673 ], [ 69.2841485463711, 41.352633767998071 ], [ 69.284332225518199, 41.352330226387942 ], [ 69.284748594919193, 41.35259957508643 ] ], [ [ 69.284438586192579, 41.30807472353608 ], [ 69.284550172135795, 41.308199209973601 ], [ 69.284523239087846, 41.308250880363012 ], [ 69.284438586192579, 41.30807472353608 ] ], [ [ 69.284420113429348, 41.350266396667692 ], [ 69.28440985629355, 41.350287520603004 ], [ 69.284388430426631, 41.350269233471629 ], [ 69.284420113429348, 41.350266396667692 ] ], [ [ 69.284220831851158, 41.317013484249408 ], [ 69.284066906986382, 41.317060915810544 ], [ 69.283967778246151, 41.316895022781274 ], [ 69.284152517731883, 41.316813090142297 ], [ 69.284220831851158, 41.317013484249408 ] ], [ [ 69.28400010415848, 41.327108221979657 ], [ 69.283964055418735, 41.32686772552217 ], [ 69.284217470438122, 41.326921571101209 ], [ 69.284251510826721, 41.327082639505882 ], [ 69.28400010415848, 41.327108221979657 ] ], [ [ 69.284016011727743, 41.311286757436008 ], [ 69.283790576079696, 41.310585340643328 ], [ 69.284018215132591, 41.310521627931472 ], [ 69.284099506947413, 41.311192724709571 ], [ 69.284016011727743, 41.311286757436008 ] ], [ [ 69.282861669507412, 41.352822390807894 ], [ 69.283319572119893, 41.353005840245558 ], [ 69.283895471409949, 41.352809289614179 ], [ 69.283880325519647, 41.353112858013596 ], [ 69.284135341560741, 41.353298737384677 ], [ 69.283049997149647, 41.353931329983183 ], [ 69.282596170706512, 41.353497088517614 ], [ 69.282861669507412, 41.352822390807894 ] ], [ [ 69.283629805915311, 41.311729691682423 ], [ 69.283096856151715, 41.311525307038302 ], [ 69.283142234454218, 41.311339555399321 ], [ 69.283541861926736, 41.311545732214519 ], [ 69.283860497274148, 41.311465115746707 ], [ 69.283629805915311, 41.311729691682423 ] ], [ [ 69.283725178330513, 41.293259356805066 ], [ 69.283293346673062, 41.29362590583402 ], [ 69.283078742128495, 41.293494965343918 ], [ 69.283358459644134, 41.293436472908482 ], [ 69.283574784205101, 41.293118209265224 ], [ 69.283725178330513, 41.293259356805066 ] ], [ [ 69.283903934712967, 41.334766384123107 ], [ 69.282941405644166, 41.33495513046352 ], [ 69.28334202029545, 41.33468380919318 ], [ 69.283264061979537, 41.334328521425185 ], [ 69.283903934712967, 41.334766384123107 ] ], [ [ 69.282425130240838, 41.354581137767049 ], [ 69.282949841880082, 41.354662000035852 ], [ 69.283945458575204, 41.355114568851533 ], [ 69.283761876387132, 41.355233420586146 ], [ 69.283290616465365, 41.354961423056416 ], [ 69.282863252166607, 41.355094461336044 ], [ 69.282425130240838, 41.354581137767049 ] ], [ [ 69.283049073277397, 41.337575900788742 ], [ 69.283842744437294, 41.337463181028873 ], [ 69.283749693701452, 41.33777181980318 ], [ 69.283448401231823, 41.337786847407088 ], [ 69.283049073277397, 41.337575900788742 ] ], [ [ 69.283804273169267, 41.340094550965119 ], [ 69.283029944185429, 41.339460089375038 ], [ 69.282435422099454, 41.338705949866586 ], [ 69.283520435092797, 41.338654599957835 ], [ 69.283391262724763, 41.339369049325789 ], [ 69.283804273169267, 41.340094550965119 ] ], [ [ 69.283617460960841, 41.325926366824369 ], [ 69.283614876778728, 41.325913608091035 ], [ 69.283627980232282, 41.325912528166583 ], [ 69.283617460960841, 41.325926366824369 ] ], [ [ 69.282470637073232, 41.309861193381373 ], [ 69.281875792452468, 41.310028942684227 ], [ 69.281686274361633, 41.309856925080588 ], [ 69.282127529136403, 41.309408450758937 ], [ 69.28252366056627, 41.30929778843069 ], [ 69.282750134511943, 41.30877869622396 ], [ 69.283531931083999, 41.309564346465734 ], [ 69.282837713029792, 41.309473313973783 ], [ 69.282536983514674, 41.309630255707823 ], [ 69.282470637073232, 41.309861193381373 ] ], [ [ 69.28316827288738, 41.352103706146153 ], [ 69.283583789685309, 41.351821341993684 ], [ 69.283418981425456, 41.352105300855875 ], [ 69.28316827288738, 41.352103706146153 ] ], [ [ 69.283017649103542, 41.311121851714375 ], [ 69.283027770510174, 41.311119022280721 ], [ 69.283042271999676, 41.311149802849947 ], [ 69.283017649103542, 41.311121851714375 ] ], [ [ 69.28052495371243, 41.298139503209718 ], [ 69.280883759905379, 41.298127031082103 ], [ 69.281245983332227, 41.297984209292679 ], [ 69.281684917902822, 41.298159112879326 ], [ 69.282116554884638, 41.298037093129629 ], [ 69.282688174460318, 41.298120930952834 ], [ 69.282847849827149, 41.298221790143145 ], [ 69.282373006621867, 41.298200019012711 ], [ 69.282123216715917, 41.298401419404989 ], [ 69.282195107109814, 41.299217234192341 ], [ 69.28052495371243, 41.298139503209718 ] ], [ [ 69.282805712526269, 41.329025382837322 ], [ 69.282844399114921, 41.329180993684524 ], [ 69.282623872402695, 41.329206631845182 ], [ 69.282589313935318, 41.329050105352202 ], [ 69.282805712526269, 41.329025382837322 ] ], [ [ 69.282635864086046, 41.313590380701946 ], [ 69.28189958795987, 41.312903312664687 ], [ 69.282095039220323, 41.312801364780107 ], [ 69.282767449271802, 41.313084378255667 ], [ 69.282595100837455, 41.313256239841444 ], [ 69.282635864086046, 41.313590380701946 ] ], [ [ 69.28249943644137, 41.330284316701601 ], [ 69.282475505955119, 41.330285413571936 ], [ 69.282499884006555, 41.3302827189871 ], [ 69.28249943644137, 41.330284316701601 ] ], [ [ 69.282342058360641, 41.31525426514262 ], [ 69.282362095145501, 41.315248429607763 ], [ 69.282329275577311, 41.315266850479773 ], [ 69.282342058360641, 41.31525426514262 ] ], [ [ 69.281978064636448, 41.325328663739036 ], [ 69.281449980280328, 41.325346720757928 ], [ 69.281966754534892, 41.325027510757963 ], [ 69.281978064636448, 41.325328663739036 ] ], [ [ 69.281977207091686, 41.332315235558418 ], [ 69.282010760669152, 41.332349808136399 ], [ 69.281988495042938, 41.332355911157833 ], [ 69.281977207091686, 41.332315235558418 ] ], [ [ 69.281940587280516, 41.352327484141576 ], [ 69.281987412457923, 41.352408290294129 ], [ 69.281914184843345, 41.352574029890604 ], [ 69.281940587280516, 41.352327484141576 ] ], [ [ 69.281479991764087, 41.314166594101764 ], [ 69.281021578773505, 41.313361276635582 ], [ 69.281425380532653, 41.313150657893679 ], [ 69.281870115406363, 41.31404667370164 ], [ 69.281479991764087, 41.314166594101764 ] ], [ [ 69.28115515080934, 41.295288806537833 ], [ 69.281620255693355, 41.295588715167547 ], [ 69.281193823456334, 41.295962857963666 ], [ 69.280969438978389, 41.295468127998149 ], [ 69.28115515080934, 41.295288806537833 ] ], [ [ 69.281663167457921, 41.329454979569292 ], [ 69.281697899869371, 41.329402185425678 ], [ 69.281705295100835, 41.329435682756163 ], [ 69.281663167457921, 41.329454979569292 ] ], [ [ 69.281673018653166, 41.332743610357745 ], [ 69.281690499864553, 41.332927483247396 ], [ 69.28147670520957, 41.332988153869671 ], [ 69.281249092903877, 41.33283683779792 ], [ 69.281673018653166, 41.332743610357745 ] ], [ [ 69.281272160217128, 41.324276923005385 ], [ 69.281306888790965, 41.32422460274924 ], [ 69.281336507047115, 41.324271881671905 ], [ 69.281272160217128, 41.324276923005385 ] ], [ [ 69.28123692222276, 41.329650222087515 ], [ 69.280811923303943, 41.329968378706852 ], [ 69.280843653689971, 41.330360195184483 ], [ 69.280330031742068, 41.330380328690879 ], [ 69.280213854700321, 41.329712373921957 ], [ 69.280517149354253, 41.329339585996074 ], [ 69.280348273282812, 41.32910866481128 ], [ 69.2807454851296, 41.329198933562147 ], [ 69.280829710124266, 41.329475859789525 ], [ 69.28123692222276, 41.329650222087515 ] ], [ [ 69.280357005919811, 41.299333582316883 ], [ 69.281108390627523, 41.29975312205304 ], [ 69.280402062760771, 41.300785603083227 ], [ 69.279430352545774, 41.300480513100702 ], [ 69.279450989467691, 41.300045622328135 ], [ 69.280357005919811, 41.299333582316883 ] ], [ [ 69.280788186595217, 41.302310350136892 ], [ 69.280797298547455, 41.302382385141144 ], [ 69.280696858392233, 41.302393835258925 ], [ 69.280788186595217, 41.302310350136892 ] ], [ [ 69.280641539423272, 41.290215244348133 ], [ 69.280453257440271, 41.290824261228693 ], [ 69.2800644730372, 41.290909321275606 ], [ 69.279152606485823, 41.29175063595396 ], [ 69.278522247795451, 41.291343540971894 ], [ 69.278626757238086, 41.290964866870965 ], [ 69.279657981841609, 41.290818198102265 ], [ 69.279878059108199, 41.29053498736625 ], [ 69.280641539423272, 41.290215244348133 ] ], [ [ 69.280561122691282, 41.332114131707755 ], [ 69.280467678024621, 41.331260889815958 ], [ 69.280718906784301, 41.331126715891351 ], [ 69.280597394608492, 41.331370392806605 ], [ 69.280743814472132, 41.331942237499959 ], [ 69.280561122691282, 41.332114131707755 ] ], [ [ 69.280666681099362, 41.319061453835076 ], [ 69.280015900916609, 41.318647599219069 ], [ 69.280611181266266, 41.318750642943947 ], [ 69.280666681099362, 41.319061453835076 ] ], [ [ 69.278842281735663, 41.32532003252868 ], [ 69.279728042914442, 41.325141899406518 ], [ 69.279945262824, 41.324776566490883 ], [ 69.279580647051475, 41.324485476788453 ], [ 69.278670670366495, 41.324519062772708 ], [ 69.280030178930275, 41.324384155066589 ], [ 69.280392296773229, 41.324726435057514 ], [ 69.280461419185315, 41.325417843973199 ], [ 69.280133436600892, 41.325548719870177 ], [ 69.279701196639934, 41.325361995556158 ], [ 69.278879670232797, 41.325511035815346 ], [ 69.278842281735663, 41.32532003252868 ] ], [ [ 69.280307021696117, 41.308258529783735 ], [ 69.279875492026974, 41.308416560133395 ], [ 69.279689437717906, 41.307663728680474 ], [ 69.279768758540797, 41.30765385341256 ], [ 69.280307021696117, 41.308258529783735 ] ], [ [ 69.280261151059761, 41.322728707675381 ], [ 69.280201278621107, 41.322705581548952 ], [ 69.280349135364474, 41.322717988971164 ], [ 69.280261151059761, 41.322728707675381 ] ], [ [ 69.280217155284461, 41.339470906115544 ], [ 69.280155941450687, 41.339255325308613 ], [ 69.280370398773741, 41.339625837054285 ], [ 69.280217155284461, 41.339470906115544 ] ], [ [ 69.279531506204691, 41.326895451255211 ], [ 69.278799984379162, 41.326958845976662 ], [ 69.278649760380347, 41.326258465461969 ], [ 69.279233388972784, 41.326204235648262 ], [ 69.279788553692782, 41.326356692986366 ], [ 69.280113114191991, 41.325991631866955 ], [ 69.280283610207618, 41.326200991038981 ], [ 69.279699937733156, 41.326559955630181 ], [ 69.279531506204691, 41.326895451255211 ] ], [ [ 69.279696012100544, 41.294683805999753 ], [ 69.279444541517606, 41.294537205124747 ], [ 69.279860221682341, 41.2941923235161 ], [ 69.280091041374618, 41.294339103121509 ], [ 69.279696012100544, 41.294683805999753 ] ], [ [ 69.280005630454355, 41.333749004135107 ], [ 69.280062888661078, 41.333853268948936 ], [ 69.27962767330925, 41.334094211746105 ], [ 69.279387205752784, 41.333799713111894 ], [ 69.280005630454355, 41.333749004135107 ] ], [ [ 69.279981339410227, 41.338850076996728 ], [ 69.279927260433325, 41.338848982148228 ], [ 69.279897394305664, 41.338827115013771 ], [ 69.279981339410227, 41.338850076996728 ] ], [ [ 69.278209090753805, 41.316085810615611 ], [ 69.278785124379638, 41.316085045933924 ], [ 69.279591869885707, 41.315773885103241 ], [ 69.279853038150065, 41.315839812484633 ], [ 69.27987299517703, 41.316002266764272 ], [ 69.278998388895829, 41.316549514938501 ], [ 69.278272522853754, 41.316715537492556 ], [ 69.278373173576995, 41.316473343116748 ], [ 69.278209090753805, 41.316085810615611 ] ], [ [ 69.279614878423487, 41.31420974546549 ], [ 69.27985028195576, 41.314757904410307 ], [ 69.279176107021456, 41.314904428146619 ], [ 69.279614878423487, 41.31420974546549 ] ], [ [ 69.279860346475331, 41.338809655413939 ], [ 69.279759007400187, 41.338773735878981 ], [ 69.279740674297727, 41.338727159354789 ], [ 69.279860346475331, 41.338809655413939 ] ], [ [ 69.279517925462216, 41.323511760628165 ], [ 69.279752303720443, 41.323497191338397 ], [ 69.279771822344685, 41.323640862029748 ], [ 69.279451477529818, 41.323717564106872 ], [ 69.279517925462216, 41.323511760628165 ] ], [ [ 69.279339099631969, 41.301555018990761 ], [ 69.279449089723798, 41.301266976870608 ], [ 69.279625434035879, 41.301322344189089 ], [ 69.279339099631969, 41.301555018990761 ] ], [ [ 69.279032979023427, 41.318338003859139 ], [ 69.279331672725107, 41.320012833411162 ], [ 69.27667829606267, 41.320309001276989 ], [ 69.276570664037195, 41.319867377792448 ], [ 69.27700975319587, 41.319767748979935 ], [ 69.277241504041342, 41.31991424200276 ], [ 69.277606913117296, 41.319901620814051 ], [ 69.278667249257637, 41.319025817903025 ], [ 69.278488183245571, 41.318233886179335 ], [ 69.279032979023427, 41.318338003859139 ] ], [ [ 69.279006816789035, 41.313642339831411 ], [ 69.279016739161861, 41.313618411418716 ], [ 69.27905982638174, 41.313598145951175 ], [ 69.279006816789035, 41.313642339831411 ] ], [ [ 69.278118084598503, 41.295708953948832 ], [ 69.278749839640497, 41.295686331460153 ], [ 69.278862253930043, 41.295991003797589 ], [ 69.277953991549225, 41.295870325630304 ], [ 69.278118084598503, 41.295708953948832 ] ], [ [ 69.278854771466968, 41.309723092869888 ], [ 69.278855607695093, 41.309728566631748 ], [ 69.278840326121554, 41.309735714858711 ], [ 69.278854771466968, 41.309723092869888 ] ], [ [ 69.27813558168765, 41.300205374696624 ], [ 69.278503370954624, 41.300372041170142 ], [ 69.278567775973542, 41.300410791084026 ], [ 69.278315545880815, 41.300420365427904 ], [ 69.27813558168765, 41.300205374696624 ] ], [ [ 69.272070312851824, 41.308340546626994 ], [ 69.271449828262575, 41.307331258971388 ], [ 69.272999988304889, 41.306921580774073 ], [ 69.273669010049375, 41.305838584372246 ], [ 69.274163842237229, 41.305690414168545 ], [ 69.274294190492952, 41.305982233751948 ], [ 69.273904876381408, 41.306092788818319 ], [ 69.273780695358155, 41.306352172119425 ], [ 69.274055722155282, 41.30695103648511 ], [ 69.274546464882832, 41.307222664537171 ], [ 69.275220701542111, 41.307125210283182 ], [ 69.275649137539048, 41.306074846452681 ], [ 69.275923366361454, 41.305807514570091 ], [ 69.275870698632005, 41.305597788518661 ], [ 69.276968159263475, 41.305514193006239 ], [ 69.277360526384527, 41.30514592503156 ], [ 69.277490102350257, 41.305186726579429 ], [ 69.277184352744399, 41.305461118194088 ], [ 69.277188008585512, 41.305736872252524 ], [ 69.277959997669413, 41.306050385373254 ], [ 69.278338381007217, 41.307883562462209 ], [ 69.276645195560249, 41.308000559055941 ], [ 69.276266877456521, 41.30836497077059 ], [ 69.27451947416165, 41.308975355850031 ], [ 69.273825791635602, 41.308869957020356 ], [ 69.272837803659456, 41.308394862982553 ], [ 69.272472951667567, 41.308375787374295 ], [ 69.272083726828527, 41.308591416293524 ], [ 69.271802442459972, 41.309078153336934 ], [ 69.271692675695178, 41.30910248049581 ], [ 69.272070312851824, 41.308340546626994 ] ], [ [ 69.278261426109395, 41.296688045130828 ], [ 69.278223890720099, 41.296663195891007 ], [ 69.278278009840747, 41.296673311651581 ], [ 69.278261426109395, 41.296688045130828 ] ], [ [ 69.278091555991722, 41.31492261412663 ], [ 69.277917641602201, 41.314959857764549 ], [ 69.277802517272534, 41.314669365195783 ], [ 69.278091555991722, 41.31492261412663 ] ], [ [ 69.277535667670307, 41.302421758195806 ], [ 69.277914468167467, 41.302825310398958 ], [ 69.277242759926736, 41.302669538416154 ], [ 69.277535667670307, 41.302421758195806 ] ], [ [ 69.275212968353074, 41.312996247002026 ], [ 69.277819140648518, 41.312177845519159 ], [ 69.277945355754809, 41.312431383624741 ], [ 69.277590968729925, 41.312888522238154 ], [ 69.275434439322041, 41.313477123281316 ], [ 69.275212968353074, 41.312996247002026 ] ], [ [ 69.277827575049812, 41.326940051913013 ], [ 69.277731052634664, 41.32670611810692 ], [ 69.277664331838551, 41.326355335603573 ], [ 69.277827575049812, 41.326940051913013 ] ], [ [ 69.277066206420756, 41.314561979034877 ], [ 69.277419783240433, 41.3142639089317 ], [ 69.277666406959767, 41.314550107680247 ], [ 69.276680158140579, 41.314595963284887 ], [ 69.276045528780344, 41.314929092646821 ], [ 69.275894081043134, 41.31455366949583 ], [ 69.276572914758816, 41.314435125229572 ], [ 69.277066206420756, 41.314561979034877 ] ], [ [ 69.277185639887364, 41.298543779067352 ], [ 69.276684476956049, 41.298759259164484 ], [ 69.276517589911663, 41.29850521994581 ], [ 69.275458527089526, 41.297832496795905 ], [ 69.276405845593644, 41.296889901727305 ], [ 69.277543535103632, 41.29744916903509 ], [ 69.277173093030683, 41.297350160749112 ], [ 69.276750481202569, 41.29759245132729 ], [ 69.2768419563252, 41.298335250515372 ], [ 69.277185639887364, 41.298543779067352 ] ], [ [ 69.277432722605852, 41.292520290758887 ], [ 69.277052061517438, 41.292369538531183 ], [ 69.277168130213269, 41.292261325577449 ], [ 69.277432722605852, 41.292520290758887 ] ], [ [ 69.277416662232255, 41.304414321382673 ], [ 69.277366859610112, 41.304470177635856 ], [ 69.277271255972451, 41.304329060986433 ], [ 69.277416662232255, 41.304414321382673 ] ], [ [ 69.277178825956582, 41.33551643220725 ], [ 69.27706953392989, 41.335477419428344 ], [ 69.277331258458034, 41.335431961286453 ], [ 69.277178825956582, 41.33551643220725 ] ], [ [ 69.277237287525281, 41.318232728115191 ], [ 69.277230142454769, 41.318290988070494 ], [ 69.277196257819782, 41.318242864941915 ], [ 69.277237287525281, 41.318232728115191 ] ], [ [ 69.276852412961063, 41.309199747148931 ], [ 69.276701131138978, 41.310083878873321 ], [ 69.276163195289655, 41.310107359647589 ], [ 69.2761652200345, 41.309799672309694 ], [ 69.275890866982451, 41.30961731319298 ], [ 69.275008359379299, 41.309825812543437 ], [ 69.274920588737871, 41.309631432506606 ], [ 69.277166867237042, 41.309008728212525 ], [ 69.276852412961063, 41.309199747148931 ] ], [ [ 69.276346760405488, 41.303786964338094 ], [ 69.277109189795269, 41.304234031402316 ], [ 69.276823268444545, 41.304198139287919 ], [ 69.276134333563789, 41.304491074247302 ], [ 69.276346760405488, 41.303786964338094 ] ], [ [ 69.275580726729729, 41.320411159706708 ], [ 69.275647038014398, 41.320065301269594 ], [ 69.275728447751817, 41.320399351812313 ], [ 69.275580726729729, 41.320411159706708 ] ], [ [ 69.275267242716524, 41.298709986831 ], [ 69.275589194172198, 41.298857679577907 ], [ 69.275238728429585, 41.298986998578989 ], [ 69.275267242716524, 41.298709986831 ] ], [ [ 69.274968721087546, 41.303694134213451 ], [ 69.274795353621286, 41.304500293732929 ], [ 69.272234273982875, 41.305050114032497 ], [ 69.271885352141837, 41.305031327915422 ], [ 69.271343938128652, 41.304516661078083 ], [ 69.273055384070759, 41.304122686418758 ], [ 69.273559930192761, 41.304230209724068 ], [ 69.2745363832951, 41.304002361340295 ], [ 69.274968721087546, 41.303694134213451 ] ], [ [ 69.274782988804247, 41.312060779636937 ], [ 69.274642183006677, 41.311755507866678 ], [ 69.274769760184583, 41.311718900408934 ], [ 69.274913130899847, 41.312025604452188 ], [ 69.274782988804247, 41.312060779636937 ] ], [ [ 69.274866712457069, 41.314993552055221 ], [ 69.274837891132933, 41.314990495461814 ], [ 69.274866000456612, 41.314978266824554 ], [ 69.274866712457069, 41.314993552055221 ] ], [ [ 69.27464406137166, 41.317334845716232 ], [ 69.27448674543092, 41.317312883421259 ], [ 69.274372352009323, 41.317228582594026 ], [ 69.274771340878729, 41.317138297795935 ], [ 69.27464406137166, 41.317334845716232 ] ], [ [ 69.274231735240562, 41.300865768106583 ], [ 69.274321418799104, 41.301004632005402 ], [ 69.273999028848209, 41.300928648804224 ], [ 69.274231735240562, 41.300865768106583 ] ], [ [ 69.274284258607352, 41.315181194108931 ], [ 69.274267122591624, 41.315140662587744 ], [ 69.274328125313815, 41.315125063376385 ], [ 69.274284258607352, 41.315181194108931 ] ], [ [ 69.273112206541626, 41.302538153324676 ], [ 69.272413121640895, 41.302721005312279 ], [ 69.271713037695889, 41.302682019945657 ], [ 69.272471728415823, 41.302466245859044 ], [ 69.273121781610968, 41.301659410912613 ], [ 69.273100212691574, 41.301157682159484 ], [ 69.273730574859442, 41.301007075548462 ], [ 69.27355094538531, 41.30133518046717 ], [ 69.273668377008363, 41.301946201027661 ], [ 69.273340285594443, 41.301842089603738 ], [ 69.272989317786468, 41.301919553014478 ], [ 69.272830235701988, 41.302301510326508 ], [ 69.273112206541626, 41.302538153324676 ] ], [ [ 69.27355946398896, 41.295461003402458 ], [ 69.273496916558187, 41.295566308668938 ], [ 69.273416224572003, 41.295423520091653 ], [ 69.27355946398896, 41.295461003402458 ] ], [ [ 69.273481555181576, 41.312416059762384 ], [ 69.273363030262175, 41.31215330901896 ], [ 69.273486696455038, 41.312120459958884 ], [ 69.273609398937552, 41.312380980419654 ], [ 69.273481555181576, 41.312416059762384 ] ], [ [ 69.273189801868185, 41.296069854640351 ], [ 69.273235076839356, 41.296062700664088 ], [ 69.273229164936282, 41.296091716590645 ], [ 69.273189801868185, 41.296069854640351 ] ], [ [ 69.27296160882895, 41.310932605560893 ], [ 69.272813709429428, 41.310802570195428 ], [ 69.272906963189058, 41.310799579596761 ], [ 69.27296160882895, 41.310932605560893 ] ], [ [ 69.272617363770209, 41.312738233903602 ], [ 69.271449621810376, 41.313053507144019 ], [ 69.271299880169423, 41.312702804502791 ], [ 69.272362195429892, 41.312418494862634 ], [ 69.272617363770209, 41.312738233903602 ] ], [ [ 69.272581422278975, 41.319272166061737 ], [ 69.27252454777215, 41.319330723214286 ], [ 69.272512227739071, 41.319288103958215 ], [ 69.272581422278975, 41.319272166061737 ] ], [ [ 69.271496705747808, 41.316440548647016 ], [ 69.271773629563299, 41.316377636964781 ], [ 69.272006700631593, 41.316841144102355 ], [ 69.27171161453964, 41.316913139011504 ], [ 69.271496705747808, 41.316440548647016 ] ], [ [ 69.270417907015656, 41.310736183811358 ], [ 69.271241767878209, 41.310538509416581 ], [ 69.271381199688193, 41.310742873461663 ], [ 69.271767859385946, 41.310836104859639 ], [ 69.271890146966811, 41.311097526654301 ], [ 69.270962907510608, 41.311376980781986 ], [ 69.27080810437478, 41.311621764818462 ], [ 69.270417907015656, 41.310736183811358 ] ], [ [ 69.271380945282772, 41.296880785713526 ], [ 69.271393140042392, 41.296807041428217 ], [ 69.271394428400143, 41.296917896795186 ], [ 69.271380945282772, 41.296880785713526 ] ], [ [ 69.271376108129672, 41.296664828873681 ], [ 69.271391592102972, 41.296673850018813 ], [ 69.271391993023229, 41.296708346997086 ], [ 69.271376108129672, 41.296664828873681 ] ], [ [ 69.270423396031148, 41.295962056345367 ], [ 69.27084553538991, 41.295880010908618 ], [ 69.271036896706207, 41.295519623952138 ], [ 69.271141603678075, 41.295775012106688 ], [ 69.270853123663642, 41.295904824211028 ], [ 69.270762934777096, 41.296183551813002 ], [ 69.270423396031148, 41.295962056345367 ] ], [ [ 69.270969965183696, 41.305320707719112 ], [ 69.270476304023973, 41.305456859262279 ], [ 69.270052746142198, 41.30538703434808 ], [ 69.270274992603504, 41.304969689963272 ], [ 69.269887591994276, 41.304727242520016 ], [ 69.270292130464, 41.304676347051426 ], [ 69.270969965183696, 41.305320707719112 ] ], [ [ 69.270657141862714, 41.314652011405705 ], [ 69.270796398180551, 41.314498596141526 ], [ 69.27083939062787, 41.314605827326417 ], [ 69.270657141862714, 41.314652011405705 ] ], [ [ 69.27037830991587, 41.303775927152351 ], [ 69.270667143956018, 41.303675482777216 ], [ 69.270756971353279, 41.303639686046488 ], [ 69.270768588413887, 41.303680214591331 ], [ 69.27037830991587, 41.303775927152351 ] ], [ [ 69.270134560558716, 41.318586957870451 ], [ 69.26994097012097, 41.318141265181701 ], [ 69.270643176298506, 41.318463066162437 ], [ 69.270134560558716, 41.318586957870451 ] ], [ [ 69.270116688606095, 41.298321278485439 ], [ 69.270155824477655, 41.298350312586145 ], [ 69.270090322099406, 41.29834462766938 ], [ 69.270116688606095, 41.298321278485439 ] ], [ [ 69.269873921217737, 41.297702662897692 ], [ 69.269297461547282, 41.297769260763317 ], [ 69.26934546602601, 41.297602032274924 ], [ 69.269804498259461, 41.297450278958834 ], [ 69.269873921217737, 41.297702662897692 ] ], [ [ 69.269340506778619, 41.3031566295153 ], [ 69.269243195405807, 41.303417419464303 ], [ 69.268926866124133, 41.303521765734352 ], [ 69.269340506778619, 41.3031566295153 ] ], [ [ 69.268983570092189, 41.298542890026994 ], [ 69.268733864062469, 41.29894572202118 ], [ 69.268536180531555, 41.299141333509269 ], [ 69.268663100482812, 41.298634270764559 ], [ 69.268983570092189, 41.298542890026994 ] ], [ [ 69.268071339216903, 41.301032711782469 ], [ 69.268080522702562, 41.301009917828715 ], [ 69.26809673712269, 41.301060863491713 ], [ 69.268071339216903, 41.301032711782469 ] ], [ [ 69.265374599501286, 41.310870678772908 ], [ 69.26715313143751, 41.310277483549257 ], [ 69.268105878182425, 41.312403998190881 ], [ 69.266075134508611, 41.3130273992955 ], [ 69.265131687027235, 41.31110833616426 ], [ 69.265374599501286, 41.310870678772908 ] ], [ [ 69.267317957643783, 41.296760495292972 ], [ 69.266877324619045, 41.296712897823518 ], [ 69.266530003565521, 41.296912715729583 ], [ 69.266961736530774, 41.296538511820117 ], [ 69.267306076790732, 41.296726633884099 ], [ 69.267780890322186, 41.29667286703652 ], [ 69.267687972442261, 41.296984319521819 ], [ 69.267317957643783, 41.296760495292972 ] ], [ [ 69.267642550853708, 41.31921855162998 ], [ 69.266735996462813, 41.317607306617347 ], [ 69.266949864759027, 41.317553977793999 ], [ 69.267642550853708, 41.31921855162998 ] ], [ [ 69.266919133304057, 41.314744232246021 ], [ 69.267103391039115, 41.314725205665695 ], [ 69.267467879249068, 41.315516600767019 ], [ 69.267319159711462, 41.31555782296536 ], [ 69.266919133304057, 41.314744232246021 ] ], [ [ 69.266956358797543, 41.297982333848566 ], [ 69.266817705162325, 41.297961892023118 ], [ 69.266954034584941, 41.297790373320687 ], [ 69.266998892243649, 41.297815105839256 ], [ 69.266956358797543, 41.297982333848566 ] ], [ [ 69.2641745270369, 41.311234676624814 ], [ 69.264173632945841, 41.311758607175129 ], [ 69.264535423990537, 41.311968857485894 ], [ 69.266133066691282, 41.315218726787542 ], [ 69.266027524092593, 41.315594202139017 ], [ 69.266433369796417, 41.315829475086737 ], [ 69.266163617472216, 41.316157867131523 ], [ 69.265963838725582, 41.316127214380444 ], [ 69.265975969999261, 41.315687379426031 ], [ 69.265581412752368, 41.315192861695159 ], [ 69.265852596059247, 41.314932038879235 ], [ 69.265838808842261, 41.314656467433636 ], [ 69.265477143887097, 41.314363804687723 ], [ 69.265520907405559, 41.314003436380432 ], [ 69.264717797282358, 41.31314269806942 ], [ 69.264188141655993, 41.313171102418345 ], [ 69.264007025864998, 41.313410686296159 ], [ 69.264267605495121, 41.314297958417136 ], [ 69.263612297879206, 41.313807019328081 ], [ 69.263066428802375, 41.314016017028777 ], [ 69.262989920719619, 41.314285684153717 ], [ 69.263520521590564, 41.314953903085595 ], [ 69.26224174062547, 41.315029858631227 ], [ 69.261108538443551, 41.31348797560252 ], [ 69.261201531922012, 41.313270998745608 ], [ 69.260951778396631, 41.312878416481496 ], [ 69.262117243544395, 41.313316192580174 ], [ 69.262467171190892, 41.31323594627159 ], [ 69.262639347144159, 41.312992644471443 ], [ 69.262532914650293, 41.312728810804813 ], [ 69.261528161533434, 41.312293517138606 ], [ 69.261777977052645, 41.312094437017301 ], [ 69.261792617528684, 41.311474340516362 ], [ 69.26298551767826, 41.311454454294257 ], [ 69.263603639801516, 41.311219813541285 ], [ 69.2641745270369, 41.311234676624814 ] ], [ [ 69.26567243120175, 41.301573549927106 ], [ 69.26543284977889, 41.30104316527342 ], [ 69.265753547984815, 41.30075429963383 ], [ 69.265978222962545, 41.30086232489316 ], [ 69.265852224427462, 41.301213362761764 ], [ 69.266049290919256, 41.301427112489115 ], [ 69.265876523927687, 41.301648129114263 ], [ 69.26567243120175, 41.301573549927106 ] ], [ [ 69.265236166090048, 41.303118556038783 ], [ 69.265359273827187, 41.303052662135478 ], [ 69.265303431614896, 41.303263753610842 ], [ 69.265236166090048, 41.303118556038783 ] ], [ [ 69.264976302451586, 41.318262222470956 ], [ 69.264926201404407, 41.318179812447106 ], [ 69.265066567506565, 41.318180472276005 ], [ 69.264976302451586, 41.318262222470956 ] ], [ [ 69.264720640565542, 41.317344934489142 ], [ 69.264725250140927, 41.31745823860944 ], [ 69.264709997831801, 41.317332823141498 ], [ 69.264720640565542, 41.317344934489142 ] ], [ [ 69.263881781426775, 41.304199279947682 ], [ 69.263559768971447, 41.303673863833801 ], [ 69.262958233029877, 41.303489810472328 ], [ 69.263355049681778, 41.303322579352951 ], [ 69.263639742534437, 41.302954919570404 ], [ 69.263565587553302, 41.302684880524481 ], [ 69.263258197261905, 41.302533484963419 ], [ 69.263347177568619, 41.302335225287798 ], [ 69.264036909126219, 41.303001688021126 ], [ 69.264669648524475, 41.304457910032824 ], [ 69.263854218163502, 41.304663538467103 ], [ 69.263881781426775, 41.304199279947682 ] ], [ [ 69.260375412067205, 41.310357409149788 ], [ 69.257959067479518, 41.307838028190091 ], [ 69.259954050890258, 41.307312980139507 ], [ 69.260530128644945, 41.307860411975007 ], [ 69.260891532047495, 41.307902682620821 ], [ 69.261250694359376, 41.307607828076534 ], [ 69.260875898415634, 41.307042693197189 ], [ 69.261348845293568, 41.306901650121254 ], [ 69.262516695789699, 41.307443950021216 ], [ 69.262975337690335, 41.307286516911105 ], [ 69.263114691337734, 41.306854843057579 ], [ 69.263417420910741, 41.306992260035642 ], [ 69.263250647188642, 41.307254868921454 ], [ 69.26350154597371, 41.307834794610848 ], [ 69.263006235329584, 41.308005941856436 ], [ 69.262856266365773, 41.308257458663604 ], [ 69.263137956750455, 41.308596822959636 ], [ 69.264097375099965, 41.308542884579438 ], [ 69.264123540858648, 41.308755713172317 ], [ 69.263682804792921, 41.309035768588501 ], [ 69.263848010426599, 41.309840882065075 ], [ 69.263164753195312, 41.3100485079433 ], [ 69.263044186450529, 41.310333325261112 ], [ 69.262318925108389, 41.310048997418164 ], [ 69.262008022291454, 41.310194236042626 ], [ 69.261926435982645, 41.310417724168332 ], [ 69.260856009523607, 41.310508392099543 ], [ 69.260375412067205, 41.310357409149788 ] ], [ [ 69.262671296715979, 41.315884319633533 ], [ 69.262739447053463, 41.316432911448381 ], [ 69.262414096279642, 41.316888366729081 ], [ 69.261478505801648, 41.316956125418109 ], [ 69.261010387767413, 41.317179111822647 ], [ 69.262114900760579, 41.315770797915597 ], [ 69.262824888851284, 41.315718071276287 ], [ 69.262671296715979, 41.315884319633533 ] ], [ [ 69.261649692354894, 41.302574079910769 ], [ 69.262012237709897, 41.302921614564951 ], [ 69.261280159406738, 41.302776712532982 ], [ 69.261649692354894, 41.302574079910769 ] ], [ [ 69.262008982182451, 41.303614143402825 ], [ 69.261580275003382, 41.304234814642619 ], [ 69.261475068959143, 41.304204547206837 ], [ 69.261399759555289, 41.303558991555029 ], [ 69.262008982182451, 41.303614143402825 ] ], [ [ 69.261299379761823, 41.305215918379787 ], [ 69.261473918498524, 41.305056650167572 ], [ 69.26165625322308, 41.305113086000084 ], [ 69.261299379761823, 41.305215918379787 ] ], [ [ 69.261086360325208, 41.301991988711038 ], [ 69.261085804633339, 41.301376968117026 ], [ 69.261549734077661, 41.301738221129888 ], [ 69.261086360325208, 41.301991988711038 ] ], [ [ 69.261346679824101, 41.315338944582599 ], [ 69.260317356251079, 41.316552236503185 ], [ 69.259368521665465, 41.315934191000537 ], [ 69.259338770399779, 41.315467201288293 ], [ 69.260189858982798, 41.313721763476202 ], [ 69.261346679824101, 41.315338944582599 ] ], [ [ 69.260977710490337, 41.300774870906089 ], [ 69.260981378877403, 41.30076592324523 ], [ 69.260993038951028, 41.30076741250263 ], [ 69.260977710490337, 41.300774870906089 ] ], [ [ 69.260841349095429, 41.301065075063143 ], [ 69.260865800961781, 41.301166228660151 ], [ 69.260923317012868, 41.301233450676094 ], [ 69.260783724982119, 41.301188179162466 ], [ 69.260841349095429, 41.301065075063143 ] ], [ [ 69.260288760493239, 41.311607595647438 ], [ 69.260740974316477, 41.311665153393648 ], [ 69.260766112535222, 41.311986939459651 ], [ 69.260288760493239, 41.311607595647438 ] ], [ [ 69.260192622164112, 41.303835581734873 ], [ 69.260456159870969, 41.303693708648538 ], [ 69.26048243468594, 41.303918966359241 ], [ 69.260192622164112, 41.303835581734873 ] ], [ [ 69.260370402406011, 41.30502820850338 ], [ 69.259883064997595, 41.304862964935488 ], [ 69.260390776902284, 41.304989126348481 ], [ 69.260370402406011, 41.30502820850338 ] ], [ [ 69.259968979428137, 41.30202984198835 ], [ 69.259630209634437, 41.302285890432714 ], [ 69.259499503782251, 41.302246580692461 ], [ 69.259691813975451, 41.30191119605535 ], [ 69.259968979428137, 41.30202984198835 ] ], [ [ 69.259340585723194, 41.319005896101324 ], [ 69.258961753042669, 41.319044886645933 ], [ 69.257508236557925, 41.318234006275638 ], [ 69.258653479544918, 41.318151798224172 ], [ 69.25897070491763, 41.318682544115774 ], [ 69.259854015408294, 41.318941511395415 ], [ 69.259642890452383, 41.319221109134737 ], [ 69.259340585723194, 41.319005896101324 ] ], [ [ 69.259010434022571, 41.316653259449978 ], [ 69.259822552062559, 41.317224504229976 ], [ 69.258559669284665, 41.31733123132409 ], [ 69.259010434022571, 41.316653259449978 ] ], [ [ 69.259083425479702, 41.31176632889828 ], [ 69.259454013683552, 41.312164686861067 ], [ 69.259504591088103, 41.312504990273844 ], [ 69.258022649431254, 41.312129338594637 ], [ 69.257976517607645, 41.311818500561003 ], [ 69.259083425479702, 41.31176632889828 ] ], [ [ 69.259307786288872, 41.302964735571905 ], [ 69.259084648803992, 41.30297833123764 ], [ 69.259123408398906, 41.302909284034598 ], [ 69.259307786288872, 41.302964735571905 ] ], [ [ 69.258442302524401, 41.315217267493864 ], [ 69.257417442053935, 41.31528147726025 ], [ 69.259032796993679, 41.314006308321773 ], [ 69.258442302524401, 41.315217267493864 ] ], [ [ 69.258560721561523, 41.305044022698077 ], [ 69.258122807860317, 41.304758325465698 ], [ 69.258226949881731, 41.304436013347626 ], [ 69.258934927731659, 41.304622402738033 ], [ 69.258923038990986, 41.304989535240395 ], [ 69.258560721561523, 41.305044022698077 ] ], [ [ 69.257907530764456, 41.313644632428996 ], [ 69.258762988713158, 41.313175954034662 ], [ 69.257968808080079, 41.313802897122081 ], [ 69.257907530764456, 41.313644632428996 ] ], [ [ 69.258576255341893, 41.320050047601363 ], [ 69.258441142564308, 41.320185884217416 ], [ 69.258311707880665, 41.320132534731371 ], [ 69.258576255341893, 41.320050047601363 ] ], [ [ 69.257967027916052, 41.306592660007922 ], [ 69.258130660950584, 41.306356156920238 ], [ 69.258468160255617, 41.30644528358507 ], [ 69.257967027916052, 41.306592660007922 ] ], [ [ 69.257276089329395, 41.319000956430216 ], [ 69.258051857893335, 41.319433740252173 ], [ 69.25682322335183, 41.319816824317698 ], [ 69.255216096169093, 41.319927879016007 ], [ 69.255112999754729, 41.318939349171693 ], [ 69.256300724064175, 41.318844195796437 ], [ 69.256387914156079, 41.31932559729821 ], [ 69.256851427301498, 41.319520977126786 ], [ 69.257177233367102, 41.319395610912963 ], [ 69.257276089329395, 41.319000956430216 ] ], [ [ 69.257492157315767, 41.302418571170207 ], [ 69.257437025942906, 41.302789711918834 ], [ 69.257030380816019, 41.302890730189191 ], [ 69.257248767787857, 41.302345362448271 ], [ 69.257492157315767, 41.302418571170207 ] ], [ [ 69.256954741585787, 41.317019370448577 ], [ 69.256889889886068, 41.316694234565674 ], [ 69.257183531171378, 41.316575875923526 ], [ 69.257179077405752, 41.316114403784709 ], [ 69.257383345202769, 41.316100363017291 ], [ 69.257544040700395, 41.31703589625058 ], [ 69.256954741585787, 41.317019370448577 ] ], [ [ 69.25748064824262, 41.310429077115757 ], [ 69.257070254596599, 41.310465708880479 ], [ 69.25705603940601, 41.310292191763807 ], [ 69.257477267506303, 41.310256234882914 ], [ 69.25748064824262, 41.310429077115757 ] ], [ [ 69.256973051427579, 41.312107693973367 ], [ 69.256860737757833, 41.311865586330939 ], [ 69.256938056629906, 41.311862565434915 ], [ 69.256973051427579, 41.312107693973367 ] ], [ [ 69.256392764055278, 41.309621006685965 ], [ 69.25563808568954, 41.309210250557015 ], [ 69.256588669857308, 41.30960686663785 ], [ 69.256392764055278, 41.309621006685965 ] ], [ [ 69.256487246429884, 41.323676181747885 ], [ 69.255914391105122, 41.323784134439272 ], [ 69.256105675291721, 41.323621227564857 ], [ 69.256487246429884, 41.323676181747885 ] ], [ [ 69.255644360836499, 41.30844245843705 ], [ 69.255687825537308, 41.308434317513225 ], [ 69.25574976417019, 41.308472245398718 ], [ 69.255644360836499, 41.30844245843705 ] ], [ [ 69.255457662881454, 41.314119254642627 ], [ 69.255722816350854, 41.314078868928711 ], [ 69.255737649869815, 41.314255317759773 ], [ 69.255682525519617, 41.314285588978748 ], [ 69.255457662881454, 41.314119254642627 ] ], [ [ 69.254760197238127, 41.312638879710001 ], [ 69.254795715953293, 41.312046406971831 ], [ 69.255434411952749, 41.312025280165976 ], [ 69.254897066245533, 41.312627454315539 ], [ 69.254760197238127, 41.312638879710001 ] ], [ [ 69.255029682091831, 41.31687961334881 ], [ 69.255343994874721, 41.316289378862692 ], [ 69.255281549983252, 41.316691655419341 ], [ 69.25545251282584, 41.316954281243589 ], [ 69.255029682091831, 41.31687961334881 ] ], [ [ 69.254353387536497, 41.309725576615499 ], [ 69.254314378450843, 41.309802056109831 ], [ 69.254312301550769, 41.309727904376231 ], [ 69.254353387536497, 41.309725576615499 ] ], [ [ 69.254053908749142, 41.323398357644599 ], [ 69.253764960604428, 41.323192470983798 ], [ 69.254032894266587, 41.323210378672961 ], [ 69.254053908749142, 41.323398357644599 ] ], [ [ 69.253922727574846, 41.324311632231492 ], [ 69.253868653437991, 41.324307512104106 ], [ 69.253875099018046, 41.324275546381209 ], [ 69.253922727574846, 41.324311632231492 ] ], [ [ 69.253477325422949, 41.318963577297737 ], [ 69.253246580928874, 41.31862180668427 ], [ 69.253039051401089, 41.318550963498105 ], [ 69.253238121976324, 41.31854338843312 ], [ 69.253477325422949, 41.318963577297737 ] ], [ [ 69.253195355846998, 41.323838917798099 ], [ 69.252740198672925, 41.323868168594707 ], [ 69.252717703406304, 41.323846540671461 ], [ 69.252971344857627, 41.323618561072308 ], [ 69.253195355846998, 41.323838917798099 ] ], [ [ 69.25297521647569, 41.316718460205081 ], [ 69.253251384411271, 41.317373482552249 ], [ 69.252446750180781, 41.317401865373071 ], [ 69.252200253423311, 41.317699472707524 ], [ 69.252004621699513, 41.317709204176708 ], [ 69.252008694532549, 41.316308050277179 ], [ 69.25163770804744, 41.314879762505683 ], [ 69.252933123766368, 41.314744108772373 ], [ 69.252999607680934, 41.315929881143973 ], [ 69.252820415995785, 41.316243086268287 ], [ 69.253102629142532, 41.31652671169681 ], [ 69.25297521647569, 41.316718460205081 ] ], [ [ 69.253088383684997, 41.308106593270203 ], [ 69.253086565317858, 41.308112916020534 ], [ 69.253069536099559, 41.308087227252543 ], [ 69.253088383684997, 41.308106593270203 ] ], [ [ 69.252742274922198, 41.319619259164384 ], [ 69.25104528221523, 41.319762141380025 ], [ 69.250996441235472, 41.319392072851997 ], [ 69.252701745806462, 41.319276354461962 ], [ 69.252742274922198, 41.319619259164384 ] ], [ [ 69.251256839771543, 41.312105513271518 ], [ 69.251181167316957, 41.312033018943296 ], [ 69.252574349270589, 41.312020846136683 ], [ 69.251256839771543, 41.312105513271518 ] ], [ [ 69.25253470786302, 41.310666012893414 ], [ 69.252554465404984, 41.310605758614713 ], [ 69.252558654482954, 41.310663708828812 ], [ 69.25253470786302, 41.310666012893414 ] ], [ [ 69.252541600682918, 41.310427791958588 ], [ 69.25217129904982, 41.310196787798617 ], [ 69.252523906924623, 41.310183020235122 ], [ 69.252541600682918, 41.310427791958588 ] ], [ [ 69.25239095442889, 41.308760388972864 ], [ 69.252376330270224, 41.308734991546878 ], [ 69.25238830096346, 41.308741845415298 ], [ 69.25239095442889, 41.308760388972864 ] ], [ [ 69.25100223425423, 41.318668151963912 ], [ 69.25174346780895, 41.318600254817511 ], [ 69.252333760050774, 41.318577798553278 ], [ 69.25100223425423, 41.318668151963912 ] ], [ [ 69.252265901160555, 41.322146929523342 ], [ 69.251893295482617, 41.322375558088723 ], [ 69.251921169771151, 41.322068129560918 ], [ 69.252265901160555, 41.322146929523342 ] ], [ [ 69.251678818995217, 41.3083356250146 ], [ 69.252118151320815, 41.308587169864644 ], [ 69.251992652570607, 41.308570631712414 ], [ 69.251678818995217, 41.3083356250146 ] ], [ [ 69.251384711903867, 41.313828546541274 ], [ 69.251869494783563, 41.313998701844405 ], [ 69.251380202200195, 41.314032742921874 ], [ 69.251384711903867, 41.313828546541274 ] ], [ [ 69.251472031805505, 41.312814913769373 ], [ 69.251471779921559, 41.312992760931628 ], [ 69.251366696780366, 41.31310756968378 ], [ 69.251231536325179, 41.312830367365308 ], [ 69.251472031805505, 41.312814913769373 ] ], [ [ 69.250054327056418, 41.310827489440989 ], [ 69.250245571411455, 41.310343971061776 ], [ 69.250998251027411, 41.31031753479558 ], [ 69.250054327056418, 41.310827489440989 ] ], [ [ 69.250197763534146, 41.309055221192125 ], [ 69.250106889676502, 41.308988508362233 ], [ 69.25020341813449, 41.309052000374962 ], [ 69.250197763534146, 41.309055221192125 ] ], [ [ 69.249292619773726, 41.322457572894777 ], [ 69.248893824057262, 41.322457728948272 ], [ 69.248881916220711, 41.322315735747793 ], [ 69.24981382957003, 41.322092525580778 ], [ 69.249726348507281, 41.322404428903567 ], [ 69.250186370159298, 41.322695747893647 ], [ 69.25017803258423, 41.322853637844929 ], [ 69.249624177130215, 41.322761626092706 ], [ 69.249292619773726, 41.322457572894777 ] ], [ [ 69.249702850622995, 41.325906033884408 ], [ 69.249227662740026, 41.325874937930678 ], [ 69.249202971845563, 41.325578956736088 ], [ 69.249542566194805, 41.325419519155773 ], [ 69.250052828931658, 41.325502475316384 ], [ 69.250080055681337, 41.325703603606563 ], [ 69.249702850622995, 41.325906033884408 ] ], [ [ 69.249923032806947, 41.318726742594343 ], [ 69.249897119080856, 41.318789382837871 ], [ 69.249774686777798, 41.318740951177773 ], [ 69.249923032806947, 41.318726742594343 ] ], [ [ 69.249370270237506, 41.312115999090501 ], [ 69.249511023659736, 41.313281261513154 ], [ 69.248497166458634, 41.313354348196754 ], [ 69.248361880936869, 41.312202700817473 ], [ 69.249370270237506, 41.312115999090501 ] ], [ [ 69.248354983032442, 41.307237433859278 ], [ 69.24712270087079, 41.307168891224173 ], [ 69.247519851046306, 41.306660237569986 ], [ 69.247159229032576, 41.306322461566182 ], [ 69.248194405728853, 41.30674329752344 ], [ 69.249346610868002, 41.307706552777681 ], [ 69.248354983032442, 41.307237433859278 ] ], [ [ 69.249102509660815, 41.323166901351534 ], [ 69.249348591611749, 41.32312612609234 ], [ 69.249356058619796, 41.323177461934719 ], [ 69.249102509660815, 41.323166901351534 ] ], [ [ 69.248558894858476, 41.319767232165553 ], [ 69.248662406538145, 41.319700409249805 ], [ 69.249134593006275, 41.319725572145281 ], [ 69.248558894858476, 41.319767232165553 ] ], [ [ 69.248477492612096, 41.310244087711361 ], [ 69.248876162269553, 41.310237114968217 ], [ 69.248895386678385, 41.310285109524202 ], [ 69.248477492612096, 41.310244087711361 ] ], [ [ 69.248153338145585, 41.315703394101888 ], [ 69.248269111207051, 41.315963308398999 ], [ 69.247432844546438, 41.316209210408758 ], [ 69.248153338145585, 41.315703394101888 ] ], [ [ 69.248203927275199, 41.31043269459564 ], [ 69.248184831715605, 41.31046218225395 ], [ 69.248141955806773, 41.310461833219847 ], [ 69.248203927275199, 41.31043269459564 ] ], [ [ 69.247070724081041, 41.309009356322917 ], [ 69.247519231282794, 41.308690145227793 ], [ 69.247858599927497, 41.308943759804265 ], [ 69.247759596140895, 41.309330961097388 ], [ 69.247059765212668, 41.309271091519747 ], [ 69.247070724081041, 41.309009356322917 ] ], [ [ 69.24623250722945, 41.322243100039401 ], [ 69.247074382748337, 41.322609358837944 ], [ 69.247875481099726, 41.322339763749284 ], [ 69.247621126418267, 41.322668330951352 ], [ 69.246268684802232, 41.322780255023773 ], [ 69.24623250722945, 41.322243100039401 ] ], [ [ 69.247502380097515, 41.324832573462047 ], [ 69.247697462425776, 41.324756683637574 ], [ 69.247829046860616, 41.324812566314684 ], [ 69.247502380097515, 41.324832573462047 ] ], [ [ 69.245711821994803, 41.309151672256839 ], [ 69.245610218807187, 41.30831938851933 ], [ 69.246009368445371, 41.30830566715256 ], [ 69.245946967076534, 41.309145291810246 ], [ 69.245711821994803, 41.309151672256839 ] ], [ [ 69.245830604757003, 41.310032404060706 ], [ 69.245538127542275, 41.309877467844515 ], [ 69.245818327124852, 41.309869865308769 ], [ 69.245830604757003, 41.310032404060706 ] ], [ [ 69.245534868274632, 41.313087674566553 ], [ 69.24552091569582, 41.31416034673147 ], [ 69.243890598557044, 41.313206052770184 ], [ 69.243817761809169, 41.312379416374021 ], [ 69.245665292696316, 41.312280611324226 ], [ 69.245735810043158, 41.31277855256419 ], [ 69.245534868274632, 41.313087674566553 ] ], [ [ 69.24532395089588, 41.322964433733489 ], [ 69.245167476668939, 41.322426499181773 ], [ 69.245287119871463, 41.322417458797169 ], [ 69.24532395089588, 41.322964433733489 ] ], [ [ 69.243845902628465, 41.327620895181077 ], [ 69.245062741622291, 41.32800526394827 ], [ 69.24373597098689, 41.32776711577845 ], [ 69.243845902628465, 41.327620895181077 ] ], [ [ 69.244959136829749, 41.316410259112381 ], [ 69.244733393883308, 41.316473637493594 ], [ 69.244727213524627, 41.316425423417314 ], [ 69.244959136829749, 41.316410259112381 ] ], [ [ 69.244838951872225, 41.315503856707615 ], [ 69.24485470071042, 41.315624623937232 ], [ 69.244620490187884, 41.315661681504174 ], [ 69.244599140008887, 41.315519649879633 ], [ 69.244838951872225, 41.315503856707615 ] ], [ [ 69.244663880133899, 41.326873751139978 ], [ 69.244889479815257, 41.327113656498241 ], [ 69.24462105507628, 41.327022329750356 ], [ 69.244663880133899, 41.326873751139978 ] ], [ [ 69.244112780456533, 41.310376984672601 ], [ 69.244826023059616, 41.310380924715346 ], [ 69.244117401183203, 41.310425638385738 ], [ 69.244112780456533, 41.310376984672601 ] ], [ [ 69.244516586922558, 41.329743739188181 ], [ 69.244050259348128, 41.329531840470715 ], [ 69.244865914291566, 41.329469891306843 ], [ 69.244516586922558, 41.329743739188181 ] ], [ [ 69.244282116767906, 41.306283867039859 ], [ 69.243009506204785, 41.306489060330861 ], [ 69.242918712986096, 41.305374003500987 ], [ 69.244465671257714, 41.305435074609122 ], [ 69.244763030985879, 41.305604653051276 ], [ 69.244282116767906, 41.306283867039859 ] ], [ [ 69.244497712222156, 41.314685968893116 ], [ 69.244751514095512, 41.314786255344664 ], [ 69.2445133974893, 41.314801936911167 ], [ 69.244497712222156, 41.314685968893116 ] ], [ [ 69.244119593120928, 41.328779054511415 ], [ 69.24392984587422, 41.328605687385092 ], [ 69.244173541609712, 41.328647426842124 ], [ 69.244119593120928, 41.328779054511415 ] ], [ [ 69.243530920785034, 41.317261214594438 ], [ 69.243811247119197, 41.317241712806457 ], [ 69.243878653084579, 41.31749542076755 ], [ 69.243548742719994, 41.317403815297013 ], [ 69.243530920785034, 41.317261214594438 ] ], [ [ 69.243210967026542, 41.304174285911017 ], [ 69.243817560156742, 41.304241069263121 ], [ 69.243234626291596, 41.30420831936042 ], [ 69.243210967026542, 41.304174285911017 ] ], [ [ 69.243396210432849, 41.313836435783848 ], [ 69.243423150750303, 41.313834693046303 ], [ 69.243428224097798, 41.313872869258439 ], [ 69.243396210432849, 41.313836435783848 ] ], [ [ 69.243390808428956, 41.326697848336053 ], [ 69.243411421006755, 41.326694616286289 ], [ 69.243405956704194, 41.32670302843767 ], [ 69.243390808428956, 41.326697848336053 ] ], [ [ 69.242602101078575, 41.324815033876618 ], [ 69.242988468996415, 41.324168508347938 ], [ 69.243111620255931, 41.324442167025239 ], [ 69.242987048094434, 41.324827706974567 ], [ 69.242602101078575, 41.324815033876618 ] ], [ [ 69.24280376887252, 41.32753542427762 ], [ 69.242449987016599, 41.327404864569274 ], [ 69.242560705287957, 41.327205281107048 ], [ 69.242957528801583, 41.327340980595089 ], [ 69.24280376887252, 41.32753542427762 ] ], [ [ 69.242896619554585, 41.326486186133735 ], [ 69.242796348763662, 41.326454905991788 ], [ 69.24285857502224, 41.326342956345592 ], [ 69.242896619554585, 41.326486186133735 ] ], [ [ 69.240982071745037, 41.306439660816068 ], [ 69.242049305355721, 41.306464086508356 ], [ 69.242096551297621, 41.307038236696641 ], [ 69.241683265197906, 41.307062249658877 ], [ 69.24139760655072, 41.306818274133569 ], [ 69.241000004345693, 41.306845921958221 ], [ 69.240982071745037, 41.306439660816068 ] ], [ [ 69.24184094701792, 41.326087837778481 ], [ 69.242053572753491, 41.325926515927456 ], [ 69.241944557367788, 41.32612263842519 ], [ 69.24184094701792, 41.326087837778481 ] ], [ [ 69.241422958335193, 41.309000405249762 ], [ 69.240811054234584, 41.309151043924324 ], [ 69.240492473471008, 41.308527600774461 ], [ 69.240824315513464, 41.308429177894183 ], [ 69.240970597785577, 41.308170778521315 ], [ 69.241647323282322, 41.308129835260054 ], [ 69.241821718400217, 41.30835116395621 ], [ 69.241955560359031, 41.309094188161197 ], [ 69.241422958335193, 41.309000405249762 ] ], [ [ 69.241780614727077, 41.313084389135184 ], [ 69.241804663813184, 41.313071024912531 ], [ 69.241799697997337, 41.313151074315059 ], [ 69.241780614727077, 41.313084389135184 ] ], [ [ 69.241171342364623, 41.32402042522061 ], [ 69.241176723933947, 41.323694541531836 ], [ 69.241315320684365, 41.32360158501794 ], [ 69.241369115946313, 41.323932784748436 ], [ 69.241171342364623, 41.32402042522061 ] ], [ [ 69.241237736148108, 41.329983730997178 ], [ 69.241360111156609, 41.330052817697535 ], [ 69.241295476977669, 41.33002550464758 ], [ 69.241237736148108, 41.329983730997178 ] ], [ [ 69.240337610732439, 41.315596046675104 ], [ 69.239834774980466, 41.315421873877305 ], [ 69.240910219614051, 41.3151000652107 ], [ 69.240970315184654, 41.315675240594032 ], [ 69.24043378998249, 41.315830744896594 ], [ 69.240337610732439, 41.315596046675104 ] ], [ [ 69.24069778543263, 41.328566602807989 ], [ 69.240960538112148, 41.32889024819918 ], [ 69.240574260191437, 41.329086818219444 ], [ 69.240542354951444, 41.32936339284192 ], [ 69.240380366451774, 41.329209670736226 ], [ 69.24069778543263, 41.328566602807989 ] ], [ [ 69.240694880590056, 41.302890333511542 ], [ 69.240736562447083, 41.30290915659738 ], [ 69.240736999042241, 41.302928425412269 ], [ 69.240694880590056, 41.302890333511542 ] ], [ [ 69.23980978314151, 41.325662872941564 ], [ 69.240194006453365, 41.32592925426453 ], [ 69.239645844039856, 41.325752074528658 ], [ 69.23980978314151, 41.325662872941564 ] ], [ [ 69.239949323592043, 41.30694934441572 ], [ 69.240026876718844, 41.306462333701667 ], [ 69.23997631128411, 41.30718160164573 ], [ 69.239949323592043, 41.30694934441572 ] ], [ [ 69.240073946954169, 41.314434243778656 ], [ 69.239984643878344, 41.314443862984511 ], [ 69.240023584386975, 41.314343589952799 ], [ 69.240073946954169, 41.314434243778656 ] ], [ [ 69.239805120800085, 41.313044836736694 ], [ 69.239542117492718, 41.312780080219156 ], [ 69.239915219582301, 41.312616695836908 ], [ 69.240062481700306, 41.312923295134183 ], [ 69.239805120800085, 41.313044836736694 ] ], [ [ 69.239787108820849, 41.313841872130368 ], [ 69.239836015165849, 41.314005958439722 ], [ 69.239360066268418, 41.313906719454089 ], [ 69.239373933573049, 41.313804959058942 ], [ 69.239787108820849, 41.313841872130368 ] ], [ [ 69.239049073453927, 41.323122672228429 ], [ 69.23925290895761, 41.323351660799354 ], [ 69.239757033985512, 41.323454424411416 ], [ 69.239729445340018, 41.323911632506288 ], [ 69.239601053776681, 41.323924340943393 ], [ 69.239625088178016, 41.323635198198581 ], [ 69.239410161215119, 41.323412046863041 ], [ 69.238623033377408, 41.32337083226065 ], [ 69.23838672544268, 41.323489153537977 ], [ 69.237337964925743, 41.323097997466107 ], [ 69.237389980387348, 41.322958074318649 ], [ 69.237711299057182, 41.322950235901537 ], [ 69.239049073453927, 41.323122672228429 ] ], [ [ 69.239051963986341, 41.330673690249398 ], [ 69.239488250748835, 41.330479739776408 ], [ 69.239075187980333, 41.330712953641331 ], [ 69.239051963986341, 41.330673690249398 ] ], [ [ 69.238394199070058, 41.303931115076018 ], [ 69.238923390339821, 41.303744269343802 ], [ 69.239152227568397, 41.303850757698712 ], [ 69.238879415910958, 41.303950252688907 ], [ 69.238747325714272, 41.304311063696176 ], [ 69.23826006165045, 41.304198627205572 ], [ 69.238394199070058, 41.303931115076018 ] ], [ [ 69.239084872746602, 41.30087867003477 ], [ 69.238798979534224, 41.300871851244828 ], [ 69.239031200809919, 41.300637772290905 ], [ 69.239084872746602, 41.30087867003477 ] ], [ [ 69.238432674868506, 41.305757917200154 ], [ 69.238430710449649, 41.305328902606398 ], [ 69.239070336679561, 41.305324742686707 ], [ 69.239072812093667, 41.305758909539271 ], [ 69.238432674868506, 41.305757917200154 ] ], [ [ 69.238412692900809, 41.306628800081796 ], [ 69.238292996872872, 41.306478318915573 ], [ 69.238880666649138, 41.306479230765767 ], [ 69.238961681401832, 41.306614972099062 ], [ 69.238412692900809, 41.306628800081796 ] ], [ [ 69.238865306205824, 41.325119226846454 ], [ 69.238874283724897, 41.325032321344942 ], [ 69.238901202981225, 41.325038462022626 ], [ 69.238865306205824, 41.325119226846454 ] ], [ [ 69.237090652793057, 41.321089385266767 ], [ 69.237792765005139, 41.320988633872375 ], [ 69.237968420432949, 41.32114559185748 ], [ 69.237090652793057, 41.321089385266767 ] ], [ [ 69.237710493865833, 41.330274590708946 ], [ 69.237760090058529, 41.330275508797371 ], [ 69.237714974587547, 41.330291256719327 ], [ 69.237710493865833, 41.330274590708946 ] ], [ [ 69.236594665976298, 41.324670743563026 ], [ 69.236643526927935, 41.324287230092544 ], [ 69.237628825792115, 41.32462146247785 ], [ 69.237465455011147, 41.325152734521275 ], [ 69.237049352591981, 41.325108032347998 ], [ 69.236594665976298, 41.324670743563026 ] ], [ [ 69.237216671174224, 41.311163016288404 ], [ 69.237309109126514, 41.31120798773955 ], [ 69.237143598381522, 41.311217494683525 ], [ 69.237216671174224, 41.311163016288404 ] ], [ [ 69.23653277890979, 41.330578985056668 ], [ 69.236527829857422, 41.33071723592704 ], [ 69.236578963298712, 41.330817881985503 ], [ 69.236290585043179, 41.330636607162745 ], [ 69.236303000647922, 41.330524021594108 ], [ 69.23653277890979, 41.330578985056668 ] ], [ [ 69.236190764419817, 41.312041135281142 ], [ 69.236020153650244, 41.311960247123629 ], [ 69.236179222704067, 41.311948994650656 ], [ 69.236190764419817, 41.312041135281142 ] ], [ [ 69.235659791493674, 41.306750720786603 ], [ 69.235710378312632, 41.306725171317503 ], [ 69.235729894680389, 41.306750295420727 ], [ 69.235659791493674, 41.306750720786603 ] ], [ [ 69.235175489924956, 41.312811262404402 ], [ 69.235388815597048, 41.312696998278817 ], [ 69.235569653778356, 41.313149593172014 ], [ 69.235480784265661, 41.313129128733124 ], [ 69.235175489924956, 41.312811262404402 ] ], [ [ 69.235365995860093, 41.327584455698826 ], [ 69.235509500295592, 41.327606138016023 ], [ 69.235506485218679, 41.327616348665366 ], [ 69.235365995860093, 41.327584455698826 ] ], [ [ 69.235377757216753, 41.310220502613362 ], [ 69.235359552558165, 41.310215983900861 ], [ 69.23537521431291, 41.310193576464592 ], [ 69.235377757216753, 41.310220502613362 ] ], [ [ 69.234998713483705, 41.306591742813119 ], [ 69.235091998169793, 41.306696761303193 ], [ 69.2352048447584, 41.306753480197301 ], [ 69.234862295536175, 41.306755556622221 ], [ 69.234998713483705, 41.306591742813119 ] ], [ [ 69.234487333086463, 41.321790789501065 ], [ 69.235229674255507, 41.322316693551663 ], [ 69.233828473089375, 41.323185304462676 ], [ 69.233384752347902, 41.322714587793975 ], [ 69.233451809754328, 41.322409742329143 ], [ 69.234487333086463, 41.321790789501065 ] ], [ [ 69.234927394825519, 41.326723810638541 ], [ 69.235179247508597, 41.326774490126375 ], [ 69.235124065384468, 41.326884672417869 ], [ 69.234927394825519, 41.326723810638541 ] ], [ [ 69.233644086360485, 41.307481306637584 ], [ 69.234764769408628, 41.307476788137556 ], [ 69.23466048287375, 41.307850616292107 ], [ 69.235094984125269, 41.308083291311846 ], [ 69.23428628874828, 41.308299349929996 ], [ 69.233644086360485, 41.307481306637584 ] ], [ [ 69.232586018861184, 41.30582307426031 ], [ 69.234850956219759, 41.305778605846783 ], [ 69.2349227093124, 41.305869404319573 ], [ 69.234405016419728, 41.305859316929293 ], [ 69.232586018861184, 41.30582307426031 ] ], [ [ 69.234520861585793, 41.325878685122348 ], [ 69.234483644452865, 41.325838373401197 ], [ 69.234460168156943, 41.325747171688349 ], [ 69.234520861585793, 41.325878685122348 ] ], [ [ 69.23434361661505, 41.325540393716068 ], [ 69.234369154367144, 41.325549958031239 ], [ 69.234394388176568, 41.325604636104153 ], [ 69.23434361661505, 41.325540393716068 ] ], [ [ 69.233319303090482, 41.328810550776261 ], [ 69.233155167025572, 41.328776226379368 ], [ 69.233146431684872, 41.328664096178422 ], [ 69.233319303090482, 41.328810550776261 ] ], [ [ 69.233111374887969, 41.32856314932701 ], [ 69.233119395241971, 41.328597257406571 ], [ 69.233092666304088, 41.328555691773239 ], [ 69.233111374887969, 41.32856314932701 ] ], [ [ 69.232787292414883, 41.329118358593966 ], [ 69.232788348002742, 41.329191519212578 ], [ 69.232697343421592, 41.329172885094856 ], [ 69.232787292414883, 41.329118358593966 ] ], [ [ 69.232286862301294, 41.323170331992301 ], [ 69.232560589430733, 41.323191802063405 ], [ 69.23272240151492, 41.323331612498684 ], [ 69.232286862301294, 41.323170331992301 ] ], [ [ 69.231557797942955, 41.303047393162693 ], [ 69.23252183486224, 41.302852513640111 ], [ 69.232528855682048, 41.302854033328821 ], [ 69.232082793760199, 41.303223579589407 ], [ 69.231555687508845, 41.303228609095108 ], [ 69.231557797942955, 41.303047393162693 ] ], [ [ 69.232389003838264, 41.322018015753301 ], [ 69.232416633958124, 41.322236954942603 ], [ 69.23217320784434, 41.322138619405152 ], [ 69.232389003838264, 41.322018015753301 ] ], [ [ 69.232340277300722, 41.326612393838296 ], [ 69.232268456434895, 41.326712609998694 ], [ 69.232318163553046, 41.326610001886642 ], [ 69.232340277300722, 41.326612393838296 ] ], [ [ 69.231546573468606, 41.305180850721698 ], [ 69.231550709564232, 41.305213716548323 ], [ 69.231537629296966, 41.305180685134374 ], [ 69.231546573468606, 41.305180850721698 ] ], [ [ 69.231586139710302, 41.32260275780915 ], [ 69.231513357448193, 41.322645933494734 ], [ 69.231602416206485, 41.322457618111308 ], [ 69.231586139710302, 41.32260275780915 ] ], [ [ 69.23151681065454, 41.304171277211289 ], [ 69.231424937184698, 41.304457763261397 ], [ 69.231519173931716, 41.303949688864321 ], [ 69.23151681065454, 41.304171277211289 ] ], [ [ 69.231348199863504, 41.300809010246965 ], [ 69.231193852962406, 41.300749358268725 ], [ 69.231141353659069, 41.300635391768019 ], [ 69.231348199863504, 41.300809010246965 ] ], [ [ 69.230432327919885, 41.326524216043829 ], [ 69.230572830238827, 41.326670632645147 ], [ 69.230097877117302, 41.326729428671214 ], [ 69.229923155913113, 41.327069913258654 ], [ 69.22975394659241, 41.326910218303929 ], [ 69.230432327919885, 41.326524216043829 ] ], [ [ 69.229164018847911, 41.301259295842215 ], [ 69.229488368638641, 41.301104951226534 ], [ 69.229821728960914, 41.30127202394636 ], [ 69.229464784526698, 41.301540186632167 ], [ 69.229164018847911, 41.301259295842215 ] ], [ [ 69.22882104085717, 41.295106220105275 ], [ 69.229751417680106, 41.294652008075388 ], [ 69.229763666472522, 41.294660695104433 ], [ 69.228918085497028, 41.295194361110639 ], [ 69.22882104085717, 41.295106220105275 ] ], [ [ 69.2293747961523, 41.293978375701535 ], [ 69.229365265071735, 41.293982966082204 ], [ 69.22936084430691, 41.293977318425043 ], [ 69.2293747961523, 41.293978375701535 ] ], [ [ 69.227413221187078, 41.290794389955096 ], [ 69.227907814175481, 41.290524549343004 ], [ 69.228305787195453, 41.291159475459978 ], [ 69.227413221187078, 41.290794389955096 ] ], [ [ 69.228241145117849, 41.294033031802947 ], [ 69.227808301097795, 41.294290136579285 ], [ 69.227713410082529, 41.294214558271186 ], [ 69.228241145117849, 41.294033031802947 ] ], [ [ 69.227807048601917, 41.294700870026759 ], [ 69.227827740267998, 41.294692729473923 ], [ 69.227789755047127, 41.294716084227346 ], [ 69.227807048601917, 41.294700870026759 ] ], [ [ 69.226806138801948, 41.287126930053816 ], [ 69.22656968014806, 41.287299559002498 ], [ 69.226516524606851, 41.287299255211835 ], [ 69.226806138801948, 41.287126930053816 ] ], [ [ 69.226447444860696, 41.292303544458527 ], [ 69.22683410892482, 41.292654422136948 ], [ 69.226683364901476, 41.292755116437156 ], [ 69.226270001870773, 41.292314375750486 ], [ 69.226447444860696, 41.292303544458527 ] ], [ [ 69.225525898821644, 41.28794462844165 ], [ 69.22566375778915, 41.287761785936823 ], [ 69.225725816191201, 41.287820507404462 ], [ 69.225525898821644, 41.28794462844165 ] ], [ [ 69.22545193346312, 41.286719615545479 ], [ 69.225502670939221, 41.2867147555598 ], [ 69.225499675771843, 41.286749927957388 ], [ 69.22545193346312, 41.286719615545479 ] ], [ [ 69.225108857219396, 41.332210477243528 ], [ 69.225277698087808, 41.332178401035662 ], [ 69.225210795315604, 41.332318433791762 ], [ 69.225108857219396, 41.332210477243528 ] ], [ [ 69.224964345171884, 41.296276159664714 ], [ 69.223658160189089, 41.295498074895519 ], [ 69.223064774771657, 41.295548295860613 ], [ 69.223731494778093, 41.295409604666212 ], [ 69.223903903882061, 41.29501911731213 ], [ 69.224053845532978, 41.295699994697664 ], [ 69.224395182811122, 41.295798888360586 ], [ 69.22503995014695, 41.295590087299288 ], [ 69.224841420292506, 41.295995266651751 ], [ 69.224964345171884, 41.296276159664714 ] ], [ [ 69.225086139999007, 41.333428345953237 ], [ 69.224972042339999, 41.333323293959623 ], [ 69.225038723022607, 41.333319791892961 ], [ 69.225086139999007, 41.333428345953237 ] ], [ [ 69.2242362020895, 41.290452395560131 ], [ 69.224171863021411, 41.290492308353926 ], [ 69.224143859946992, 41.290423569816866 ], [ 69.2242362020895, 41.290452395560131 ] ], [ [ 69.223322297763573, 41.296245918062858 ], [ 69.224248430068684, 41.29682231935422 ], [ 69.224006040770263, 41.297063149049471 ], [ 69.223828098049921, 41.297055785515248 ], [ 69.223322297763573, 41.296245918062858 ] ], [ [ 69.222279623299329, 41.28842154869875 ], [ 69.223791918938574, 41.289046278710252 ], [ 69.223194485938109, 41.289511190120585 ], [ 69.222949351667438, 41.289477439367985 ], [ 69.222045799213006, 41.288679535627608 ], [ 69.222279623299329, 41.28842154869875 ] ], [ [ 69.223076333410233, 41.293141051588378 ], [ 69.222945266454246, 41.293050403669632 ], [ 69.223080076514421, 41.293138894705734 ], [ 69.223076333410233, 41.293141051588378 ] ], [ [ 69.222370313540424, 41.329237964316221 ], [ 69.222512417912299, 41.329013810442 ], [ 69.222932509949601, 41.328961250219805 ], [ 69.223032302644128, 41.329193324760134 ], [ 69.222842628844063, 41.329326995733744 ], [ 69.222370313540424, 41.329237964316221 ] ], [ [ 69.223025258108578, 41.328155453777214 ], [ 69.22296731280467, 41.328226421449187 ], [ 69.222866408585276, 41.328239046436771 ], [ 69.223025258108578, 41.328155453777214 ] ], [ [ 69.222629730087533, 41.326997532261991 ], [ 69.223014936140231, 41.327299131562611 ], [ 69.222957823017651, 41.327327292417685 ], [ 69.222629730087533, 41.326997532261991 ] ], [ [ 69.220890126950223, 41.295483843757161 ], [ 69.221372043635839, 41.295319807378021 ], [ 69.221868289082849, 41.295232585363287 ], [ 69.221092444190049, 41.29565649609718 ], [ 69.220890126950223, 41.295483843757161 ] ], [ [ 69.221601521008949, 41.335191286318526 ], [ 69.221467745758019, 41.334986059144477 ], [ 69.221684817248118, 41.335266431945264 ], [ 69.221601521008949, 41.335191286318526 ] ], [ [ 69.220930491191396, 41.333390939747126 ], [ 69.221025170300393, 41.333407231357917 ], [ 69.220957240432028, 41.333444026485715 ], [ 69.220930491191396, 41.333390939747126 ] ], [ [ 69.219890446806829, 41.292132280441983 ], [ 69.220807686458414, 41.292912711260286 ], [ 69.220285462624929, 41.293248907459599 ], [ 69.219473565354591, 41.292398138400451 ], [ 69.219890446806829, 41.292132280441983 ] ], [ [ 69.220196871358198, 41.295980438895349 ], [ 69.220613839737084, 41.296336270618781 ], [ 69.220621883301675, 41.296355760156921 ], [ 69.220507672641347, 41.296350585146001 ], [ 69.220196871358198, 41.295980438895349 ] ], [ [ 69.220541719558696, 41.329782342437419 ], [ 69.220128467692092, 41.330015874263424 ], [ 69.220010981510484, 41.329918296403996 ], [ 69.220197456870295, 41.329685716454442 ], [ 69.220099527706637, 41.329409902177822 ], [ 69.220376873592215, 41.329279449564204 ], [ 69.220636660814321, 41.329427374468338 ], [ 69.220541719558696, 41.329782342437419 ] ], [ [ 69.220116414438593, 41.333004396989018 ], [ 69.220291912531408, 41.333142095165655 ], [ 69.219981545454914, 41.33308422253144 ], [ 69.220116414438593, 41.333004396989018 ] ], [ [ 69.220267451652887, 41.335613768180139 ], [ 69.220014995218833, 41.335427058610193 ], [ 69.220056110470196, 41.335404487151109 ], [ 69.220267451652887, 41.335613768180139 ] ], [ [ 69.219335584272002, 41.293506725698101 ], [ 69.219548053226816, 41.29370728098224 ], [ 69.219436682626281, 41.293779069590741 ], [ 69.219220974058459, 41.293580784822723 ], [ 69.219335584272002, 41.293506725698101 ] ], [ [ 69.219248743776134, 41.328059454456849 ], [ 69.218799168248097, 41.327689678186786 ], [ 69.219051233597781, 41.327495808394097 ], [ 69.219566917675266, 41.327949538326301 ], [ 69.219248743776134, 41.328059454456849 ] ], [ [ 69.219271722289093, 41.330506865366758 ], [ 69.219368317555265, 41.330456795479336 ], [ 69.219253383110669, 41.330524707558077 ], [ 69.219271722289093, 41.330506865366758 ] ], [ [ 69.21932043406018, 41.335930767627723 ], [ 69.219315949970451, 41.336111440144208 ], [ 69.219016746744799, 41.335622697391976 ], [ 69.21932043406018, 41.335930767627723 ] ], [ [ 69.218884363801891, 41.286920632175395 ], [ 69.218663886007846, 41.286725984794188 ], [ 69.218843223006331, 41.286575262814353 ], [ 69.219125053035924, 41.28681547529694 ], [ 69.218884363801891, 41.286920632175395 ] ], [ [ 69.217839837427363, 41.33093209910772 ], [ 69.218300623863584, 41.330544303796245 ], [ 69.218971899496736, 41.330689983740278 ], [ 69.218110554931357, 41.331179148048427 ], [ 69.217839837427363, 41.33093209910772 ] ], [ [ 69.21861457545134, 41.293023688018302 ], [ 69.21872221024374, 41.292851306060541 ], [ 69.218777610666166, 41.292918337957609 ], [ 69.21861457545134, 41.293023688018302 ] ], [ [ 69.218716399689995, 41.335330929158978 ], [ 69.218506606668626, 41.335304051941215 ], [ 69.218503255012635, 41.335299514712553 ], [ 69.218657316921011, 41.335216308669544 ], [ 69.218716399689995, 41.335330929158978 ] ], [ [ 69.218143514281252, 41.29372555152343 ], [ 69.218532568449632, 41.294084267407655 ], [ 69.218530964201747, 41.294345735718814 ], [ 69.218253804845588, 41.294519054604606 ], [ 69.217629722560901, 41.29405186786321 ], [ 69.218143514281252, 41.29372555152343 ] ], [ [ 69.21716358431938, 41.336303481835778 ], [ 69.215568946846659, 41.336665573185869 ], [ 69.216809466192629, 41.335944826203956 ], [ 69.216864830291684, 41.335672234536247 ], [ 69.216623737479424, 41.335443271684191 ], [ 69.217056160932913, 41.334948624104399 ], [ 69.217473214367757, 41.335240269503821 ], [ 69.217140524561728, 41.33548992963901 ], [ 69.217202308314555, 41.335887563906113 ], [ 69.217528108114976, 41.336013061336615 ], [ 69.218121609537747, 41.335876009300925 ], [ 69.218223506164847, 41.336073995675626 ], [ 69.218071084183535, 41.336309521816943 ], [ 69.21716358431938, 41.336303481835778 ] ], [ [ 69.218001770284616, 41.329050982514111 ], [ 69.217739558972156, 41.32856888521345 ], [ 69.218143316514031, 41.32897928064029 ], [ 69.218001770284616, 41.329050982514111 ] ], [ [ 69.21768702229619, 41.29031083588211 ], [ 69.217600883204724, 41.290234685223552 ], [ 69.217646972118317, 41.290202770564399 ], [ 69.21768702229619, 41.29031083588211 ] ], [ [ 69.217274515167034, 41.289288630163313 ], [ 69.217645112796347, 41.28922579258078 ], [ 69.217037030837901, 41.28964686674793 ], [ 69.217274515167034, 41.289288630163313 ] ], [ [ 69.217250555204387, 41.280151768401261 ], [ 69.217533182324985, 41.280419634995866 ], [ 69.217534830470754, 41.281289789435071 ], [ 69.21657153408033, 41.28133478444132 ], [ 69.216255319679718, 41.281153995494414 ], [ 69.216248898052626, 41.280713179707334 ], [ 69.217250555204387, 41.280151768401261 ] ], [ [ 69.216444799660692, 41.290840770120191 ], [ 69.216184865627966, 41.290645454012555 ], [ 69.216258644428578, 41.290576953020974 ], [ 69.216444799660692, 41.290840770120191 ] ], [ [ 69.21586990211442, 41.334797238578574 ], [ 69.216055331870123, 41.334727874871007 ], [ 69.216073836377788, 41.334772462775945 ], [ 69.21586990211442, 41.334797238578574 ] ], [ [ 69.215743968351376, 41.333513367498412 ], [ 69.21570755888736, 41.333517072151075 ], [ 69.215731234372257, 41.33350347270963 ], [ 69.215743968351376, 41.333513367498412 ] ], [ [ 69.215052817269623, 41.331387866019725 ], [ 69.21482433813496, 41.331349347473846 ], [ 69.214599389987455, 41.33093293031763 ], [ 69.215052817269623, 41.331387866019725 ] ], [ [ 69.213921135744201, 41.333587507088765 ], [ 69.213717854173751, 41.333835969406323 ], [ 69.213279630699105, 41.333596468455532 ], [ 69.21324202294565, 41.333419021709794 ], [ 69.213595726084009, 41.333270023597024 ], [ 69.213921135744201, 41.333587507088765 ] ], [ [ 69.213439754896996, 41.337117606742133 ], [ 69.213281886480473, 41.337122814428945 ], [ 69.213932461807204, 41.336758937841061 ], [ 69.213439754896996, 41.337117606742133 ] ], [ [ 69.213828173489176, 41.334597128488255 ], [ 69.213782994867699, 41.33463033698937 ], [ 69.213747615353299, 41.334593396519594 ], [ 69.213828173489176, 41.334597128488255 ] ], [ [ 69.213618934150816, 41.286489971649843 ], [ 69.213614971492547, 41.286499533286324 ], [ 69.213629312306225, 41.286480595919237 ], [ 69.213618934150816, 41.286489971649843 ] ], [ [ 69.212116557709649, 41.279135995609408 ], [ 69.21262687585012, 41.279036540143203 ], [ 69.213319354442788, 41.27941738104257 ], [ 69.213189556081389, 41.280332432004869 ], [ 69.212722392069821, 41.280452916283345 ], [ 69.211911263119049, 41.279680736924703 ], [ 69.212116557709649, 41.279135995609408 ] ], [ [ 69.213076163887933, 41.28482887081681 ], [ 69.212975654160132, 41.284896686253092 ], [ 69.211981985490979, 41.285170316325988 ], [ 69.211949705698913, 41.285007091934162 ], [ 69.213076163887933, 41.28482887081681 ] ], [ [ 69.212887123746924, 41.286261971300277 ], [ 69.212928417060141, 41.286233043277363 ], [ 69.213003458973489, 41.286280024884292 ], [ 69.212887123746924, 41.286261971300277 ] ], [ [ 69.212465064588784, 41.332190976817351 ], [ 69.212616051015431, 41.332338632525655 ], [ 69.212995525707754, 41.332697338339386 ], [ 69.21289277276459, 41.332740623123442 ], [ 69.212465064588784, 41.332190976817351 ] ], [ [ 69.212416107974519, 41.334086713640531 ], [ 69.212273978787607, 41.333635744759086 ], [ 69.212318807082781, 41.333631204700396 ], [ 69.212416107974519, 41.334086713640531 ] ], [ [ 69.211517648487018, 41.278069188961396 ], [ 69.211172688247544, 41.277749812469466 ], [ 69.211481730637828, 41.277565545345148 ], [ 69.211820597030268, 41.277884078554507 ], [ 69.211517648487018, 41.278069188961396 ] ], [ [ 69.211022472889056, 41.282316472808873 ], [ 69.21085860224153, 41.281992004640436 ], [ 69.211015296722721, 41.282121870624188 ], [ 69.211022472889056, 41.282316472808873 ] ], [ [ 69.21107925436047, 41.285489892135722 ], [ 69.210858601186573, 41.285586034005711 ], [ 69.21039873954382, 41.285071179672947 ], [ 69.210998021765676, 41.285079107135246 ], [ 69.21107925436047, 41.285489892135722 ] ], [ [ 69.211145872532896, 41.332770922161686 ], [ 69.21119175941746, 41.333020159819199 ], [ 69.210786018951936, 41.333062878109885 ], [ 69.210669630506644, 41.332935523804949 ], [ 69.211145872532896, 41.332770922161686 ] ], [ [ 69.210436517784558, 41.277063965152244 ], [ 69.210103052044957, 41.276753655862066 ], [ 69.210417828532329, 41.276557251828841 ], [ 69.210745193989766, 41.276870006011848 ], [ 69.210436517784558, 41.277063965152244 ] ], [ [ 69.20999590584816, 41.278468287434222 ], [ 69.210419035741722, 41.278744003682171 ], [ 69.210334371937279, 41.278796484036349 ], [ 69.20999590584816, 41.278468287434222 ] ], [ [ 69.210319741428052, 41.28677986968404 ], [ 69.210234557443655, 41.287398260796472 ], [ 69.21016082131473, 41.286786352939053 ], [ 69.210319741428052, 41.28677986968404 ] ], [ [ 69.20943468389504, 41.282343949203415 ], [ 69.210025087702277, 41.282365789800274 ], [ 69.210241352938723, 41.28279400983309 ], [ 69.209640357236665, 41.283179825788807 ], [ 69.209197709569352, 41.282598515796813 ], [ 69.208855843653254, 41.281598752127252 ], [ 69.209244400776413, 41.281377398055916 ], [ 69.20943468389504, 41.282343949203415 ] ], [ [ 69.209684299244302, 41.27587565919206 ], [ 69.209375336274064, 41.276065042783131 ], [ 69.209051234664329, 41.275750911885382 ], [ 69.209346030842227, 41.275569380891113 ], [ 69.209684299244302, 41.27587565919206 ] ], [ [ 69.209475619955526, 41.285800306696558 ], [ 69.208675783594543, 41.285902615647842 ], [ 69.208762473200252, 41.285694216463916 ], [ 69.209475619955526, 41.285800306696558 ] ], [ [ 69.209017755234072, 41.277426117154945 ], [ 69.209273794168141, 41.277793004251578 ], [ 69.208927528129379, 41.277482256095013 ], [ 69.209017755234072, 41.277426117154945 ] ], [ [ 69.209068545551531, 41.270778648865317 ], [ 69.209117389839847, 41.27084134078428 ], [ 69.209035422869505, 41.270894752247273 ], [ 69.209068545551531, 41.270778648865317 ] ], [ [ 69.20895833905854, 41.280392226274714 ], [ 69.208942633080625, 41.280646277373286 ], [ 69.207965021608729, 41.281204381168109 ], [ 69.207755032096429, 41.281129214492587 ], [ 69.207588657519281, 41.280590196563814 ], [ 69.207245980642156, 41.280494134589773 ], [ 69.20691892705257, 41.280606101694936 ], [ 69.206648540026492, 41.280335293034184 ], [ 69.208062134711426, 41.279536951871236 ], [ 69.208332907717732, 41.279821586033052 ], [ 69.208174325145293, 41.280058127375987 ], [ 69.208285545360368, 41.280320824736265 ], [ 69.20861043567443, 41.280447253550214 ], [ 69.20895833905854, 41.280392226274714 ] ], [ [ 69.208583552452964, 41.27113327510196 ], [ 69.208692397920302, 41.271118273194638 ], [ 69.208467147616602, 41.271114371847247 ], [ 69.208583552452964, 41.27113327510196 ] ], [ [ 69.208606234625051, 41.273738725682009 ], [ 69.20803003600895, 41.27306741536691 ], [ 69.208115272581495, 41.273016495413827 ], [ 69.208606234625051, 41.273738725682009 ] ], [ [ 69.208324783934003, 41.275060896950428 ], [ 69.207984281070637, 41.274745234135899 ], [ 69.208271016541829, 41.274572804431621 ], [ 69.208609859548261, 41.274889309842671 ], [ 69.208324783934003, 41.275060896950428 ] ], [ [ 69.208288346714625, 41.276735203548682 ], [ 69.208185317301556, 41.276798689494761 ], [ 69.20785696286859, 41.276493995119061 ], [ 69.207955892282499, 41.276432019640382 ], [ 69.208288346714625, 41.276735203548682 ] ], [ [ 69.207705945729842, 41.27007796550221 ], [ 69.207948320478607, 41.27007152237902 ], [ 69.208123806979529, 41.270809869685216 ], [ 69.207771649200666, 41.270497543741392 ], [ 69.207705945729842, 41.27007796550221 ] ], [ [ 69.207718052588035, 41.271721472860925 ], [ 69.207775823426118, 41.271613405477922 ], [ 69.207592088450085, 41.271818297865671 ], [ 69.207718052588035, 41.271721472860925 ] ], [ [ 69.20739807610488, 41.2719393504007 ], [ 69.207372235825815, 41.271877124911953 ], [ 69.207585345297403, 41.271822505229096 ], [ 69.20739807610488, 41.2719393504007 ] ], [ [ 69.205914332299869, 41.278774189253788 ], [ 69.205908089616372, 41.278374951730726 ], [ 69.206324842013103, 41.278435217735165 ], [ 69.206254995070594, 41.278620805902065 ], [ 69.205914332299869, 41.278774189253788 ] ], [ [ 69.204382604617905, 41.277299281300373 ], [ 69.205080537877109, 41.276818699078582 ], [ 69.205755871045852, 41.277382420237508 ], [ 69.205142753098031, 41.277938318304159 ], [ 69.204382604617905, 41.277299281300373 ] ], [ [ 69.205708580485378, 41.27953476782843 ], [ 69.205262781902761, 41.279477000438163 ], [ 69.20552216961562, 41.279229569205192 ], [ 69.205708580485378, 41.27953476782843 ] ], [ [ 69.203456208726067, 41.279281102975958 ], [ 69.201815054506454, 41.277776524168715 ], [ 69.201846262081759, 41.277511676732416 ], [ 69.201600165384363, 41.277295788585668 ], [ 69.20185196269172, 41.277139579969173 ], [ 69.202506598587789, 41.277472666075091 ], [ 69.20361004643452, 41.278520315918861 ], [ 69.204452174210601, 41.27839954738937 ], [ 69.2040975002908, 41.278752947340983 ], [ 69.204551515402315, 41.279305232976526 ], [ 69.204202866835516, 41.2793463554627 ], [ 69.203878356427026, 41.279180620068843 ], [ 69.203456208726067, 41.279281102975958 ] ], [ [ 69.203817187510566, 41.270812552993441 ], [ 69.203658578543241, 41.270189432157856 ], [ 69.20399278701079, 41.270278394212767 ], [ 69.204249611981723, 41.270580519589643 ], [ 69.204021307799437, 41.270802797664231 ], [ 69.203817187510566, 41.270812552993441 ] ], [ [ 69.203764364154424, 41.276749911614068 ], [ 69.203771655565717, 41.27668801153694 ], [ 69.203809078626989, 41.276720796550698 ], [ 69.203764364154424, 41.276749911614068 ] ], [ [ 69.203502686102468, 41.271030113966575 ], [ 69.203495978775521, 41.271040418862377 ], [ 69.203491204835473, 41.271033548669124 ], [ 69.203502686102468, 41.271030113966575 ] ], [ [ 69.202699146518682, 41.274516886038874 ], [ 69.202992367138577, 41.274410136900791 ], [ 69.20274639266961, 41.27457077569786 ], [ 69.202699146518682, 41.274516886038874 ] ], [ [ 69.201580798659492, 41.273737397856515 ], [ 69.201586012653507, 41.273724535764259 ], [ 69.201617859103308, 41.273748076296556 ], [ 69.201580798659492, 41.273737397856515 ] ], [ [ 69.201584874543698, 41.27203180993876 ], [ 69.200911029120633, 41.271551503331125 ], [ 69.201287216753229, 41.271104822017897 ], [ 69.201344731201957, 41.27120917371947 ], [ 69.201584874543698, 41.27203180993876 ] ], [ [ 69.201033862039196, 41.254872685890248 ], [ 69.200962872176845, 41.254800232814496 ], [ 69.201110074317398, 41.254871286476281 ], [ 69.201033862039196, 41.254872685890248 ] ], [ [ 69.200711633065538, 41.273417464773985 ], [ 69.200624419168477, 41.27363259997842 ], [ 69.200143052765341, 41.273314455921209 ], [ 69.200343961727668, 41.273141937636687 ], [ 69.200711633065538, 41.273417464773985 ] ], [ [ 69.200624759473655, 41.274620911975923 ], [ 69.200207100413493, 41.27483167176797 ], [ 69.199286818148835, 41.274016599916187 ], [ 69.19951841909662, 41.273859663000422 ], [ 69.200624759473655, 41.274620911975923 ] ], [ [ 69.200460106028999, 41.252917583045011 ], [ 69.200387153036147, 41.253664209994099 ], [ 69.19983086611056, 41.253626748034527 ], [ 69.19981520509765, 41.253286996913921 ], [ 69.200287737310504, 41.252818482795305 ], [ 69.200460106028999, 41.252917583045011 ] ], [ [ 69.199395127325914, 41.259858602956442 ], [ 69.199587357009122, 41.26086683606394 ], [ 69.199041191405271, 41.259931177882422 ], [ 69.199222723622128, 41.259761687067773 ], [ 69.199395127325914, 41.259858602956442 ] ], [ [ 69.199495083686557, 41.252314545732105 ], [ 69.198770565190287, 41.253188361489485 ], [ 69.198717937792296, 41.252659347316452 ], [ 69.19908396433695, 41.25197554145042 ], [ 69.199495083686557, 41.252314545732105 ] ], [ [ 69.199241738772017, 41.258610122962544 ], [ 69.19890126288152, 41.258547550478788 ], [ 69.198969074442431, 41.258353384643236 ], [ 69.199241738772017, 41.258610122962544 ] ], [ [ 69.199245583215671, 41.275537860953072 ], [ 69.19900298511277, 41.275922213585311 ], [ 69.198872227075199, 41.275818075080011 ], [ 69.199245583215671, 41.275537860953072 ] ], [ [ 69.198913586886974, 41.26988657608414 ], [ 69.19887964534928, 41.269734704965913 ], [ 69.199209357142038, 41.269656169565593 ], [ 69.198913586886974, 41.26988657608414 ] ], [ [ 69.198634379599469, 41.271642868110852 ], [ 69.198105486450416, 41.271419920664734 ], [ 69.198892035455529, 41.270931339578041 ], [ 69.199188046333589, 41.271155546663195 ], [ 69.198634379599469, 41.271642868110852 ] ], [ [ 69.197189505376073, 41.274808304607085 ], [ 69.197986999201191, 41.274010087601162 ], [ 69.198881411763509, 41.274794685752475 ], [ 69.197852133896049, 41.275567180947633 ], [ 69.197189505376073, 41.274808304607085 ] ], [ [ 69.198130437496616, 41.254991629404941 ], [ 69.198477764760213, 41.254854325639542 ], [ 69.198480128461384, 41.254984509779788 ], [ 69.198130437496616, 41.254991629404941 ] ], [ [ 69.197521117332414, 41.25522654016148 ], [ 69.197638609176565, 41.255616956392707 ], [ 69.198403783260417, 41.25570695107514 ], [ 69.198358266995982, 41.25592685380547 ], [ 69.197284949110369, 41.255812223134413 ], [ 69.197028572464745, 41.255431648722492 ], [ 69.197024151360679, 41.25487902328593 ], [ 69.197347620535083, 41.254874531000382 ], [ 69.197667750963319, 41.255082289318828 ], [ 69.197521117332414, 41.25522654016148 ] ], [ [ 69.197949553216603, 41.258444852989179 ], [ 69.197826323885891, 41.258374094822109 ], [ 69.198142691392476, 41.25789185816042 ], [ 69.197949553216603, 41.258444852989179 ] ], [ [ 69.197943287596132, 41.258995712146046 ], [ 69.197810837875053, 41.259022160207266 ], [ 69.197935347411132, 41.258966447660626 ], [ 69.197943287596132, 41.258995712146046 ] ], [ [ 69.197741873521579, 41.253313469393767 ], [ 69.197817791224594, 41.253272014644672 ], [ 69.197819241608684, 41.253324130042749 ], [ 69.197741873521579, 41.253313469393767 ] ], [ [ 69.197379639290673, 41.25987301704167 ], [ 69.197372800353577, 41.259840025268026 ], [ 69.197434940639326, 41.259849338118855 ], [ 69.197379639290673, 41.25987301704167 ] ], [ [ 69.19719989615875, 41.253773943581045 ], [ 69.197021224637922, 41.253706973275101 ], [ 69.197214038120038, 41.25360169011222 ], [ 69.19719989615875, 41.253773943581045 ] ], [ [ 69.196869682921303, 41.258208036089201 ], [ 69.196817335680493, 41.258022889797815 ], [ 69.197002270402933, 41.258005940115304 ], [ 69.196869682921303, 41.258208036089201 ] ], [ [ 69.196402053326992, 41.262526001578202 ], [ 69.195993914016796, 41.261594591357344 ], [ 69.196241638711328, 41.261567244741549 ], [ 69.196828038092519, 41.262650054144366 ], [ 69.196402053326992, 41.262526001578202 ] ], [ [ 69.194739470465763, 41.261781490283184 ], [ 69.195081109186006, 41.261812819434567 ], [ 69.194835691584416, 41.262073443573563 ], [ 69.194739470465763, 41.261781490283184 ] ], [ [ 69.194571694355943, 41.252615057624133 ], [ 69.194609888470765, 41.252601706786862 ], [ 69.194593806021061, 41.252630898008199 ], [ 69.194571694355943, 41.252615057624133 ] ], [ [ 69.194139546629714, 41.258996491809157 ], [ 69.193761952566049, 41.258818008334771 ], [ 69.19444322103999, 41.258737718681985 ], [ 69.194139546629714, 41.258996491809157 ] ], [ [ 69.194001078516521, 41.255669446813499 ], [ 69.194093184833321, 41.256170588086007 ], [ 69.19406968620909, 41.256188734696423 ], [ 69.19359636378384, 41.256040819451066 ], [ 69.194001078516521, 41.255669446813499 ] ], [ [ 69.194075180324759, 41.25470654593839 ], [ 69.192176477903587, 41.255234791024321 ], [ 69.191746559795021, 41.255033434553042 ], [ 69.19172352456448, 41.254723817047122 ], [ 69.194075180324759, 41.25470654593839 ] ], [ [ 69.19372555349679, 41.261980929283091 ], [ 69.193807779871165, 41.261940529902247 ], [ 69.19384769066582, 41.262061632411921 ], [ 69.19372555349679, 41.261980929283091 ] ], [ [ 69.193588554831194, 41.261239077600692 ], [ 69.192865352207178, 41.261359787651834 ], [ 69.193124076965418, 41.261141069205721 ], [ 69.193545632384399, 41.26109409850649 ], [ 69.193588554831194, 41.261239077600692 ] ], [ [ 69.192585978337789, 41.259473983474507 ], [ 69.192236916698974, 41.259392312755651 ], [ 69.191878170132085, 41.259570046368459 ], [ 69.191577070282392, 41.25945684279813 ], [ 69.191156453264242, 41.259607794048208 ], [ 69.190980709022284, 41.259513728365178 ], [ 69.191228991618402, 41.259066274807381 ], [ 69.192567123670855, 41.258929503293857 ], [ 69.193264142689657, 41.259197670489542 ], [ 69.192585978337789, 41.259473983474507 ] ], [ [ 69.191256218496335, 41.258102008110782 ], [ 69.191490402613098, 41.258250192349749 ], [ 69.191575189945411, 41.258303686610226 ], [ 69.191093430977034, 41.258352925705651 ], [ 69.191256218496335, 41.258102008110782 ] ], [ [ 69.189536627723186, 41.259482540880931 ], [ 69.189535521160835, 41.259361750578393 ], [ 69.190334737015249, 41.258791330721898 ], [ 69.190062634925539, 41.259450165540223 ], [ 69.189855837232699, 41.259531879741104 ], [ 69.189536627723186, 41.259482540880931 ] ] ], [ [ [ 69.262034724199978, 41.216686294134362 ], [ 69.262191233256843, 41.216303774427033 ], [ 69.261498954946745, 41.215900917515249 ], [ 69.26207104741863, 41.214902379325245 ], [ 69.261843505311077, 41.214686675236258 ], [ 69.261314409304745, 41.21466821535261 ], [ 69.260504222126826, 41.214948926111902 ], [ 69.259107322665358, 41.216858364315314 ], [ 69.259981169932729, 41.215383990501422 ], [ 69.259706773668398, 41.215041417538949 ], [ 69.259182627805146, 41.215101745643437 ], [ 69.257648602977952, 41.217511625340386 ], [ 69.255211343784381, 41.21782197480416 ], [ 69.254879121390871, 41.218006639935844 ], [ 69.25388247346811, 41.217602204262484 ], [ 69.253116406566321, 41.218325131960945 ], [ 69.252106449586435, 41.217939480816149 ], [ 69.2517559653527, 41.218017035564117 ], [ 69.251597258803116, 41.218399039667553 ], [ 69.252102461790329, 41.219131425635084 ], [ 69.253491469695618, 41.219713091187828 ], [ 69.253677876049039, 41.220145480896093 ], [ 69.254038390101641, 41.220189683678989 ], [ 69.254319003985515, 41.220041186323535 ], [ 69.255718784435928, 41.220596183429009 ], [ 69.253936278791244, 41.223458557622557 ], [ 69.253919182638924, 41.223734027361274 ], [ 69.254345814997663, 41.22397179148853 ], [ 69.254800023301186, 41.223765186378692 ], [ 69.256672020315648, 41.220759034676433 ], [ 69.257574334456521, 41.221137855653907 ], [ 69.258186312646274, 41.221748185606181 ], [ 69.257833297899751, 41.222234764599811 ], [ 69.257020078700336, 41.22282166951431 ], [ 69.256825830548777, 41.223371706271038 ], [ 69.256995570885479, 41.223615891064419 ], [ 69.257344287755828, 41.223697935026763 ], [ 69.257667312205172, 41.223570017338488 ], [ 69.260466158731774, 41.225224872225127 ], [ 69.260971617607737, 41.225103815097654 ], [ 69.261073214808093, 41.224838925727418 ], [ 69.260896967941534, 41.224597381601072 ], [ 69.258236519699466, 41.222929547403361 ], [ 69.261501977539197, 41.224762238719187 ], [ 69.261265445560085, 41.225068055950501 ], [ 69.261460014407817, 41.225440491380603 ], [ 69.261990221363632, 41.225447298540736 ], [ 69.262275603006543, 41.225184561504847 ], [ 69.262850284140001, 41.225360925071136 ], [ 69.263158833169655, 41.22521333257987 ], [ 69.263204430609747, 41.224877069305066 ], [ 69.263828360370709, 41.225064349797314 ], [ 69.264131876921468, 41.224910926328967 ], [ 69.264202834458032, 41.22466630965728 ], [ 69.266626019143118, 41.226021522907509 ], [ 69.267236128864425, 41.226558430472465 ], [ 69.266986267603471, 41.22688243652847 ], [ 69.265827852080932, 41.226228792437418 ], [ 69.265484916472474, 41.226323744393433 ], [ 69.265334177941767, 41.226587592538188 ], [ 69.264880014424719, 41.226817058851779 ], [ 69.264890943419886, 41.227092707150192 ], [ 69.265254346766909, 41.227388794122568 ], [ 69.265111495632567, 41.228019887172714 ], [ 69.263997560622101, 41.227869111717922 ], [ 69.263351859815245, 41.228419090875313 ], [ 69.262910710557662, 41.228200578092199 ], [ 69.2623161342364, 41.228344637171418 ], [ 69.262137911629225, 41.228721709098281 ], [ 69.26256514340605, 41.228994099109201 ], [ 69.262488490131773, 41.22940468201358 ], [ 69.26328850205968, 41.229703710052412 ], [ 69.263084363972297, 41.230013303701078 ], [ 69.26324443777645, 41.230261187526587 ], [ 69.263693669212898, 41.230407039488036 ], [ 69.263526367380678, 41.230696110587651 ], [ 69.263687027862105, 41.230943778576787 ], [ 69.264471960407491, 41.23117574234788 ], [ 69.26415603840843, 41.231469031023266 ], [ 69.264322685028759, 41.231922997831589 ], [ 69.264959097540128, 41.232046742646688 ], [ 69.264924372433214, 41.232304465016874 ], [ 69.265151558441289, 41.232520418860339 ], [ 69.265631261886298, 41.232506530029085 ], [ 69.265369378237381, 41.232911136607001 ], [ 69.265466801398048, 41.233176920479202 ], [ 69.265970376626214, 41.233302513979218 ], [ 69.266619310034045, 41.232651885982044 ], [ 69.266999142939611, 41.232741273317075 ], [ 69.265967988192799, 41.233582546118818 ], [ 69.266218066512664, 41.234236629888478 ], [ 69.266722798004054, 41.234359568904225 ], [ 69.267159916394291, 41.233984287952403 ], [ 69.267189107782983, 41.234257622788242 ], [ 69.267678070648117, 41.234559920302168 ], [ 69.268690370883803, 41.234438188668264 ], [ 69.269471900310663, 41.234622263017052 ], [ 69.269336208930895, 41.235068509204162 ], [ 69.270078583682974, 41.235354388088297 ], [ 69.269729366681247, 41.235588771620897 ], [ 69.269758966618028, 41.235863636189386 ], [ 69.270418040316571, 41.236134743118015 ], [ 69.27011715100312, 41.236356833240038 ], [ 69.270259078464917, 41.23674259001924 ], [ 69.27069628567331, 41.236945228367304 ], [ 69.271420280874906, 41.237003120309211 ], [ 69.272064510206675, 41.236404585771922 ], [ 69.272618369031292, 41.23640962400107 ], [ 69.273253818426326, 41.237602885192842 ], [ 69.2737704558226, 41.237693438030739 ], [ 69.274221722488775, 41.237208499303186 ], [ 69.274119984852646, 41.236706067458115 ], [ 69.27471161282034, 41.236459786381793 ], [ 69.274747053083956, 41.236185315908173 ], [ 69.274351167821592, 41.235934937793658 ], [ 69.275207906161938, 41.234853522126222 ], [ 69.274911326408727, 41.234521614280141 ], [ 69.27435653168304, 41.234582803164578 ], [ 69.274240208322269, 41.234270533363542 ], [ 69.274496798071226, 41.233926533871347 ], [ 69.274685615429675, 41.23428592159474 ], [ 69.275194953301153, 41.234397511034331 ], [ 69.275474529297, 41.234220004866579 ], [ 69.275505947504968, 41.233945255336188 ], [ 69.275030461937746, 41.232668716427369 ], [ 69.274704985083147, 41.232543500321228 ], [ 69.274255707073308, 41.232624833184779 ], [ 69.273404256140765, 41.23214901247011 ], [ 69.272973149678648, 41.232160955752555 ], [ 69.272780122361596, 41.231958834571017 ], [ 69.27450904796703, 41.231112466855862 ], [ 69.273672046928411, 41.23159511310979 ], [ 69.273662772458891, 41.231995409850143 ], [ 69.27414911638607, 41.232155064304031 ], [ 69.275068270808518, 41.231741378701116 ], [ 69.276128896346691, 41.232822230861018 ], [ 69.276658860459108, 41.232807102357363 ], [ 69.27689491024924, 41.232148633645679 ], [ 69.276756613472273, 41.231893388595118 ], [ 69.276410223762795, 41.231788122045423 ], [ 69.277026552485736, 41.231375853257468 ], [ 69.277064643235164, 41.23110158525369 ], [ 69.276635740420943, 41.23084712523849 ], [ 69.27660106994081, 41.230466281408518 ], [ 69.276054052321072, 41.230348163504871 ], [ 69.277474075154316, 41.229656044958091 ], [ 69.277670874915941, 41.229284275112335 ], [ 69.277291226819372, 41.229004741496396 ], [ 69.276906565773842, 41.228972464504388 ], [ 69.276588279336153, 41.229141553314349 ], [ 69.276155352110678, 41.228805097267269 ], [ 69.275457532682665, 41.228775181849358 ], [ 69.274544467046624, 41.229177971749351 ], [ 69.274725357886865, 41.228786700276679 ], [ 69.274518979770932, 41.22855916002996 ], [ 69.274159929638827, 41.228508435038826 ], [ 69.273560969207836, 41.228782473541685 ], [ 69.273394870257818, 41.228352036210573 ], [ 69.272442161057157, 41.228180429746047 ], [ 69.272034204484015, 41.228527203276442 ], [ 69.271487158627465, 41.228020981058435 ], [ 69.270986077820922, 41.22803202413963 ], [ 69.270720132872697, 41.227541981537968 ], [ 69.270206583754927, 41.227442150790274 ], [ 69.269934322995752, 41.227625999204619 ], [ 69.26991399877285, 41.227901343611315 ], [ 69.271571813863332, 41.231654727076908 ], [ 69.268640994617542, 41.226442585282292 ], [ 69.269149988941919, 41.226510102359107 ], [ 69.269405264914965, 41.226312856210278 ], [ 69.269293184342303, 41.225919198312646 ], [ 69.269438336180372, 41.225639767436832 ], [ 69.26913066541178, 41.225299321598392 ], [ 69.269283043543041, 41.22504047347347 ], [ 69.269185548535006, 41.224774706856827 ], [ 69.268867701428405, 41.224638829889194 ], [ 69.268384795466602, 41.224831307402823 ], [ 69.267787948110652, 41.224776699100438 ], [ 69.267580792849131, 41.225145244416439 ], [ 69.267849590856216, 41.225507524255498 ], [ 69.264918509302149, 41.223256426807275 ], [ 69.26494823850193, 41.222272392971981 ], [ 69.264631802977163, 41.222134666446145 ], [ 69.264291721676898, 41.222201497295188 ], [ 69.263791487949931, 41.221826277831397 ], [ 69.264311443276327, 41.221961793277941 ], [ 69.264650348461132, 41.221858965012679 ], [ 69.264759298294663, 41.221467148307163 ], [ 69.264455544243262, 41.221193685894889 ], [ 69.265294653160254, 41.220402641675861 ], [ 69.265568356440696, 41.220617692421158 ], [ 69.26593130760385, 41.220648509777519 ], [ 69.266216812391718, 41.220476521214678 ], [ 69.266255248789818, 41.220199004945833 ], [ 69.2667320119088, 41.219973417578188 ], [ 69.266722225413233, 41.219697744582589 ], [ 69.266280735342448, 41.219457003844404 ], [ 69.266692662379256, 41.218858724420059 ], [ 69.266179986112149, 41.218408062737851 ], [ 69.266250655980059, 41.218176778779963 ], [ 69.266011311970274, 41.217746816386175 ], [ 69.265751649118059, 41.217552887844924 ], [ 69.265386432933184, 41.21755439855734 ], [ 69.264998131275647, 41.217993878440701 ], [ 69.263920102290285, 41.21758159799991 ], [ 69.263974944676363, 41.217007913437143 ], [ 69.264437263053978, 41.216953050842491 ], [ 69.264608791295416, 41.216709586053284 ], [ 69.264039249506794, 41.215836278120157 ], [ 69.263246618933508, 41.215805642114674 ], [ 69.262915729606291, 41.215922359097121 ], [ 69.262723930028358, 41.216279459450405 ], [ 69.262890625887323, 41.216789399503789 ], [ 69.262605845381543, 41.217176633598875 ], [ 69.261953010895695, 41.217357466394162 ], [ 69.261547941248921, 41.217176718768528 ], [ 69.2615166428685, 41.216778707036667 ], [ 69.261035333367289, 41.21664619644514 ], [ 69.26168469434451, 41.216764993067542 ], [ 69.262034724199978, 41.216686294134362 ] ], [ [ 69.275755208567091, 41.229634931521055 ], [ 69.275787278014832, 41.229534177773985 ], [ 69.275836086179226, 41.229595099308874 ], [ 69.275755208567091, 41.229634931521055 ] ], [ [ 69.275306552616939, 41.230716300728076 ], [ 69.275686651715176, 41.230529106208351 ], [ 69.275321696827504, 41.230733114358657 ], [ 69.275306552616939, 41.230716300728076 ] ], [ [ 69.274610011874174, 41.229964729501006 ], [ 69.274589977580547, 41.230211443680737 ], [ 69.274441199922393, 41.230287225080723 ], [ 69.2742929699358, 41.230098041990708 ], [ 69.274610011874174, 41.229964729501006 ] ], [ [ 69.272327670478575, 41.233120040679452 ], [ 69.27301792335399, 41.232919919416091 ], [ 69.273391044939004, 41.233360205516988 ], [ 69.272642328181206, 41.233749588346122 ], [ 69.272327670478575, 41.233120040679452 ] ], [ [ 69.27162041839162, 41.229398673092746 ], [ 69.272865347129823, 41.231063962754959 ], [ 69.271966858276855, 41.230145031360735 ], [ 69.27162041839162, 41.229398673092746 ] ], [ [ 69.270932706440036, 41.233178747120675 ], [ 69.270804011065366, 41.233149197444916 ], [ 69.270867610267118, 41.233047920576084 ], [ 69.270932706440036, 41.233178747120675 ] ], [ [ 69.269916599525629, 41.232945434822781 ], [ 69.269851093759513, 41.232889688813927 ], [ 69.269869591426399, 41.232835592445319 ], [ 69.269916599525629, 41.232945434822781 ] ], [ [ 69.267446625278339, 41.230071962710184 ], [ 69.269102520032007, 41.230408268057523 ], [ 69.269109245734924, 41.230419611707099 ], [ 69.267446625278339, 41.230071962710184 ] ], [ [ 69.268906256287593, 41.232713435319305 ], [ 69.268735287044535, 41.232674175543117 ], [ 69.268818531127735, 41.232524068722476 ], [ 69.268906256287593, 41.232713435319305 ] ], [ [ 69.268603584534802, 41.229546039539265 ], [ 69.268613132309611, 41.229562631375344 ], [ 69.267286296665475, 41.229287396757371 ], [ 69.268603584534802, 41.229546039539265 ] ], [ [ 69.26790980128942, 41.227587709837053 ], [ 69.26779080719416, 41.227510339512641 ], [ 69.267870428299204, 41.227518665679092 ], [ 69.26790980128942, 41.227587709837053 ] ], [ [ 69.266788779762777, 41.231490967565129 ], [ 69.266948002333109, 41.231974409324273 ], [ 69.266841565138066, 41.231949360865997 ], [ 69.266788779762777, 41.231490967565129 ] ], [ [ 69.265057860179226, 41.21913584351266 ], [ 69.265282804078595, 41.218787831709584 ], [ 69.265582859206916, 41.218957554712262 ], [ 69.26527351767551, 41.219273511718512 ], [ 69.265057860179226, 41.21913584351266 ] ], [ [ 69.264292082553851, 41.228651023515219 ], [ 69.264952635846868, 41.228735526885046 ], [ 69.264936289743162, 41.228811044568303 ], [ 69.264292082553851, 41.228651023515219 ] ], [ [ 69.262535240651019, 41.219642787646919 ], [ 69.264580232007759, 41.219774373306137 ], [ 69.264673589174862, 41.21983425053115 ], [ 69.264091024029554, 41.220388693529749 ], [ 69.262535240651019, 41.219642787646919 ] ], [ [ 69.263175928009645, 41.222484074666589 ], [ 69.264074883663909, 41.222570595609568 ], [ 69.264027317905885, 41.222844779333606 ], [ 69.263175928009645, 41.222484074666589 ] ], [ [ 69.263451906994689, 41.220933811859545 ], [ 69.263478438354838, 41.220946991480702 ], [ 69.263455567533128, 41.220967128676747 ], [ 69.263451906994689, 41.220933811859545 ] ], [ [ 69.262581633999673, 41.218738166954445 ], [ 69.262923126237666, 41.218835199606225 ], [ 69.262860713202898, 41.21892095598249 ], [ 69.262462190821438, 41.218890944692234 ], [ 69.262581633999673, 41.218738166954445 ] ], [ [ 69.261747983538413, 41.221594492309904 ], [ 69.262863030740476, 41.221559391816733 ], [ 69.262337319837272, 41.222134694809441 ], [ 69.260279247263625, 41.221294259170925 ], [ 69.260788202403262, 41.221269369042446 ], [ 69.261747983538413, 41.221594492309904 ] ], [ [ 69.262262462908822, 41.224291124192675 ], [ 69.259374681868479, 41.222482680564049 ], [ 69.259661579219753, 41.222599747415231 ], [ 69.262262462908822, 41.224291124192675 ] ], [ [ 69.259795794829287, 41.220519376579638 ], [ 69.259575081313329, 41.22024028769188 ], [ 69.259626770225623, 41.220168912250671 ], [ 69.259973813567299, 41.220305350226766 ], [ 69.259795794829287, 41.220519376579638 ] ], [ [ 69.25961070269345, 41.218685651621939 ], [ 69.259510215220075, 41.218678717480415 ], [ 69.25962250510824, 41.218523719021263 ], [ 69.25961070269345, 41.218685651621939 ] ], [ [ 69.258910877817669, 41.217175256713844 ], [ 69.258601701071527, 41.217676684432483 ], [ 69.258600361636724, 41.217676154843033 ], [ 69.258910877817669, 41.217175256713844 ] ], [ [ 69.257861785531134, 41.219138245768995 ], [ 69.256040357669818, 41.218447220253758 ], [ 69.257895651930795, 41.218210969079955 ], [ 69.258146914489117, 41.218310314704482 ], [ 69.257861785531134, 41.219138245768995 ] ], [ [ 69.257494326393441, 41.219805316140153 ], [ 69.257670084125067, 41.220218281460546 ], [ 69.253954456717338, 41.218672506366985 ], [ 69.254089266820856, 41.218510357813081 ], [ 69.257494326393441, 41.219805316140153 ] ] ], [ [ [ 69.207128147141248, 41.212123898881295 ], [ 69.206464575265059, 41.212163373947483 ], [ 69.205985160865183, 41.212559552451552 ], [ 69.206216708185522, 41.213044433939366 ], [ 69.206700011161857, 41.213260086783819 ], [ 69.206401888214572, 41.21344001718019 ], [ 69.206371762331287, 41.213714850290899 ], [ 69.207076921418192, 41.214107568915864 ], [ 69.206795763581567, 41.214395026588562 ], [ 69.206902017789673, 41.214658869651579 ], [ 69.207365403369749, 41.214876676843673 ], [ 69.207242376868891, 41.215416637454304 ], [ 69.207528689229875, 41.215630009764311 ], [ 69.209545605455972, 41.216107453718621 ], [ 69.209774546982004, 41.21627683971986 ], [ 69.209740222309861, 41.216842163546914 ], [ 69.207873906700428, 41.216443421979037 ], [ 69.207551821677043, 41.216573430926061 ], [ 69.20744581878796, 41.216837332359134 ], [ 69.207855488127962, 41.217163588016824 ], [ 69.207339642114405, 41.217133433691878 ], [ 69.205153615474757, 41.216557140017358 ], [ 69.204841239496702, 41.216832682567201 ], [ 69.204398209932904, 41.216873775792742 ], [ 69.203215544996823, 41.217554611150327 ], [ 69.20243088211032, 41.217342661475193 ], [ 69.201848146234482, 41.217395177249955 ], [ 69.20161232671677, 41.217753760376063 ], [ 69.201865736849172, 41.218129987768179 ], [ 69.201574872939716, 41.218252246981663 ], [ 69.201469850218245, 41.21852046348102 ], [ 69.201044135939057, 41.218387636977731 ], [ 69.200107186893788, 41.218568908014582 ], [ 69.199965834067442, 41.219589413176479 ], [ 69.200271747373534, 41.219888289046558 ], [ 69.200152132469299, 41.220088729989584 ], [ 69.200377589620416, 41.220419308364548 ], [ 69.200380954123958, 41.220941643222091 ], [ 69.2006065583804, 41.221158518276034 ], [ 69.201594375044181, 41.221481176873397 ], [ 69.200853333285181, 41.221771297593484 ], [ 69.201001723010734, 41.222466542661749 ], [ 69.20045036162503, 41.222531475463718 ], [ 69.200337937200501, 41.22289878906404 ], [ 69.199900267294453, 41.223050113971311 ], [ 69.199922546145913, 41.223935196368657 ], [ 69.199475626931104, 41.224791426959825 ], [ 69.199095338820811, 41.225175116263031 ], [ 69.198170318151725, 41.2252421702796 ], [ 69.197312547104985, 41.225649788112037 ], [ 69.197227067382983, 41.225917903058324 ], [ 69.197544248843641, 41.226361736155773 ], [ 69.197030976168037, 41.226605301054995 ], [ 69.196936368657489, 41.22680300428712 ], [ 69.196386842617585, 41.226952467869857 ], [ 69.196272920159274, 41.227253945100863 ], [ 69.196368902012807, 41.227519655391426 ], [ 69.196677590062734, 41.227688478337093 ], [ 69.197834501616981, 41.227544821867923 ], [ 69.199001490380084, 41.227641997661358 ], [ 69.199259194678291, 41.227505215960015 ], [ 69.202238765920953, 41.229218520900247 ], [ 69.201893905329115, 41.229742640296216 ], [ 69.202135905031227, 41.230098884920615 ], [ 69.203526409171189, 41.229995211502263 ], [ 69.204089329806081, 41.230441273537835 ], [ 69.202471057648395, 41.231312335845217 ], [ 69.202100250446421, 41.231243856041459 ], [ 69.20179349303389, 41.231393596034835 ], [ 69.201716837528565, 41.231663228292263 ], [ 69.20223556006377, 41.232331138569961 ], [ 69.202763117323229, 41.232372103083648 ], [ 69.202996081672296, 41.23215968608055 ], [ 69.202978268291062, 41.231926640890357 ], [ 69.203251156223232, 41.231769367419496 ], [ 69.203850414523359, 41.232612054149499 ], [ 69.204376616895345, 41.232661984690047 ], [ 69.204639089873055, 41.232314095653692 ], [ 69.204033975804791, 41.231340020666487 ], [ 69.204156276697617, 41.2312774946828 ], [ 69.205283824710776, 41.232883503264453 ], [ 69.205631371354727, 41.232968447248844 ], [ 69.205967730994359, 41.232871295375418 ], [ 69.206264843223479, 41.233082371021077 ], [ 69.207144915241429, 41.233285675560914 ], [ 69.207662292437519, 41.233129277742151 ], [ 69.207903918629967, 41.232555897144323 ], [ 69.207222249596299, 41.232015717227739 ], [ 69.20773445185317, 41.231864000031017 ], [ 69.20800537037681, 41.231996245948174 ], [ 69.20879084079229, 41.23199662472507 ], [ 69.20903481009735, 41.231791370131383 ], [ 69.208997800235338, 41.231498608374075 ], [ 69.210179874050382, 41.231242644764571 ], [ 69.210455267019626, 41.2310614607769 ], [ 69.210387679178638, 41.230664366361836 ], [ 69.209272609599282, 41.230178398900804 ], [ 69.209744504654182, 41.230195883682967 ], [ 69.210025934047167, 41.230020069555991 ], [ 69.209906295634056, 41.229287161424658 ], [ 69.210834970884804, 41.229114632976405 ], [ 69.211123161545217, 41.228887795423795 ], [ 69.211613303779288, 41.228956765297752 ], [ 69.212084923461092, 41.228731462821536 ], [ 69.211835649791766, 41.227879163999113 ], [ 69.211508984812767, 41.227755757759887 ], [ 69.211075582449524, 41.227927292266671 ], [ 69.210032572103017, 41.227511003558284 ], [ 69.210660986338723, 41.226358552384021 ], [ 69.211624343981725, 41.226718388066224 ], [ 69.212272525338165, 41.226415579299839 ], [ 69.212217808953895, 41.226017356827406 ], [ 69.211381947715836, 41.22565322882685 ], [ 69.21213161150024, 41.224550552714931 ], [ 69.213172558013383, 41.224909069329577 ], [ 69.213246612120585, 41.22568683269008 ], [ 69.213501016123146, 41.225884718969198 ], [ 69.215212983671151, 41.225582938802788 ], [ 69.215889608920435, 41.225266965051325 ], [ 69.215746520555086, 41.224688468254534 ], [ 69.214172749807986, 41.224204946441915 ], [ 69.214802403667861, 41.223326108095854 ], [ 69.215205125666856, 41.223305122139315 ], [ 69.215427374314885, 41.223086276917797 ], [ 69.2153248245084, 41.222129504093807 ], [ 69.215003565618005, 41.221998297237512 ], [ 69.214653522043108, 41.222077034728962 ], [ 69.21419477304778, 41.222659686499419 ], [ 69.21372348145421, 41.222471717508036 ], [ 69.213566889573499, 41.221989230404901 ], [ 69.214043652411235, 41.221774081017642 ], [ 69.213997058627641, 41.221375269902531 ], [ 69.213676714405864, 41.221242799402766 ], [ 69.212848341550199, 41.221398001601607 ], [ 69.213026469907874, 41.221105530156848 ], [ 69.212929373488151, 41.220839680791173 ], [ 69.212611745695341, 41.2207035356315 ], [ 69.212206088474787, 41.220823640058768 ], [ 69.213094666083975, 41.219592001292305 ], [ 69.213485527398817, 41.220064702806539 ], [ 69.213836889860119, 41.220139989706773 ], [ 69.214240645548145, 41.219880470357587 ], [ 69.214121273629956, 41.219502305403566 ], [ 69.214637962627265, 41.219683538017442 ], [ 69.21510752699055, 41.21949757140915 ], [ 69.215059673903866, 41.219098845253178 ], [ 69.213812340915638, 41.218554703724188 ], [ 69.21421296568721, 41.218001312173691 ], [ 69.215409941965291, 41.218503964142336 ], [ 69.21561463322972, 41.219073438385344 ], [ 69.216141594832109, 41.219117844417504 ], [ 69.216376935426396, 41.218906955340046 ], [ 69.216367085158993, 41.218497617608371 ], [ 69.216802219951106, 41.21821798499996 ], [ 69.216730589234686, 41.217895758251551 ], [ 69.217220228954986, 41.21725344837369 ], [ 69.217891937482392, 41.217487605312201 ], [ 69.217510459796458, 41.218076605703089 ], [ 69.217757684402301, 41.218430782724731 ], [ 69.218120938925182, 41.21845940719075 ], [ 69.218442952139029, 41.218232275005782 ], [ 69.219156683345531, 41.218234071765217 ], [ 69.219480599672053, 41.217955904444139 ], [ 69.219964053238002, 41.218018545992791 ], [ 69.220370247626946, 41.217804574210724 ], [ 69.220271086703491, 41.217041112555961 ], [ 69.219473329715086, 41.216841249745272 ], [ 69.219973932840944, 41.21605815114696 ], [ 69.221309437108246, 41.216523435987142 ], [ 69.221983521717377, 41.216080330353655 ], [ 69.221700941028402, 41.215264569115504 ], [ 69.221084209417512, 41.214951283556054 ], [ 69.221261835011703, 41.21443218324896 ], [ 69.220819544041802, 41.214111331857531 ], [ 69.221153995804144, 41.213920953961946 ], [ 69.221105949696948, 41.213522241130825 ], [ 69.220564575014137, 41.213271456548 ], [ 69.220188477936276, 41.213333879615746 ], [ 69.218835778580257, 41.212576321831364 ], [ 69.220245119995425, 41.213180957680947 ], [ 69.220724196683491, 41.213009455308395 ], [ 69.220697703083005, 41.212609595301572 ], [ 69.217257977300662, 41.21102387288461 ], [ 69.217331768794779, 41.210795845537646 ], [ 69.2197051969558, 41.211900790268956 ], [ 69.220190094682678, 41.211738900945733 ], [ 69.220252874213031, 41.211467233475453 ], [ 69.220042883463719, 41.211241612944292 ], [ 69.217526300905377, 41.210035574307042 ], [ 69.219455340824425, 41.21075548032789 ], [ 69.220030894952217, 41.210533018182787 ], [ 69.220069546049729, 41.210258794110835 ], [ 69.219749642921911, 41.21000704063561 ], [ 69.219924739214434, 41.209762686222525 ], [ 69.219697305503061, 41.209016068008218 ], [ 69.219192228917578, 41.20889439676894 ], [ 69.218656954368541, 41.209222954953006 ], [ 69.218382317884377, 41.208861689925243 ], [ 69.220272317246042, 41.20626048069137 ], [ 69.220739893330475, 41.20608642678463 ], [ 69.22123352250405, 41.206275925359456 ], [ 69.221962081539942, 41.207164809929516 ], [ 69.222326579119311, 41.207148149057979 ], [ 69.222618603754626, 41.206848950524389 ], [ 69.22352219668052, 41.207235792836784 ], [ 69.222916145284728, 41.207984394433701 ], [ 69.223133589987043, 41.208866221314302 ], [ 69.223362863196897, 41.209080865922772 ], [ 69.224412449046909, 41.208933256010269 ], [ 69.224590594095929, 41.208692523937636 ], [ 69.224414253116123, 41.208377661098908 ], [ 69.224753842370177, 41.208035261701653 ], [ 69.224828555647264, 41.208346494669804 ], [ 69.225139198695885, 41.208491465321266 ], [ 69.22549459724253, 41.208428091191337 ], [ 69.225692662372552, 41.208165093009995 ], [ 69.226479346761039, 41.208499643368242 ], [ 69.226948476761734, 41.210072663128194 ], [ 69.227842726736668, 41.210534819040376 ], [ 69.227305070690861, 41.211479486484834 ], [ 69.227609481114968, 41.211982576417007 ], [ 69.227894035597885, 41.21213026247316 ], [ 69.227745332342252, 41.212511223330743 ], [ 69.228002842902256, 41.213071877493775 ], [ 69.228225435001633, 41.213182192519561 ], [ 69.228086973931923, 41.213452203749924 ], [ 69.22845508881386, 41.214138189350827 ], [ 69.228774890785218, 41.2142013895483 ], [ 69.229684015746372, 41.213989592570911 ], [ 69.229862619911742, 41.21374904918536 ], [ 69.229654971662953, 41.213360911715093 ], [ 69.230737891253384, 41.212042478969622 ], [ 69.23125770015173, 41.212026440536675 ], [ 69.232060851408463, 41.211102635016822 ], [ 69.23283855595524, 41.211262699719398 ], [ 69.232893839390812, 41.211623344046437 ], [ 69.234006565245053, 41.21240160089063 ], [ 69.233774491640446, 41.212764444558147 ], [ 69.234249044046734, 41.213084275436991 ], [ 69.234147476490364, 41.213303948445251 ], [ 69.232951410903922, 41.214047330414907 ], [ 69.232842743905579, 41.213669662374734 ], [ 69.232253820521123, 41.21340814737156 ], [ 69.232006075234978, 41.212874237717379 ], [ 69.231499654934325, 41.212755722894201 ], [ 69.231215968689696, 41.212929388269565 ], [ 69.231218385728141, 41.213306439936964 ], [ 69.23075668430242, 41.21324286156355 ], [ 69.230476272603113, 41.213419535376964 ], [ 69.230443428766833, 41.213694190640375 ], [ 69.230778919465777, 41.213946118622609 ], [ 69.230316689785781, 41.21425739637661 ], [ 69.230692919028044, 41.214983534671859 ], [ 69.231083960953313, 41.215005825690803 ], [ 69.232520780004307, 41.215594443065591 ], [ 69.23238603442212, 41.216034835189049 ], [ 69.232608661245024, 41.216253447250082 ], [ 69.233076843209219, 41.216261472206334 ], [ 69.233371056503074, 41.215938721444829 ], [ 69.233974610806101, 41.216013630248547 ], [ 69.235203489492264, 41.21647785268722 ], [ 69.236128469635986, 41.216343287602875 ], [ 69.236764282826584, 41.216049760698446 ], [ 69.237201516146939, 41.216111537461146 ], [ 69.237828237768412, 41.215941794963967 ], [ 69.238300800799479, 41.215291806834948 ], [ 69.238783108833331, 41.215287693837922 ], [ 69.239000586604604, 41.214925282021369 ], [ 69.239895771211692, 41.214814313407594 ], [ 69.240239541107343, 41.214526366893985 ], [ 69.240685839667435, 41.214575097924957 ], [ 69.240894740399156, 41.214458074054164 ], [ 69.242055813516529, 41.214827634184658 ], [ 69.242657417119005, 41.214572129629111 ], [ 69.242897384361441, 41.214112986008502 ], [ 69.242647450533852, 41.213759901589192 ], [ 69.239572811410866, 41.212521248183187 ], [ 69.239807250895069, 41.212125716812032 ], [ 69.239554204395105, 41.211773901866465 ], [ 69.239190541695692, 41.211748707734444 ], [ 69.238843257715686, 41.212020618537416 ], [ 69.23765327451035, 41.211789497643892 ], [ 69.23783858518145, 41.211399050984475 ], [ 69.238447029905615, 41.210952702024549 ], [ 69.238236156166948, 41.210585374262273 ], [ 69.237876872071823, 41.210536006018764 ], [ 69.237381646732729, 41.210761479402372 ], [ 69.235677333482172, 41.210120258623149 ], [ 69.235267777430067, 41.210392194626635 ], [ 69.234791937807088, 41.210257362757091 ], [ 69.234434686667768, 41.210480680436589 ], [ 69.233087280017955, 41.209923938984694 ], [ 69.233333700177411, 41.209476206191269 ], [ 69.234459703212607, 41.208776214897064 ], [ 69.234765093354071, 41.208868693838056 ], [ 69.234924866618115, 41.209291507128185 ], [ 69.235454187610159, 41.209313939447433 ], [ 69.236036016851202, 41.208440332357156 ], [ 69.236079113878702, 41.208166486666073 ], [ 69.235853178973045, 41.207949834559592 ], [ 69.235490562512979, 41.207917286930417 ], [ 69.2351205193184, 41.208199917742476 ], [ 69.233991378201523, 41.207795217500539 ], [ 69.235181513299381, 41.206145418663354 ], [ 69.235220194544041, 41.205871197112693 ], [ 69.23499079444943, 41.205656636619729 ], [ 69.233537353106726, 41.205888603880211 ], [ 69.233353991690066, 41.206127088301059 ], [ 69.233540721206182, 41.206455604717668 ], [ 69.233031293044064, 41.207134517165265 ], [ 69.232219164367621, 41.206657923199572 ], [ 69.2317105386158, 41.206770803073972 ], [ 69.231601499066187, 41.207033994497181 ], [ 69.231887227861591, 41.207351760208915 ], [ 69.230381176304007, 41.20849919330648 ], [ 69.230870473741277, 41.207215593554118 ], [ 69.231398354014672, 41.20699733929299 ], [ 69.231389290161417, 41.206721651121534 ], [ 69.230916212768463, 41.20622414191525 ], [ 69.230562679028111, 41.206155110949332 ], [ 69.23024805837052, 41.20629509072505 ], [ 69.229696092154057, 41.207691474337132 ], [ 69.229431930204385, 41.206992136840853 ], [ 69.229111826063729, 41.20685943217272 ], [ 69.227547054421777, 41.207292247393568 ], [ 69.227158964283433, 41.207128369415145 ], [ 69.227103447441806, 41.206796857750454 ], [ 69.227404368314311, 41.206621146205045 ], [ 69.227441087465593, 41.206346770803265 ], [ 69.226751241326383, 41.205796359729398 ], [ 69.227449022632953, 41.205961278899558 ], [ 69.227787262769539, 41.205652999100423 ], [ 69.227682915015308, 41.205388725454064 ], [ 69.227188206917134, 41.205155569448358 ], [ 69.227462189821068, 41.204877505341578 ], [ 69.227275116604972, 41.204254133569229 ], [ 69.226284143054741, 41.203730191128869 ], [ 69.226646063159137, 41.203113723710452 ], [ 69.226528651223276, 41.202852596207457 ], [ 69.226201148082978, 41.202730653517563 ], [ 69.225732710304044, 41.202945251137585 ], [ 69.225205206973826, 41.202836599287799 ], [ 69.225578596425976, 41.202310631575394 ], [ 69.226026629706141, 41.202372558103605 ], [ 69.226309333512134, 41.202198023196296 ], [ 69.226345827106712, 41.20192363062899 ], [ 69.22602942676194, 41.201675516086496 ], [ 69.226110861692419, 41.201337453896961 ], [ 69.22570152549045, 41.201083074249141 ], [ 69.225351981957914, 41.201162790224998 ], [ 69.225147228232544, 41.201393177333522 ], [ 69.225002845363747, 41.20133196986577 ], [ 69.224502172059061, 41.200451090928304 ], [ 69.223798036153823, 41.200179177085346 ], [ 69.224168941197576, 41.199599463529012 ], [ 69.22406363895125, 41.199335407871317 ], [ 69.223741970765985, 41.199204930662638 ], [ 69.22302840186758, 41.199371278982134 ], [ 69.222863591249308, 41.199607794442336 ], [ 69.222459295754362, 41.199467860542455 ], [ 69.222133947277328, 41.199593026227589 ], [ 69.222021070592618, 41.199855290762159 ], [ 69.222370663549214, 41.200665274253829 ], [ 69.22199645640076, 41.200463895185294 ], [ 69.221532800677736, 41.200579687293619 ], [ 69.22136032940594, 41.19991298959421 ], [ 69.22070821529563, 41.199781967382833 ], [ 69.220239387982147, 41.199968790277879 ], [ 69.21954526166688, 41.200936918805205 ], [ 69.219131422619142, 41.200768588303141 ], [ 69.219183291512081, 41.200488300924548 ], [ 69.21896026369258, 41.200269952437637 ], [ 69.217730568166232, 41.200451406953128 ], [ 69.217575094456123, 41.200834160306329 ], [ 69.218257336949989, 41.201231539286304 ], [ 69.218018510991925, 41.201504737752146 ], [ 69.218146177939516, 41.201903884113435 ], [ 69.217857621603201, 41.202206536741514 ], [ 69.217725930742063, 41.202150626308836 ], [ 69.217918039590003, 41.201656933036908 ], [ 69.21749704947382, 41.201403333476556 ], [ 69.217450408791876, 41.200999727073892 ], [ 69.217128954910635, 41.200868937096381 ], [ 69.21656326116404, 41.200995724718013 ], [ 69.216394366342399, 41.201286446109059 ], [ 69.215947555778342, 41.201132400084717 ], [ 69.215596964709945, 41.201209448383629 ], [ 69.215437330694641, 41.201591224103666 ], [ 69.215726622184164, 41.201831626621413 ], [ 69.214879515943124, 41.201880517778086 ], [ 69.214710366977471, 41.202124916010959 ], [ 69.214802943526053, 41.202365076179881 ], [ 69.214033203940559, 41.202050166582879 ], [ 69.213780495297883, 41.201700456865602 ], [ 69.213416888394548, 41.201675259525821 ], [ 69.212759094342744, 41.201933197039452 ], [ 69.212782626553761, 41.202591002478329 ], [ 69.21247819120012, 41.20247054783804 ], [ 69.211721528120819, 41.202629795146244 ], [ 69.211528242647134, 41.202863763064592 ], [ 69.211650286361717, 41.203160568701023 ], [ 69.211141330304287, 41.203708235000761 ], [ 69.211253636952563, 41.203966510786216 ], [ 69.210770486987357, 41.204016999363986 ], [ 69.210599344219474, 41.204260606756407 ], [ 69.210706410566019, 41.20452425918662 ], [ 69.211448790568525, 41.204852785031996 ], [ 69.211146976084621, 41.204926805313349 ], [ 69.210971439101456, 41.205168623568767 ], [ 69.211073726480123, 41.20543335630984 ], [ 69.211678464868484, 41.205715012076297 ], [ 69.211374536343811, 41.20579129322163 ], [ 69.211201875887397, 41.206034290782718 ], [ 69.211527814207884, 41.206418809802848 ], [ 69.211455419228358, 41.206751001582312 ], [ 69.211646756884932, 41.206936547708686 ], [ 69.211712373304835, 41.207470007971786 ], [ 69.2119416603433, 41.20768464141009 ], [ 69.216115627768019, 41.209403688170525 ], [ 69.213824620551023, 41.208545087801163 ], [ 69.213461786778524, 41.208513927338373 ], [ 69.213176046866465, 41.208685644982921 ], [ 69.213220056714732, 41.209084623704676 ], [ 69.215609760095717, 41.210115788704307 ], [ 69.215495745007388, 41.21027124091512 ], [ 69.21216442024928, 41.208888307421162 ], [ 69.211183678910828, 41.208994853066464 ], [ 69.210416676563426, 41.209884473326866 ], [ 69.210011982419047, 41.209668857465573 ], [ 69.209414101061896, 41.209901828085442 ], [ 69.20946535909907, 41.210313251565687 ], [ 69.209977303439288, 41.210524542100671 ], [ 69.209552363361695, 41.210716806229335 ], [ 69.20957924704544, 41.211066612352568 ], [ 69.20904758620344, 41.211137180832388 ], [ 69.208765210667465, 41.211386110316887 ], [ 69.208333383454516, 41.211341346675262 ], [ 69.208057701313066, 41.211522208620686 ], [ 69.208033201239473, 41.211798735843288 ], [ 69.207675898249022, 41.211781623829836 ], [ 69.20740088228662, 41.211963064809893 ], [ 69.207469098364143, 41.212360097473457 ], [ 69.208196457881655, 41.212705927645111 ], [ 69.207364071645372, 41.212392888038792 ], [ 69.207128147141248, 41.212123898881295 ] ], [ [ 69.236394318566369, 41.211289250806658 ], [ 69.236837512622415, 41.211372397571601 ], [ 69.236798282376128, 41.211455052467372 ], [ 69.236394318566369, 41.211289250806658 ] ], [ [ 69.235210679134923, 41.212798734743153 ], [ 69.235252197357767, 41.212408765701156 ], [ 69.235673078838516, 41.212577843061162 ], [ 69.23543202667571, 41.212971742245891 ], [ 69.235210679134923, 41.212798734743153 ] ], [ [ 69.235352844797319, 41.21069134913752 ], [ 69.235640263798828, 41.210889079455555 ], [ 69.235600204743889, 41.210962992851243 ], [ 69.235273781697515, 41.210827810100469 ], [ 69.235352844797319, 41.21069134913752 ] ], [ [ 69.235462948809811, 41.214167425778705 ], [ 69.235342780075214, 41.214036878974937 ], [ 69.235576080757042, 41.214127030798487 ], [ 69.235462948809811, 41.214167425778705 ] ], [ [ 69.234268014533711, 41.214243478834923 ], [ 69.23440911699349, 41.21437964245542 ], [ 69.234183756194668, 41.214292488843597 ], [ 69.234268014533711, 41.214243478834923 ] ], [ [ 69.231427518457892, 41.208709209907632 ], [ 69.231993144027371, 41.208805167935523 ], [ 69.231693681518621, 41.208888095463593 ], [ 69.231358654695185, 41.209339504462783 ], [ 69.230888247358223, 41.209144789296055 ], [ 69.231427518457892, 41.208709209907632 ] ], [ [ 69.23006231442605, 41.211260886615641 ], [ 69.229781372606539, 41.211602319254723 ], [ 69.229734064979496, 41.211581769158478 ], [ 69.229832678041191, 41.21117957738727 ], [ 69.23006231442605, 41.211260886615641 ] ], [ [ 69.229496786935712, 41.208088217145573 ], [ 69.229557709389667, 41.208054485338579 ], [ 69.22953559072559, 41.208112507483669 ], [ 69.229496786935712, 41.208088217145573 ] ], [ [ 69.224373823662617, 41.20248265742066 ], [ 69.224260734021428, 41.202641969342309 ], [ 69.224158773681694, 41.202569309388579 ], [ 69.224168805778518, 41.2023971304314 ], [ 69.224373823662617, 41.20248265742066 ] ], [ [ 69.224225323547529, 41.20477260886414 ], [ 69.224144344908595, 41.204874967513916 ], [ 69.223845766746194, 41.204751042828214 ], [ 69.223920006618755, 41.204646886793412 ], [ 69.224225323547529, 41.20477260886414 ] ], [ [ 69.223841886711242, 41.201857657349514 ], [ 69.223873534509167, 41.201770172835829 ], [ 69.223921387905051, 41.201782098312229 ], [ 69.223841886711242, 41.201857657349514 ] ], [ [ 69.222901834155849, 41.202200728345098 ], [ 69.222574990968511, 41.20206938549272 ], [ 69.222904283338679, 41.201618821936201 ], [ 69.222876719683853, 41.201864546687162 ], [ 69.223112106716087, 41.202081005692989 ], [ 69.222901834155849, 41.202200728345098 ] ], [ [ 69.220619781685485, 41.203943296712694 ], [ 69.220520282124383, 41.204088407078316 ], [ 69.220450702345943, 41.203982589431348 ], [ 69.220619781685485, 41.203943296712694 ] ], [ [ 69.219094520215378, 41.201572069940077 ], [ 69.219040384015599, 41.201649187277404 ], [ 69.218990855914001, 41.201529904221395 ], [ 69.219094520215378, 41.201572069940077 ] ], [ [ 69.218335064678271, 41.215878318874694 ], [ 69.218618620447117, 41.215441479848629 ], [ 69.218866936439611, 41.21555632180808 ], [ 69.218335064678271, 41.215878318874694 ] ], [ [ 69.21764566072072, 41.207255403409654 ], [ 69.217292539149042, 41.20775125061666 ], [ 69.216934161403913, 41.207603766040052 ], [ 69.216598341056837, 41.20690514390899 ], [ 69.21764566072072, 41.207255403409654 ] ], [ [ 69.216041379602416, 41.20833923496766 ], [ 69.216267780218786, 41.208145853334038 ], [ 69.216839005691853, 41.208385289506666 ], [ 69.216682260474343, 41.208603450227322 ], [ 69.216041379602416, 41.20833923496766 ] ], [ [ 69.216468290756723, 41.211506867827779 ], [ 69.216511806250608, 41.211526525630951 ], [ 69.216442635779032, 41.211508682912402 ], [ 69.216468290756723, 41.211506867827779 ] ], [ [ 69.216183016961793, 41.204930753421344 ], [ 69.216137988151814, 41.204829002043915 ], [ 69.216321005553553, 41.204984085023234 ], [ 69.216183016961793, 41.204930753421344 ] ], [ [ 69.215267161802174, 41.213129614027274 ], [ 69.216055730855118, 41.212170393070487 ], [ 69.215299905898689, 41.213144427373599 ], [ 69.215267161802174, 41.213129614027274 ] ], [ [ 69.21563959871925, 41.207022483518294 ], [ 69.215390872667044, 41.206913728175032 ], [ 69.215481096397284, 41.206623281310293 ], [ 69.215505426738204, 41.20674334593707 ], [ 69.21563959871925, 41.207022483518294 ] ], [ [ 69.215596639157013, 41.202546362421671 ], [ 69.215519997331825, 41.202653761995848 ], [ 69.215184229543794, 41.202518582780769 ], [ 69.215596639157013, 41.202546362421671 ] ], [ [ 69.215532999484736, 41.206456194483785 ], [ 69.215539010932019, 41.206436842329168 ], [ 69.215547157082739, 41.206441638617541 ], [ 69.215532999484736, 41.206456194483785 ] ], [ [ 69.21464373357631, 41.211426732892932 ], [ 69.214390502143672, 41.211317477220192 ], [ 69.214374051122775, 41.210624857375073 ], [ 69.215032091495047, 41.21090109305603 ], [ 69.21464373357631, 41.211426732892932 ] ], [ [ 69.213669726374206, 41.203210534150656 ], [ 69.213843827692799, 41.203223716926701 ], [ 69.213810369402438, 41.203267706941581 ], [ 69.213669726374206, 41.203210534150656 ] ], [ [ 69.21334166992412, 41.215822746832679 ], [ 69.213553322857322, 41.215899927617677 ], [ 69.213220824150099, 41.215994159690368 ], [ 69.21334166992412, 41.215822746832679 ] ], [ [ 69.213475729286728, 41.207121384181093 ], [ 69.213378396458623, 41.207245267430885 ], [ 69.212790257171335, 41.207000278579962 ], [ 69.212940198922382, 41.206848394226604 ], [ 69.213475729286728, 41.207121384181093 ] ], [ [ 69.213514072347564, 41.2236096898108 ], [ 69.213325581576456, 41.223872767832951 ], [ 69.213093055343592, 41.223778528783264 ], [ 69.213284064221497, 41.223508269084313 ], [ 69.213514072347564, 41.2236096898108 ] ], [ [ 69.213351407693452, 41.203899522490794 ], [ 69.213143347665707, 41.203943678718879 ], [ 69.213214891074415, 41.203844026976924 ], [ 69.213351407693452, 41.203899522490794 ] ], [ [ 69.212735953869299, 41.212009714646257 ], [ 69.213006750311578, 41.211970783600989 ], [ 69.213275941563708, 41.21228104578924 ], [ 69.213330364488769, 41.212653015921077 ], [ 69.21303221057822, 41.213078942633139 ], [ 69.211862855708461, 41.212577542468772 ], [ 69.212221199763647, 41.211795247802662 ], [ 69.212735953869299, 41.212009714646257 ] ], [ [ 69.212908964274092, 41.210995686674934 ], [ 69.212788314819434, 41.210945300943408 ], [ 69.21277618052487, 41.210496417266675 ], [ 69.213219956012722, 41.210680310232959 ], [ 69.212908964274092, 41.210995686674934 ] ], [ [ 69.212886571663347, 41.202725810349378 ], [ 69.212925263532313, 41.202735667781269 ], [ 69.212893353080943, 41.202780109082013 ], [ 69.212886571663347, 41.202725810349378 ] ], [ [ 69.211548593398433, 41.210346255906423 ], [ 69.211586100885498, 41.210003254998092 ], [ 69.212458296589645, 41.21036468989837 ], [ 69.212008196601502, 41.210530182918973 ], [ 69.211548593398433, 41.210346255906423 ] ], [ [ 69.212257710505682, 41.22342975140247 ], [ 69.212238386499649, 41.223421450496488 ], [ 69.212277241634041, 41.223402117326621 ], [ 69.212257710505682, 41.22342975140247 ] ], [ [ 69.211635755527141, 41.218374277172948 ], [ 69.2112061590731, 41.218861818098709 ], [ 69.21114638988611, 41.21883803887588 ], [ 69.211525214446738, 41.218324764834634 ], [ 69.211635755527141, 41.218374277172948 ] ], [ [ 69.210768285481038, 41.220061013750005 ], [ 69.211550860110307, 41.22016721489139 ], [ 69.21135600683489, 41.220224425504753 ], [ 69.210768285481038, 41.220061013750005 ] ], [ [ 69.211282404545386, 41.213817468479327 ], [ 69.211076492323102, 41.213757110163463 ], [ 69.211085160057195, 41.213743677195659 ], [ 69.211282404545386, 41.213817468479327 ] ], [ [ 69.210230029229123, 41.213423742078696 ], [ 69.209055418580803, 41.2130302213248 ], [ 69.209074315042187, 41.212991311278522 ], [ 69.210230029229123, 41.213423742078696 ] ], [ [ 69.209223794221103, 41.225760435165718 ], [ 69.209799900252534, 41.22600169590423 ], [ 69.209639853175062, 41.226261156057937 ], [ 69.2093754597432, 41.226131036125096 ], [ 69.209223794221103, 41.225760435165718 ] ], [ [ 69.20939919193124, 41.228334385857281 ], [ 69.209493092167349, 41.228234595917606 ], [ 69.209558748791963, 41.228263878239623 ], [ 69.209537243073953, 41.228293622547206 ], [ 69.20939919193124, 41.228334385857281 ] ], [ [ 69.209160011767494, 41.221667571159898 ], [ 69.209226813238573, 41.222088793537111 ], [ 69.20884094733583, 41.22193380343608 ], [ 69.209160011767494, 41.221667571159898 ] ], [ [ 69.209191202966025, 41.228772142401965 ], [ 69.208299061885654, 41.230028507216723 ], [ 69.208054982044288, 41.229927623176245 ], [ 69.208204099636873, 41.229684265545089 ], [ 69.208113847394301, 41.229417042920971 ], [ 69.207709630423125, 41.229279895839895 ], [ 69.207900709709918, 41.229139655345108 ], [ 69.208537848422623, 41.229154395130415 ], [ 69.208691396768288, 41.228757930927664 ], [ 69.209169860716585, 41.228566955174706 ], [ 69.209191202966025, 41.228772142401965 ] ], [ [ 69.207835277607614, 41.22779684879324 ], [ 69.207720791782947, 41.227749778532576 ], [ 69.207933429145385, 41.227478594197706 ], [ 69.207974764187227, 41.227600420140789 ], [ 69.207835277607614, 41.22779684879324 ] ], [ [ 69.207476817582275, 41.225025199019221 ], [ 69.207866851427198, 41.225186363498587 ], [ 69.207831964496464, 41.225334346451994 ], [ 69.207417393381277, 41.225115193975206 ], [ 69.207476817582275, 41.225025199019221 ] ], [ [ 69.207837926245318, 41.230659472743348 ], [ 69.207821059920079, 41.230682237245091 ], [ 69.207687358320612, 41.230597239341293 ], [ 69.207837926245318, 41.230659472743348 ] ], [ [ 69.206876326925624, 41.231533123947621 ], [ 69.206128345644402, 41.230548254117686 ], [ 69.207212527454146, 41.231237482913187 ], [ 69.206876326925624, 41.231533123947621 ] ], [ [ 69.206498406943737, 41.217759965187405 ], [ 69.206360935344009, 41.217957486462836 ], [ 69.206327537363336, 41.21769471603821 ], [ 69.206498406943737, 41.217759965187405 ] ], [ [ 69.204504162217148, 41.22796660624681 ], [ 69.2063843963072, 41.228589041638202 ], [ 69.206362814443111, 41.228918713231522 ], [ 69.204504162217148, 41.22796660624681 ] ], [ [ 69.205618601672001, 41.220589117801865 ], [ 69.205327459315043, 41.220696179129639 ], [ 69.205050278048446, 41.220590763167827 ], [ 69.205326278850407, 41.220210752856516 ], [ 69.206332118345117, 41.220589710251318 ], [ 69.206181079183054, 41.220808473246571 ], [ 69.205618601672001, 41.220589117801865 ] ], [ [ 69.205628747731922, 41.227514831305669 ], [ 69.20597088596962, 41.227677262816066 ], [ 69.20561831430534, 41.227528299683641 ], [ 69.205628747731922, 41.227514831305669 ] ], [ [ 69.204891499625447, 41.217655135934024 ], [ 69.205183423219026, 41.217769505947771 ], [ 69.205095526173707, 41.217889162631508 ], [ 69.204808716233416, 41.217782516486295 ], [ 69.204891499625447, 41.217655135934024 ] ], [ [ 69.204963211633427, 41.2188856878278 ], [ 69.205145918869988, 41.218818548102178 ], [ 69.204990632498976, 41.219094815327836 ], [ 69.204963211633427, 41.2188856878278 ] ], [ [ 69.204146642696983, 41.22306692577606 ], [ 69.203601901419191, 41.222534028985066 ], [ 69.20432485605879, 41.22281817889931 ], [ 69.204146642696983, 41.22306692577606 ] ], [ [ 69.203762399328909, 41.218731615118351 ], [ 69.20388657041498, 41.218720580379156 ], [ 69.203836609905792, 41.218794440546567 ], [ 69.203762399328909, 41.218731615118351 ] ], [ [ 69.20243749351539, 41.223842813857516 ], [ 69.202604110175074, 41.223608924326925 ], [ 69.202982352471025, 41.224069498995703 ], [ 69.20243749351539, 41.223842813857516 ] ], [ [ 69.201092432564607, 41.225676948280423 ], [ 69.20189745837412, 41.226166748299832 ], [ 69.201746628297897, 41.226298453335758 ], [ 69.201045109765914, 41.22594246594636 ], [ 69.201092432564607, 41.225676948280423 ] ], [ [ 69.199627256865682, 41.225888271455119 ], [ 69.199585681154844, 41.225882860607207 ], [ 69.199629616888217, 41.225838695032103 ], [ 69.199627256865682, 41.225888271455119 ] ] ], [ [ [ 69.204618682747963, 41.338632709942857 ], [ 69.204174333737555, 41.338100054094511 ], [ 69.203818018215316, 41.338037365179495 ], [ 69.203507249022195, 41.338182928084777 ], [ 69.203293224231004, 41.338753310639696 ], [ 69.202594203858439, 41.33865137808904 ], [ 69.20227429747851, 41.338785229943582 ], [ 69.202219572396842, 41.339226878692251 ], [ 69.202798842127848, 41.339407145191537 ], [ 69.202744355792674, 41.339576598447728 ], [ 69.20107124215285, 41.339318549040584 ], [ 69.200761661084016, 41.339465550418382 ], [ 69.20073970379994, 41.339850600741237 ], [ 69.200377140807277, 41.339812592916786 ], [ 69.200085287114248, 41.339978924369206 ], [ 69.200034972388295, 41.340252071824551 ], [ 69.200468798204085, 41.340729879155141 ], [ 69.200036907168368, 41.340826986837172 ], [ 69.199853646512395, 41.341065675167314 ], [ 69.200157987388437, 41.341534524211319 ], [ 69.20003265032642, 41.341821428698978 ], [ 69.200262410219736, 41.342175536802934 ], [ 69.199687445857208, 41.342293256804346 ], [ 69.199344774908013, 41.342817727080551 ], [ 69.199531714564102, 41.343110708041117 ], [ 69.199164020509926, 41.343147542982294 ], [ 69.198821851359412, 41.343521414834278 ], [ 69.198884648181718, 41.343793090679476 ], [ 69.199370459459743, 41.343955087440897 ], [ 69.201918649250572, 41.343407943093709 ], [ 69.202618881597502, 41.343096813069813 ], [ 69.203066888626992, 41.343700401681929 ], [ 69.203639002033469, 41.345329338236382 ], [ 69.203227716078715, 41.345627296810058 ], [ 69.201523853310064, 41.346170958120886 ], [ 69.202240117559853, 41.345905166896095 ], [ 69.202341232616376, 41.345485751580426 ], [ 69.202908807052623, 41.345449936091775 ], [ 69.20310243329412, 41.345215936079235 ], [ 69.202883784772467, 41.344851064825129 ], [ 69.202075803080533, 41.344721948179618 ], [ 69.202484556983904, 41.344311316143454 ], [ 69.202424279825365, 41.344039316378904 ], [ 69.202126442459289, 41.34387910350344 ], [ 69.200739475651403, 41.344166932448722 ], [ 69.20058089557584, 41.344414574373559 ], [ 69.200568781167618, 41.345799812176999 ], [ 69.200079913707597, 41.345678597803357 ], [ 69.19978870021751, 41.345845591101444 ], [ 69.199737695257596, 41.346097062615691 ], [ 69.199367409739679, 41.345752935178126 ], [ 69.19949867622104, 41.345507280030368 ], [ 69.199358078893425, 41.345252679884965 ], [ 69.198910725151848, 41.344990594536519 ], [ 69.198554960250846, 41.345055154167959 ], [ 69.197618300270449, 41.346190539046994 ], [ 69.197753891632303, 41.346446677133663 ], [ 69.198217101017107, 41.346537808131117 ], [ 69.198323363453952, 41.346729053988518 ], [ 69.197701595922823, 41.34681302336601 ], [ 69.19757398049795, 41.347201652831579 ], [ 69.197820509081339, 41.347405452455973 ], [ 69.198203929932234, 41.347446274450306 ], [ 69.197893638034401, 41.347588322370882 ], [ 69.197486647987532, 41.347375214030151 ], [ 69.197142198092465, 41.347468339717146 ], [ 69.196671852963888, 41.348266401950028 ], [ 69.196885016315221, 41.348490555856863 ], [ 69.197561243205669, 41.348639271608661 ], [ 69.197775125863544, 41.348900703530944 ], [ 69.198279369934625, 41.34903984587519 ], [ 69.198680108206943, 41.348867828452455 ], [ 69.199311372276583, 41.348952068385323 ], [ 69.199964601863499, 41.3487011258877 ], [ 69.200078989246904, 41.349044302547632 ], [ 69.200416331970274, 41.349151201235124 ], [ 69.201516108741316, 41.348842745126049 ], [ 69.201882847852303, 41.349027149069109 ], [ 69.201786906954609, 41.349278256084702 ], [ 69.202086596385101, 41.349598556918906 ], [ 69.202040364496, 41.350402061860692 ], [ 69.202275656819111, 41.35061327657462 ], [ 69.20261532173059, 41.350639316510332 ], [ 69.203254850854208, 41.351559328808868 ], [ 69.203774124340711, 41.351474606266891 ], [ 69.204352169287617, 41.350584834907572 ], [ 69.204800472315597, 41.350408104048931 ], [ 69.205043159366056, 41.350582604898342 ], [ 69.205409119290323, 41.350581144607744 ], [ 69.205666520356445, 41.350385117700839 ], [ 69.205701048608034, 41.350119350812143 ], [ 69.20617475094889, 41.350330940992123 ], [ 69.205145329330932, 41.350962890259567 ], [ 69.205187462820788, 41.352401093201578 ], [ 69.204855300061595, 41.352744735581958 ], [ 69.205315488807301, 41.353239362496005 ], [ 69.205650548977829, 41.353350299400752 ], [ 69.205991578123601, 41.353250220887887 ], [ 69.206487141914806, 41.352687978490962 ], [ 69.208365161455973, 41.352437507442609 ], [ 69.20884559356027, 41.352136922521552 ], [ 69.209348397374939, 41.351434632400149 ], [ 69.21051830130709, 41.351179221214664 ], [ 69.212129068250903, 41.351048177985319 ], [ 69.21254408955356, 41.351228933974916 ], [ 69.213116657785193, 41.351148690256068 ], [ 69.213576603832664, 41.350349968989342 ], [ 69.213384448725378, 41.350115275013493 ], [ 69.212857248734622, 41.350099710877011 ], [ 69.212796121860322, 41.350042613278902 ], [ 69.213089583039306, 41.350026122659742 ], [ 69.213367985175395, 41.349710839078959 ], [ 69.21381100601505, 41.349617680961344 ], [ 69.213943968408358, 41.349169554230066 ], [ 69.213641448204896, 41.348840444708195 ], [ 69.212572959998141, 41.348920548788193 ], [ 69.211901510132023, 41.348571995841773 ], [ 69.212192157908859, 41.347911181406751 ], [ 69.213149233509753, 41.34845651485697 ], [ 69.213513067946607, 41.348426884987568 ], [ 69.213742533003312, 41.348212065453957 ], [ 69.213583497223098, 41.34783007265824 ], [ 69.212458593995763, 41.347147728442813 ], [ 69.212994222286696, 41.346604681934515 ], [ 69.214845842328202, 41.346909344227498 ], [ 69.215134234417064, 41.346739589004393 ], [ 69.215206383959085, 41.346462791566985 ], [ 69.213191671032916, 41.344348543092295 ], [ 69.213226712175285, 41.344082620654071 ], [ 69.212321759198844, 41.343169829613622 ], [ 69.212292444941241, 41.342937474584055 ], [ 69.211769875243945, 41.342602889450248 ], [ 69.212089151655874, 41.34245198962298 ], [ 69.212526100103545, 41.342640831950327 ], [ 69.213425435625851, 41.342424464084289 ], [ 69.213588592710607, 41.342177627681032 ], [ 69.213494071044551, 41.341878632392216 ], [ 69.213974442705734, 41.341632579699578 ], [ 69.213900773843534, 41.341047231297502 ], [ 69.213368448922509, 41.340922399430688 ], [ 69.212070228388754, 41.341382890768386 ], [ 69.211454134770747, 41.340835262328689 ], [ 69.211111048650906, 41.340800993209854 ], [ 69.210568247037017, 41.340242532071372 ], [ 69.210203910261185, 41.34021701105582 ], [ 69.209691145940653, 41.340571055875742 ], [ 69.209885753381442, 41.339792085332341 ], [ 69.209500819802358, 41.339595000920816 ], [ 69.208685696220911, 41.339632195562622 ], [ 69.208289793974288, 41.339233861083045 ], [ 69.208708128506359, 41.339013286696279 ], [ 69.208741958693722, 41.338559701623502 ], [ 69.208429773507007, 41.33827093554882 ], [ 69.20781256795145, 41.338168645629651 ], [ 69.207367789358116, 41.338277497284388 ], [ 69.206976284169855, 41.338081766823215 ], [ 69.205751352642935, 41.338109579994502 ], [ 69.205581553530877, 41.338488927188266 ], [ 69.206061985023737, 41.339003910489339 ], [ 69.20485580645645, 41.339529610311835 ], [ 69.204286031481203, 41.339953697969086 ], [ 69.20390430441671, 41.339951323516111 ], [ 69.204071997785562, 41.339409428332175 ], [ 69.204541141519343, 41.339133980166835 ], [ 69.204618682747963, 41.338632709942857 ] ], [ [ 69.212930983033502, 41.345517346620028 ], [ 69.21257311275798, 41.345840792192327 ], [ 69.21067233099707, 41.345811185112673 ], [ 69.210432223665379, 41.345646117816678 ], [ 69.21072776346206, 41.345397872656406 ], [ 69.211003841307132, 41.345532604324632 ], [ 69.211904658599053, 41.34555705727071 ], [ 69.212070532731104, 41.34574957366771 ], [ 69.212425117887605, 41.345817731023402 ], [ 69.212739799996172, 41.345676977812516 ], [ 69.21282952675287, 41.345419841386956 ], [ 69.212930983033502, 41.345517346620028 ] ], [ [ 69.211666370329027, 41.344484532533173 ], [ 69.211298089138438, 41.343944113819475 ], [ 69.210284134071543, 41.343506634465143 ], [ 69.210399099171312, 41.343423556831802 ], [ 69.211019490973257, 41.343570131249784 ], [ 69.211855537870406, 41.34438538137465 ], [ 69.211666370329027, 41.344484532533173 ] ], [ [ 69.210184366632035, 41.346430971121777 ], [ 69.211233679773542, 41.347445297460958 ], [ 69.211174385486373, 41.347778669386585 ], [ 69.209868151831671, 41.348067162607578 ], [ 69.209708070373239, 41.347786448668899 ], [ 69.209759809971715, 41.346463939691787 ], [ 69.210184366632035, 41.346430971121777 ] ], [ [ 69.210956541242282, 41.349663106264472 ], [ 69.210973645961374, 41.349672826628016 ], [ 69.210911437897181, 41.349709789183045 ], [ 69.210956541242282, 41.349663106264472 ] ], [ [ 69.210102481911008, 41.349194670444888 ], [ 69.210065476067967, 41.34923374751606 ], [ 69.210047247969086, 41.349164224232098 ], [ 69.210102481911008, 41.349194670444888 ] ], [ [ 69.20999080407438, 41.344885095826115 ], [ 69.209794666299587, 41.344899031170414 ], [ 69.209951303180731, 41.344717226170815 ], [ 69.20999080407438, 41.344885095826115 ] ], [ [ 69.209835873011542, 41.344343565541145 ], [ 69.209425604133585, 41.344140238967384 ], [ 69.209594712405476, 41.344014004685874 ], [ 69.209835873011542, 41.344343565541145 ] ], [ [ 69.209394162238908, 41.342094542907475 ], [ 69.208678537834558, 41.342406001244022 ], [ 69.208570523993103, 41.343296298925488 ], [ 69.208019013737101, 41.342542855341058 ], [ 69.20749681076623, 41.34261636170698 ], [ 69.207144065713905, 41.342996289289914 ], [ 69.208044314705859, 41.34192348720071 ], [ 69.209394162238908, 41.342094542907475 ] ], [ [ 69.208593528546018, 41.350204060760767 ], [ 69.208195582352985, 41.349970513134743 ], [ 69.207534033500977, 41.350052013067362 ], [ 69.207530796394749, 41.349876071845379 ], [ 69.208557211684663, 41.349720738319306 ], [ 69.20891233158477, 41.349491777280967 ], [ 69.208593528546018, 41.350204060760767 ] ], [ [ 69.208616365517443, 41.350289785833873 ], [ 69.208741170354941, 41.350442550148976 ], [ 69.208796872578688, 41.35047351344803 ], [ 69.208583115992994, 41.350471909809364 ], [ 69.208616365517443, 41.350289785833873 ] ], [ [ 69.208687917295435, 41.345852763302595 ], [ 69.208404793284373, 41.345912883259075 ], [ 69.208411825254629, 41.345697777005739 ], [ 69.208733906131684, 41.345644873874583 ], [ 69.208687917295435, 41.345852763302595 ] ], [ [ 69.206571845943927, 41.341422495831111 ], [ 69.20730293667809, 41.341080291036995 ], [ 69.20741114072186, 41.34132842719626 ], [ 69.206628270025305, 41.341538408083395 ], [ 69.206571845943927, 41.341422495831111 ] ], [ [ 69.207138335134431, 41.340263999669062 ], [ 69.207045182263244, 41.340315407927548 ], [ 69.206985109623673, 41.340303140120945 ], [ 69.207138335134431, 41.340263999669062 ] ], [ [ 69.206453212300644, 41.342476409847322 ], [ 69.206528311020222, 41.342330108158279 ], [ 69.206596810091241, 41.342311735992681 ], [ 69.206453212300644, 41.342476409847322 ] ], [ [ 69.206174892453021, 41.348843518343443 ], [ 69.204753823142667, 41.348843453145776 ], [ 69.204739811859312, 41.348426073225674 ], [ 69.206172932640527, 41.348418677656085 ], [ 69.206174892453021, 41.348843518343443 ] ], [ [ 69.204425911666164, 41.34770706107377 ], [ 69.203910931205186, 41.34736457135952 ], [ 69.203839777471416, 41.34673726686183 ], [ 69.204241326586398, 41.347128398653702 ], [ 69.204606719270345, 41.3471435544473 ], [ 69.204925706298638, 41.346823400933474 ], [ 69.204810718727273, 41.346493872721148 ], [ 69.205149101365734, 41.346391911590068 ], [ 69.20553464971745, 41.347075041233296 ], [ 69.206160312198833, 41.347213340479833 ], [ 69.20616659872492, 41.347698080653487 ], [ 69.204425911666164, 41.34770706107377 ] ], [ [ 69.205530714443952, 41.345066434500438 ], [ 69.204762915497867, 41.345306474959486 ], [ 69.204614598648703, 41.345036189792445 ], [ 69.205382306236771, 41.344798760634461 ], [ 69.205530714443952, 41.345066434500438 ] ], [ [ 69.204551568754994, 41.344276748114225 ], [ 69.204228724354209, 41.344321741071433 ], [ 69.204161216194819, 41.344091884026469 ], [ 69.204551568754994, 41.344276748114225 ] ], [ [ 69.202855259643712, 41.348456897965569 ], [ 69.202330091747783, 41.348395668875149 ], [ 69.201910175233593, 41.348077782653363 ], [ 69.202364107760786, 41.347918558675509 ], [ 69.203302988760385, 41.347921372193433 ], [ 69.203166537171299, 41.348484044197335 ], [ 69.202981018459198, 41.348618611562635 ], [ 69.202855259643712, 41.348456897965569 ] ], [ [ 69.202257457677533, 41.341065073340509 ], [ 69.20239305230271, 41.341351858650455 ], [ 69.202328341954072, 41.341388430624804 ], [ 69.20202367209329, 41.341084762209434 ], [ 69.202257457677533, 41.341065073340509 ] ], [ [ 69.201852867658218, 41.34210932149572 ], [ 69.201803003194385, 41.342530742688162 ], [ 69.201626134585169, 41.342579417142012 ], [ 69.201608281094877, 41.341865545178017 ], [ 69.201852867658218, 41.34210932149572 ] ], [ [ 69.20091931964987, 41.339984182555597 ], [ 69.200916699245909, 41.339981571004735 ], [ 69.200922866770867, 41.339983644143437 ], [ 69.20091931964987, 41.339984182555597 ] ], [ [ 69.20006502871675, 41.346486548433965 ], [ 69.200263470242149, 41.34668306786763 ], [ 69.200032248987142, 41.346663080704744 ], [ 69.20006502871675, 41.346486548433965 ] ] ], [ [ [ 69.198903862852902, 41.235662130002432 ], [ 69.198789439567307, 41.235078307413936 ], [ 69.19846856833334, 41.23494647297278 ], [ 69.198118186432552, 41.235024525419298 ], [ 69.197881688619006, 41.235294941203549 ], [ 69.197968705254041, 41.234652330051546 ], [ 69.197750229040608, 41.234431309093047 ], [ 69.197220588474082, 41.234452121133337 ], [ 69.197016424651864, 41.234778745103483 ], [ 69.196781678752998, 41.234537878618056 ], [ 69.196019037152695, 41.234475895542005 ], [ 69.195732796078943, 41.234647243802982 ], [ 69.195702496577269, 41.235072148351101 ], [ 69.195467455271086, 41.234710627610077 ], [ 69.194937102720473, 41.234708521826882 ], [ 69.194732546351119, 41.234937008306069 ], [ 69.19480097677372, 41.235348454899658 ], [ 69.194130796496864, 41.235021604286658 ], [ 69.19363491478434, 41.235163606053064 ], [ 69.193618940535288, 41.235563783449805 ], [ 69.194336956542088, 41.235983727588646 ], [ 69.193655668113962, 41.23684248449581 ], [ 69.193304876272094, 41.236805325490558 ], [ 69.193011789110017, 41.236969957204465 ], [ 69.192785729340386, 41.237804950610681 ], [ 69.192243451730278, 41.237285756932401 ], [ 69.192978307009852, 41.23693924940671 ], [ 69.193160991382499, 41.23640851204857 ], [ 69.192846443935125, 41.236086162376608 ], [ 69.192316709261874, 41.236194446463813 ], [ 69.191849845505303, 41.236015420673681 ], [ 69.191530369372259, 41.236149178972447 ], [ 69.191249944085641, 41.236540288829488 ], [ 69.191447144481359, 41.236886583264635 ], [ 69.191079510822064, 41.237261490929676 ], [ 69.189685477218291, 41.236287313232602 ], [ 69.189161696960483, 41.236224386507743 ], [ 69.18886892478173, 41.236498506116078 ], [ 69.188749676909737, 41.23728959310408 ], [ 69.189117845482656, 41.237577780921391 ], [ 69.189595908689384, 41.237471440914383 ], [ 69.191347959821442, 41.238389612405811 ], [ 69.191610127396842, 41.238664721604884 ], [ 69.195906431721554, 41.240646786532409 ], [ 69.19707784637869, 41.242078445170684 ], [ 69.198544146220371, 41.242525787839028 ], [ 69.199375461299852, 41.243114073256443 ], [ 69.199925284417091, 41.243236745364143 ], [ 69.200255481158223, 41.243118694880856 ], [ 69.200360964679547, 41.242760259699274 ], [ 69.199403665130092, 41.242018302893825 ], [ 69.200111381352102, 41.241299806568485 ], [ 69.200087583652191, 41.240899851122293 ], [ 69.199775003763619, 41.240757082058821 ], [ 69.199346508478214, 41.240804845867196 ], [ 69.198762596337275, 41.241464681052086 ], [ 69.198486927259992, 41.241277668380377 ], [ 69.198622404481682, 41.240814249033143 ], [ 69.19938648873503, 41.240688604690838 ], [ 69.199661200931061, 41.240506798761558 ], [ 69.199888698788143, 41.239958087460401 ], [ 69.199758782049969, 41.239700340362418 ], [ 69.198957526886105, 41.239482102297124 ], [ 69.198597619824255, 41.239529504914529 ], [ 69.198378364818012, 41.240104671348973 ], [ 69.197699182496805, 41.239375659689699 ], [ 69.197168797783632, 41.239372879304675 ], [ 69.196962422597522, 41.239741688862225 ], [ 69.197676852118491, 41.24070435850539 ], [ 69.196767465243994, 41.240051883407936 ], [ 69.196882671111993, 41.239718603990603 ], [ 69.196560756050246, 41.239459928130756 ], [ 69.198059089986302, 41.238595887317196 ], [ 69.198035723708927, 41.238195917177876 ], [ 69.197723310253906, 41.238052956440121 ], [ 69.197368480562616, 41.238118618855999 ], [ 69.19575956124514, 41.239009889316556 ], [ 69.196831480420727, 41.237361676776928 ], [ 69.198080469558391, 41.238052603178502 ], [ 69.198693747136062, 41.238637054108608 ], [ 69.199054858322327, 41.238678892110961 ], [ 69.199349393987063, 41.238515732190002 ], [ 69.199404818278026, 41.238243152124234 ], [ 69.199011042666527, 41.237791768762705 ], [ 69.199404624034315, 41.237326180895046 ], [ 69.199343626124303, 41.237054280042223 ], [ 69.198859625306227, 41.236890554309667 ], [ 69.198314579071734, 41.237287498373078 ], [ 69.197885253930096, 41.237048457498929 ], [ 69.198903862852902, 41.235662130002432 ] ], [ [ 69.195374697427923, 41.236801538338902 ], [ 69.19514518593364, 41.236826715989707 ], [ 69.195519229670424, 41.236653706153781 ], [ 69.196020142409992, 41.236974970035277 ], [ 69.195904308670393, 41.237150433731557 ], [ 69.195374697427923, 41.236801538338902 ] ], [ [ 69.195165655240316, 41.237960217399241 ], [ 69.19512741654529, 41.238327234168722 ], [ 69.19504562399743, 41.238451126934265 ], [ 69.195165655240316, 41.237960217399241 ] ], [ [ 69.194488144234256, 41.237342207975381 ], [ 69.194289396236698, 41.237573601042371 ], [ 69.194153607658521, 41.238128926966446 ], [ 69.193837427721448, 41.237901910958861 ], [ 69.194521066241563, 41.237166060591242 ], [ 69.19495379454078, 41.236930779484517 ], [ 69.194878559086519, 41.237294624507555 ], [ 69.194488144234256, 41.237342207975381 ] ] ] ] } }
]
}
