{"type":"FeatureCollection","features":[{"type":"Feature","properties":{"district_name":"Yunusabad district","role":"display_only"},"geometry":{"type":"Point","coordinates":[69.28509,41.36706]}},{"type":"Feature","properties":{"district_name":"Mirabad district","role":"display_only"},"geometry":{"type":"Point","coordinates":[69.28418,41.29016]}},{"type":"Feature","properties":{"district_name":"Mirabad district","role":"display_only"},"geometry":{"type":"Point","coordinates":[69.28426,41.29009]}},{"type":"Feature","properties":{"district_name":"Mirabad district","role":"display_only"},"geometry":{"type":"Point","coordinates":[69.28435,41.29001]}},{"type":"Feature","properties":{"district_name":"Mirabad district","role":"display_only"},"geometry":{"type":"Point","coordinates":[69.28431,41.29005]}},{"type":"Feature","properties":{"district_name":"Mirabad district","role":"display_only"},"geometry":{"type":"Point","coordinates":[69.28422,41.29012]}},{"type":"Feature","properties":{"district_name":"Mirabad district","role":"display_only"},"geometry":{"type":"Point","coordinates":[69.28533,41.29203]}},{"type":"Feature","properties":{"district_name":"Almazar district","role":"display_only"},"geometry":{"type":"Point","coordinates":[69.22801,41.3503]}},{"type":"Feature","properties":{"district_name":"Sergeli district","role":"display_only"},"geometry":{"type":"Point","coordinates":[69.27619,41.26989]}},{"type":"Feature","properties":{"district_name":"Mirabad district","role":"display_only"},"geometry":{"type":"Point","coordinates":[69.28198,41.28838]}},{"type":"Feature","properties":{"district_name":"Yangi Toshkent Tumani","role":"display_only"},"geometry":{"type":"Point","coordinates":[69.4097,41.25359]}},{"type":"Feature","properties":{"district_name":"Mirzo Ulugbek district","role":"display_only"},"geometry":{"type":"Point","coordinates":[69.31417,41.32731]}},{"type":"Feature","properties":{"district_name":"Chilanzar district","role":"display_only"},"geometry":{"type":"Point","coordinates":[69.19704,41.25431]}},{"type":"Feature","properties":{"district_name":"Chilanzar district","role":"display_only"},"geometry":{"type":"Point","coordinates":[69.21355,41.25908]}},{"type":"Feature","properties":{"district_name":"Chilanzar district","role":"display_only"},"geometry":{"type":"Point","coordinates":[69.20282,41.25434]}},{"type":"Feature","properties":{"district_name":"Sergeli district","role":"display_only"},"geometry":{"type":"Point","coordinates":[69.21726,41.25283]}},{"type":"Feature","properties":{"district_name":"Shaykhantakhur district","role":"display_only"},"geometry":{"type":"Point","coordinates":[69.16481,41.34568]}},{"type":"Feature","properties":{"district_name":"Shaykhantakhur district","role":"display_only"},"geometry":{"type":"Point","coordinates":[69.16364,41.33466]}},{"type":"Feature","properties":{"district_name":"Sergeli district","role":"display_only"},"geometry":{"type":"Point","coordinates":[69.25804,41.24921]}},{"type":"Feature","properties":{"district_name":"Uchtepa district","role":"display_only"},"geometry":{"type":"Point","coordinates":[69.1813,41.28217]}},{"type":"Feature","properties":{"district_name":"Chilanzar district","role":"display_only"},"geometry":{"type":"Point","coordinates":[69.2475,41.30375]}},{"type":"Feature","properties":{"district_name":"Shaykhantakhur district","role":"display_only"},"geometry":{"type":"Point","coordinates":[69.22158,41.32192]}},{"type":"Feature","properties":{"district_name":"Uchtepa district","role":"display_only"},"geometry":{"type":"Point","coordinates":[69.18747,41.31517]}},{"type":"Feature","properties":{"district_name":"Uchtepa district","role":"display_only"},"geometry":{"type":"Point","coordinates":[69.15268,41.30577]}},{"type":"Feature","properties":{"district_name":"Uchtepa district","role":"display_only"},"geometry":{"type":"Point","coordinates":[69.1738,41.29882]}},{"type":"Feature","properties":{"district_name":"Shaykhantakhur district","role":"display_only"},"geometry":{"type":"Point","coordinates":[69.26382,41.33423]}},{"type":"Feature","properties":{"district_name":"Mirabad district","role":"display_only"},"geometry":{"type":"Point","coordinates":[69.28423,41.28782]}},{"type":"Feature","properties":{"district_name":"Mirzo Ulugbek district","role":"display_only"},"geometry":{"type":"Point","coordinates":[69.37377,41.34067]}},{"type":"Feature","properties":{"district_name":"Mirabad district","role":"display_only"},"geometry":{"type":"Point","coordinates":[69.27034,41.30811]}},{"type":"Feature","properties":{"district_name":"Almazar district","role":"display_only"},"geometry":{"type":"Point","coordinates":[69.25304,41.35463]}},{"type":"Feature","properties":{"district_name":"Mirzo Ulugbek district","role":"display_only"},"geometry":{"type":"Point","coordinates":[69.38677,41.35884]}},{"type":"Feature","properties":{"district_name":"Almazar district","role":"display_only"},"geometry":{"type":"Point","coordinates":[69.24862,41.35602]}},{"type":"Feature","properties":{"district_name":"Yashnabad district","role":"display_only"},"geometry":{"type":"Point","coordinates":[69.4514,41.33448]}},{"type":"Feature","properties":{"district_name":"Yunusabad district","role":"display_only"},"geometry":{"type":"Point","coordinates":[69.29246,41.35112]}},{"type":"Feature","properties":{"district_name":"Almazar district","role":"display_only"},"geometry":{"type":"Point","coordinates":[69.22908,41.36487]}},{"type":"Feature","properties":{"district_name":"Mirzo Ulugbek district","role":"display_only"},"geometry":{"type":"Point","coordinates":[69.36727,41.36181]}},{"type":"Feature","properties":{"district_name":"Yashnabad district","role":"display_only"},"geometry":{"type":"Point","coordinates":[69.32006,41.27717]}},{"type":"Feature","properties":{"district_name":"Almazar district","role":"display_only"},"geometry":{"type":"Point","coordinates":[69.21371,41.33553]}},{"type":"Feature","properties":{"district_name":"Almazar district","role":"display_only"},"geometry":{"type":"Point","coordinates":[69.22141,41.33118]}},{"type":"Feature","properties":{"district_name":"Chilanzar district","role":"display_only"},"geometry":{"type":"Point","coordinates":[69.22422,41.29137]}},{"type":"Feature","properties":{"district_name":"Chilanzar district","role":"display_only"},"geometry":{"type":"Point","coordinates":[69.22087,41.2935]}},{"type":"Feature","properties":{"district_name":"Shaykhantakhur district","role":"display_only"},"geometry":{"type":"Point","coordinates":[69.20543,41.34554]}},{"type":"Feature","properties":{"district_name":"Mirabad district","role":"display_only"},"geometry":{"type":"Point","coordinates":[69.2758,41.30069]}},{"type":"Feature","properties":{"district_name":"Shaykhantakhur district","role":"display_only"},"geometry":{"type":"Point","coordinates":[69.23547,41.32333]}},{"type":"Feature","properties":{"district_name":"Shaykhantakhur district","role":"display_only"},"geometry":{"type":"Point","coordinates":[69.23542,41.32328]}},{"type":"Feature","properties":{"district_name":"Yashnabad district","role":"display_only"},"geometry":{"type":"Point","coordinates":[69.30605,41.30583]}},{"type":"Feature","properties":{"district_name":"Yashnabad district","role":"display_only"},"geometry":{"type":"Point","coordinates":[69.30773,41.30596]}},{"type":"Feature","properties":{"district_name":"Mirabad district","role":"display_only"},"geometry":{"type":"Point","coordinates":[69.28439,41.28997]}},{"type":"Feature","properties":{"district_name":"Mirabad district","role":"display_only"},"geometry":{"type":"Point","coordinates":[69.30668,41.27904]}},{"type":"Feature","properties":{"district_name":"Mirabad district","role":"display_only"},"geometry":{"type":"Point","coordinates":[69.27228,41.29816]}},{"type":"Feature","properties":{"district_name":"Mirabad district","role":"display_only"},"geometry":{"type":"Point","coordinates":[69.27274,41.29936]}},{"type":"Feature","properties":{"district_name":"Yunusabad district","role":"display_only"},"geometry":{"type":"Point","coordinates":[69.2896,41.35934]}},{"type":"Feature","properties":{"district_name":"Sergeli district","role":"display_only"},"geometry":{"type":"Point","coordinates":[69.21451,41.23936]}},{"type":"Feature","properties":{"district_name":"Yakkasaray district","role":"display_only"},"geometry":{"type":"Point","coordinates":[69.26525,41.27044]}},{"type":"Feature","properties":{"district_name":"Mirabad district","role":"display_only"},"geometry":{"type":"Point","coordinates":[69.28188,41.28843]}},{"type":"Feature","properties":{"district_name":"Mirabad district","role":"display_only"},"geometry":{"type":"Point","coordinates":[69.27387,41.27685]}},{"type":"Feature","properties":{"district_name":"Chilanzar district","role":"display_only"},"geometry":{"type":"Point","coordinates":[69.21348,41.2592]}},{"type":"Feature","properties":{"district_name":"Yashnabad district","role":"display_only"},"geometry":{"type":"Point","coordinates":[69.29343,41.30715]}},{"type":"Feature","properties":{"district_name":"Yashnabad district","role":"display_only"},"geometry":{"type":"Point","coordinates":[69.33553,41.29507]}},{"type":"Feature","properties":{"district_name":"Yashnabad district","role":"display_only"},"geometry":{"type":"Point","coordinates":[69.34204,41.29911]}},{"type":"Feature","properties":{"district_name":"Yashnabad district","role":"display_only"},"geometry":{"type":"Point","coordinates":[69.34136,41.29557]}},{"type":"Feature","properties":{"district_name":"Yashnabad district","role":"display_only"},"geometry":{"type":"Point","coordinates":[69.30547,41.29907]}},{"type":"Feature","properties":{"district_name":"Yakkasaray district","role":"display_only"},"geometry":{"type":"Point","coordinates":[69.24512,41.27408]}},{"type":"Feature","properties":{"district_name":"Bektemir district","role":"display_only"},"geometry":{"type":"Point","coordinates":[69.34561,41.2323]}},{"type":"Feature","properties":{"district_name":"Yashnabad district","role":"display_only"},"geometry":{"type":"Point","coordinates":[69.36479,41.26838]}},{"type":"Feature","properties":{"district_name":"Yunusabad district","role":"display_only"},"geometry":{"type":"Point","coordinates":[69.2835,41.32831]}},{"type":"Feature","properties":{"district_name":"Yunusabad district","role":"display_only"},"geometry":{"type":"Point","coordinates":[69.28305,41.32713]}},{"type":"Feature","properties":{"district_name":"Mirabad district","role":"display_only"},"geometry":{"type":"Point","coordinates":[69.29943,41.29143]}},{"type":"Feature","properties":{"district_name":"Yangikhayot district","role":"display_only"},"geometry":{"type":"Point","coordinates":[69.24717,41.17903]}},{"type":"Feature","properties":{"district_name":"Bektemir district","role":"display_only"},"geometry":{"type":"Point","coordinates":[69.35057,41.24112]}},{"type":"Feature","properties":{"district_name":"Mirabad district","role":"display_only"},"geometry":{"type":"Point","coordinates":[69.30833,41.25258]}},{"type":"Feature","properties":{"district_name":"Mirabad district","role":"display_only"},"geometry":{"type":"Point","coordinates":[69.30849,41.25246]}},{"type":"Feature","properties":{"district_name":"Yashnabad district","role":"display_only"},"geometry":{"type":"Point","coordinates":[69.36268,41.32094]}},{"type":"Feature","properties":{"district_name":"Mirzo Ulugbek district","role":"display_only"},"geometry":{"type":"Point","coordinates":[69.32451,41.32467]}},{"type":"Feature","properties":{"district_name":"Yashnabad district","role":"display_only"},"geometry":{"type":"Point","coordinates":[69.35018,41.28193]}},{"type":"Feature","properties":{"district_name":"Yangikhayot district","role":"display_only"},"geometry":{"type":"Point","coordinates":[69.23037,41.18626]}},{"type":"Feature","properties":{"district_name":"Mirzo Ulugbek district","role":"display_only"},"geometry":{"type":"Point","coordinates":[69.38962,41.34092]}},{"type":"Feature","properties":{"district_name":"Mirzo Ulugbek district","role":"display_only"},"geometry":{"type":"Point","coordinates":[69.37661,41.35553]}},{"type":"Feature","properties":{"district_name":"Mirzo Ulugbek district","role":"display_only"},"geometry":{"type":"Point","coordinates":[69.34285,41.32798]}},{"type":"Feature","properties":{"district_name":"Mirzo Ulugbek district","role":"display_only"},"geometry":{"type":"Point","coordinates":[69.34299,41.3281]}},{"type":"Feature","properties":{"district_name":"Mirzo Ulugbek district","role":"display_only"},"geometry":{"type":"Point","coordinates":[69.33482,41.35023]}},{"type":"Feature","properties":{"district_name":"Chilanzar district","role":"display_only"},"geometry":{"type":"Point","coordinates":[69.16351,41.2616]}},{"type":"Feature","properties":{"district_name":"Yakkasaray district","role":"display_only"},"geometry":{"type":"Point","coordinates":[69.24591,41.26854]}},{"type":"Feature","properties":{"district_name":"Mirabad district","role":"display_only"},"geometry":{"type":"Point","coordinates":[69.27662,41.29096]}},{"type":"Feature","properties":{"district_name":"Yakkasaray district","role":"display_only"},"geometry":{"type":"Point","coordinates":[69.27226,41.27765]}},{"type":"Feature","properties":{"district_name":"Mirabad district","role":"display_only"},"geometry":{"type":"Point","coordinates":[69.27289,41.27808]}},{"type":"Feature","properties":{"district_name":"Yakkasaray district","role":"display_only"},"geometry":{"type":"Point","coordinates":[69.25193,41.26823]}},{"type":"Feature","properties":{"district_name":"Yakkasaray district","role":"display_only"},"geometry":{"type":"Point","coordinates":[69.25268,41.26842]}},{"type":"Feature","properties":{"district_name":"Mirabad district","role":"display_only"},"geometry":{"type":"Point","coordinates":[69.27695,41.28256]}},{"type":"Feature","properties":{"district_name":"Mirabad district","role":"display_only"},"geometry":{"type":"Point","coordinates":[69.27645,41.2823]}},{"type":"Feature","properties":{"district_name":"Sergeli district","role":"display_only"},"geometry":{"type":"Point","coordinates":[69.27678,41.26985]}},{"type":"Feature","properties":{"district_name":"Yunusabad district","role":"display_only"},"geometry":{"type":"Point","coordinates":[69.28196,41.31959]}},{"type":"Feature","properties":{"district_name":"Uchtepa district","role":"display_only"},"geometry":{"type":"Point","coordinates":[69.13311,41.27481]}},{"type":"Feature","properties":{"district_name":"Uchtepa district","role":"display_only"},"geometry":{"type":"Point","coordinates":[69.13146,41.27292]}},{"type":"Feature","properties":{"district_name":"Uchtepa district","role":"display_only"},"geometry":{"type":"Point","coordinates":[69.19268,41.31758]}},{"type":"Feature","properties":{"district_name":"Almazar district","role":"display_only"},"geometry":{"type":"Point","coordinates":[69.22258,41.35534]}},{"type":"Feature","properties":{"district_name":"Shaykhantakhur district","role":"display_only"},"geometry":{"type":"Point","coordinates":[69.1965,41.31908]}},{"type":"Feature","properties":{"district_name":"Mirzo Ulugbek district","role":"display_only"},"geometry":{"type":"Point","coordinates":[69.37352,41.35443]}},{"type":"Feature","properties":{"district_name":"Yakkasaray district","role":"display_only"},"geometry":{"type":"Point","coordinates":[69.22363,41.25958]}},{"type":"Feature","properties":{"district_name":"Yakkasaray district","role":"display_only"},"geometry":{"type":"Point","coordinates":[69.22291,41.26285]}},{"type":"Feature","properties":{"district_name":"Yashnabad district","role":"display_only"},"geometry":{"type":"Point","coordinates":[69.34576,41.28593]}},{"type":"Feature","properties":{"district_name":"Yashnabad district","role":"display_only"},"geometry":{"type":"Point","coordinates":[69.34723,41.28646]}},{"type":"Feature","properties":{"district_name":"Yashnabad district","role":"display_only"},"geometry":{"type":"Point","coordinates":[69.34604,41.28651]}},{"type":"Feature","properties":{"district_name":"Yashnabad district","role":"display_only"},"geometry":{"type":"Point","coordinates":[69.34727,41.28549]}},{"type":"Feature","properties":{"district_name":"Yashnabad district","role":"display_only"},"geometry":{"type":"Point","coordinates":[69.42257,41.33196]}},{"type":"Feature","properties":{"district_name":"Mirabad district","role":"display_only"},"geometry":{"type":"Point","coordinates":[69.27694,41.28026]}},{"type":"Feature","properties":{"district_name":"Yangikhayot district","role":"display_only"},"geometry":{"type":"Point","coordinates":[69.25999,41.18545]}},{"type":"Feature","properties":{"district_name":"Yangikhayot district","role":"display_only"},"geometry":{"type":"Point","coordinates":[69.26017,41.18543]}},{"type":"Feature","properties":{"district_name":"Yashnabad district","role":"display_only"},"geometry":{"type":"Point","coordinates":[69.34393,41.2946]}},{"type":"Feature","properties":{"district_name":"Mirzo Ulugbek district","role":"display_only"},"geometry":{"type":"Point","coordinates":[69.2868,41.31318]}},{"type":"Feature","properties":{"district_name":"Mirzo Ulugbek district","role":"display_only"},"geometry":{"type":"Point","coordinates":[69.28658,41.31318]}},{"type":"Feature","properties":{"district_name":"Mirabad district","role":"display_only"},"geometry":{"type":"Point","coordinates":[69.3016,41.24882]}},{"type":"Feature","properties":{"district_name":"Yunusabad district","role":"display_only"},"geometry":{"type":"Point","coordinates":[69.28235,41.32787]}},{"type":"Feature","properties":{"district_name":"Yashnabad district","role":"display_only"},"geometry":{"type":"Point","coordinates":[69.3341,41.2397]}},{"type":"Feature","properties":{"district_name":"Yakkasaray district","role":"display_only"},"geometry":{"type":"Point","coordinates":[69.24554,41.26605]}},{"type":"Feature","properties":{"district_name":"Chilanzar district","role":"display_only"},"geometry":{"type":"Point","coordinates":[69.17477,41.27035]}},{"type":"Feature","properties":{"district_name":"Chilanzar district","role":"display_only"},"geometry":{"type":"Point","coordinates":[69.18612,41.2656]}},{"type":"Feature","properties":{"district_name":"Shaykhantakhur district","role":"display_only"},"geometry":{"type":"Point","coordinates":[69.23551,41.32184]}},{"type":"Feature","properties":{"district_name":"Yunusabad district","role":"display_only"},"geometry":{"type":"Point","coordinates":[69.31023,41.34523]}},{"type":"Feature","properties":{"district_name":"Yunusabad district","role":"display_only"},"geometry":{"type":"Point","coordinates":[69.30057,41.3418]}},{"type":"Feature","properties":{"district_name":"Mirabad district","role":"display_only"},"geometry":{"type":"Point","coordinates":[69.28408,41.29019]}},{"type":"Feature","properties":{"district_name":"Chilanzar district","role":"display_only"},"geometry":{"type":"Point","coordinates":[69.22444,41.29242]}},{"type":"Feature","properties":{"district_name":"Shaykhantakhur district","role":"display_only"},"geometry":{"type":"Point","coordinates":[69.20629,41.34403]}},{"type":"Feature","properties":{"district_name":"Yashnabad district","role":"display_only"},"geometry":{"type":"Point","coordinates":[69.32846,41.24205]}},{"type":"Feature","properties":{"district_name":"Mirabad district","role":"display_only"},"geometry":{"type":"Point","coordinates":[69.32863,41.24117]}},{"type":"Feature","properties":{"district_name":"Mirzo Ulugbek district","role":"display_only"},"geometry":{"type":"Point","coordinates":[69.3384,41.33803]}},{"type":"Feature","properties":{"district_name":"Mirzo Ulugbek district","role":"display_only"},"geometry":{"type":"Point","coordinates":[69.34014,41.33968]}},{"type":"Feature","properties":{"district_name":"Shaykhantakhur district","role":"display_only"},"geometry":{"type":"Point","coordinates":[69.2108,41.32204]}},{"type":"Feature","properties":{"district_name":"Shaykhantakhur district","role":"display_only"},"geometry":{"type":"Point","coordinates":[69.21654,41.32195]}},{"type":"Feature","properties":{"district_name":"Yangikhayot district","role":"display_only"},"geometry":{"type":"Point","coordinates":[69.20028,41.22295]}},{"type":"Feature","properties":{"district_name":"Shaykhantakhur district","role":"display_only"},"geometry":{"type":"Point","coordinates":[69.20984,41.31633]}},{"type":"Feature","properties":{"district_name":"Shaykhantakhur district","role":"display_only"},"geometry":{"type":"Point","coordinates":[69.21027,41.31714]}},{"type":"Feature","properties":{"district_name":"Uchtepa district","role":"display_only"},"geometry":{"type":"Point","coordinates":[69.17754,41.27921]}},{"type":"Feature","properties":{"district_name":"Mirzo Ulugbek district","role":"display_only"},"geometry":{"type":"Point","coordinates":[69.38088,41.35129]}},{"type":"Feature","properties":{"district_name":"Yunusabad district","role":"display_only"},"geometry":{"type":"Point","coordinates":[69.30307,41.35993]}},{"type":"Feature","properties":{"district_name":"Yunusabad district","role":"display_only"},"geometry":{"type":"Point","coordinates":[69.29819,41.36285]}},{"type":"Feature","properties":{"district_name":"Yunusabad district","role":"display_only"},"geometry":{"type":"Point","coordinates":[69.28888,41.35875]}},{"type":"Feature","properties":{"district_name":"Yashnabad district","role":"display_only"},"geometry":{"type":"Point","coordinates":[69.3217,41.29413]}},{"type":"Feature","properties":{"district_name":"Yashnabad district","role":"display_only"},"geometry":{"type":"Point","coordinates":[69.32198,41.29366]}},{"type":"Feature","properties":{"district_name":"Yashnabad district","role":"display_only"},"geometry":{"type":"Point","coordinates":[69.29893,41.30725]}},{"type":"Feature","properties":{"district_name":"Shaykhantakhur district","role":"display_only"},"geometry":{"type":"Point","coordinates":[69.24754,41.32186]}},{"type":"Feature","properties":{"district_name":"Yashnabad district","role":"display_only"},"geometry":{"type":"Point","coordinates":[69.31038,41.3076]}},{"type":"Feature","properties":{"district_name":"Chilanzar district","role":"display_only"},"geometry":{"type":"Point","coordinates":[69.21703,41.27936]}},{"type":"Feature","properties":{"district_name":"Yashnabad district","role":"display_only"},"geometry":{"type":"Point","coordinates":[69.32021,41.25678]}},{"type":"Feature","properties":{"district_name":"Yakkasaray district","role":"display_only"},"geometry":{"type":"Point","coordinates":[69.25572,41.28013]}},{"type":"Feature","properties":{"district_name":"Uchtepa district","role":"display_only"},"geometry":{"type":"Point","coordinates":[69.17045,41.28526]}},{"type":"Feature","properties":{"district_name":"Sergeli district","role":"display_only"},"geometry":{"type":"Point","coordinates":[69.25257,41.2525]}},{"type":"Feature","properties":{"district_name":"Sergeli district","role":"display_only"},"geometry":{"type":"Point","coordinates":[69.26791,41.24455]}},{"type":"Feature","properties":{"district_name":"Sergeli district","role":"display_only"},"geometry":{"type":"Point","coordinates":[69.26862,41.24421]}},{"type":"Feature","properties":{"district_name":"Mirabad district","role":"display_only"},"geometry":{"type":"Point","coordinates":[69.28177,41.28672]}},{"type":"Feature","properties":{"district_name":"Chilanzar district","role":"display_only"},"geometry":{"type":"Point","coordinates":[69.18173,41.26799]}},{"type":"Feature","properties":{"district_name":"Chilanzar district","role":"display_only"},"geometry":{"type":"Point","coordinates":[69.17266,41.26844]}},{"type":"Feature","properties":{"district_name":"Yunusabad district","role":"display_only"},"geometry":{"type":"Point","coordinates":[69.288,41.36319]}},{"type":"Feature","properties":{"district_name":"Mirabad district","role":"display_only"},"geometry":{"type":"Point","coordinates":[69.277,41.3064]}},{"type":"Feature","properties":{"district_name":"Mirzo Ulugbek district","role":"display_only"},"geometry":{"type":"Point","coordinates":[69.38598,41.34448]}},{"type":"Feature","properties":{"district_name":"Mirzo Ulugbek district","role":"display_only"},"geometry":{"type":"Point","coordinates":[69.38785,41.35217]}},{"type":"Feature","properties":{"district_name":"Mirzo Ulugbek district","role":"display_only"},"geometry":{"type":"Point","coordinates":[69.38144,41.34466]}},{"type":"Feature","properties":{"district_name":"Chilanzar district","role":"display_only"},"geometry":{"type":"Point","coordinates":[69.19539,41.28036]}},{"type":"Feature","properties":{"district_name":"Chilanzar district","role":"display_only"},"geometry":{"type":"Point","coordinates":[69.19308,41.27514]}},{"type":"Feature","properties":{"district_name":"Chilanzar district","role":"display_only"},"geometry":{"type":"Point","coordinates":[69.18846,41.27407]}},{"type":"Feature","properties":{"district_name":"Chilanzar district","role":"display_only"},"geometry":{"type":"Point","coordinates":[69.19722,41.2794]}},{"type":"Feature","properties":{"district_name":"Almazar district","role":"display_only"},"geometry":{"type":"Point","coordinates":[69.21461,41.36353]}},{"type":"Feature","properties":{"district_name":"Shaykhantakhur district","role":"display_only"},"geometry":{"type":"Point","coordinates":[69.25182,41.32612]}},{"type":"Feature","properties":{"district_name":"Shaykhantakhur district","role":"display_only"},"geometry":{"type":"Point","coordinates":[69.24869,41.32787]}},{"type":"Feature","properties":{"district_name":"Shaykhantakhur district","role":"display_only"},"geometry":{"type":"Point","coordinates":[69.25125,41.32723]}},{"type":"Feature","properties":{"district_name":"Shaykhantakhur district","role":"display_only"},"geometry":{"type":"Point","coordinates":[69.25585,41.32436]}},{"type":"Feature","properties":{"district_name":"Shaykhantakhur district","role":"display_only"},"geometry":{"type":"Point","coordinates":[69.26026,41.32394]}},{"type":"Feature","properties":{"district_name":"Almazar district","role":"display_only"},"geometry":{"type":"Point","coordinates":[69.24906,41.32934]}},{"type":"Feature","properties":{"district_name":"Almazar district","role":"display_only"},"geometry":{"type":"Point","coordinates":[69.21407,41.36406]}},{"type":"Feature","properties":{"district_name":"Yakkasaray district","role":"display_only"},"geometry":{"type":"Point","coordinates":[69.24516,41.27417]}},{"type":"Feature","properties":{"district_name":"Chilanzar district","role":"display_only"},"geometry":{"type":"Point","coordinates":[69.20304,41.27587]}},{"type":"Feature","properties":{"district_name":"Yakkasaray district","role":"display_only"},"geometry":{"type":"Point","coordinates":[69.24623,41.26706]}},{"type":"Feature","properties":{"district_name":"Yakkasaray district","role":"display_only"},"geometry":{"type":"Point","coordinates":[69.24598,41.26869]}},{"type":"Feature","properties":{"district_name":"Mirabad district","role":"display_only"},"geometry":{"type":"Point","coordinates":[69.28112,41.28947]}},{"type":"Feature","properties":{"district_name":"Mirabad district","role":"display_only"},"geometry":{"type":"Point","coordinates":[69.28799,41.29293]}},{"type":"Feature","properties":{"district_name":"Yunusabad district","role":"display_only"},"geometry":{"type":"Point","coordinates":[69.29638,41.37544]}},{"type":"Feature","properties":{"district_name":"Mirzo Ulugbek district","role":"display_only"},"geometry":{"type":"Point","coordinates":[69.32283,41.33667]}},{"type":"Feature","properties":{"district_name":"Mirzo Ulugbek district","role":"display_only"},"geometry":{"type":"Point","coordinates":[69.33062,41.33755]}},{"type":"Feature","properties":{"district_name":"Mirzo Ulugbek district","role":"display_only"},"geometry":{"type":"Point","coordinates":[69.32441,41.33676]}},{"type":"Feature","properties":{"district_name":"Mirzo Ulugbek district","role":"display_only"},"geometry":{"type":"Point","coordinates":[69.32934,41.3375]}},{"type":"Feature","properties":{"district_name":"Almazar district","role":"display_only"},"geometry":{"type":"Point","coordinates":[69.17693,41.35736]}},{"type":"Feature","properties":{"district_name":"Shaykhantakhur district","role":"display_only"},"geometry":{"type":"Point","coordinates":[69.17443,41.33541]}},{"type":"Feature","properties":{"district_name":"Almazar district","role":"display_only"},"geometry":{"type":"Point","coordinates":[69.23026,41.34088]}},{"type":"Feature","properties":{"district_name":"Mirabad district","role":"display_only"},"geometry":{"type":"Point","coordinates":[69.31283,41.25336]}},{"type":"Feature","properties":{"district_name":"Mirabad district","role":"display_only"},"geometry":{"type":"Point","coordinates":[69.31255,41.25343]}},{"type":"Feature","properties":{"district_name":"Yunusabad district","role":"display_only"},"geometry":{"type":"Point","coordinates":[69.28624,41.34238]}},{"type":"Feature","properties":{"district_name":"Yunusabad district","role":"display_only"},"geometry":{"type":"Point","coordinates":[69.28607,41.34262]}},{"type":"Feature","properties":{"district_name":"Almazar district","role":"display_only"},"geometry":{"type":"Point","coordinates":[69.22644,41.35817]}},{"type":"Feature","properties":{"district_name":"Almazar district","role":"display_only"},"geometry":{"type":"Point","coordinates":[69.22578,41.35802]}},{"type":"Feature","properties":{"district_name":"Almazar district","role":"display_only"},"geometry":{"type":"Point","coordinates":[69.22755,41.34857]}},{"type":"Feature","properties":{"district_name":"Almazar district","role":"display_only"},"geometry":{"type":"Point","coordinates":[69.21495,41.36033]}},{"type":"Feature","properties":{"district_name":"Almazar district","role":"display_only"},"geometry":{"type":"Point","coordinates":[69.21484,41.36439]}},{"type":"Feature","properties":{"district_name":"Uchtepa district","role":"display_only"},"geometry":{"type":"Point","coordinates":[69.17072,41.28459]}},{"type":"Feature","properties":{"district_name":"Almazar district","role":"display_only"},"geometry":{"type":"Point","coordinates":[69.22649,41.35486]}},{"type":"Feature","properties":{"district_name":"Almazar district","role":"display_only"},"geometry":{"type":"Point","coordinates":[69.21124,41.35176]}},{"type":"Feature","properties":{"district_name":"Almazar district","role":"display_only"},"geometry":{"type":"Point","coordinates":[69.21213,41.35162]}},{"type":"Feature","properties":{"district_name":"Almazar district","role":"display_only"},"geometry":{"type":"Point","coordinates":[69.21822,41.35603]}},{"type":"Feature","properties":{"district_name":"Almazar district","role":"display_only"},"geometry":{"type":"Point","coordinates":[69.21461,41.35971]}},{"type":"Feature","properties":{"district_name":"Almazar district","role":"display_only"},"geometry":{"type":"Point","coordinates":[69.22738,41.35529]}},{"type":"Feature","properties":{"district_name":"Almazar district","role":"display_only"},"geometry":{"type":"Point","coordinates":[69.20562,41.35867]}},{"type":"Feature","properties":{"district_name":"Almazar district","role":"display_only"},"geometry":{"type":"Point","coordinates":[69.20573,41.35745]}},{"type":"Feature","properties":{"district_name":"Almazar district","role":"display_only"},"geometry":{"type":"Point","coordinates":[69.20882,41.35511]}},{"type":"Feature","properties":{"district_name":"Almazar district","role":"display_only"},"geometry":{"type":"Point","coordinates":[69.20386,41.36117]}},{"type":"Feature","properties":{"district_name":"Almazar district","role":"display_only"},"geometry":{"type":"Point","coordinates":[69.20385,41.3636]}},{"type":"Feature","properties":{"district_name":"Almazar district","role":"display_only"},"geometry":{"type":"Point","coordinates":[69.20494,41.36399]}},{"type":"Feature","properties":{"district_name":"Almazar district","role":"display_only"},"geometry":{"type":"Point","coordinates":[69.20897,41.36408]}},{"type":"Feature","properties":{"district_name":"Almazar district","role":"display_only"},"geometry":{"type":"Point","coordinates":[69.20962,41.36397]}},{"type":"Feature","properties":{"district_name":"Almazar district","role":"display_only"},"geometry":{"type":"Point","coordinates":[69.22739,41.34971]}},{"type":"Feature","properties":{"district_name":"Almazar district","role":"display_only"},"geometry":{"type":"Point","coordinates":[69.22974,41.34362]}},{"type":"Feature","properties":{"district_name":"Almazar district","role":"display_only"},"geometry":{"type":"Point","coordinates":[69.22952,41.34422]}},{"type":"Feature","properties":{"district_name":"Almazar district","role":"display_only"},"geometry":{"type":"Point","coordinates":[69.21814,41.34975]}},{"type":"Feature","properties":{"district_name":"Almazar district","role":"display_only"},"geometry":{"type":"Point","coordinates":[69.21545,41.34714]}},{"type":"Feature","properties":{"district_name":"Almazar district","role":"display_only"},"geometry":{"type":"Point","coordinates":[69.21395,41.34971]}},{"type":"Feature","properties":{"district_name":"Almazar district","role":"display_only"},"geometry":{"type":"Point","coordinates":[69.21642,41.34786]}},{"type":"Feature","properties":{"district_name":"Almazar district","role":"display_only"},"geometry":{"type":"Point","coordinates":[69.20791,41.33966]}},{"type":"Feature","properties":{"district_name":"Shaykhantakhur district","role":"display_only"},"geometry":{"type":"Point","coordinates":[69.20661,41.33873]}},{"type":"Feature","properties":{"district_name":"Almazar district","role":"display_only"},"geometry":{"type":"Point","coordinates":[69.20661,41.33947]}},{"type":"Feature","properties":{"district_name":"Almazar district","role":"display_only"},"geometry":{"type":"Point","coordinates":[69.21115,41.34272]}},{"type":"Feature","properties":{"district_name":"Almazar district","role":"display_only"},"geometry":{"type":"Point","coordinates":[69.21789,41.33309]}},{"type":"Feature","properties":{"district_name":"Almazar district","role":"display_only"},"geometry":{"type":"Point","coordinates":[69.23414,41.32995]}},{"type":"Feature","properties":{"district_name":"Almazar district","role":"display_only"},"geometry":{"type":"Point","coordinates":[69.23491,41.3302]}},{"type":"Feature","properties":{"district_name":"Shaykhantakhur district","role":"display_only"},"geometry":{"type":"Point","coordinates":[69.23236,41.32471]}},{"type":"Feature","properties":{"district_name":"Almazar district","role":"display_only"},"geometry":{"type":"Point","coordinates":[69.22797,41.3503]}},{"type":"Feature","properties":{"district_name":"Almazar district","role":"display_only"},"geometry":{"type":"Point","coordinates":[69.23053,41.36134]}},{"type":"Feature","properties":{"district_name":"Almazar district","role":"display_only"},"geometry":{"type":"Point","coordinates":[69.23737,41.32909]}},{"type":"Feature","properties":{"district_name":"Almazar district","role":"display_only"},"geometry":{"type":"Point","coordinates":[69.23061,41.36151]}},{"type":"Feature","properties":{"district_name":"Almazar district","role":"display_only"},"geometry":{"type":"Point","coordinates":[69.2377,41.36166]}},{"type":"Feature","properties":{"district_name":"Almazar district","role":"display_only"},"geometry":{"type":"Point","coordinates":[69.23775,41.36193]}},{"type":"Feature","properties":{"district_name":"Almazar district","role":"display_only"},"geometry":{"type":"Point","coordinates":[69.2474,41.35625]}},{"type":"Feature","properties":{"district_name":"Almazar district","role":"display_only"},"geometry":{"type":"Point","coordinates":[69.23889,41.35574]}},{"type":"Feature","properties":{"district_name":"Almazar district","role":"display_only"},"geometry":{"type":"Point","coordinates":[69.23948,41.35601]}},{"type":"Feature","properties":{"district_name":"Almazar district","role":"display_only"},"geometry":{"type":"Point","coordinates":[69.24334,41.35687]}},{"type":"Feature","properties":{"district_name":"Almazar district","role":"display_only"},"geometry":{"type":"Point","coordinates":[69.2406,41.34861]}},{"type":"Feature","properties":{"district_name":"Almazar district","role":"display_only"},"geometry":{"type":"Point","coordinates":[69.25144,41.34817]}},{"type":"Feature","properties":{"district_name":"Almazar district","role":"display_only"},"geometry":{"type":"Point","coordinates":[69.252,41.35046]}},{"type":"Feature","properties":{"district_name":"Almazar district","role":"display_only"},"geometry":{"type":"Point","coordinates":[69.25267,41.35097]}},{"type":"Feature","properties":{"district_name":"Almazar district","role":"display_only"},"geometry":{"type":"Point","coordinates":[69.24285,41.33153]}},{"type":"Feature","properties":{"district_name":"Almazar district","role":"display_only"},"geometry":{"type":"Point","coordinates":[69.24143,41.34769]}},{"type":"Feature","properties":{"district_name":"Yunusabad district","role":"display_only"},"geometry":{"type":"Point","coordinates":[69.27305,41.32344]}},{"type":"Feature","properties":{"district_name":"Mirzo Ulugbek district","role":"display_only"},"geometry":{"type":"Point","coordinates":[69.28756,41.3145]}},{"type":"Feature","properties":{"district_name":"Mirzo Ulugbek district","role":"display_only"},"geometry":{"type":"Point","coordinates":[69.28749,41.31459]}},{"type":"Feature","properties":{"district_name":"Yunusabad district","role":"display_only"},"geometry":{"type":"Point","coordinates":[69.27376,41.32223]}},{"type":"Feature","properties":{"district_name":"Yunusabad district","role":"display_only"},"geometry":{"type":"Point","coordinates":[69.27421,41.32811]}},{"type":"Feature","properties":{"district_name":"Yunusabad district","role":"display_only"},"geometry":{"type":"Point","coordinates":[69.27527,41.32849]}},{"type":"Feature","properties":{"district_name":"Yunusabad district","role":"display_only"},"geometry":{"type":"Point","coordinates":[69.27476,41.32903]}},{"type":"Feature","properties":{"district_name":"Almazar district","role":"display_only"},"geometry":{"type":"Point","coordinates":[69.26231,41.34449]}},{"type":"Feature","properties":{"district_name":"Almazar district","role":"display_only"},"geometry":{"type":"Point","coordinates":[69.26099,41.34549]}},{"type":"Feature","properties":{"district_name":"Yunusabad district","role":"display_only"},"geometry":{"type":"Point","coordinates":[69.26942,41.34055]}},{"type":"Feature","properties":{"district_name":"Yunusabad district","role":"display_only"},"geometry":{"type":"Point","coordinates":[69.27802,41.33575]}},{"type":"Feature","properties":{"district_name":"Chilanzar district","role":"display_only"},"geometry":{"type":"Point","coordinates":[69.20544,41.27367]}},{"type":"Feature","properties":{"district_name":"Mirzo Ulugbek district","role":"display_only"},"geometry":{"type":"Point","coordinates":[69.33422,41.35031]}},{"type":"Feature","properties":{"district_name":"Yunusabad district","role":"display_only"},"geometry":{"type":"Point","coordinates":[69.28815,41.36324]}},{"type":"Feature","properties":{"district_name":"Yunusabad district","role":"display_only"},"geometry":{"type":"Point","coordinates":[69.28724,41.36497]}},{"type":"Feature","properties":{"district_name":"Yakkasaray district","role":"display_only"},"geometry":{"type":"Point","coordinates":[69.25324,41.28642]}},{"type":"Feature","properties":{"district_name":"Yakkasaray district","role":"display_only"},"geometry":{"type":"Point","coordinates":[69.22452,41.2592]}},{"type":"Feature","properties":{"district_name":"Yakkasaray district","role":"display_only"},"geometry":{"type":"Point","coordinates":[69.22445,41.25929]}},{"type":"Feature","properties":{"district_name":"Yakkasaray district","role":"display_only"},"geometry":{"type":"Point","coordinates":[69.2246,41.25912]}},{"type":"Feature","properties":{"district_name":"Sergeli district","role":"display_only"},"geometry":{"type":"Point","coordinates":[69.20503,41.22618]}},{"type":"Feature","properties":{"district_name":"Mirabad district","role":"display_only"},"geometry":{"type":"Point","coordinates":[69.28189,41.29968]}},{"type":"Feature","properties":{"district_name":"Shaykhantakhur district","role":"display_only"},"geometry":{"type":"Point","coordinates":[69.17448,41.33575]}},{"type":"Feature","properties":{"district_name":"Mirabad district","role":"display_only"},"geometry":{"type":"Point","coordinates":[69.27991,41.30325]}},{"type":"Feature","properties":{"district_name":"Almazar district","role":"display_only"},"geometry":{"type":"Point","coordinates":[69.20768,41.34463]}},{"type":"Feature","properties":{"district_name":"Almazar district","role":"display_only"},"geometry":{"type":"Point","coordinates":[69.21872,41.33307]}},{"type":"Feature","properties":{"district_name":"Almazar district","role":"display_only"},"geometry":{"type":"Point","coordinates":[69.24264,41.35104]}},{"type":"Feature","properties":{"district_name":"Yunusabad district","role":"display_only"},"geometry":{"type":"Point","coordinates":[69.29188,41.3267]}},{"type":"Feature","properties":{"district_name":"Yunusabad district","role":"display_only"},"geometry":{"type":"Point","coordinates":[69.28463,41.33388]}},{"type":"Feature","properties":{"district_name":"Yunusabad district","role":"display_only"},"geometry":{"type":"Point","coordinates":[69.28343,41.33358]}},{"type":"Feature","properties":{"district_name":"Mirabad district","role":"display_only"},"geometry":{"type":"Point","coordinates":[69.27407,41.29029]}},{"type":"Feature","properties":{"district_name":"Almazar district","role":"display_only"},"geometry":{"type":"Point","coordinates":[69.22854,41.34933]}},{"type":"Feature","properties":{"district_name":"Sergeli district","role":"display_only"},"geometry":{"type":"Point","coordinates":[69.26866,41.2684]}},{"type":"Feature","properties":{"district_name":"Sergeli district","role":"display_only"},"geometry":{"type":"Point","coordinates":[69.26835,41.26839]}},{"type":"Feature","properties":{"district_name":"Yashnabad district","role":"display_only"},"geometry":{"type":"Point","coordinates":[69.35262,41.2967]}},{"type":"Feature","properties":{"district_name":"Mirzo Ulugbek district","role":"display_only"},"geometry":{"type":"Point","coordinates":[69.32331,41.32539]}},{"type":"Feature","properties":{"district_name":"Mirzo Ulugbek district","role":"display_only"},"geometry":{"type":"Point","coordinates":[69.33546,41.34007]}},{"type":"Feature","properties":{"district_name":"Shaykhantakhur district","role":"display_only"},"geometry":{"type":"Point","coordinates":[69.27037,41.33995]}},{"type":"Feature","properties":{"district_name":"Mirzo Ulugbek district","role":"display_only"},"geometry":{"type":"Point","coordinates":[69.29228,41.31646]}},{"type":"Feature","properties":{"district_name":"Shaykhantakhur district","role":"display_only"},"geometry":{"type":"Point","coordinates":[69.20731,41.30124]}},{"type":"Feature","properties":{"district_name":"Shaykhantakhur district","role":"display_only"},"geometry":{"type":"Point","coordinates":[69.20582,41.304]}},{"type":"Feature","properties":{"district_name":"Chilanzar district","role":"display_only"},"geometry":{"type":"Point","coordinates":[69.22435,41.28388]}},{"type":"Feature","properties":{"district_name":"Mirzo Ulugbek district","role":"display_only"},"geometry":{"type":"Point","coordinates":[69.34814,41.34706]}},{"type":"Feature","properties":{"district_name":"Mirabad district","role":"display_only"},"geometry":{"type":"Point","coordinates":[69.28583,41.29287]}},{"type":"Feature","properties":{"district_name":"Mirabad district","role":"display_only"},"geometry":{"type":"Point","coordinates":[69.27919,41.29336]}},{"type":"Feature","properties":{"district_name":"Yakkasaray district","role":"display_only"},"geometry":{"type":"Point","coordinates":[69.25741,41.28879]}},{"type":"Feature","properties":{"district_name":"Yakkasaray district","role":"display_only"},"geometry":{"type":"Point","coordinates":[69.25826,41.28955]}},{"type":"Feature","properties":{"district_name":"Shaykhantakhur district","role":"display_only"},"geometry":{"type":"Point","coordinates":[69.26341,41.33182]}},{"type":"Feature","properties":{"district_name":"Shaykhantakhur district","role":"display_only"},"geometry":{"type":"Point","coordinates":[69.26357,41.33237]}},{"type":"Feature","properties":{"district_name":"Yunusabad district","role":"display_only"},"geometry":{"type":"Point","coordinates":[69.26988,41.34509]}},{"type":"Feature","properties":{"district_name":"Yunusabad district","role":"display_only"},"geometry":{"type":"Point","coordinates":[69.26768,41.34633]}},{"type":"Feature","properties":{"district_name":"Yunusabad district","role":"display_only"},"geometry":{"type":"Point","coordinates":[69.26711,41.34691]}},{"type":"Feature","properties":{"district_name":"Yunusabad district","role":"display_only"},"geometry":{"type":"Point","coordinates":[69.26347,41.34894]}},{"type":"Feature","properties":{"district_name":"Almazar district","role":"display_only"},"geometry":{"type":"Point","coordinates":[69.26248,41.34965]}},{"type":"Feature","properties":{"district_name":"Almazar district","role":"display_only"},"geometry":{"type":"Point","coordinates":[69.24245,41.35836]}},{"type":"Feature","properties":{"district_name":"Almazar district","role":"display_only"},"geometry":{"type":"Point","coordinates":[69.23911,41.36086]}},{"type":"Feature","properties":{"district_name":"Almazar district","role":"display_only"},"geometry":{"type":"Point","coordinates":[69.24206,41.36142]}},{"type":"Feature","properties":{"district_name":"Almazar district","role":"display_only"},"geometry":{"type":"Point","coordinates":[69.24036,41.36694]}},{"type":"Feature","properties":{"district_name":"Almazar district","role":"display_only"},"geometry":{"type":"Point","coordinates":[69.23635,41.36729]}},{"type":"Feature","properties":{"district_name":"Uchtepa district","role":"display_only"},"geometry":{"type":"Point","coordinates":[69.17682,41.27197]}},{"type":"Feature","properties":{"district_name":"Almazar district","role":"display_only"},"geometry":{"type":"Point","coordinates":[69.25427,41.35474]}},{"type":"Feature","properties":{"district_name":"Chilanzar district","role":"display_only"},"geometry":{"type":"Point","coordinates":[69.23399,41.2855]}},{"type":"Feature","properties":{"district_name":"Chilanzar district","role":"display_only"},"geometry":{"type":"Point","coordinates":[69.21221,41.29903]}},{"type":"Feature","properties":{"district_name":"Shaykhantakhur district","role":"display_only"},"geometry":{"type":"Point","coordinates":[69.23119,41.31767]}},{"type":"Feature","properties":{"district_name":"Shaykhantakhur district","role":"display_only"},"geometry":{"type":"Point","coordinates":[69.2299,41.31784]}},{"type":"Feature","properties":{"district_name":"Chilanzar district","role":"display_only"},"geometry":{"type":"Point","coordinates":[69.20331,41.29643]}},{"type":"Feature","properties":{"district_name":"Chilanzar district","role":"display_only"},"geometry":{"type":"Point","coordinates":[69.20112,41.29561]}},{"type":"Feature","properties":{"district_name":"Yangikhayot district","role":"display_only"},"geometry":{"type":"Point","coordinates":[69.21519,41.19559]}},{"type":"Feature","properties":{"district_name":"Yangikhayot district","role":"display_only"},"geometry":{"type":"Point","coordinates":[69.21321,41.19834]}},{"type":"Feature","properties":{"district_name":"Yangikhayot district","role":"display_only"},"geometry":{"type":"Point","coordinates":[69.21279,41.19893]}},{"type":"Feature","properties":{"district_name":"Yangikhayot district","role":"display_only"},"geometry":{"type":"Point","coordinates":[69.23006,41.20921]}},{"type":"Feature","properties":{"district_name":"Mirabad district","role":"display_only"},"geometry":{"type":"Point","coordinates":[69.28534,41.29645]}},{"type":"Feature","properties":{"district_name":"Mirabad district","role":"display_only"},"geometry":{"type":"Point","coordinates":[69.28651,41.29703]}},{"type":"Feature","properties":{"district_name":"Mirzo Ulugbek district","role":"display_only"},"geometry":{"type":"Point","coordinates":[69.33854,41.33887]}},{"type":"Feature","properties":{"district_name":"Yashnabad district","role":"display_only"},"geometry":{"type":"Point","coordinates":[69.356,41.29326]}},{"type":"Feature","properties":{"district_name":"Yashnabad district","role":"display_only"},"geometry":{"type":"Point","coordinates":[69.36099,41.29492]}},{"type":"Feature","properties":{"district_name":"Yashnabad district","role":"display_only"},"geometry":{"type":"Point","coordinates":[69.36496,41.29684]}},{"type":"Feature","properties":{"district_name":"Yashnabad district","role":"display_only"},"geometry":{"type":"Point","coordinates":[69.3654,41.29702]}},{"type":"Feature","properties":{"district_name":"Yunusabad district","role":"display_only"},"geometry":{"type":"Point","coordinates":[69.29515,41.37349]}},{"type":"Feature","properties":{"district_name":"Mirzo Ulugbek district","role":"display_only"},"geometry":{"type":"Point","coordinates":[69.33486,41.33448]}},{"type":"Feature","properties":{"district_name":"Mirzo Ulugbek district","role":"display_only"},"geometry":{"type":"Point","coordinates":[69.33552,41.33485]}},{"type":"Feature","properties":{"district_name":"Mirzo Ulugbek district","role":"display_only"},"geometry":{"type":"Point","coordinates":[69.32986,41.32975]}},{"type":"Feature","properties":{"district_name":"Mirzo Ulugbek district","role":"display_only"},"geometry":{"type":"Point","coordinates":[69.33066,41.33025]}},{"type":"Feature","properties":{"district_name":"Mirabad district","role":"display_only"},"geometry":{"type":"Point","coordinates":[69.28282,41.29975]}},{"type":"Feature","properties":{"district_name":"Yashnabad district","role":"display_only"},"geometry":{"type":"Point","coordinates":[69.35093,41.2711]}},{"type":"Feature","properties":{"district_name":"Yashnabad district","role":"display_only"},"geometry":{"type":"Point","coordinates":[69.35088,41.27152]}},{"type":"Feature","properties":{"district_name":"Yashnabad district","role":"display_only"},"geometry":{"type":"Point","coordinates":[69.35034,41.28806]}},{"type":"Feature","properties":{"district_name":"Yashnabad district","role":"display_only"},"geometry":{"type":"Point","coordinates":[69.35311,41.28876]}},{"type":"Feature","properties":{"district_name":"Yashnabad district","role":"display_only"},"geometry":{"type":"Point","coordinates":[69.35667,41.29036]}},{"type":"Feature","properties":{"district_name":"Yashnabad district","role":"display_only"},"geometry":{"type":"Point","coordinates":[69.36021,41.30014]}},{"type":"Feature","properties":{"district_name":"Yunusabad district","role":"display_only"},"geometry":{"type":"Point","coordinates":[69.32417,41.35098]}},{"type":"Feature","properties":{"district_name":"Mirzo Ulugbek district","role":"display_only"},"geometry":{"type":"Point","coordinates":[69.33113,41.35111]}},{"type":"Feature","properties":{"district_name":"Mirzo Ulugbek district","role":"display_only"},"geometry":{"type":"Point","coordinates":[69.32884,41.35122]}},{"type":"Feature","properties":{"district_name":"Yunusabad district","role":"display_only"},"geometry":{"type":"Point","coordinates":[69.32481,41.35107]}},{"type":"Feature","properties":{"district_name":"Mirzo Ulugbek district","role":"display_only"},"geometry":{"type":"Point","coordinates":[69.33827,41.34816]}},{"type":"Feature","properties":{"district_name":"Mirzo Ulugbek district","role":"display_only"},"geometry":{"type":"Point","coordinates":[69.33886,41.34747]}},{"type":"Feature","properties":{"district_name":"Mirabad district","role":"display_only"},"geometry":{"type":"Point","coordinates":[69.30948,41.24446]}},{"type":"Feature","properties":{"district_name":"Mirabad district","role":"display_only"},"geometry":{"type":"Point","coordinates":[69.30162,41.25172]}},{"type":"Feature","properties":{"district_name":"Mirabad district","role":"display_only"},"geometry":{"type":"Point","coordinates":[69.30174,41.25195]}},{"type":"Feature","properties":{"district_name":"Mirabad district","role":"display_only"},"geometry":{"type":"Point","coordinates":[69.32267,41.25196]}},{"type":"Feature","properties":{"district_name":"Mirabad district","role":"display_only"},"geometry":{"type":"Point","coordinates":[69.32089,41.25507]}},{"type":"Feature","properties":{"district_name":"Mirabad district","role":"display_only"},"geometry":{"type":"Point","coordinates":[69.31949,41.25572]}},{"type":"Feature","properties":{"district_name":"Mirabad district","role":"display_only"},"geometry":{"type":"Point","coordinates":[69.32049,41.25611]}},{"type":"Feature","properties":{"district_name":"Yashnabad district","role":"display_only"},"geometry":{"type":"Point","coordinates":[69.31569,41.26666]}},{"type":"Feature","properties":{"district_name":"Yakkasaray district","role":"display_only"},"geometry":{"type":"Point","coordinates":[69.25782,41.26907]}},{"type":"Feature","properties":{"district_name":"Chilanzar district","role":"display_only"},"geometry":{"type":"Point","coordinates":[69.1658,41.26098]}},{"type":"Feature","properties":{"district_name":"Chilanzar district","role":"display_only"},"geometry":{"type":"Point","coordinates":[69.20472,41.28715]}},{"type":"Feature","properties":{"district_name":"Shaykhantakhur district","role":"display_only"},"geometry":{"type":"Point","coordinates":[69.25905,41.31134]}},{"type":"Feature","properties":{"district_name":"Uchtepa district","role":"display_only"},"geometry":{"type":"Point","coordinates":[69.19062,41.28369]}},{"type":"Feature","properties":{"district_name":"Uchtepa district","role":"display_only"},"geometry":{"type":"Point","coordinates":[69.18512,41.28588]}},{"type":"Feature","properties":{"district_name":"Yunusabad district","role":"display_only"},"geometry":{"type":"Point","coordinates":[69.27798,41.32172]}},{"type":"Feature","properties":{"district_name":"Yunusabad district","role":"display_only"},"geometry":{"type":"Point","coordinates":[69.28081,41.31556]}},{"type":"Feature","properties":{"district_name":"Yashnabad district","role":"display_only"},"geometry":{"type":"Point","coordinates":[69.35712,41.25846]}},{"type":"Feature","properties":{"district_name":"Mirabad district","role":"display_only"},"geometry":{"type":"Point","coordinates":[69.27435,41.2776]}},{"type":"Feature","properties":{"district_name":"Almazar district","role":"display_only"},"geometry":{"type":"Point","coordinates":[69.24699,41.32963]}},{"type":"Feature","properties":{"district_name":"Yunusabad district","role":"display_only"},"geometry":{"type":"Point","coordinates":[69.28644,41.33958]}},{"type":"Feature","properties":{"district_name":"Chilanzar district","role":"display_only"},"geometry":{"type":"Point","coordinates":[69.21207,41.29932]}},{"type":"Feature","properties":{"district_name":"Chilanzar district","role":"display_only"},"geometry":{"type":"Point","coordinates":[69.20925,41.29948]}},{"type":"Feature","properties":{"district_name":"Shaykhantakhur district","role":"display_only"},"geometry":{"type":"Point","coordinates":[69.21201,41.30229]}},{"type":"Feature","properties":{"district_name":"Chilanzar district","role":"display_only"},"geometry":{"type":"Point","coordinates":[69.20934,41.2993]}},{"type":"Feature","properties":{"district_name":"Chilanzar district","role":"display_only"},"geometry":{"type":"Point","coordinates":[69.21187,41.30057]}},{"type":"Feature","properties":{"district_name":"Chilanzar district","role":"display_only"},"geometry":{"type":"Point","coordinates":[69.2133,41.30052]}},{"type":"Feature","properties":{"district_name":"Shaykhantakhur district","role":"display_only"},"geometry":{"type":"Point","coordinates":[69.24212,41.32093]}},{"type":"Feature","properties":{"district_name":"Shaykhantakhur district","role":"display_only"},"geometry":{"type":"Point","coordinates":[69.23552,41.32146]}},{"type":"Feature","properties":{"district_name":"Shaykhantakhur district","role":"display_only"},"geometry":{"type":"Point","coordinates":[69.24133,41.32221]}},{"type":"Feature","properties":{"district_name":"Mirzo Ulugbek district","role":"display_only"},"geometry":{"type":"Point","coordinates":[69.35156,41.3503]}},{"type":"Feature","properties":{"district_name":"Yunusabad district","role":"display_only"},"geometry":{"type":"Point","coordinates":[69.28346,41.32907]}},{"type":"Feature","properties":{"district_name":"Yunusabad district","role":"display_only"},"geometry":{"type":"Point","coordinates":[69.297,41.37968]}},{"type":"Feature","properties":{"district_name":"Uchtepa district","role":"display_only"},"geometry":{"type":"Point","coordinates":[69.19361,41.28177]}},{"type":"Feature","properties":{"district_name":"Mirabad district","role":"display_only"},"geometry":{"type":"Point","coordinates":[69.31534,41.26477]}},{"type":"Feature","properties":{"district_name":"Yunusabad district","role":"display_only"},"geometry":{"type":"Point","coordinates":[69.2782,41.33551]}},{"type":"Feature","properties":{"district_name":"Mirabad district","role":"display_only"},"geometry":{"type":"Point","coordinates":[69.30043,41.26967]}},{"type":"Feature","properties":{"district_name":"Mirabad district","role":"display_only"},"geometry":{"type":"Point","coordinates":[69.29937,41.2694]}},{"type":"Feature","properties":{"district_name":"Sergeli district","role":"display_only"},"geometry":{"type":"Point","coordinates":[69.26508,41.2451]}},{"type":"Feature","properties":{"district_name":"Sergeli district","role":"display_only"},"geometry":{"type":"Point","coordinates":[69.26777,41.24942]}},{"type":"Feature","properties":{"district_name":"Sergeli district","role":"display_only"},"geometry":{"type":"Point","coordinates":[69.25302,41.25181]}},{"type":"Feature","properties":{"district_name":"Sergeli district","role":"display_only"},"geometry":{"type":"Point","coordinates":[69.2494,41.25546]}},{"type":"Feature","properties":{"district_name":"Yakkasaray district","role":"display_only"},"geometry":{"type":"Point","coordinates":[69.24701,41.26607]}},{"type":"Feature","properties":{"district_name":"Yakkasaray district","role":"display_only"},"geometry":{"type":"Point","coordinates":[69.25748,41.26934]}},{"type":"Feature","properties":{"district_name":"Yakkasaray district","role":"display_only"},"geometry":{"type":"Point","coordinates":[69.24619,41.2667]}},{"type":"Feature","properties":{"district_name":"Shaykhantakhur district","role":"display_only"},"geometry":{"type":"Point","coordinates":[69.26528,41.33408]}},{"type":"Feature","properties":{"district_name":"Sergeli district","role":"display_only"},"geometry":{"type":"Point","coordinates":[69.26491,41.24841]}},{"type":"Feature","properties":{"district_name":"Mirzo Ulugbek district","role":"display_only"},"geometry":{"type":"Point","coordinates":[69.37793,41.35613]}},{"type":"Feature","properties":{"district_name":"Mirabad district","role":"display_only"},"geometry":{"type":"Point","coordinates":[69.28911,41.2861]}},{"type":"Feature","properties":{"district_name":"Mirabad district","role":"display_only"},"geometry":{"type":"Point","coordinates":[69.28405,41.28797]}},{"type":"Feature","properties":{"district_name":"Uchtepa district","role":"display_only"},"geometry":{"type":"Point","coordinates":[69.1779,41.27917]}},{"type":"Feature","properties":{"district_name":"Shaykhantakhur district","role":"display_only"},"geometry":{"type":"Point","coordinates":[69.26823,41.33896]}},{"type":"Feature","properties":{"district_name":"Yunusabad district","role":"display_only"},"geometry":{"type":"Point","coordinates":[69.33745,41.36003]}},{"type":"Feature","properties":{"district_name":"Shaykhantakhur district","role":"display_only"},"geometry":{"type":"Point","coordinates":[69.20674,41.30211]}},{"type":"Feature","properties":{"district_name":"Mirabad district","role":"display_only"},"geometry":{"type":"Point","coordinates":[69.30876,41.27247]}},{"type":"Feature","properties":{"district_name":"Chilanzar district","role":"display_only"},"geometry":{"type":"Point","coordinates":[69.21821,41.26565]}},{"type":"Feature","properties":{"district_name":"Chilanzar district","role":"display_only"},"geometry":{"type":"Point","coordinates":[69.21652,41.26695]}},{"type":"Feature","properties":{"district_name":"Chilanzar district","role":"display_only"},"geometry":{"type":"Point","coordinates":[69.21164,41.27059]}},{"type":"Feature","properties":{"district_name":"Chilanzar district","role":"display_only"},"geometry":{"type":"Point","coordinates":[69.21343,41.27424]}},{"type":"Feature","properties":{"district_name":"Chilanzar district","role":"display_only"},"geometry":{"type":"Point","coordinates":[69.21428,41.27504]}},{"type":"Feature","properties":{"district_name":"Chilanzar district","role":"display_only"},"geometry":{"type":"Point","coordinates":[69.21715,41.27927]}},{"type":"Feature","properties":{"district_name":"Yunusabad district","role":"display_only"},"geometry":{"type":"Point","coordinates":[69.30391,41.37433]}},{"type":"Feature","properties":{"district_name":"Yunusabad district","role":"display_only"},"geometry":{"type":"Point","coordinates":[69.30299,41.37457]}},{"type":"Feature","properties":{"district_name":"Mirzo Ulugbek district","role":"display_only"},"geometry":{"type":"Point","coordinates":[69.39226,41.36292]}},{"type":"Feature","properties":{"district_name":"Mirzo Ulugbek district","role":"display_only"},"geometry":{"type":"Point","coordinates":[69.39315,41.36367]}},{"type":"Feature","properties":{"district_name":"Mirzo Ulugbek district","role":"display_only"},"geometry":{"type":"Point","coordinates":[69.3665,41.36199]}},{"type":"Feature","properties":{"district_name":"Mirzo Ulugbek district","role":"display_only"},"geometry":{"type":"Point","coordinates":[69.36725,41.3617]}},{"type":"Feature","properties":{"district_name":"Yunusabad district","role":"display_only"},"geometry":{"type":"Point","coordinates":[69.32207,41.3735]}},{"type":"Feature","properties":{"district_name":"Mirzo Ulugbek district","role":"display_only"},"geometry":{"type":"Point","coordinates":[69.36648,41.36191]}},{"type":"Feature","properties":{"district_name":"Yakkasaray district","role":"display_only"},"geometry":{"type":"Point","coordinates":[69.23078,41.26158]}},{"type":"Feature","properties":{"district_name":"Sergeli district","role":"display_only"},"geometry":{"type":"Point","coordinates":[69.21954,41.22746]}},{"type":"Feature","properties":{"district_name":"Sergeli district","role":"display_only"},"geometry":{"type":"Point","coordinates":[69.21898,41.22806]}},{"type":"Feature","properties":{"district_name":"Uchtepa district","role":"display_only"},"geometry":{"type":"Point","coordinates":[69.18009,41.28239]}},{"type":"Feature","properties":{"district_name":"Yashnabad district","role":"display_only"},"geometry":{"type":"Point","coordinates":[69.32572,41.31019]}},{"type":"Feature","properties":{"district_name":"Yashnabad district","role":"display_only"},"geometry":{"type":"Point","coordinates":[69.32189,41.31033]}},{"type":"Feature","properties":{"district_name":"Yashnabad district","role":"display_only"},"geometry":{"type":"Point","coordinates":[69.32982,41.31227]}},{"type":"Feature","properties":{"district_name":"Yashnabad district","role":"display_only"},"geometry":{"type":"Point","coordinates":[69.31339,41.31247]}},{"type":"Feature","properties":{"district_name":"Mirzo Ulugbek district","role":"display_only"},"geometry":{"type":"Point","coordinates":[69.33395,41.31421]}},{"type":"Feature","properties":{"district_name":"Mirzo Ulugbek district","role":"display_only"},"geometry":{"type":"Point","coordinates":[69.33878,41.31752]}},{"type":"Feature","properties":{"district_name":"Mirzo Ulugbek district","role":"display_only"},"geometry":{"type":"Point","coordinates":[69.33956,41.31802]}},{"type":"Feature","properties":{"district_name":"Yunusabad district","role":"display_only"},"geometry":{"type":"Point","coordinates":[69.27251,41.35763]}},{"type":"Feature","properties":{"district_name":"Yunusabad district","role":"display_only"},"geometry":{"type":"Point","coordinates":[69.27896,41.35999]}},{"type":"Feature","properties":{"district_name":"Almazar district","role":"display_only"},"geometry":{"type":"Point","coordinates":[69.25056,41.33186]}},{"type":"Feature","properties":{"district_name":"Almazar district","role":"display_only"},"geometry":{"type":"Point","coordinates":[69.25198,41.33245]}},{"type":"Feature","properties":{"district_name":"Yunusabad district","role":"display_only"},"geometry":{"type":"Point","coordinates":[69.27747,41.35998]}},{"type":"Feature","properties":{"district_name":"Yunusabad district","role":"display_only"},"geometry":{"type":"Point","coordinates":[69.26667,41.35282]}},{"type":"Feature","properties":{"district_name":"Almazar district","role":"display_only"},"geometry":{"type":"Point","coordinates":[69.26715,41.3535]}},{"type":"Feature","properties":{"district_name":"Yakkasaray district","role":"display_only"},"geometry":{"type":"Point","coordinates":[69.25046,41.29262]}},{"type":"Feature","properties":{"district_name":"Mirabad district","role":"display_only"},"geometry":{"type":"Point","coordinates":[69.27194,41.2921]}},{"type":"Feature","properties":{"district_name":"Mirabad district","role":"display_only"},"geometry":{"type":"Point","coordinates":[69.27749,41.3016]}},{"type":"Feature","properties":{"district_name":"Yakkasaray district","role":"display_only"},"geometry":{"type":"Point","coordinates":[69.26331,41.2929]}},{"type":"Feature","properties":{"district_name":"Mirabad district","role":"display_only"},"geometry":{"type":"Point","coordinates":[69.27869,41.30258]}},{"type":"Feature","properties":{"district_name":"Mirabad district","role":"display_only"},"geometry":{"type":"Point","coordinates":[69.28373,41.30651]}},{"type":"Feature","properties":{"district_name":"Mirzo Ulugbek district","role":"display_only"},"geometry":{"type":"Point","coordinates":[69.29205,41.31659]}},{"type":"Feature","properties":{"district_name":"Mirzo Ulugbek district","role":"display_only"},"geometry":{"type":"Point","coordinates":[69.29865,41.3196]}},{"type":"Feature","properties":{"district_name":"Mirzo Ulugbek district","role":"display_only"},"geometry":{"type":"Point","coordinates":[69.31369,41.32526]}},{"type":"Feature","properties":{"district_name":"Mirabad district","role":"display_only"},"geometry":{"type":"Point","coordinates":[69.28274,41.29965]}},{"type":"Feature","properties":{"district_name":"Yashnabad district","role":"display_only"},"geometry":{"type":"Point","coordinates":[69.36,41.28551]}},{"type":"Feature","properties":{"district_name":"Yashnabad district","role":"display_only"},"geometry":{"type":"Point","coordinates":[69.36084,41.28028]}},{"type":"Feature","properties":{"district_name":"Yashnabad district","role":"display_only"},"geometry":{"type":"Point","coordinates":[69.36137,41.28128]}},{"type":"Feature","properties":{"district_name":"Yashnabad district","role":"display_only"},"geometry":{"type":"Point","coordinates":[69.36206,41.27701]}},{"type":"Feature","properties":{"district_name":"Yashnabad district","role":"display_only"},"geometry":{"type":"Point","coordinates":[69.36165,41.27589]}},{"type":"Feature","properties":{"district_name":"Yashnabad district","role":"display_only"},"geometry":{"type":"Point","coordinates":[69.36568,41.26895]}},{"type":"Feature","properties":{"district_name":"Yashnabad district","role":"display_only"},"geometry":{"type":"Point","coordinates":[69.35718,41.29326]}},{"type":"Feature","properties":{"district_name":"Yashnabad district","role":"display_only"},"geometry":{"type":"Point","coordinates":[69.36216,41.29551]}},{"type":"Feature","properties":{"district_name":"Yashnabad district","role":"display_only"},"geometry":{"type":"Point","coordinates":[69.36969,41.29286]}},{"type":"Feature","properties":{"district_name":"Mirabad district","role":"display_only"},"geometry":{"type":"Point","coordinates":[69.2865,41.29627]}},{"type":"Feature","properties":{"district_name":"Shaykhantakhur district","role":"display_only"},"geometry":{"type":"Point","coordinates":[69.16418,41.33505]}},{"type":"Feature","properties":{"district_name":"Shaykhantakhur district","role":"display_only"},"geometry":{"type":"Point","coordinates":[69.16493,41.34005]}},{"type":"Feature","properties":{"district_name":"Shaykhantakhur district","role":"display_only"},"geometry":{"type":"Point","coordinates":[69.16517,41.34342]}},{"type":"Feature","properties":{"district_name":"Almazar district","role":"display_only"},"geometry":{"type":"Point","coordinates":[69.17172,41.35917]}},{"type":"Feature","properties":{"district_name":"Almazar district","role":"display_only"},"geometry":{"type":"Point","coordinates":[69.17287,41.35986]}},{"type":"Feature","properties":{"district_name":"Shaykhantakhur district","role":"display_only"},"geometry":{"type":"Point","coordinates":[69.16515,41.34647]}},{"type":"Feature","properties":{"district_name":"Almazar district","role":"display_only"},"geometry":{"type":"Point","coordinates":[69.17406,41.36082]}},{"type":"Feature","properties":{"district_name":"Shaykhantakhur district","role":"display_only"},"geometry":{"type":"Point","coordinates":[69.16546,41.34593]}},{"type":"Feature","properties":{"district_name":"Uchtepa district","role":"display_only"},"geometry":{"type":"Point","coordinates":[69.15988,41.32758]}},{"type":"Feature","properties":{"district_name":"Uchtepa district","role":"display_only"},"geometry":{"type":"Point","coordinates":[69.15947,41.32698]}},{"type":"Feature","properties":{"district_name":"Yakkasaray district","role":"display_only"},"geometry":{"type":"Point","coordinates":[69.24564,41.29342]}},{"type":"Feature","properties":{"district_name":"Yakkasaray district","role":"display_only"},"geometry":{"type":"Point","coordinates":[69.24617,41.29348]}},{"type":"Feature","properties":{"district_name":"Yakkasaray district","role":"display_only"},"geometry":{"type":"Point","coordinates":[69.24974,41.29315]}},{"type":"Feature","properties":{"district_name":"Mirabad district","role":"display_only"},"geometry":{"type":"Point","coordinates":[69.28301,41.2867]}},{"type":"Feature","properties":{"district_name":"Almazar district","role":"display_only"},"geometry":{"type":"Point","coordinates":[69.24197,41.35098]}},{"type":"Feature","properties":{"district_name":"Almazar district","role":"display_only"},"geometry":{"type":"Point","coordinates":[69.23897,41.35186]}},{"type":"Feature","properties":{"district_name":"Almazar district","role":"display_only"},"geometry":{"type":"Point","coordinates":[69.23865,41.35213]}},{"type":"Feature","properties":{"district_name":"Almazar district","role":"display_only"},"geometry":{"type":"Point","coordinates":[69.2422,41.35159]}},{"type":"Feature","properties":{"district_name":"Yunusabad district","role":"display_only"},"geometry":{"type":"Point","coordinates":[69.26497,41.37181]}},{"type":"Feature","properties":{"district_name":"Almazar district","role":"display_only"},"geometry":{"type":"Point","coordinates":[69.24148,41.34635]}},{"type":"Feature","properties":{"district_name":"Yunusabad district","role":"display_only"},"geometry":{"type":"Point","coordinates":[69.26981,41.36694]}},{"type":"Feature","properties":{"district_name":"Almazar district","role":"display_only"},"geometry":{"type":"Point","coordinates":[69.23894,41.35625]}},{"type":"Feature","properties":{"district_name":"Yunusabad district","role":"display_only"},"geometry":{"type":"Point","coordinates":[69.27077,41.36694]}},{"type":"Feature","properties":{"district_name":"Sergeli district","role":"display_only"},"geometry":{"type":"Point","coordinates":[69.24277,41.21924]}},{"type":"Feature","properties":{"district_name":"Sergeli district","role":"display_only"},"geometry":{"type":"Point","coordinates":[69.2405,41.2183]}},{"type":"Feature","properties":{"district_name":"Sergeli district","role":"display_only"},"geometry":{"type":"Point","coordinates":[69.23884,41.21761]}},{"type":"Feature","properties":{"district_name":"Sergeli district","role":"display_only"},"geometry":{"type":"Point","coordinates":[69.22867,41.21414]}},{"type":"Feature","properties":{"district_name":"Sergeli district","role":"display_only"},"geometry":{"type":"Point","coordinates":[69.23058,41.2141]}},{"type":"Feature","properties":{"district_name":"Yangikhayot district","role":"display_only"},"geometry":{"type":"Point","coordinates":[69.23248,41.21021]}},{"type":"Feature","properties":{"district_name":"Sergeli district","role":"display_only"},"geometry":{"type":"Point","coordinates":[69.24433,41.21601]}},{"type":"Feature","properties":{"district_name":"Sergeli district","role":"display_only"},"geometry":{"type":"Point","coordinates":[69.2431,41.21938]}},{"type":"Feature","properties":{"district_name":"Sergeli district","role":"display_only"},"geometry":{"type":"Point","coordinates":[69.23561,41.21627]}},{"type":"Feature","properties":{"district_name":"Sergeli district","role":"display_only"},"geometry":{"type":"Point","coordinates":[69.22941,41.21299]}},{"type":"Feature","properties":{"district_name":"Sergeli district","role":"display_only"},"geometry":{"type":"Point","coordinates":[69.22348,41.22081]}},{"type":"Feature","properties":{"district_name":"Sergeli district","role":"display_only"},"geometry":{"type":"Point","coordinates":[69.23414,41.21567]}},{"type":"Feature","properties":{"district_name":"Sergeli district","role":"display_only"},"geometry":{"type":"Point","coordinates":[69.23745,41.21252]}},{"type":"Feature","properties":{"district_name":"Sergeli district","role":"display_only"},"geometry":{"type":"Point","coordinates":[69.23239,41.21041]}},{"type":"Feature","properties":{"district_name":"Sergeli district","role":"display_only"},"geometry":{"type":"Point","coordinates":[69.22972,41.21236]}},{"type":"Feature","properties":{"district_name":"Sergeli district","role":"display_only"},"geometry":{"type":"Point","coordinates":[69.22413,41.22009]}},{"type":"Feature","properties":{"district_name":"Yunusabad district","role":"display_only"},"geometry":{"type":"Point","coordinates":[69.294,41.36956]}},{"type":"Feature","properties":{"district_name":"Yunusabad district","role":"display_only"},"geometry":{"type":"Point","coordinates":[69.2766,41.34553]}},{"type":"Feature","properties":{"district_name":"Yashnabad district","role":"display_only"},"geometry":{"type":"Point","coordinates":[69.3437,41.25432]}},{"type":"Feature","properties":{"district_name":"Yashnabad district","role":"display_only"},"geometry":{"type":"Point","coordinates":[69.34351,41.25441]}},{"type":"Feature","properties":{"district_name":"Yashnabad district","role":"display_only"},"geometry":{"type":"Point","coordinates":[69.34108,41.25814]}},{"type":"Feature","properties":{"district_name":"Yashnabad district","role":"display_only"},"geometry":{"type":"Point","coordinates":[69.34133,41.2576]}},{"type":"Feature","properties":{"district_name":"Almazar district","role":"display_only"},"geometry":{"type":"Point","coordinates":[69.18496,41.36333]}},{"type":"Feature","properties":{"district_name":"Almazar district","role":"display_only"},"geometry":{"type":"Point","coordinates":[69.18528,41.36411]}},{"type":"Feature","properties":{"district_name":"Almazar district","role":"display_only"},"geometry":{"type":"Point","coordinates":[69.18161,41.36121]}},{"type":"Feature","properties":{"district_name":"Yunusabad district","role":"display_only"},"geometry":{"type":"Point","coordinates":[69.27706,41.34598]}},{"type":"Feature","properties":{"district_name":"Chilanzar district","role":"display_only"},"geometry":{"type":"Point","coordinates":[69.24621,41.30557]}},{"type":"Feature","properties":{"district_name":"Chilanzar district","role":"display_only"},"geometry":{"type":"Point","coordinates":[69.2008,41.29035]}},{"type":"Feature","properties":{"district_name":"Shaykhantakhur district","role":"display_only"},"geometry":{"type":"Point","coordinates":[69.17561,41.33983]}},{"type":"Feature","properties":{"district_name":"Mirabad district","role":"display_only"},"geometry":{"type":"Point","coordinates":[69.27742,41.28063]}},{"type":"Feature","properties":{"district_name":"Mirabad district","role":"display_only"},"geometry":{"type":"Point","coordinates":[69.28652,41.29643]}},{"type":"Feature","properties":{"district_name":"Mirabad district","role":"display_only"},"geometry":{"type":"Point","coordinates":[69.28376,41.30067]}},{"type":"Feature","properties":{"district_name":"Mirabad district","role":"display_only"},"geometry":{"type":"Point","coordinates":[69.28031,41.28416]}},{"type":"Feature","properties":{"district_name":"Mirabad district","role":"display_only"},"geometry":{"type":"Point","coordinates":[69.28069,41.28447]}},{"type":"Feature","properties":{"district_name":"Uchtepa district","role":"display_only"},"geometry":{"type":"Point","coordinates":[69.15002,41.2895]}},{"type":"Feature","properties":{"district_name":"Uchtepa district","role":"display_only"},"geometry":{"type":"Point","coordinates":[69.19326,41.31168]}},{"type":"Feature","properties":{"district_name":"Mirzo Ulugbek district","role":"display_only"},"geometry":{"type":"Point","coordinates":[69.34094,41.33999]}},{"type":"Feature","properties":{"district_name":"Yakkasaray district","role":"display_only"},"geometry":{"type":"Point","coordinates":[69.23757,41.27093]}},{"type":"Feature","properties":{"district_name":"Yunusabad district","role":"display_only"},"geometry":{"type":"Point","coordinates":[69.29891,41.33287]}},{"type":"Feature","properties":{"district_name":"Yunusabad district","role":"display_only"},"geometry":{"type":"Point","coordinates":[69.29791,41.33283]}},{"type":"Feature","properties":{"district_name":"Almazar district","role":"display_only"},"geometry":{"type":"Point","coordinates":[69.22147,41.33898]}},{"type":"Feature","properties":{"district_name":"Mirzo Ulugbek district","role":"display_only"},"geometry":{"type":"Point","coordinates":[69.34264,41.32035]}},{"type":"Feature","properties":{"district_name":"Mirzo Ulugbek district","role":"display_only"},"geometry":{"type":"Point","coordinates":[69.3434,41.32082]}},{"type":"Feature","properties":{"district_name":"Mirzo Ulugbek district","role":"display_only"},"geometry":{"type":"Point","coordinates":[69.33461,41.31438]}},{"type":"Feature","properties":{"district_name":"Yashnabad district","role":"display_only"},"geometry":{"type":"Point","coordinates":[69.31246,41.30413]}},{"type":"Feature","properties":{"district_name":"Yashnabad district","role":"display_only"},"geometry":{"type":"Point","coordinates":[69.32531,41.3048]}},{"type":"Feature","properties":{"district_name":"Yashnabad district","role":"display_only"},"geometry":{"type":"Point","coordinates":[69.31988,41.30413]}},{"type":"Feature","properties":{"district_name":"Yashnabad district","role":"display_only"},"geometry":{"type":"Point","coordinates":[69.30775,41.30499]}},{"type":"Feature","properties":{"district_name":"Yakkasaray district","role":"display_only"},"geometry":{"type":"Point","coordinates":[69.23244,41.2663]}},{"type":"Feature","properties":{"district_name":"Yakkasaray district","role":"display_only"},"geometry":{"type":"Point","coordinates":[69.23484,41.26845]}},{"type":"Feature","properties":{"district_name":"Yakkasaray district","role":"display_only"},"geometry":{"type":"Point","coordinates":[69.24158,41.27455]}},{"type":"Feature","properties":{"district_name":"Chilanzar district","role":"display_only"},"geometry":{"type":"Point","coordinates":[69.19414,41.29834]}},{"type":"Feature","properties":{"district_name":"Chilanzar district","role":"display_only"},"geometry":{"type":"Point","coordinates":[69.19392,41.29731]}},{"type":"Feature","properties":{"district_name":"Sergeli district","role":"display_only"},"geometry":{"type":"Point","coordinates":[69.21735,41.25163]}},{"type":"Feature","properties":{"district_name":"Chilanzar district","role":"display_only"},"geometry":{"type":"Point","coordinates":[69.19407,41.29292]}},{"type":"Feature","properties":{"district_name":"Chilanzar district","role":"display_only"},"geometry":{"type":"Point","coordinates":[69.19424,41.28965]}},{"type":"Feature","properties":{"district_name":"Chilanzar district","role":"display_only"},"geometry":{"type":"Point","coordinates":[69.19438,41.28614]}},{"type":"Feature","properties":{"district_name":"Chilanzar district","role":"display_only"},"geometry":{"type":"Point","coordinates":[69.21185,41.26977]}},{"type":"Feature","properties":{"district_name":"Sergeli district","role":"display_only"},"geometry":{"type":"Point","coordinates":[69.21799,41.24763]}},{"type":"Feature","properties":{"district_name":"Sergeli district","role":"display_only"},"geometry":{"type":"Point","coordinates":[69.21472,41.23488]}},{"type":"Feature","properties":{"district_name":"Uchtepa district","role":"display_only"},"geometry":{"type":"Point","coordinates":[69.17123,41.28549]}},{"type":"Feature","properties":{"district_name":"Sergeli district","role":"display_only"},"geometry":{"type":"Point","coordinates":[69.21803,41.24856]}},{"type":"Feature","properties":{"district_name":"Uchtepa district","role":"display_only"},"geometry":{"type":"Point","coordinates":[69.17369,41.28942]}},{"type":"Feature","properties":{"district_name":"Uchtepa district","role":"display_only"},"geometry":{"type":"Point","coordinates":[69.17847,41.29168]}},{"type":"Feature","properties":{"district_name":"Uchtepa district","role":"display_only"},"geometry":{"type":"Point","coordinates":[69.1794,41.29146]}},{"type":"Feature","properties":{"district_name":"Uchtepa district","role":"display_only"},"geometry":{"type":"Point","coordinates":[69.17431,41.28965]}},{"type":"Feature","properties":{"district_name":"Uchtepa district","role":"display_only"},"geometry":{"type":"Point","coordinates":[69.17557,41.2852]}},{"type":"Feature","properties":{"district_name":"Yakkasaray district","role":"display_only"},"geometry":{"type":"Point","coordinates":[69.24146,41.2745]}},{"type":"Feature","properties":{"district_name":"Sergeli district","role":"display_only"},"geometry":{"type":"Point","coordinates":[69.21444,41.23566]}},{"type":"Feature","properties":{"district_name":"Shaykhantakhur district","role":"display_only"},"geometry":{"type":"Point","coordinates":[69.20697,41.30711]}},{"type":"Feature","properties":{"district_name":"Yunusabad district","role":"display_only"},"geometry":{"type":"Point","coordinates":[69.29493,41.37508]}},{"type":"Feature","properties":{"district_name":"Yunusabad district","role":"display_only"},"geometry":{"type":"Point","coordinates":[69.29613,41.37917]}},{"type":"Feature","properties":{"district_name":"Mirzo Ulugbek district","role":"display_only"},"geometry":{"type":"Point","coordinates":[69.39004,41.36019]}},{"type":"Feature","properties":{"district_name":"Mirzo Ulugbek district","role":"display_only"},"geometry":{"type":"Point","coordinates":[69.38872,41.35957]}},{"type":"Feature","properties":{"district_name":"Mirzo Ulugbek district","role":"display_only"},"geometry":{"type":"Point","coordinates":[69.38493,41.35852]}},{"type":"Feature","properties":{"district_name":"Yunusabad district","role":"display_only"},"geometry":{"type":"Point","coordinates":[69.2942,41.37265]}},{"type":"Feature","properties":{"district_name":"Mirzo Ulugbek district","role":"display_only"},"geometry":{"type":"Point","coordinates":[69.35503,41.3206]}},{"type":"Feature","properties":{"district_name":"Yunusabad district","role":"display_only"},"geometry":{"type":"Point","coordinates":[69.33899,41.35884]}},{"type":"Feature","properties":{"district_name":"Yunusabad district","role":"display_only"},"geometry":{"type":"Point","coordinates":[69.33384,41.36288]}},{"type":"Feature","properties":{"district_name":"Yunusabad district","role":"display_only"},"geometry":{"type":"Point","coordinates":[69.3309,41.35215]}},{"type":"Feature","properties":{"district_name":"Yunusabad district","role":"display_only"},"geometry":{"type":"Point","coordinates":[69.33463,41.35518]}},{"type":"Feature","properties":{"district_name":"Yunusabad district","role":"display_only"},"geometry":{"type":"Point","coordinates":[69.33338,41.35421]}},{"type":"Feature","properties":{"district_name":"Yunusabad district","role":"display_only"},"geometry":{"type":"Point","coordinates":[69.31954,41.34939]}},{"type":"Feature","properties":{"district_name":"Yunusabad district","role":"display_only"},"geometry":{"type":"Point","coordinates":[69.31636,41.34811]}},{"type":"Feature","properties":{"district_name":"Mirzo Ulugbek district","role":"display_only"},"geometry":{"type":"Point","coordinates":[69.29926,41.32503]}},{"type":"Feature","properties":{"district_name":"Almazar district","role":"display_only"},"geometry":{"type":"Point","coordinates":[69.18176,41.3612]}},{"type":"Feature","properties":{"district_name":"Almazar district","role":"display_only"},"geometry":{"type":"Point","coordinates":[69.21462,41.34919]}},{"type":"Feature","properties":{"district_name":"Almazar district","role":"display_only"},"geometry":{"type":"Point","coordinates":[69.21207,41.35188]}},{"type":"Feature","properties":{"district_name":"Almazar district","role":"display_only"},"geometry":{"type":"Point","coordinates":[69.2092,41.3549]}},{"type":"Feature","properties":{"district_name":"Yunusabad district","role":"display_only"},"geometry":{"type":"Point","coordinates":[69.31716,41.37175]}},{"type":"Feature","properties":{"district_name":"Yunusabad district","role":"display_only"},"geometry":{"type":"Point","coordinates":[69.31085,41.37128]}},{"type":"Feature","properties":{"district_name":"Yunusabad district","role":"display_only"},"geometry":{"type":"Point","coordinates":[69.3165,41.37175]}},{"type":"Feature","properties":{"district_name":"Mirzo Ulugbek district","role":"display_only"},"geometry":{"type":"Point","coordinates":[69.33084,41.31329]}},{"type":"Feature","properties":{"district_name":"Mirzo Ulugbek district","role":"display_only"},"geometry":{"type":"Point","coordinates":[69.33151,41.31255]}},{"type":"Feature","properties":{"district_name":"Uchtepa district","role":"display_only"},"geometry":{"type":"Point","coordinates":[69.18138,41.28956]}},{"type":"Feature","properties":{"district_name":"Chilanzar district","role":"display_only"},"geometry":{"type":"Point","coordinates":[69.24188,41.31165]}},{"type":"Feature","properties":{"district_name":"Yashnabad district","role":"display_only"},"geometry":{"type":"Point","coordinates":[69.31317,41.30389]}},{"type":"Feature","properties":{"district_name":"Yashnabad district","role":"display_only"},"geometry":{"type":"Point","coordinates":[69.31955,41.30393]}},{"type":"Feature","properties":{"district_name":"Yashnabad district","role":"display_only"},"geometry":{"type":"Point","coordinates":[69.32649,41.30478]}},{"type":"Feature","properties":{"district_name":"Yashnabad district","role":"display_only"},"geometry":{"type":"Point","coordinates":[69.33185,41.30522]}},{"type":"Feature","properties":{"district_name":"Yashnabad district","role":"display_only"},"geometry":{"type":"Point","coordinates":[69.29717,41.30114]}},{"type":"Feature","properties":{"district_name":"Yangikhayot district","role":"display_only"},"geometry":{"type":"Point","coordinates":[69.21229,41.21564]}},{"type":"Feature","properties":{"district_name":"Sergeli district","role":"display_only"},"geometry":{"type":"Point","coordinates":[69.21157,41.2237]}},{"type":"Feature","properties":{"district_name":"Sergeli district","role":"display_only"},"geometry":{"type":"Point","coordinates":[69.21848,41.2265]}},{"type":"Feature","properties":{"district_name":"Sergeli district","role":"display_only"},"geometry":{"type":"Point","coordinates":[69.21464,41.22499]}},{"type":"Feature","properties":{"district_name":"Uchtepa district","role":"display_only"},"geometry":{"type":"Point","coordinates":[69.17451,41.2986]}},{"type":"Feature","properties":{"district_name":"Yashnabad district","role":"display_only"},"geometry":{"type":"Point","coordinates":[69.36007,41.29993]}},{"type":"Feature","properties":{"district_name":"Mirzo Ulugbek district","role":"display_only"},"geometry":{"type":"Point","coordinates":[69.38073,41.35133]}},{"type":"Feature","properties":{"district_name":"Mirzo Ulugbek district","role":"display_only"},"geometry":{"type":"Point","coordinates":[69.36791,41.34907]}},{"type":"Feature","properties":{"district_name":"Mirzo Ulugbek district","role":"display_only"},"geometry":{"type":"Point","coordinates":[69.35386,41.33588]}},{"type":"Feature","properties":{"district_name":"Mirzo Ulugbek district","role":"display_only"},"geometry":{"type":"Point","coordinates":[69.3264,41.32239]}},{"type":"Feature","properties":{"district_name":"Mirzo Ulugbek district","role":"display_only"},"geometry":{"type":"Point","coordinates":[69.32655,41.32276]}},{"type":"Feature","properties":{"district_name":"Mirzo Ulugbek district","role":"display_only"},"geometry":{"type":"Point","coordinates":[69.32734,41.31492]}},{"type":"Feature","properties":{"district_name":"Mirzo Ulugbek district","role":"display_only"},"geometry":{"type":"Point","coordinates":[69.32853,41.31532]}},{"type":"Feature","properties":{"district_name":"Uchtepa district","role":"display_only"},"geometry":{"type":"Point","coordinates":[69.18523,41.28711]}},{"type":"Feature","properties":{"district_name":"Shaykhantakhur district","role":"display_only"},"geometry":{"type":"Point","coordinates":[69.21373,41.32792]}},{"type":"Feature","properties":{"district_name":"Yakkasaray district","role":"display_only"},"geometry":{"type":"Point","coordinates":[69.25494,41.28058]}},{"type":"Feature","properties":{"district_name":"Mirzo Ulugbek district","role":"display_only"},"geometry":{"type":"Point","coordinates":[69.36024,41.34188]}},{"type":"Feature","properties":{"district_name":"Shaykhantakhur district","role":"display_only"},"geometry":{"type":"Point","coordinates":[69.19694,41.31918]}},{"type":"Feature","properties":{"district_name":"Shaykhantakhur district","role":"display_only"},"geometry":{"type":"Point","coordinates":[69.19632,41.31806]}},{"type":"Feature","properties":{"district_name":"Sergeli district","role":"display_only"},"geometry":{"type":"Point","coordinates":[69.28894,41.24434]}},{"type":"Feature","properties":{"district_name":"Sergeli district","role":"display_only"},"geometry":{"type":"Point","coordinates":[69.2935,41.24434]}},{"type":"Feature","properties":{"district_name":"Mirzo Ulugbek district","role":"display_only"},"geometry":{"type":"Point","coordinates":[69.35528,41.33714]}},{"type":"Feature","properties":{"district_name":"Mirzo Ulugbek district","role":"display_only"},"geometry":{"type":"Point","coordinates":[69.3555,41.33724]}},{"type":"Feature","properties":{"district_name":"Mirzo Ulugbek district","role":"display_only"},"geometry":{"type":"Point","coordinates":[69.31955,41.31995]}},{"type":"Feature","properties":{"district_name":"Mirzo Ulugbek district","role":"display_only"},"geometry":{"type":"Point","coordinates":[69.32105,41.32099]}},{"type":"Feature","properties":{"district_name":"Yunusabad district","role":"display_only"},"geometry":{"type":"Point","coordinates":[69.29956,41.37498]}},{"type":"Feature","properties":{"district_name":"Yunusabad district","role":"display_only"},"geometry":{"type":"Point","coordinates":[69.29922,41.37512]}},{"type":"Feature","properties":{"district_name":"Yunusabad district","role":"display_only"},"geometry":{"type":"Point","coordinates":[69.30833,41.37386]}},{"type":"Feature","properties":{"district_name":"Yunusabad district","role":"display_only"},"geometry":{"type":"Point","coordinates":[69.30945,41.37389]}},{"type":"Feature","properties":{"district_name":"Yunusabad district","role":"display_only"},"geometry":{"type":"Point","coordinates":[69.33737,41.35897]}},{"type":"Feature","properties":{"district_name":"Almazar district","role":"display_only"},"geometry":{"type":"Point","coordinates":[69.21968,41.37949]}},{"type":"Feature","properties":{"district_name":"Almazar district","role":"display_only"},"geometry":{"type":"Point","coordinates":[69.21581,41.38341]}},{"type":"Feature","properties":{"district_name":"Almazar district","role":"display_only"},"geometry":{"type":"Point","coordinates":[69.22028,41.38002]}},{"type":"Feature","properties":{"district_name":"Shaykhantakhur district","role":"display_only"},"geometry":{"type":"Point","coordinates":[69.21206,41.3255]}},{"type":"Feature","properties":{"district_name":"Yunusabad district","role":"display_only"},"geometry":{"type":"Point","coordinates":[69.29833,41.3629]}},{"type":"Feature","properties":{"district_name":"Yunusabad district","role":"display_only"},"geometry":{"type":"Point","coordinates":[69.29889,41.36361]}},{"type":"Feature","properties":{"district_name":"Yunusabad district","role":"display_only"},"geometry":{"type":"Point","coordinates":[69.29766,41.36345]}},{"type":"Feature","properties":{"district_name":"Yunusabad district","role":"display_only"},"geometry":{"type":"Point","coordinates":[69.30195,41.36659]}},{"type":"Feature","properties":{"district_name":"Yunusabad district","role":"display_only"},"geometry":{"type":"Point","coordinates":[69.27615,41.37268]}},{"type":"Feature","properties":{"district_name":"Yunusabad district","role":"display_only"},"geometry":{"type":"Point","coordinates":[69.27827,41.37414]}},{"type":"Feature","properties":{"district_name":"Chilanzar district","role":"display_only"},"geometry":{"type":"Point","coordinates":[69.23006,41.28772]}},{"type":"Feature","properties":{"district_name":"Chilanzar district","role":"display_only"},"geometry":{"type":"Point","coordinates":[69.23378,41.28521]}},{"type":"Feature","properties":{"district_name":"Yakkasaray district","role":"display_only"},"geometry":{"type":"Point","coordinates":[69.24077,41.28081]}},{"type":"Feature","properties":{"district_name":"Bektemir district","role":"display_only"},"geometry":{"type":"Point","coordinates":[69.36928,41.25084]}},{"type":"Feature","properties":{"district_name":"Bektemir district","role":"display_only"},"geometry":{"type":"Point","coordinates":[69.37768,41.25727]}},{"type":"Feature","properties":{"district_name":"Bektemir district","role":"display_only"},"geometry":{"type":"Point","coordinates":[69.37065,41.25088]}},{"type":"Feature","properties":{"district_name":"Yashnabad district","role":"display_only"},"geometry":{"type":"Point","coordinates":[69.33858,41.28575]}},{"type":"Feature","properties":{"district_name":"Yashnabad district","role":"display_only"},"geometry":{"type":"Point","coordinates":[69.33152,41.28807]}},{"type":"Feature","properties":{"district_name":"Yashnabad district","role":"display_only"},"geometry":{"type":"Point","coordinates":[69.32855,41.29043]}},{"type":"Feature","properties":{"district_name":"Yashnabad district","role":"display_only"},"geometry":{"type":"Point","coordinates":[69.3284,41.29064]}},{"type":"Feature","properties":{"district_name":"Bektemir district","role":"display_only"},"geometry":{"type":"Point","coordinates":[69.32739,41.23688]}},{"type":"Feature","properties":{"district_name":"Yashnabad district","role":"display_only"},"geometry":{"type":"Point","coordinates":[69.33699,41.24267]}},{"type":"Feature","properties":{"district_name":"Yashnabad district","role":"display_only"},"geometry":{"type":"Point","coordinates":[69.32757,41.25436]}},{"type":"Feature","properties":{"district_name":"Mirabad district","role":"display_only"},"geometry":{"type":"Point","coordinates":[69.31882,41.25875]}},{"type":"Feature","properties":{"district_name":"Mirabad district","role":"display_only"},"geometry":{"type":"Point","coordinates":[69.31853,41.2596]}},{"type":"Feature","properties":{"district_name":"Mirabad district","role":"display_only"},"geometry":{"type":"Point","coordinates":[69.31697,41.26203]}},{"type":"Feature","properties":{"district_name":"Mirabad district","role":"display_only"},"geometry":{"type":"Point","coordinates":[69.31708,41.26215]}},{"type":"Feature","properties":{"district_name":"Mirabad district","role":"display_only"},"geometry":{"type":"Point","coordinates":[69.31487,41.2659]}},{"type":"Feature","properties":{"district_name":"Mirabad district","role":"display_only"},"geometry":{"type":"Point","coordinates":[69.3108,41.27278]}},{"type":"Feature","properties":{"district_name":"Mirabad district","role":"display_only"},"geometry":{"type":"Point","coordinates":[69.30712,41.2801]}},{"type":"Feature","properties":{"district_name":"Mirabad district","role":"display_only"},"geometry":{"type":"Point","coordinates":[69.30408,41.28566]}},{"type":"Feature","properties":{"district_name":"Mirabad district","role":"display_only"},"geometry":{"type":"Point","coordinates":[69.29879,41.29232]}},{"type":"Feature","properties":{"district_name":"Mirabad district","role":"display_only"},"geometry":{"type":"Point","coordinates":[69.2884,41.29388]}},{"type":"Feature","properties":{"district_name":"Chilanzar district","role":"display_only"},"geometry":{"type":"Point","coordinates":[69.18948,41.26625]}},{"type":"Feature","properties":{"district_name":"Yashnabad district","role":"display_only"},"geometry":{"type":"Point","coordinates":[69.36013,41.28732]}},{"type":"Feature","properties":{"district_name":"Mirzo Ulugbek district","role":"display_only"},"geometry":{"type":"Point","coordinates":[69.34964,41.32736]}},{"type":"Feature","properties":{"district_name":"Mirzo Ulugbek district","role":"display_only"},"geometry":{"type":"Point","coordinates":[69.34924,41.32682]}},{"type":"Feature","properties":{"district_name":"Mirzo Ulugbek district","role":"display_only"},"geometry":{"type":"Point","coordinates":[69.34704,41.32356]}},{"type":"Feature","properties":{"district_name":"Shaykhantakhur district","role":"display_only"},"geometry":{"type":"Point","coordinates":[69.24023,41.31131]}},{"type":"Feature","properties":{"district_name":"Yashnabad district","role":"display_only"},"geometry":{"type":"Point","coordinates":[69.30282,41.308]}},{"type":"Feature","properties":{"district_name":"Mirzo Ulugbek district","role":"display_only"},"geometry":{"type":"Point","coordinates":[69.32574,41.31489]}},{"type":"Feature","properties":{"district_name":"Yashnabad district","role":"display_only"},"geometry":{"type":"Point","coordinates":[69.30977,41.31535]}},{"type":"Feature","properties":{"district_name":"Mirzo Ulugbek district","role":"display_only"},"geometry":{"type":"Point","coordinates":[69.31751,41.31651]}},{"type":"Feature","properties":{"district_name":"Yashnabad district","role":"display_only"},"geometry":{"type":"Point","coordinates":[69.2966,41.29935]}},{"type":"Feature","properties":{"district_name":"Mirzo Ulugbek district","role":"display_only"},"geometry":{"type":"Point","coordinates":[69.32118,41.31555]}},{"type":"Feature","properties":{"district_name":"Chilanzar district","role":"display_only"},"geometry":{"type":"Point","coordinates":[69.2023,41.28307]}},{"type":"Feature","properties":{"district_name":"Chilanzar district","role":"display_only"},"geometry":{"type":"Point","coordinates":[69.21224,41.29245]}},{"type":"Feature","properties":{"district_name":"Shaykhantakhur district","role":"display_only"},"geometry":{"type":"Point","coordinates":[69.20955,41.30113]}},{"type":"Feature","properties":{"district_name":"Yashnabad district","role":"display_only"},"geometry":{"type":"Point","coordinates":[69.33045,41.3052]}},{"type":"Feature","properties":{"district_name":"Shaykhantakhur district","role":"display_only"},"geometry":{"type":"Point","coordinates":[69.175,41.34857]}},{"type":"Feature","properties":{"district_name":"Almazar district","role":"display_only"},"geometry":{"type":"Point","coordinates":[69.17743,41.34914]}},{"type":"Feature","properties":{"district_name":"Yashnabad district","role":"display_only"},"geometry":{"type":"Point","coordinates":[69.35172,41.29703]}},{"type":"Feature","properties":{"district_name":"Yakkasaray district","role":"display_only"},"geometry":{"type":"Point","coordinates":[69.23453,41.26365]}},{"type":"Feature","properties":{"district_name":"Shaykhantakhur district","role":"display_only"},"geometry":{"type":"Point","coordinates":[69.20786,41.3054]}},{"type":"Feature","properties":{"district_name":"Yunusabad district","role":"display_only"},"geometry":{"type":"Point","coordinates":[69.28526,41.33829]}},{"type":"Feature","properties":{"district_name":"Mirzo Ulugbek district","role":"display_only"},"geometry":{"type":"Point","coordinates":[69.36913,41.33503]}},{"type":"Feature","properties":{"district_name":"Yangikhayot district","role":"display_only"},"geometry":{"type":"Point","coordinates":[69.20765,41.19191]}},{"type":"Feature","properties":{"district_name":"Yangikhayot district","role":"display_only"},"geometry":{"type":"Point","coordinates":[69.22388,41.20315]}},{"type":"Feature","properties":{"district_name":"Yangikhayot district","role":"display_only"},"geometry":{"type":"Point","coordinates":[69.22719,41.19941]}},{"type":"Feature","properties":{"district_name":"Yangikhayot district","role":"display_only"},"geometry":{"type":"Point","coordinates":[69.21574,41.19481]}},{"type":"Feature","properties":{"district_name":"Yangikhayot district","role":"display_only"},"geometry":{"type":"Point","coordinates":[69.22522,41.20371]}},{"type":"Feature","properties":{"district_name":"Yangikhayot district","role":"display_only"},"geometry":{"type":"Point","coordinates":[69.2093,41.19281]}},{"type":"Feature","properties":{"district_name":"Yangikhayot district","role":"display_only"},"geometry":{"type":"Point","coordinates":[69.21988,41.19318]}},{"type":"Feature","properties":{"district_name":"Yangikhayot district","role":"display_only"},"geometry":{"type":"Point","coordinates":[69.22986,41.20555]}},{"type":"Feature","properties":{"district_name":"Yangikhayot district","role":"display_only"},"geometry":{"type":"Point","coordinates":[69.21845,41.19254]}},{"type":"Feature","properties":{"district_name":"Yakkasaray district","role":"display_only"},"geometry":{"type":"Point","coordinates":[69.25194,41.28857]}},{"type":"Feature","properties":{"district_name":"Sergeli district","role":"display_only"},"geometry":{"type":"Point","coordinates":[69.25463,41.26056]}},{"type":"Feature","properties":{"district_name":"Sergeli district","role":"display_only"},"geometry":{"type":"Point","coordinates":[69.25388,41.26107]}},{"type":"Feature","properties":{"district_name":"Mirzo Ulugbek district","role":"display_only"},"geometry":{"type":"Point","coordinates":[69.36968,41.33568]}},{"type":"Feature","properties":{"district_name":"Mirzo Ulugbek district","role":"display_only"},"geometry":{"type":"Point","coordinates":[69.36528,41.33141]}},{"type":"Feature","properties":{"district_name":"Mirzo Ulugbek district","role":"display_only"},"geometry":{"type":"Point","coordinates":[69.36606,41.33185]}},{"type":"Feature","properties":{"district_name":"Yunusabad district","role":"display_only"},"geometry":{"type":"Point","coordinates":[69.2854,41.338]}},{"type":"Feature","properties":{"district_name":"Chilanzar district","role":"display_only"},"geometry":{"type":"Point","coordinates":[69.15966,41.26519]}},{"type":"Feature","properties":{"district_name":"Chilanzar district","role":"display_only"},"geometry":{"type":"Point","coordinates":[69.15524,41.26321]}},{"type":"Feature","properties":{"district_name":"Chilanzar district","role":"display_only"},"geometry":{"type":"Point","coordinates":[69.16883,41.26118]}},{"type":"Feature","properties":{"district_name":"Chilanzar district","role":"display_only"},"geometry":{"type":"Point","coordinates":[69.16347,41.26251]}},{"type":"Feature","properties":{"district_name":"Uchtepa district","role":"display_only"},"geometry":{"type":"Point","coordinates":[69.15449,41.26373]}},{"type":"Feature","properties":{"district_name":"Chilanzar district","role":"display_only"},"geometry":{"type":"Point","coordinates":[69.15391,41.26281]}},{"type":"Feature","properties":{"district_name":"Mirzo Ulugbek district","role":"display_only"},"geometry":{"type":"Point","coordinates":[69.36169,41.32913]}},{"type":"Feature","properties":{"district_name":"Mirzo Ulugbek district","role":"display_only"},"geometry":{"type":"Point","coordinates":[69.3593,41.32712]}},{"type":"Feature","properties":{"district_name":"Chilanzar district","role":"display_only"},"geometry":{"type":"Point","coordinates":[69.22736,41.30063]}},{"type":"Feature","properties":{"district_name":"Mirzo Ulugbek district","role":"display_only"},"geometry":{"type":"Point","coordinates":[69.38188,41.35779]}},{"type":"Feature","properties":{"district_name":"Mirzo Ulugbek district","role":"display_only"},"geometry":{"type":"Point","coordinates":[69.38148,41.35096]}},{"type":"Feature","properties":{"district_name":"Mirzo Ulugbek district","role":"display_only"},"geometry":{"type":"Point","coordinates":[69.37967,41.3507]}},{"type":"Feature","properties":{"district_name":"Bektemir district","role":"display_only"},"geometry":{"type":"Point","coordinates":[69.35871,41.24593]}},{"type":"Feature","properties":{"district_name":"Yangikhayot district","role":"display_only"},"geometry":{"type":"Point","coordinates":[69.22605,41.20755]}},{"type":"Feature","properties":{"district_name":"Yangikhayot district","role":"display_only"},"geometry":{"type":"Point","coordinates":[69.21606,41.20355]}},{"type":"Feature","properties":{"district_name":"Sergeli district","role":"display_only"},"geometry":{"type":"Point","coordinates":[69.2258,41.2077]}},{"type":"Feature","properties":{"district_name":"Chilanzar district","role":"display_only"},"geometry":{"type":"Point","coordinates":[69.15977,41.25791]}},{"type":"Feature","properties":{"district_name":"Chilanzar district","role":"display_only"},"geometry":{"type":"Point","coordinates":[69.21085,41.26964]}},{"type":"Feature","properties":{"district_name":"Chilanzar district","role":"display_only"},"geometry":{"type":"Point","coordinates":[69.20738,41.26407]}},{"type":"Feature","properties":{"district_name":"Chilanzar district","role":"display_only"},"geometry":{"type":"Point","coordinates":[69.20676,41.26304]}},{"type":"Feature","properties":{"district_name":"Chilanzar district","role":"display_only"},"geometry":{"type":"Point","coordinates":[69.21045,41.29096]}},{"type":"Feature","properties":{"district_name":"Almazar district","role":"display_only"},"geometry":{"type":"Point","coordinates":[69.19811,41.35344]}},{"type":"Feature","properties":{"district_name":"Mirzo Ulugbek district","role":"display_only"},"geometry":{"type":"Point","coordinates":[69.33864,41.32758]}},{"type":"Feature","properties":{"district_name":"Yunusabad district","role":"display_only"},"geometry":{"type":"Point","coordinates":[69.27541,41.37166]}},{"type":"Feature","properties":{"district_name":"Sergeli district","role":"display_only"},"geometry":{"type":"Point","coordinates":[69.23033,41.20957]}},{"type":"Feature","properties":{"district_name":"Yunusabad district","role":"display_only"},"geometry":{"type":"Point","coordinates":[69.29748,41.35329]}},{"type":"Feature","properties":{"district_name":"Yakkasaray district","role":"display_only"},"geometry":{"type":"Point","coordinates":[69.26713,41.30876]}},{"type":"Feature","properties":{"district_name":"Yakkasaray district","role":"display_only"},"geometry":{"type":"Point","coordinates":[69.26569,41.3101]}},{"type":"Feature","properties":{"district_name":"Mirabad district","role":"display_only"},"geometry":{"type":"Point","coordinates":[69.26793,41.3101]}},{"type":"Feature","properties":{"district_name":"Yunusabad district","role":"display_only"},"geometry":{"type":"Point","coordinates":[69.29343,41.36584]}},{"type":"Feature","properties":{"district_name":"Yakkasaray district","role":"display_only"},"geometry":{"type":"Point","coordinates":[69.2552,41.28206]}},{"type":"Feature","properties":{"district_name":"Mirabad district","role":"display_only"},"geometry":{"type":"Point","coordinates":[69.28157,41.29646]}},{"type":"Feature","properties":{"district_name":"Yashnabad district","role":"display_only"},"geometry":{"type":"Point","coordinates":[69.2915,41.30695]}},{"type":"Feature","properties":{"district_name":"Mirzo Ulugbek district","role":"display_only"},"geometry":{"type":"Point","coordinates":[69.31568,41.31736]}},{"type":"Feature","properties":{"district_name":"Yashnabad district","role":"display_only"},"geometry":{"type":"Point","coordinates":[69.31609,41.31654]}},{"type":"Feature","properties":{"district_name":"Yashnabad district","role":"display_only"},"geometry":{"type":"Point","coordinates":[69.32247,41.31008]}},{"type":"Feature","properties":{"district_name":"Yashnabad district","role":"display_only"},"geometry":{"type":"Point","coordinates":[69.31496,41.31269]}},{"type":"Feature","properties":{"district_name":"Yangikhayot district","role":"display_only"},"geometry":{"type":"Point","coordinates":[69.21812,41.20077]}},{"type":"Feature","properties":{"district_name":"Yangikhayot district","role":"display_only"},"geometry":{"type":"Point","coordinates":[69.1961,41.2274]}},{"type":"Feature","properties":{"district_name":"Yashnabad district","role":"display_only"},"geometry":{"type":"Point","coordinates":[69.29943,41.30705]}},{"type":"Feature","properties":{"district_name":"Yashnabad district","role":"display_only"},"geometry":{"type":"Point","coordinates":[69.30046,41.30671]}},{"type":"Feature","properties":{"district_name":"Yunusabad district","role":"display_only"},"geometry":{"type":"Point","coordinates":[69.32012,41.37297]}},{"type":"Feature","properties":{"district_name":"Yunusabad district","role":"display_only"},"geometry":{"type":"Point","coordinates":[69.30872,41.36891]}},{"type":"Feature","properties":{"district_name":"Yunusabad district","role":"display_only"},"geometry":{"type":"Point","coordinates":[69.30045,41.3656]}},{"type":"Feature","properties":{"district_name":"Yunusabad district","role":"display_only"},"geometry":{"type":"Point","coordinates":[69.28863,41.36294]}},{"type":"Feature","properties":{"district_name":"Yunusabad district","role":"display_only"},"geometry":{"type":"Point","coordinates":[69.2866,41.3641]}},{"type":"Feature","properties":{"district_name":"Yunusabad district","role":"display_only"},"geometry":{"type":"Point","coordinates":[69.28002,41.36952]}},{"type":"Feature","properties":{"district_name":"Yunusabad district","role":"display_only"},"geometry":{"type":"Point","coordinates":[69.28596,41.36601]}},{"type":"Feature","properties":{"district_name":"Yunusabad district","role":"display_only"},"geometry":{"type":"Point","coordinates":[69.2841,41.36764]}},{"type":"Feature","properties":{"district_name":"Yunusabad district","role":"display_only"},"geometry":{"type":"Point","coordinates":[69.28414,41.36748]}},{"type":"Feature","properties":{"district_name":"Yunusabad district","role":"display_only"},"geometry":{"type":"Point","coordinates":[69.28063,41.36909]}},{"type":"Feature","properties":{"district_name":"Yunusabad district","role":"display_only"},"geometry":{"type":"Point","coordinates":[69.31109,41.37064]}},{"type":"Feature","properties":{"district_name":"Yunusabad district","role":"display_only"},"geometry":{"type":"Point","coordinates":[69.3124,41.37009]}},{"type":"Feature","properties":{"district_name":"Yunusabad district","role":"display_only"},"geometry":{"type":"Point","coordinates":[69.27722,41.36117]}},{"type":"Feature","properties":{"district_name":"Yashnabad district","role":"display_only"},"geometry":{"type":"Point","coordinates":[69.34307,41.24525]}},{"type":"Feature","properties":{"district_name":"Yashnabad district","role":"display_only"},"geometry":{"type":"Point","coordinates":[69.32316,41.25278]}},{"type":"Feature","properties":{"district_name":"Mirabad district","role":"display_only"},"geometry":{"type":"Point","coordinates":[69.30863,41.2767]}},{"type":"Feature","properties":{"district_name":"Mirabad district","role":"display_only"},"geometry":{"type":"Point","coordinates":[69.32833,41.24213]}},{"type":"Feature","properties":{"district_name":"Yashnabad district","role":"display_only"},"geometry":{"type":"Point","coordinates":[69.30315,41.28763]}},{"type":"Feature","properties":{"district_name":"Yunusabad district","role":"display_only"},"geometry":{"type":"Point","coordinates":[69.2752,41.36327]}},{"type":"Feature","properties":{"district_name":"Yunusabad district","role":"display_only"},"geometry":{"type":"Point","coordinates":[69.27404,41.36436]}},{"type":"Feature","properties":{"district_name":"Yunusabad district","role":"display_only"},"geometry":{"type":"Point","coordinates":[69.29251,41.33511]}},{"type":"Feature","properties":{"district_name":"Yashnabad district","role":"display_only"},"geometry":{"type":"Point","coordinates":[69.32717,41.31093]}},{"type":"Feature","properties":{"district_name":"Yunusabad district","role":"display_only"},"geometry":{"type":"Point","coordinates":[69.28988,41.33961]}},{"type":"Feature","properties":{"district_name":"Mirzo Ulugbek district","role":"display_only"},"geometry":{"type":"Point","coordinates":[69.32688,41.32691]}},{"type":"Feature","properties":{"district_name":"Chilanzar district","role":"display_only"},"geometry":{"type":"Point","coordinates":[69.19706,41.25441]}},{"type":"Feature","properties":{"district_name":"Yunusabad district","role":"display_only"},"geometry":{"type":"Point","coordinates":[69.28139,41.36167]}},{"type":"Feature","properties":{"district_name":"Mirabad district","role":"display_only"},"geometry":{"type":"Point","coordinates":[69.30372,41.28592]}},{"type":"Feature","properties":{"district_name":"Yashnabad district","role":"display_only"},"geometry":{"type":"Point","coordinates":[69.35868,41.28978]}},{"type":"Feature","properties":{"district_name":"Yashnabad district","role":"display_only"},"geometry":{"type":"Point","coordinates":[69.31663,41.26704]}},{"type":"Feature","properties":{"district_name":"Yunusabad district","role":"display_only"},"geometry":{"type":"Point","coordinates":[69.29594,41.376]}},{"type":"Feature","properties":{"district_name":"Mirzo Ulugbek district","role":"display_only"},"geometry":{"type":"Point","coordinates":[69.36801,41.35461]}},{"type":"Feature","properties":{"district_name":"Yashnabad district","role":"display_only"},"geometry":{"type":"Point","coordinates":[69.34111,41.27843]}},{"type":"Feature","properties":{"district_name":"Yashnabad district","role":"display_only"},"geometry":{"type":"Point","coordinates":[69.3563,41.2903]}},{"type":"Feature","properties":{"district_name":"Yashnabad district","role":"display_only"},"geometry":{"type":"Point","coordinates":[69.32966,41.2713]}},{"type":"Feature","properties":{"district_name":"Yashnabad district","role":"display_only"},"geometry":{"type":"Point","coordinates":[69.33575,41.27514]}},{"type":"Feature","properties":{"district_name":"Yashnabad district","role":"display_only"},"geometry":{"type":"Point","coordinates":[69.34141,41.27899]}},{"type":"Feature","properties":{"district_name":"Yashnabad district","role":"display_only"},"geometry":{"type":"Point","coordinates":[69.34028,41.28189]}},{"type":"Feature","properties":{"district_name":"Yashnabad district","role":"display_only"},"geometry":{"type":"Point","coordinates":[69.33214,41.27281]}},{"type":"Feature","properties":{"district_name":"Yashnabad district","role":"display_only"},"geometry":{"type":"Point","coordinates":[69.3359,41.27517]}},{"type":"Feature","properties":{"district_name":"Yashnabad district","role":"display_only"},"geometry":{"type":"Point","coordinates":[69.34006,41.28245]}},{"type":"Feature","properties":{"district_name":"Yashnabad district","role":"display_only"},"geometry":{"type":"Point","coordinates":[69.34179,41.27805]}},{"type":"Feature","properties":{"district_name":"Yashnabad district","role":"display_only"},"geometry":{"type":"Point","coordinates":[69.3196,41.268]}},{"type":"Feature","properties":{"district_name":"Yashnabad district","role":"display_only"},"geometry":{"type":"Point","coordinates":[69.321,41.26835]}},{"type":"Feature","properties":{"district_name":"Yashnabad district","role":"display_only"},"geometry":{"type":"Point","coordinates":[69.32364,41.26916]}},{"type":"Feature","properties":{"district_name":"Yashnabad district","role":"display_only"},"geometry":{"type":"Point","coordinates":[69.32492,41.26944]}},{"type":"Feature","properties":{"district_name":"Mirzo Ulugbek district","role":"display_only"},"geometry":{"type":"Point","coordinates":[69.33964,41.32754]}},{"type":"Feature","properties":{"district_name":"Mirzo Ulugbek district","role":"display_only"},"geometry":{"type":"Point","coordinates":[69.35306,41.35016]}},{"type":"Feature","properties":{"district_name":"Uchtepa district","role":"display_only"},"geometry":{"type":"Point","coordinates":[69.17232,41.27717]}},{"type":"Feature","properties":{"district_name":"Yunusabad district","role":"display_only"},"geometry":{"type":"Point","coordinates":[69.29472,41.34026]}},{"type":"Feature","properties":{"district_name":"Shaykhantakhur district","role":"display_only"},"geometry":{"type":"Point","coordinates":[69.20998,41.31629]}},{"type":"Feature","properties":{"district_name":"Shaykhantakhur district","role":"display_only"},"geometry":{"type":"Point","coordinates":[69.21014,41.31722]}},{"type":"Feature","properties":{"district_name":"Chilanzar district","role":"display_only"},"geometry":{"type":"Point","coordinates":[69.20853,41.28445]}},{"type":"Feature","properties":{"district_name":"Yunusabad district","role":"display_only"},"geometry":{"type":"Point","coordinates":[69.29326,41.33913]}},{"type":"Feature","properties":{"district_name":"Sergeli district","role":"display_only"},"geometry":{"type":"Point","coordinates":[69.26543,41.26366]}},{"type":"Feature","properties":{"district_name":"Mirabad district","role":"display_only"},"geometry":{"type":"Point","coordinates":[69.27827,41.27314]}},{"type":"Feature","properties":{"district_name":"Mirabad district","role":"display_only"},"geometry":{"type":"Point","coordinates":[69.27794,41.27338]}},{"type":"Feature","properties":{"district_name":"Mirabad district","role":"display_only"},"geometry":{"type":"Point","coordinates":[69.27881,41.27151]}},{"type":"Feature","properties":{"district_name":"Bektemir district","role":"display_only"},"geometry":{"type":"Point","coordinates":[69.36113,41.24646]}},{"type":"Feature","properties":{"district_name":"Mirzo Ulugbek district","role":"display_only"},"geometry":{"type":"Point","coordinates":[69.35469,41.32068]}},{"type":"Feature","properties":{"district_name":"Mirzo Ulugbek district","role":"display_only"},"geometry":{"type":"Point","coordinates":[69.36111,41.32051]}},{"type":"Feature","properties":{"district_name":"Yakkasaray district","role":"display_only"},"geometry":{"type":"Point","coordinates":[69.22953,41.27127]}},{"type":"Feature","properties":{"district_name":"Uchtepa district","role":"display_only"},"geometry":{"type":"Point","coordinates":[69.17187,41.28773]}},{"type":"Feature","properties":{"district_name":"Uchtepa district","role":"display_only"},"geometry":{"type":"Point","coordinates":[69.17184,41.28741]}},{"type":"Feature","properties":{"district_name":"Uchtepa district","role":"display_only"},"geometry":{"type":"Point","coordinates":[69.18237,41.28872]}},{"type":"Feature","properties":{"district_name":"Shaykhantakhur district","role":"display_only"},"geometry":{"type":"Point","coordinates":[69.26864,41.33083]}},{"type":"Feature","properties":{"district_name":"Shaykhantakhur district","role":"display_only"},"geometry":{"type":"Point","coordinates":[69.26417,41.32998]}},{"type":"Feature","properties":{"district_name":"Yashnabad district","role":"display_only"},"geometry":{"type":"Point","coordinates":[69.30534,41.30132]}},{"type":"Feature","properties":{"district_name":"Yashnabad district","role":"display_only"},"geometry":{"type":"Point","coordinates":[69.3053,41.30119]}},{"type":"Feature","properties":{"district_name":"Mirzo Ulugbek district","role":"display_only"},"geometry":{"type":"Point","coordinates":[69.35555,41.31659]}},{"type":"Feature","properties":{"district_name":"Mirzo Ulugbek district","role":"display_only"},"geometry":{"type":"Point","coordinates":[69.35587,41.31657]}},{"type":"Feature","properties":{"district_name":"Bektemir district","role":"display_only"},"geometry":{"type":"Point","coordinates":[69.38005,41.25719]}},{"type":"Feature","properties":{"district_name":"Bektemir district","role":"display_only"},"geometry":{"type":"Point","coordinates":[69.37517,41.25486]}},{"type":"Feature","properties":{"district_name":"Bektemir district","role":"display_only"},"geometry":{"type":"Point","coordinates":[69.37545,41.25515]}},{"type":"Feature","properties":{"district_name":"Mirabad district","role":"display_only"},"geometry":{"type":"Point","coordinates":[69.31001,41.24535]}},{"type":"Feature","properties":{"district_name":"Yunusabad district","role":"display_only"},"geometry":{"type":"Point","coordinates":[69.2726,41.31858]}},{"type":"Feature","properties":{"district_name":"Uchtepa district","role":"display_only"},"geometry":{"type":"Point","coordinates":[69.14759,41.26824]}},{"type":"Feature","properties":{"district_name":"Uchtepa district","role":"display_only"},"geometry":{"type":"Point","coordinates":[69.14816,41.26796]}},{"type":"Feature","properties":{"district_name":"Yashnabad district","role":"display_only"},"geometry":{"type":"Point","coordinates":[69.36271,41.32127]}},{"type":"Feature","properties":{"district_name":"Shaykhantakhur district","role":"display_only"},"geometry":{"type":"Point","coordinates":[69.22957,41.32413]}},{"type":"Feature","properties":{"district_name":"Yunusabad district","role":"display_only"},"geometry":{"type":"Point","coordinates":[69.26506,41.37101]}},{"type":"Feature","properties":{"district_name":"Yunusabad district","role":"display_only"},"geometry":{"type":"Point","coordinates":[69.33239,41.3639]}},{"type":"Feature","properties":{"district_name":"Mirzo Ulugbek district","role":"display_only"},"geometry":{"type":"Point","coordinates":[69.34484,41.34368]}},{"type":"Feature","properties":{"district_name":"Mirzo Ulugbek district","role":"display_only"},"geometry":{"type":"Point","coordinates":[69.31188,41.33187]}},{"type":"Feature","properties":{"district_name":"Chilanzar district","role":"display_only"},"geometry":{"type":"Point","coordinates":[69.20521,41.25958]}},{"type":"Feature","properties":{"district_name":"Chilanzar district","role":"display_only"},"geometry":{"type":"Point","coordinates":[69.20493,41.2588]}},{"type":"Feature","properties":{"district_name":"Chilanzar district","role":"display_only"},"geometry":{"type":"Point","coordinates":[69.22417,41.28343]}},{"type":"Feature","properties":{"district_name":"Mirzo Ulugbek district","role":"display_only"},"geometry":{"type":"Point","coordinates":[69.46258,41.40851]}},{"type":"Feature","properties":{"district_name":"Mirzo Ulugbek district","role":"display_only"},"geometry":{"type":"Point","coordinates":[69.45785,41.40572]}},{"type":"Feature","properties":{"district_name":"Mirzo Ulugbek district","role":"display_only"},"geometry":{"type":"Point","coordinates":[69.45296,41.40374]}},{"type":"Feature","properties":{"district_name":"Mirzo Ulugbek district","role":"display_only"},"geometry":{"type":"Point","coordinates":[69.45006,41.40164]}},{"type":"Feature","properties":{"district_name":"Yunusabad district","role":"display_only"},"geometry":{"type":"Point","coordinates":[69.31612,41.3603]}},{"type":"Feature","properties":{"district_name":"Yunusabad district","role":"display_only"},"geometry":{"type":"Point","coordinates":[69.31479,41.35719]}},{"type":"Feature","properties":{"district_name":"Yunusabad district","role":"display_only"},"geometry":{"type":"Point","coordinates":[69.31848,41.36393]}},{"type":"Feature","properties":{"district_name":"Yunusabad district","role":"display_only"},"geometry":{"type":"Point","coordinates":[69.32089,41.36534]}},{"type":"Feature","properties":{"district_name":"Yunusabad district","role":"display_only"},"geometry":{"type":"Point","coordinates":[69.32341,41.36696]}},{"type":"Feature","properties":{"district_name":"Yunusabad district","role":"display_only"},"geometry":{"type":"Point","coordinates":[69.3255,41.369]}},{"type":"Feature","properties":{"district_name":"Shaykhantakhur district","role":"display_only"},"geometry":{"type":"Point","coordinates":[69.26598,41.3424]}},{"type":"Feature","properties":{"district_name":"Yunusabad district","role":"display_only"},"geometry":{"type":"Point","coordinates":[69.26571,41.34264]}},{"type":"Feature","properties":{"district_name":"Chilanzar district","role":"display_only"},"geometry":{"type":"Point","coordinates":[69.21837,41.27829]}},{"type":"Feature","properties":{"district_name":"Shaykhantakhur district","role":"display_only"},"geometry":{"type":"Point","coordinates":[69.20283,41.30099]}},{"type":"Feature","properties":{"district_name":"Shaykhantakhur district","role":"display_only"},"geometry":{"type":"Point","coordinates":[69.20684,41.30108]}},{"type":"Feature","properties":{"district_name":"Bektemir district","role":"display_only"},"geometry":{"type":"Point","coordinates":[69.34673,41.23919]}},{"type":"Feature","properties":{"district_name":"Mirzo Ulugbek district","role":"display_only"},"geometry":{"type":"Point","coordinates":[69.33988,41.33795]}},{"type":"Feature","properties":{"district_name":"Yakkasaray district","role":"display_only"},"geometry":{"type":"Point","coordinates":[69.25084,41.29205]}},{"type":"Feature","properties":{"district_name":"Chilanzar district","role":"display_only"},"geometry":{"type":"Point","coordinates":[69.17684,41.24686]}},{"type":"Feature","properties":{"district_name":"Mirabad district","role":"display_only"},"geometry":{"type":"Point","coordinates":[69.2788,41.30609]}},{"type":"Feature","properties":{"district_name":"Yunusabad district","role":"display_only"},"geometry":{"type":"Point","coordinates":[69.2824,41.32245]}},{"type":"Feature","properties":{"district_name":"Yunusabad district","role":"display_only"},"geometry":{"type":"Point","coordinates":[69.28031,41.31416]}},{"type":"Feature","properties":{"district_name":"Mirabad district","role":"display_only"},"geometry":{"type":"Point","coordinates":[69.27958,41.30952]}},{"type":"Feature","properties":{"district_name":"Yunusabad district","role":"display_only"},"geometry":{"type":"Point","coordinates":[69.28259,41.3249]}},{"type":"Feature","properties":{"district_name":"Shaykhantakhur district","role":"display_only"},"geometry":{"type":"Point","coordinates":[69.23569,41.30524]}},{"type":"Feature","properties":{"district_name":"Chilanzar district","role":"display_only"},"geometry":{"type":"Point","coordinates":[69.16105,41.25289]}},{"type":"Feature","properties":{"district_name":"Yakkasaray district","role":"display_only"},"geometry":{"type":"Point","coordinates":[69.22928,41.27137]}},{"type":"Feature","properties":{"district_name":"Yunusabad district","role":"display_only"},"geometry":{"type":"Point","coordinates":[69.31084,41.35562]}},{"type":"Feature","properties":{"district_name":"Shaykhantakhur district","role":"display_only"},"geometry":{"type":"Point","coordinates":[69.178,41.34555]}},{"type":"Feature","properties":{"district_name":"Yunusabad district","role":"display_only"},"geometry":{"type":"Point","coordinates":[69.31872,41.35074]}},{"type":"Feature","properties":{"district_name":"Yunusabad district","role":"display_only"},"geometry":{"type":"Point","coordinates":[69.28707,41.37205]}},{"type":"Feature","properties":{"district_name":"Uchtepa district","role":"display_only"},"geometry":{"type":"Point","coordinates":[69.15519,41.28156]}},{"type":"Feature","properties":{"district_name":"Mirzo Ulugbek district","role":"display_only"},"geometry":{"type":"Point","coordinates":[69.29985,41.31987]}},{"type":"Feature","properties":{"district_name":"Chilanzar district","role":"display_only"},"geometry":{"type":"Point","coordinates":[69.14968,41.26085]}},{"type":"Feature","properties":{"district_name":"Mirzo Ulugbek district","role":"display_only"},"geometry":{"type":"Point","coordinates":[69.35787,41.35516]}},{"type":"Feature","properties":{"district_name":"Yangi Toshkent Tumani","role":"display_only"},"geometry":{"type":"Point","coordinates":[69.32827,41.16938]}},{"type":"Feature","properties":{"district_name":"Chilanzar district","role":"display_only"},"geometry":{"type":"Point","coordinates":[69.20775,41.28851]}},{"type":"Feature","properties":{"district_name":"Yunusabad district","role":"display_only"},"geometry":{"type":"Point","coordinates":[69.32458,41.36922]}},{"type":"Feature","properties":{"district_name":"Yunusabad district","role":"display_only"},"geometry":{"type":"Point","coordinates":[69.32296,41.36681]}},{"type":"Feature","properties":{"district_name":"Yunusabad district","role":"display_only"},"geometry":{"type":"Point","coordinates":[69.32468,41.36911]}},{"type":"Feature","properties":{"district_name":"Yunusabad district","role":"display_only"},"geometry":{"type":"Point","coordinates":[69.31858,41.36388]}},{"type":"Feature","properties":{"district_name":"Yunusabad district","role":"display_only"},"geometry":{"type":"Point","coordinates":[69.32067,41.36535]}},{"type":"Feature","properties":{"district_name":"Mirzo Ulugbek district","role":"display_only"},"geometry":{"type":"Point","coordinates":[69.33006,41.32623]}},{"type":"Feature","properties":{"district_name":"Chilanzar district","role":"display_only"},"geometry":{"type":"Point","coordinates":[69.21142,41.28287]}},{"type":"Feature","properties":{"district_name":"Chilanzar district","role":"display_only"},"geometry":{"type":"Point","coordinates":[69.22464,41.2744]}},{"type":"Feature","properties":{"district_name":"Chilanzar district","role":"display_only"},"geometry":{"type":"Point","coordinates":[69.21837,41.27917]}},{"type":"Feature","properties":{"district_name":"Chilanzar district","role":"display_only"},"geometry":{"type":"Point","coordinates":[69.22348,41.27507]}},{"type":"Feature","properties":{"district_name":"Almazar district","role":"display_only"},"geometry":{"type":"Point","coordinates":[69.21019,41.34207]}},{"type":"Feature","properties":{"district_name":"Chilanzar district","role":"display_only"},"geometry":{"type":"Point","coordinates":[69.15472,41.25701]}},{"type":"Feature","properties":{"district_name":"Mirabad district","role":"display_only"},"geometry":{"type":"Point","coordinates":[69.30169,41.24535]}},{"type":"Feature","properties":{"district_name":"Chilanzar district","role":"display_only"},"geometry":{"type":"Point","coordinates":[69.19574,41.25634]}},{"type":"Feature","properties":{"district_name":"Yangikhayot district","role":"display_only"},"geometry":{"type":"Point","coordinates":[69.19058,41.21075]}},{"type":"Feature","properties":{"district_name":"Yangikhayot district","role":"display_only"},"geometry":{"type":"Point","coordinates":[69.18977,41.20997]}},{"type":"Feature","properties":{"district_name":"Yangikhayot district","role":"display_only"},"geometry":{"type":"Point","coordinates":[69.19416,41.18804]}},{"type":"Feature","properties":{"district_name":"Yangikhayot district","role":"display_only"},"geometry":{"type":"Point","coordinates":[69.19015,41.19212]}},{"type":"Feature","properties":{"district_name":"Yangikhayot district","role":"display_only"},"geometry":{"type":"Point","coordinates":[69.18965,41.19288]}},{"type":"Feature","properties":{"district_name":"Mirzo Ulugbek district","role":"display_only"},"geometry":{"type":"Point","coordinates":[69.31712,41.31742]}},{"type":"Feature","properties":{"district_name":"Chilanzar district","role":"display_only"},"geometry":{"type":"Point","coordinates":[69.1772,41.26572]}},{"type":"Feature","properties":{"district_name":"Shaykhantakhur district","role":"display_only"},"geometry":{"type":"Point","coordinates":[69.17518,41.3393]}},{"type":"Feature","properties":{"district_name":"Shaykhantakhur district","role":"display_only"},"geometry":{"type":"Point","coordinates":[69.17841,41.3487]}},{"type":"Feature","properties":{"district_name":"Almazar district","role":"display_only"},"geometry":{"type":"Point","coordinates":[69.18747,41.36326]}},{"type":"Feature","properties":{"district_name":"Shaykhantakhur district","role":"display_only"},"geometry":{"type":"Point","coordinates":[69.19381,41.34875]}},{"type":"Feature","properties":{"district_name":"Mirabad district","role":"display_only"},"geometry":{"type":"Point","coordinates":[69.28983,41.30085]}},{"type":"Feature","properties":{"district_name":"Yashnabad district","role":"display_only"},"geometry":{"type":"Point","coordinates":[69.3282,41.2546]}},{"type":"Feature","properties":{"district_name":"Yashnabad district","role":"display_only"},"geometry":{"type":"Point","coordinates":[69.34477,41.25187]}},{"type":"Feature","properties":{"district_name":"Yunusabad district","role":"display_only"},"geometry":{"type":"Point","coordinates":[69.26974,41.36781]}},{"type":"Feature","properties":{"district_name":"Almazar district","role":"display_only"},"geometry":{"type":"Point","coordinates":[69.21097,41.33711]}},{"type":"Feature","properties":{"district_name":"Shaykhantakhur district","role":"display_only"},"geometry":{"type":"Point","coordinates":[69.20149,41.33379]}},{"type":"Feature","properties":{"district_name":"Mirzo Ulugbek district","role":"display_only"},"geometry":{"type":"Point","coordinates":[69.38294,41.33901]}},{"type":"Feature","properties":{"district_name":"Yashnabad district","role":"display_only"},"geometry":{"type":"Point","coordinates":[69.28712,41.30891]}},{"type":"Feature","properties":{"district_name":"Mirzo Ulugbek district","role":"display_only"},"geometry":{"type":"Point","coordinates":[69.34878,41.34741]}},{"type":"Feature","properties":{"district_name":"Yashnabad district","role":"display_only"},"geometry":{"type":"Point","coordinates":[69.38009,41.32851]}},{"type":"Feature","properties":{"district_name":"Yashnabad district","role":"display_only"},"geometry":{"type":"Point","coordinates":[69.375,41.33002]}},{"type":"Feature","properties":{"district_name":"Uchtepa district","role":"display_only"},"geometry":{"type":"Point","coordinates":[69.14956,41.28602]}},{"type":"Feature","properties":{"district_name":"Yakkasaray district","role":"display_only"},"geometry":{"type":"Point","coordinates":[69.25934,41.27194]}},{"type":"Feature","properties":{"district_name":"Mirabad district","role":"display_only"},"geometry":{"type":"Point","coordinates":[69.28497,41.27215]}},{"type":"Feature","properties":{"district_name":"Chilanzar district","role":"display_only"},"geometry":{"type":"Point","coordinates":[69.19423,41.27438]}},{"type":"Feature","properties":{"district_name":"Mirzo Ulugbek district","role":"display_only"},"geometry":{"type":"Point","coordinates":[69.34689,41.32992]}},{"type":"Feature","properties":{"district_name":"Mirzo Ulugbek district","role":"display_only"},"geometry":{"type":"Point","coordinates":[69.34648,41.32935]}},{"type":"Feature","properties":{"district_name":"Mirzo Ulugbek district","role":"display_only"},"geometry":{"type":"Point","coordinates":[69.36763,41.35762]}},{"type":"Feature","properties":{"district_name":"Mirzo Ulugbek district","role":"display_only"},"geometry":{"type":"Point","coordinates":[69.36972,41.35437]}},{"type":"Feature","properties":{"district_name":"Mirzo Ulugbek district","role":"display_only"},"geometry":{"type":"Point","coordinates":[69.35847,41.35638]}},{"type":"Feature","properties":{"district_name":"Mirzo Ulugbek district","role":"display_only"},"geometry":{"type":"Point","coordinates":[69.36809,41.35726]}},{"type":"Feature","properties":{"district_name":"Almazar district","role":"display_only"},"geometry":{"type":"Point","coordinates":[69.22624,41.38591]}},{"type":"Feature","properties":{"district_name":"Mirzo Ulugbek district","role":"display_only"},"geometry":{"type":"Point","coordinates":[69.35429,41.32939]}},{"type":"Feature","properties":{"district_name":"Bektemir district","role":"display_only"},"geometry":{"type":"Point","coordinates":[69.37041,41.25154]}},{"type":"Feature","properties":{"district_name":"Yunusabad district","role":"display_only"},"geometry":{"type":"Point","coordinates":[69.27488,41.35369]}},{"type":"Feature","properties":{"district_name":"Yangikhayot district","role":"display_only"},"geometry":{"type":"Point","coordinates":[69.22274,41.19423]}},{"type":"Feature","properties":{"district_name":"Yangikhayot district","role":"display_only"},"geometry":{"type":"Point","coordinates":[69.22904,41.19657]}},{"type":"Feature","properties":{"district_name":"Yangikhayot district","role":"display_only"},"geometry":{"type":"Point","coordinates":[69.22838,41.19763]}},{"type":"Feature","properties":{"district_name":"Yangikhayot district","role":"display_only"},"geometry":{"type":"Point","coordinates":[69.2265,41.20029]}},{"type":"Feature","properties":{"district_name":"Almazar district","role":"display_only"},"geometry":{"type":"Point","coordinates":[69.17377,41.34841]}},{"type":"Feature","properties":{"district_name":"Almazar district","role":"display_only"},"geometry":{"type":"Point","coordinates":[69.17889,41.35461]}},{"type":"Feature","properties":{"district_name":"Yunusabad district","role":"display_only"},"geometry":{"type":"Point","coordinates":[69.27738,41.38699]}},{"type":"Feature","properties":{"district_name":"Almazar district","role":"display_only"},"geometry":{"type":"Point","coordinates":[69.17862,41.34972]}},{"type":"Feature","properties":{"district_name":"Almazar district","role":"display_only"},"geometry":{"type":"Point","coordinates":[69.18264,41.34953]}},{"type":"Feature","properties":{"district_name":"Almazar district","role":"display_only"},"geometry":{"type":"Point","coordinates":[69.19812,41.34866]}},{"type":"Feature","properties":{"district_name":"Almazar district","role":"display_only"},"geometry":{"type":"Point","coordinates":[69.21023,41.34291]}},{"type":"Feature","properties":{"district_name":"Almazar district","role":"display_only"},"geometry":{"type":"Point","coordinates":[69.19774,41.35691]}},{"type":"Feature","properties":{"district_name":"Almazar district","role":"display_only"},"geometry":{"type":"Point","coordinates":[69.18918,41.36201]}},{"type":"Feature","properties":{"district_name":"Bektemir district","role":"display_only"},"geometry":{"type":"Point","coordinates":[69.33781,41.23483]}},{"type":"Feature","properties":{"district_name":"Bektemir district","role":"display_only"},"geometry":{"type":"Point","coordinates":[69.35187,41.2363]}},{"type":"Feature","properties":{"district_name":"Bektemir district","role":"display_only"},"geometry":{"type":"Point","coordinates":[69.34635,41.23234]}},{"type":"Feature","properties":{"district_name":"Bektemir district","role":"display_only"},"geometry":{"type":"Point","coordinates":[69.35173,41.24317]}},{"type":"Feature","properties":{"district_name":"Bektemir district","role":"display_only"},"geometry":{"type":"Point","coordinates":[69.33592,41.23396]}},{"type":"Feature","properties":{"district_name":"Uchtepa district","role":"display_only"},"geometry":{"type":"Point","coordinates":[69.17314,41.27682]}},{"type":"Feature","properties":{"district_name":"Chilanzar district","role":"display_only"},"geometry":{"type":"Point","coordinates":[69.21568,41.29572]}},{"type":"Feature","properties":{"district_name":"Chilanzar district","role":"display_only"},"geometry":{"type":"Point","coordinates":[69.2171,41.29589]}},{"type":"Feature","properties":{"district_name":"Chilanzar district","role":"display_only"},"geometry":{"type":"Point","coordinates":[69.21616,41.29671]}},{"type":"Feature","properties":{"district_name":"Yangikhayot district","role":"display_only"},"geometry":{"type":"Point","coordinates":[69.24506,41.16658]}},{"type":"Feature","properties":{"district_name":"Yangikhayot district","role":"display_only"},"geometry":{"type":"Point","coordinates":[69.24649,41.16595]}},{"type":"Feature","properties":{"district_name":"Chilanzar district","role":"display_only"},"geometry":{"type":"Point","coordinates":[69.19892,41.27962]}},{"type":"Feature","properties":{"district_name":"Chilanzar district","role":"display_only"},"geometry":{"type":"Point","coordinates":[69.19721,41.278]}},{"type":"Feature","properties":{"district_name":"Chilanzar district","role":"display_only"},"geometry":{"type":"Point","coordinates":[69.19858,41.27836]}},{"type":"Feature","properties":{"district_name":"Shaykhantakhur district","role":"display_only"},"geometry":{"type":"Point","coordinates":[69.24433,41.32183]}},{"type":"Feature","properties":{"district_name":"Shaykhantakhur district","role":"display_only"},"geometry":{"type":"Point","coordinates":[69.24444,41.322]}},{"type":"Feature","properties":{"district_name":"Yunusabad district","role":"display_only"},"geometry":{"type":"Point","coordinates":[69.32095,41.37716]}},{"type":"Feature","properties":{"district_name":"Yunusabad district","role":"display_only"},"geometry":{"type":"Point","coordinates":[69.31717,41.37977]}},{"type":"Feature","properties":{"district_name":"Yunusabad district","role":"display_only"},"geometry":{"type":"Point","coordinates":[69.28904,41.35864]}},{"type":"Feature","properties":{"district_name":"Yunusabad district","role":"display_only"},"geometry":{"type":"Point","coordinates":[69.28939,41.35943]}},{"type":"Feature","properties":{"district_name":"Yunusabad district","role":"display_only"},"geometry":{"type":"Point","coordinates":[69.32098,41.37752]}},{"type":"Feature","properties":{"district_name":"Yunusabad district","role":"display_only"},"geometry":{"type":"Point","coordinates":[69.31274,41.37704]}},{"type":"Feature","properties":{"district_name":"Uchtepa district","role":"display_only"},"geometry":{"type":"Point","coordinates":[69.19349,41.29165]}},{"type":"Feature","properties":{"district_name":"Uchtepa district","role":"display_only"},"geometry":{"type":"Point","coordinates":[69.19235,41.29138]}},{"type":"Feature","properties":{"district_name":"Chilanzar district","role":"display_only"},"geometry":{"type":"Point","coordinates":[69.19878,41.29249]}},{"type":"Feature","properties":{"district_name":"Chilanzar district","role":"display_only"},"geometry":{"type":"Point","coordinates":[69.19891,41.29269]}},{"type":"Feature","properties":{"district_name":"Chilanzar district","role":"display_only"},"geometry":{"type":"Point","coordinates":[69.2062,41.28688]}},{"type":"Feature","properties":{"district_name":"Chilanzar district","role":"display_only"},"geometry":{"type":"Point","coordinates":[69.21253,41.29286]}},{"type":"Feature","properties":{"district_name":"Chilanzar district","role":"display_only"},"geometry":{"type":"Point","coordinates":[69.22867,41.28771]}},{"type":"Feature","properties":{"district_name":"Yakkasaray district","role":"display_only"},"geometry":{"type":"Point","coordinates":[69.24655,41.27871]}},{"type":"Feature","properties":{"district_name":"Yakkasaray district","role":"display_only"},"geometry":{"type":"Point","coordinates":[69.2244,41.25939]}},{"type":"Feature","properties":{"district_name":"Shaykhantakhur district","role":"display_only"},"geometry":{"type":"Point","coordinates":[69.24876,41.32152]}},{"type":"Feature","properties":{"district_name":"Shaykhantakhur district","role":"display_only"},"geometry":{"type":"Point","coordinates":[69.24742,41.32179]}},{"type":"Feature","properties":{"district_name":"Shaykhantakhur district","role":"display_only"},"geometry":{"type":"Point","coordinates":[69.25331,41.32136]}},{"type":"Feature","properties":{"district_name":"Mirzo Ulugbek district","role":"display_only"},"geometry":{"type":"Point","coordinates":[69.30525,41.32982]}},{"type":"Feature","properties":{"district_name":"Mirzo Ulugbek district","role":"display_only"},"geometry":{"type":"Point","coordinates":[69.30381,41.32397]}},{"type":"Feature","properties":{"district_name":"Almazar district","role":"display_only"},"geometry":{"type":"Point","coordinates":[69.19389,41.35858]}},{"type":"Feature","properties":{"district_name":"Almazar district","role":"display_only"},"geometry":{"type":"Point","coordinates":[69.19288,41.35942]}},{"type":"Feature","properties":{"district_name":"Shaykhantakhur district","role":"display_only"},"geometry":{"type":"Point","coordinates":[69.17106,41.34826]}},{"type":"Feature","properties":{"district_name":"Almazar district","role":"display_only"},"geometry":{"type":"Point","coordinates":[69.16986,41.34835]}},{"type":"Feature","properties":{"district_name":"Mirabad district","role":"display_only"},"geometry":{"type":"Point","coordinates":[69.32883,41.24116]}},{"type":"Feature","properties":{"district_name":"Shaykhantakhur district","role":"display_only"},"geometry":{"type":"Point","coordinates":[69.2293,41.32644]}},{"type":"Feature","properties":{"district_name":"Almazar district","role":"display_only"},"geometry":{"type":"Point","coordinates":[69.22852,41.32702]}},{"type":"Feature","properties":{"district_name":"Almazar district","role":"display_only"},"geometry":{"type":"Point","coordinates":[69.23113,41.32557]}},{"type":"Feature","properties":{"district_name":"Shaykhantakhur district","role":"display_only"},"geometry":{"type":"Point","coordinates":[69.23795,41.3221]}},{"type":"Feature","properties":{"district_name":"Shaykhantakhur district","role":"display_only"},"geometry":{"type":"Point","coordinates":[69.19304,41.32203]}},{"type":"Feature","properties":{"district_name":"Shaykhantakhur district","role":"display_only"},"geometry":{"type":"Point","coordinates":[69.19317,41.32312]}},{"type":"Feature","properties":{"district_name":"Uchtepa district","role":"display_only"},"geometry":{"type":"Point","coordinates":[69.17361,41.28348]}},{"type":"Feature","properties":{"district_name":"Yakkasaray district","role":"display_only"},"geometry":{"type":"Point","coordinates":[69.23715,41.28323]}},{"type":"Feature","properties":{"district_name":"Yakkasaray district","role":"display_only"},"geometry":{"type":"Point","coordinates":[69.23775,41.28316]}},{"type":"Feature","properties":{"district_name":"Yakkasaray district","role":"display_only"},"geometry":{"type":"Point","coordinates":[69.22234,41.26337]}},{"type":"Feature","properties":{"district_name":"Shaykhantakhur district","role":"display_only"},"geometry":{"type":"Point","coordinates":[69.21914,41.3321]}},{"type":"Feature","properties":{"district_name":"Chilanzar district","role":"display_only"},"geometry":{"type":"Point","coordinates":[69.22045,41.29401]}},{"type":"Feature","properties":{"district_name":"Chilanzar district","role":"display_only"},"geometry":{"type":"Point","coordinates":[69.20799,41.28506]}},{"type":"Feature","properties":{"district_name":"Mirzo Ulugbek district","role":"display_only"},"geometry":{"type":"Point","coordinates":[69.30559,41.32938]}},{"type":"Feature","properties":{"district_name":"Yashnabad district","role":"display_only"},"geometry":{"type":"Point","coordinates":[69.38225,41.30516]}},{"type":"Feature","properties":{"district_name":"Yashnabad district","role":"display_only"},"geometry":{"type":"Point","coordinates":[69.38312,41.30514]}},{"type":"Feature","properties":{"district_name":"Yashnabad district","role":"display_only"},"geometry":{"type":"Point","coordinates":[69.39131,41.29571]}},{"type":"Feature","properties":{"district_name":"Yashnabad district","role":"display_only"},"geometry":{"type":"Point","coordinates":[69.39996,41.30327]}},{"type":"Feature","properties":{"district_name":"Yashnabad district","role":"display_only"},"geometry":{"type":"Point","coordinates":[69.40012,41.30286]}},{"type":"Feature","properties":{"district_name":"Yashnabad district","role":"display_only"},"geometry":{"type":"Point","coordinates":[69.45464,41.33141]}},{"type":"Feature","properties":{"district_name":"Chilanzar district","role":"display_only"},"geometry":{"type":"Point","coordinates":[69.19282,41.25677]}},{"type":"Feature","properties":{"district_name":"Yashnabad district","role":"display_only"},"geometry":{"type":"Point","coordinates":[69.35663,41.30868]}},{"type":"Feature","properties":{"district_name":"Almazar district","role":"display_only"},"geometry":{"type":"Point","coordinates":[69.19926,41.35657]}},{"type":"Feature","properties":{"district_name":"Almazar district","role":"display_only"},"geometry":{"type":"Point","coordinates":[69.20407,41.36018]}},{"type":"Feature","properties":{"district_name":"Shaykhantakhur district","role":"display_only"},"geometry":{"type":"Point","coordinates":[69.19853,41.34778]}},{"type":"Feature","properties":{"district_name":"Shaykhantakhur district","role":"display_only"},"geometry":{"type":"Point","coordinates":[69.20588,41.32235]}},{"type":"Feature","properties":{"district_name":"Mirabad district","role":"display_only"},"geometry":{"type":"Point","coordinates":[69.31952,41.25565]}},{"type":"Feature","properties":{"district_name":"Shaykhantakhur district","role":"display_only"},"geometry":{"type":"Point","coordinates":[69.21787,41.33244]}},{"type":"Feature","properties":{"district_name":"Shaykhantakhur district","role":"display_only"},"geometry":{"type":"Point","coordinates":[69.1999,41.32125]}},{"type":"Feature","properties":{"district_name":"Shaykhantakhur district","role":"display_only"},"geometry":{"type":"Point","coordinates":[69.19944,41.32087]}},{"type":"Feature","properties":{"district_name":"Shaykhantakhur district","role":"display_only"},"geometry":{"type":"Point","coordinates":[69.20918,41.3223]}},{"type":"Feature","properties":{"district_name":"Shaykhantakhur district","role":"display_only"},"geometry":{"type":"Point","coordinates":[69.21657,41.32204]}},{"type":"Feature","properties":{"district_name":"Uchtepa district","role":"display_only"},"geometry":{"type":"Point","coordinates":[69.1926,41.32249]}},{"type":"Feature","properties":{"district_name":"Shaykhantakhur district","role":"display_only"},"geometry":{"type":"Point","coordinates":[69.19594,41.32806]}},{"type":"Feature","properties":{"district_name":"Shaykhantakhur district","role":"display_only"},"geometry":{"type":"Point","coordinates":[69.19465,41.32718]}},{"type":"Feature","properties":{"district_name":"Shaykhantakhur district","role":"display_only"},"geometry":{"type":"Point","coordinates":[69.2071,41.32218]}},{"type":"Feature","properties":{"district_name":"Almazar district","role":"display_only"},"geometry":{"type":"Point","coordinates":[69.20545,41.34186]}},{"type":"Feature","properties":{"district_name":"Shaykhantakhur district","role":"display_only"},"geometry":{"type":"Point","coordinates":[69.20494,41.34129]}},{"type":"Feature","properties":{"district_name":"Yunusabad district","role":"display_only"},"geometry":{"type":"Point","coordinates":[69.31818,41.35091]}},{"type":"Feature","properties":{"district_name":"Mirabad district","role":"display_only"},"geometry":{"type":"Point","coordinates":[69.26799,41.30341]}},{"type":"Feature","properties":{"district_name":"Mirabad district","role":"display_only"},"geometry":{"type":"Point","coordinates":[69.27238,41.29845]}},{"type":"Feature","properties":{"district_name":"Shaykhantakhur district","role":"display_only"},"geometry":{"type":"Point","coordinates":[69.26913,41.33214]}},{"type":"Feature","properties":{"district_name":"Yunusabad district","role":"display_only"},"geometry":{"type":"Point","coordinates":[69.27725,41.35206]}},{"type":"Feature","properties":{"district_name":"Yunusabad district","role":"display_only"},"geometry":{"type":"Point","coordinates":[69.30304,41.36022]}},{"type":"Feature","properties":{"district_name":"Yunusabad district","role":"display_only"},"geometry":{"type":"Point","coordinates":[69.27286,41.35751]}},{"type":"Feature","properties":{"district_name":"Yunusabad district","role":"display_only"},"geometry":{"type":"Point","coordinates":[69.2887,41.36421]}},{"type":"Feature","properties":{"district_name":"Chilanzar district","role":"display_only"},"geometry":{"type":"Point","coordinates":[69.18552,41.26598]}},{"type":"Feature","properties":{"district_name":"Yakkasaray district","role":"display_only"},"geometry":{"type":"Point","coordinates":[69.26599,41.30555]}},{"type":"Feature","properties":{"district_name":"Mirzo Ulugbek district","role":"display_only"},"geometry":{"type":"Point","coordinates":[69.37025,41.33482]}},{"type":"Feature","properties":{"district_name":"Mirzo Ulugbek district","role":"display_only"},"geometry":{"type":"Point","coordinates":[69.37823,41.33841]}},{"type":"Feature","properties":{"district_name":"Mirzo Ulugbek district","role":"display_only"},"geometry":{"type":"Point","coordinates":[69.37019,41.33934]}},{"type":"Feature","properties":{"district_name":"Mirzo Ulugbek district","role":"display_only"},"geometry":{"type":"Point","coordinates":[69.36264,41.32933]}},{"type":"Feature","properties":{"district_name":"Mirzo Ulugbek district","role":"display_only"},"geometry":{"type":"Point","coordinates":[69.35812,41.32705]}},{"type":"Feature","properties":{"district_name":"Mirzo Ulugbek district","role":"display_only"},"geometry":{"type":"Point","coordinates":[69.35541,41.32857]}},{"type":"Feature","properties":{"district_name":"Mirzo Ulugbek district","role":"display_only"},"geometry":{"type":"Point","coordinates":[69.35406,41.32827]}},{"type":"Feature","properties":{"district_name":"Mirzo Ulugbek district","role":"display_only"},"geometry":{"type":"Point","coordinates":[69.34275,41.32101]}},{"type":"Feature","properties":{"district_name":"Uchtepa district","role":"display_only"},"geometry":{"type":"Point","coordinates":[69.17584,41.31105]}},{"type":"Feature","properties":{"district_name":"Uchtepa district","role":"display_only"},"geometry":{"type":"Point","coordinates":[69.18638,41.31446]}},{"type":"Feature","properties":{"district_name":"Shaykhantakhur district","role":"display_only"},"geometry":{"type":"Point","coordinates":[69.22458,41.3209]}},{"type":"Feature","properties":{"district_name":"Yunusabad district","role":"display_only"},"geometry":{"type":"Point","coordinates":[69.29285,41.33246]}},{"type":"Feature","properties":{"district_name":"Yunusabad district","role":"display_only"},"geometry":{"type":"Point","coordinates":[69.29183,41.33201]}},{"type":"Feature","properties":{"district_name":"Uchtepa district","role":"display_only"},"geometry":{"type":"Point","coordinates":[69.17028,41.28061]}},{"type":"Feature","properties":{"district_name":"Yunusabad district","role":"display_only"},"geometry":{"type":"Point","coordinates":[69.27383,41.32889]}},{"type":"Feature","properties":{"district_name":"Yunusabad district","role":"display_only"},"geometry":{"type":"Point","coordinates":[69.27148,41.31838]}},{"type":"Feature","properties":{"district_name":"Yunusabad district","role":"display_only"},"geometry":{"type":"Point","coordinates":[69.27098,41.31911]}},{"type":"Feature","properties":{"district_name":"Shaykhantakhur district","role":"display_only"},"geometry":{"type":"Point","coordinates":[69.26666,41.32012]}},{"type":"Feature","properties":{"district_name":"Shaykhantakhur district","role":"display_only"},"geometry":{"type":"Point","coordinates":[69.2662,41.32006]}},{"type":"Feature","properties":{"district_name":"Shaykhantakhur district","role":"display_only"},"geometry":{"type":"Point","coordinates":[69.25749,41.32092]}},{"type":"Feature","properties":{"district_name":"Almazar district","role":"display_only"},"geometry":{"type":"Point","coordinates":[69.2147,41.38623]}},{"type":"Feature","properties":{"district_name":"Almazar district","role":"display_only"},"geometry":{"type":"Point","coordinates":[69.19221,41.37233]}},{"type":"Feature","properties":{"district_name":"Yunusabad district","role":"display_only"},"geometry":{"type":"Point","coordinates":[69.28827,41.35441]}},{"type":"Feature","properties":{"district_name":"Uchtepa district","role":"display_only"},"geometry":{"type":"Point","coordinates":[69.14899,41.28603]}},{"type":"Feature","properties":{"district_name":"Uchtepa district","role":"display_only"},"geometry":{"type":"Point","coordinates":[69.15132,41.30562]}},{"type":"Feature","properties":{"district_name":"Uchtepa district","role":"display_only"},"geometry":{"type":"Point","coordinates":[69.15639,41.30514]}},{"type":"Feature","properties":{"district_name":"Uchtepa district","role":"display_only"},"geometry":{"type":"Point","coordinates":[69.15546,41.3053]}},{"type":"Feature","properties":{"district_name":"Uchtepa district","role":"display_only"},"geometry":{"type":"Point","coordinates":[69.16773,41.30896]}},{"type":"Feature","properties":{"district_name":"Uchtepa district","role":"display_only"},"geometry":{"type":"Point","coordinates":[69.16725,41.30913]}},{"type":"Feature","properties":{"district_name":"Uchtepa district","role":"display_only"},"geometry":{"type":"Point","coordinates":[69.17176,41.30289]}},{"type":"Feature","properties":{"district_name":"Uchtepa district","role":"display_only"},"geometry":{"type":"Point","coordinates":[69.17714,41.29455]}},{"type":"Feature","properties":{"district_name":"Uchtepa district","role":"display_only"},"geometry":{"type":"Point","coordinates":[69.17711,41.29434]}},{"type":"Feature","properties":{"district_name":"Yunusabad district","role":"display_only"},"geometry":{"type":"Point","coordinates":[69.32112,41.34917]}},{"type":"Feature","properties":{"district_name":"Shaykhantakhur district","role":"display_only"},"geometry":{"type":"Point","coordinates":[69.25851,41.33869]}},{"type":"Feature","properties":{"district_name":"Shaykhantakhur district","role":"display_only"},"geometry":{"type":"Point","coordinates":[69.20981,41.32151]}},{"type":"Feature","properties":{"district_name":"Shaykhantakhur district","role":"display_only"},"geometry":{"type":"Point","coordinates":[69.21151,41.325]}},{"type":"Feature","properties":{"district_name":"Almazar district","role":"display_only"},"geometry":{"type":"Point","coordinates":[69.21982,41.35012]}},{"type":"Feature","properties":{"district_name":"Almazar district","role":"display_only"},"geometry":{"type":"Point","coordinates":[69.24006,41.34837]}},{"type":"Feature","properties":{"district_name":"Almazar district","role":"display_only"},"geometry":{"type":"Point","coordinates":[69.25293,41.3482]}},{"type":"Feature","properties":{"district_name":"Almazar district","role":"display_only"},"geometry":{"type":"Point","coordinates":[69.25879,41.34655]}},{"type":"Feature","properties":{"district_name":"Uchtepa district","role":"display_only"},"geometry":{"type":"Point","coordinates":[69.17923,41.3218]}},{"type":"Feature","properties":{"district_name":"Uchtepa district","role":"display_only"},"geometry":{"type":"Point","coordinates":[69.17832,41.32156]}},{"type":"Feature","properties":{"district_name":"Almazar district","role":"display_only"},"geometry":{"type":"Point","coordinates":[69.17882,41.35524]}},{"type":"Feature","properties":{"district_name":"Almazar district","role":"display_only"},"geometry":{"type":"Point","coordinates":[69.17652,41.3564]}},{"type":"Feature","properties":{"district_name":"Almazar district","role":"display_only"},"geometry":{"type":"Point","coordinates":[69.18532,41.36346]}},{"type":"Feature","properties":{"district_name":"Almazar district","role":"display_only"},"geometry":{"type":"Point","coordinates":[69.20416,41.36469]}},{"type":"Feature","properties":{"district_name":"Almazar district","role":"display_only"},"geometry":{"type":"Point","coordinates":[69.20457,41.36714]}},{"type":"Feature","properties":{"district_name":"Almazar district","role":"display_only"},"geometry":{"type":"Point","coordinates":[69.21474,41.36999]}},{"type":"Feature","properties":{"district_name":"Almazar district","role":"display_only"},"geometry":{"type":"Point","coordinates":[69.21485,41.37015]}},{"type":"Feature","properties":{"district_name":"Shaykhantakhur district","role":"display_only"},"geometry":{"type":"Point","coordinates":[69.17397,41.33582]}},{"type":"Feature","properties":{"district_name":"Shaykhantakhur district","role":"display_only"},"geometry":{"type":"Point","coordinates":[69.16815,41.33619]}},{"type":"Feature","properties":{"district_name":"Shaykhantakhur district","role":"display_only"},"geometry":{"type":"Point","coordinates":[69.16885,41.33595]}},{"type":"Feature","properties":{"district_name":"Shaykhantakhur district","role":"display_only"},"geometry":{"type":"Point","coordinates":[69.17103,41.33988]}},{"type":"Feature","properties":{"district_name":"Almazar district","role":"display_only"},"geometry":{"type":"Point","coordinates":[69.16565,41.34894]}},{"type":"Feature","properties":{"district_name":"Yunusabad district","role":"display_only"},"geometry":{"type":"Point","coordinates":[69.27232,41.32192]}},{"type":"Feature","properties":{"district_name":"Uchtepa district","role":"display_only"},"geometry":{"type":"Point","coordinates":[69.16241,41.31526]}},{"type":"Feature","properties":{"district_name":"Shaykhantakhur district","role":"display_only"},"geometry":{"type":"Point","coordinates":[69.20847,41.33827]}},{"type":"Feature","properties":{"district_name":"Uchtepa district","role":"display_only"},"geometry":{"type":"Point","coordinates":[69.17072,41.31859]}},{"type":"Feature","properties":{"district_name":"Uchtepa district","role":"display_only"},"geometry":{"type":"Point","coordinates":[69.17138,41.31874]}},{"type":"Feature","properties":{"district_name":"Uchtepa district","role":"display_only"},"geometry":{"type":"Point","coordinates":[69.17517,41.32034]}},{"type":"Feature","properties":{"district_name":"Uchtepa district","role":"display_only"},"geometry":{"type":"Point","coordinates":[69.17593,41.32052]}},{"type":"Feature","properties":{"district_name":"Uchtepa district","role":"display_only"},"geometry":{"type":"Point","coordinates":[69.16516,41.31632]}},{"type":"Feature","properties":{"district_name":"Uchtepa district","role":"display_only"},"geometry":{"type":"Point","coordinates":[69.16472,41.31625]}},{"type":"Feature","properties":{"district_name":"Shaykhantakhur district","role":"display_only"},"geometry":{"type":"Point","coordinates":[69.22182,41.3306]}},{"type":"Feature","properties":{"district_name":"Almazar district","role":"display_only"},"geometry":{"type":"Point","coordinates":[69.22128,41.33116]}},{"type":"Feature","properties":{"district_name":"Uchtepa district","role":"display_only"},"geometry":{"type":"Point","coordinates":[69.1909,41.32245]}},{"type":"Feature","properties":{"district_name":"Yakkasaray district","role":"display_only"},"geometry":{"type":"Point","coordinates":[69.2502,41.29645]}},{"type":"Feature","properties":{"district_name":"Uchtepa district","role":"display_only"},"geometry":{"type":"Point","coordinates":[69.15765,41.32146]}},{"type":"Feature","properties":{"district_name":"Shaykhantakhur district","role":"display_only"},"geometry":{"type":"Point","coordinates":[69.18584,41.32709]}},{"type":"Feature","properties":{"district_name":"Shaykhantakhur district","role":"display_only"},"geometry":{"type":"Point","coordinates":[69.18893,41.3269]}},{"type":"Feature","properties":{"district_name":"Uchtepa district","role":"display_only"},"geometry":{"type":"Point","coordinates":[69.18937,41.32642]}},{"type":"Feature","properties":{"district_name":"Shaykhantakhur district","role":"display_only"},"geometry":{"type":"Point","coordinates":[69.19381,41.32236]}},{"type":"Feature","properties":{"district_name":"Uchtepa district","role":"display_only"},"geometry":{"type":"Point","coordinates":[69.18665,41.3227]}},{"type":"Feature","properties":{"district_name":"Shaykhantakhur district","role":"display_only"},"geometry":{"type":"Point","coordinates":[69.19719,41.32961]}},{"type":"Feature","properties":{"district_name":"Shaykhantakhur district","role":"display_only"},"geometry":{"type":"Point","coordinates":[69.1984,41.33044]}},{"type":"Feature","properties":{"district_name":"Shaykhantakhur district","role":"display_only"},"geometry":{"type":"Point","coordinates":[69.20224,41.33416]}},{"type":"Feature","properties":{"district_name":"Chilanzar district","role":"display_only"},"geometry":{"type":"Point","coordinates":[69.24406,41.31166]}},{"type":"Feature","properties":{"district_name":"Almazar district","role":"display_only"},"geometry":{"type":"Point","coordinates":[69.2109,41.33704]}},{"type":"Feature","properties":{"district_name":"Almazar district","role":"display_only"},"geometry":{"type":"Point","coordinates":[69.19802,41.35292]}},{"type":"Feature","properties":{"district_name":"Almazar district","role":"display_only"},"geometry":{"type":"Point","coordinates":[69.20712,41.35688]}},{"type":"Feature","properties":{"district_name":"Shaykhantakhur district","role":"display_only"},"geometry":{"type":"Point","coordinates":[69.19361,41.31197]}},{"type":"Feature","properties":{"district_name":"Shaykhantakhur district","role":"display_only"},"geometry":{"type":"Point","coordinates":[69.19354,41.30791]}},{"type":"Feature","properties":{"district_name":"Shaykhantakhur district","role":"display_only"},"geometry":{"type":"Point","coordinates":[69.19374,41.30822]}},{"type":"Feature","properties":{"district_name":"Shaykhantakhur district","role":"display_only"},"geometry":{"type":"Point","coordinates":[69.25729,41.32964]}},{"type":"Feature","properties":{"district_name":"Sergeli district","role":"display_only"},"geometry":{"type":"Point","coordinates":[69.27144,41.21213]}},{"type":"Feature","properties":{"district_name":"Yakkasaray district","role":"display_only"},"geometry":{"type":"Point","coordinates":[69.23012,41.26141]}},{"type":"Feature","properties":{"district_name":"Shaykhantakhur district","role":"display_only"},"geometry":{"type":"Point","coordinates":[69.23891,41.31242]}},{"type":"Feature","properties":{"district_name":"Almazar district","role":"display_only"},"geometry":{"type":"Point","coordinates":[69.22529,41.36102]}},{"type":"Feature","properties":{"district_name":"Mirabad district","role":"display_only"},"geometry":{"type":"Point","coordinates":[69.27971,41.30237]}},{"type":"Feature","properties":{"district_name":"Chilanzar district","role":"display_only"},"geometry":{"type":"Point","coordinates":[69.16591,41.24488]}},{"type":"Feature","properties":{"district_name":"Yangikhayot district","role":"display_only"},"geometry":{"type":"Point","coordinates":[69.21086,41.21761]}},{"type":"Feature","properties":{"district_name":"Uchtepa district","role":"display_only"},"geometry":{"type":"Point","coordinates":[69.15224,41.30562]}},{"type":"Feature","properties":{"district_name":"Chilanzar district","role":"display_only"},"geometry":{"type":"Point","coordinates":[69.21071,41.27073]}},{"type":"Feature","properties":{"district_name":"Uchtepa district","role":"display_only"},"geometry":{"type":"Point","coordinates":[69.15162,41.3053]}},{"type":"Feature","properties":{"district_name":"Uchtepa district","role":"display_only"},"geometry":{"type":"Point","coordinates":[69.15185,41.30589]}},{"type":"Feature","properties":{"district_name":"Almazar district","role":"display_only"},"geometry":{"type":"Point","coordinates":[69.22649,41.39026]}},{"type":"Feature","properties":{"district_name":"Almazar district","role":"display_only"},"geometry":{"type":"Point","coordinates":[69.22679,41.38964]}},{"type":"Feature","properties":{"district_name":"Chilanzar district","role":"display_only"},"geometry":{"type":"Point","coordinates":[69.21325,41.28257]}},{"type":"Feature","properties":{"district_name":"Chilanzar district","role":"display_only"},"geometry":{"type":"Point","coordinates":[69.23044,41.28767]}},{"type":"Feature","properties":{"district_name":"Almazar district","role":"display_only"},"geometry":{"type":"Point","coordinates":[69.25367,41.3546]}},{"type":"Feature","properties":{"district_name":"Yunusabad district","role":"display_only"},"geometry":{"type":"Point","coordinates":[69.26762,41.34682]}},{"type":"Feature","properties":{"district_name":"Yakkasaray district","role":"display_only"},"geometry":{"type":"Point","coordinates":[69.2437,41.28415]}},{"type":"Feature","properties":{"district_name":"Shaykhantakhur district","role":"display_only"},"geometry":{"type":"Point","coordinates":[69.23793,41.32218]}},{"type":"Feature","properties":{"district_name":"Chilanzar district","role":"display_only"},"geometry":{"type":"Point","coordinates":[69.16605,41.24475]}},{"type":"Feature","properties":{"district_name":"Yangi Toshkent Tumani","role":"display_only"},"geometry":{"type":"Point","coordinates":[69.40445,41.2501]}},{"type":"Feature","properties":{"district_name":"Yangi Toshkent Tumani","role":"display_only"},"geometry":{"type":"Point","coordinates":[69.47618,41.24678]}},{"type":"Feature","properties":{"district_name":"Yangi Toshkent Tumani","role":"display_only"},"geometry":{"type":"Point","coordinates":[69.46434,41.25337]}},{"type":"Feature","properties":{"district_name":"Yangi Toshkent Tumani","role":"display_only"},"geometry":{"type":"Point","coordinates":[69.48331,41.24287]}},{"type":"Feature","properties":{"district_name":"Yangi Toshkent Tumani","role":"display_only"},"geometry":{"type":"Point","coordinates":[69.51197,41.25183]}},{"type":"Feature","properties":{"district_name":"Yangi Toshkent Tumani","role":"display_only"},"geometry":{"type":"Point","coordinates":[69.50857,41.23931]}},{"type":"Feature","properties":{"district_name":"Yangi Toshkent Tumani","role":"display_only"},"geometry":{"type":"Point","coordinates":[69.49984,41.23401]}},{"type":"Feature","properties":{"district_name":"Yangi Toshkent Tumani","role":"display_only"},"geometry":{"type":"Point","coordinates":[69.5089,41.24339]}},{"type":"Feature","properties":{"district_name":"Yangi Toshkent Tumani","role":"display_only"},"geometry":{"type":"Point","coordinates":[69.51245,41.25314]}},{"type":"Feature","properties":{"district_name":"Yangi Toshkent Tumani","role":"display_only"},"geometry":{"type":"Point","coordinates":[69.47598,41.24692]}},{"type":"Feature","properties":{"district_name":"Yangi Toshkent Tumani","role":"display_only"},"geometry":{"type":"Point","coordinates":[69.41951,41.25983]}},{"type":"Feature","properties":{"district_name":"Yangi Toshkent Tumani","role":"display_only"},"geometry":{"type":"Point","coordinates":[69.43261,41.25612]}},{"type":"Feature","properties":{"district_name":"Yangi Toshkent Tumani","role":"display_only"},"geometry":{"type":"Point","coordinates":[69.44232,41.25569]}},{"type":"Feature","properties":{"district_name":"Yangi Toshkent Tumani","role":"display_only"},"geometry":{"type":"Point","coordinates":[69.46354,41.25384]}},{"type":"Feature","properties":{"district_name":"Yangi Toshkent Tumani","role":"display_only"},"geometry":{"type":"Point","coordinates":[69.4039,41.24985]}},{"type":"Feature","properties":{"district_name":"Shaykhantakhur district","role":"display_only"},"geometry":{"type":"Point","coordinates":[69.23532,41.32337]}},{"type":"Feature","properties":{"district_name":"Shaykhantakhur district","role":"display_only"},"geometry":{"type":"Point","coordinates":[69.23527,41.32332]}},{"type":"Feature","properties":{"district_name":"Chilanzar district","role":"display_only"},"geometry":{"type":"Point","coordinates":[69.19487,41.28163]}},{"type":"Feature","properties":{"district_name":"Uchtepa district","role":"display_only"},"geometry":{"type":"Point","coordinates":[69.15429,41.31463]}},{"type":"Feature","properties":{"district_name":"Uchtepa district","role":"display_only"},"geometry":{"type":"Point","coordinates":[69.1524,41.3102]}},{"type":"Feature","properties":{"district_name":"Sergeli district","role":"display_only"},"geometry":{"type":"Point","coordinates":[69.25695,41.24432]}},{"type":"Feature","properties":{"district_name":"Sergeli district","role":"display_only"},"geometry":{"type":"Point","coordinates":[69.26569,41.2443]}},{"type":"Feature","properties":{"district_name":"Sergeli district","role":"display_only"},"geometry":{"type":"Point","coordinates":[69.29409,41.2442]}},{"type":"Feature","properties":{"district_name":"Yunusabad district","role":"display_only"},"geometry":{"type":"Point","coordinates":[69.31619,41.34831]}},{"type":"Feature","properties":{"district_name":"Sergeli district","role":"display_only"},"geometry":{"type":"Point","coordinates":[69.21928,41.2174]}},{"type":"Feature","properties":{"district_name":"Yunusabad district","role":"display_only"},"geometry":{"type":"Point","coordinates":[69.27393,41.32896]}},{"type":"Feature","properties":{"district_name":"Shaykhantakhur district","role":"display_only"},"geometry":{"type":"Point","coordinates":[69.26364,41.33385]}},{"type":"Feature","properties":{"district_name":"Shaykhantakhur district","role":"display_only"},"geometry":{"type":"Point","coordinates":[69.26317,41.33124]}},{"type":"Feature","properties":{"district_name":"Shaykhantakhur district","role":"display_only"},"geometry":{"type":"Point","coordinates":[69.26429,41.32623]}},{"type":"Feature","properties":{"district_name":"Shaykhantakhur district","role":"display_only"},"geometry":{"type":"Point","coordinates":[69.26483,41.33515]}},{"type":"Feature","properties":{"district_name":"Shaykhantakhur district","role":"display_only"},"geometry":{"type":"Point","coordinates":[69.26854,41.33887]}},{"type":"Feature","properties":{"district_name":"Chilanzar district","role":"display_only"},"geometry":{"type":"Point","coordinates":[69.19679,41.29356]}},{"type":"Feature","properties":{"district_name":"Yunusabad district","role":"display_only"},"geometry":{"type":"Point","coordinates":[69.27314,41.34323]}},{"type":"Feature","properties":{"district_name":"Yunusabad district","role":"display_only"},"geometry":{"type":"Point","coordinates":[69.27415,41.3431]}},{"type":"Feature","properties":{"district_name":"Yakkasaray district","role":"display_only"},"geometry":{"type":"Point","coordinates":[69.24097,41.281]}},{"type":"Feature","properties":{"district_name":"Chilanzar district","role":"display_only"},"geometry":{"type":"Point","coordinates":[69.20628,41.28594]}},{"type":"Feature","properties":{"district_name":"Chilanzar district","role":"display_only"},"geometry":{"type":"Point","coordinates":[69.20245,41.28841]}},{"type":"Feature","properties":{"district_name":"Shaykhantakhur district","role":"display_only"},"geometry":{"type":"Point","coordinates":[69.19393,41.31825]}},{"type":"Feature","properties":{"district_name":"Shaykhantakhur district","role":"display_only"},"geometry":{"type":"Point","coordinates":[69.19336,41.3186]}},{"type":"Feature","properties":{"district_name":"Shaykhantakhur district","role":"display_only"},"geometry":{"type":"Point","coordinates":[69.23275,41.31595]}},{"type":"Feature","properties":{"district_name":"Yunusabad district","role":"display_only"},"geometry":{"type":"Point","coordinates":[69.27302,41.34228]}},{"type":"Feature","properties":{"district_name":"Yunusabad district","role":"display_only"},"geometry":{"type":"Point","coordinates":[69.29102,41.33276]}},{"type":"Feature","properties":{"district_name":"Yunusabad district","role":"display_only"},"geometry":{"type":"Point","coordinates":[69.29225,41.33315]}},{"type":"Feature","properties":{"district_name":"Yashnabad district","role":"display_only"},"geometry":{"type":"Point","coordinates":[69.35724,41.30874]}},{"type":"Feature","properties":{"district_name":"Shaykhantakhur district","role":"display_only"},"geometry":{"type":"Point","coordinates":[69.23629,41.31395]}},{"type":"Feature","properties":{"district_name":"Almazar district","role":"display_only"},"geometry":{"type":"Point","coordinates":[69.25246,41.34866]}},{"type":"Feature","properties":{"district_name":"Chilanzar district","role":"display_only"},"geometry":{"type":"Point","coordinates":[69.19374,41.30185]}},{"type":"Feature","properties":{"district_name":"Chilanzar district","role":"display_only"},"geometry":{"type":"Point","coordinates":[69.19402,41.30199]}},{"type":"Feature","properties":{"district_name":"Chilanzar district","role":"display_only"},"geometry":{"type":"Point","coordinates":[69.19443,41.25847]}},{"type":"Feature","properties":{"district_name":"Yunusabad district","role":"display_only"},"geometry":{"type":"Point","coordinates":[69.30517,41.3682]}},{"type":"Feature","properties":{"district_name":"Yunusabad district","role":"display_only"},"geometry":{"type":"Point","coordinates":[69.33328,41.36304]}},{"type":"Feature","properties":{"district_name":"Mirzo Ulugbek district","role":"display_only"},"geometry":{"type":"Point","coordinates":[69.34442,41.34354]}},{"type":"Feature","properties":{"district_name":"Almazar district","role":"display_only"},"geometry":{"type":"Point","coordinates":[69.21982,41.33953]}},{"type":"Feature","properties":{"district_name":"Almazar district","role":"display_only"},"geometry":{"type":"Point","coordinates":[69.22017,41.33991]}},{"type":"Feature","properties":{"district_name":"Almazar district","role":"display_only"},"geometry":{"type":"Point","coordinates":[69.18932,41.37031]}},{"type":"Feature","properties":{"district_name":"Mirzo Ulugbek district","role":"display_only"},"geometry":{"type":"Point","coordinates":[69.37675,41.33222]}},{"type":"Feature","properties":{"district_name":"Mirabad district","role":"display_only"},"geometry":{"type":"Point","coordinates":[69.32234,41.25291]}},{"type":"Feature","properties":{"district_name":"Chilanzar district","role":"display_only"},"geometry":{"type":"Point","coordinates":[69.20797,41.28855]}},{"type":"Feature","properties":{"district_name":"Mirzo Ulugbek district","role":"display_only"},"geometry":{"type":"Point","coordinates":[69.3755,41.33404]}},{"type":"Feature","properties":{"district_name":"Chilanzar district","role":"display_only"},"geometry":{"type":"Point","coordinates":[69.19871,41.29424]}},{"type":"Feature","properties":{"district_name":"Chilanzar district","role":"display_only"},"geometry":{"type":"Point","coordinates":[69.20876,41.26634]}},{"type":"Feature","properties":{"district_name":"Chilanzar district","role":"display_only"},"geometry":{"type":"Point","coordinates":[69.2092,41.26689]}},{"type":"Feature","properties":{"district_name":"Chilanzar district","role":"display_only"},"geometry":{"type":"Point","coordinates":[69.20462,41.28559]}},{"type":"Feature","properties":{"district_name":"Chilanzar district","role":"display_only"},"geometry":{"type":"Point","coordinates":[69.20024,41.26856]}},{"type":"Feature","properties":{"district_name":"Yashnabad district","role":"display_only"},"geometry":{"type":"Point","coordinates":[69.33698,41.30602]}},{"type":"Feature","properties":{"district_name":"Shaykhantakhur district","role":"display_only"},"geometry":{"type":"Point","coordinates":[69.21395,41.32857]}},{"type":"Feature","properties":{"district_name":"Shaykhantakhur district","role":"display_only"},"geometry":{"type":"Point","coordinates":[69.21529,41.32969]}},{"type":"Feature","properties":{"district_name":"Chilanzar district","role":"display_only"},"geometry":{"type":"Point","coordinates":[69.15757,41.25585]}},{"type":"Feature","properties":{"district_name":"Chilanzar district","role":"display_only"},"geometry":{"type":"Point","coordinates":[69.21311,41.28143]}},{"type":"Feature","properties":{"district_name":"Chilanzar district","role":"display_only"},"geometry":{"type":"Point","coordinates":[69.22196,41.29126]}},{"type":"Feature","properties":{"district_name":"Chilanzar district","role":"display_only"},"geometry":{"type":"Point","coordinates":[69.22468,41.29131]}},{"type":"Feature","properties":{"district_name":"Mirzo Ulugbek district","role":"display_only"},"geometry":{"type":"Point","coordinates":[69.35132,41.34965]}},{"type":"Feature","properties":{"district_name":"Yashnabad district","role":"display_only"},"geometry":{"type":"Point","coordinates":[69.36968,41.3131]}},{"type":"Feature","properties":{"district_name":"Yashnabad district","role":"display_only"},"geometry":{"type":"Point","coordinates":[69.3703,41.3132]}},{"type":"Feature","properties":{"district_name":"Yashnabad district","role":"display_only"},"geometry":{"type":"Point","coordinates":[69.37499,41.31516]}},{"type":"Feature","properties":{"district_name":"Yashnabad district","role":"display_only"},"geometry":{"type":"Point","coordinates":[69.37557,41.31529]}},{"type":"Feature","properties":{"district_name":"Yashnabad district","role":"display_only"},"geometry":{"type":"Point","coordinates":[69.3924,41.32088]}},{"type":"Feature","properties":{"district_name":"Yashnabad district","role":"display_only"},"geometry":{"type":"Point","coordinates":[69.39177,41.32088]}},{"type":"Feature","properties":{"district_name":"Yashnabad district","role":"display_only"},"geometry":{"type":"Point","coordinates":[69.39823,41.32184]}},{"type":"Feature","properties":{"district_name":"Yashnabad district","role":"display_only"},"geometry":{"type":"Point","coordinates":[69.39758,41.32184]}},{"type":"Feature","properties":{"district_name":"Yashnabad district","role":"display_only"},"geometry":{"type":"Point","coordinates":[69.40877,41.32359]}},{"type":"Feature","properties":{"district_name":"Yashnabad district","role":"display_only"},"geometry":{"type":"Point","coordinates":[69.4081,41.32358]}},{"type":"Feature","properties":{"district_name":"Yashnabad district","role":"display_only"},"geometry":{"type":"Point","coordinates":[69.41432,41.32441]}},{"type":"Feature","properties":{"district_name":"Yashnabad district","role":"display_only"},"geometry":{"type":"Point","coordinates":[69.41471,41.32483]}},{"type":"Feature","properties":{"district_name":"Yashnabad district","role":"display_only"},"geometry":{"type":"Point","coordinates":[69.42215,41.32575]}},{"type":"Feature","properties":{"district_name":"Yashnabad district","role":"display_only"},"geometry":{"type":"Point","coordinates":[69.42271,41.32572]}},{"type":"Feature","properties":{"district_name":"Yangi Toshkent Tumani","role":"display_only"},"geometry":{"type":"Point","coordinates":[69.46049,41.31759]}},{"type":"Feature","properties":{"district_name":"Yangi Toshkent Tumani","role":"display_only"},"geometry":{"type":"Point","coordinates":[69.46209,41.31724]}},{"type":"Feature","properties":{"district_name":"Chilanzar district","role":"display_only"},"geometry":{"type":"Point","coordinates":[69.21092,41.2813]}},{"type":"Feature","properties":{"district_name":"Uchtepa district","role":"display_only"},"geometry":{"type":"Point","coordinates":[69.18656,41.28592]}},{"type":"Feature","properties":{"district_name":"Uchtepa district","role":"display_only"},"geometry":{"type":"Point","coordinates":[69.14892,41.28741]}},{"type":"Feature","properties":{"district_name":"Yashnabad district","role":"display_only"},"geometry":{"type":"Point","coordinates":[69.34651,41.30695]}},{"type":"Feature","properties":{"district_name":"Yashnabad district","role":"display_only"},"geometry":{"type":"Point","coordinates":[69.34719,41.30691]}},{"type":"Feature","properties":{"district_name":"Chilanzar district","role":"display_only"},"geometry":{"type":"Point","coordinates":[69.21711,41.27834]}},{"type":"Feature","properties":{"district_name":"Shaykhantakhur district","role":"display_only"},"geometry":{"type":"Point","coordinates":[69.20734,41.31064]}},{"type":"Feature","properties":{"district_name":"Uchtepa district","role":"display_only"},"geometry":{"type":"Point","coordinates":[69.17988,41.28126]}},{"type":"Feature","properties":{"district_name":"Yakkasaray district","role":"display_only"},"geometry":{"type":"Point","coordinates":[69.24476,41.27582]}},{"type":"Feature","properties":{"district_name":"Shaykhantakhur district","role":"display_only"},"geometry":{"type":"Point","coordinates":[69.23588,41.31434]}},{"type":"Feature","properties":{"district_name":"Sergeli district","role":"display_only"},"geometry":{"type":"Point","coordinates":[69.25691,41.26345]}},{"type":"Feature","properties":{"district_name":"Shaykhantakhur district","role":"display_only"},"geometry":{"type":"Point","coordinates":[69.17728,41.34225]}},{"type":"Feature","properties":{"district_name":"Almazar district","role":"display_only"},"geometry":{"type":"Point","coordinates":[69.18727,41.35023]}},{"type":"Feature","properties":{"district_name":"Almazar district","role":"display_only"},"geometry":{"type":"Point","coordinates":[69.19736,41.34833]}},{"type":"Feature","properties":{"district_name":"Shaykhantakhur district","role":"display_only"},"geometry":{"type":"Point","coordinates":[69.24228,41.31247]}},{"type":"Feature","properties":{"district_name":"Chilanzar district","role":"display_only"},"geometry":{"type":"Point","coordinates":[69.24312,41.30892]}},{"type":"Feature","properties":{"district_name":"Yakkasaray district","role":"display_only"},"geometry":{"type":"Point","coordinates":[69.25034,41.29733]}},{"type":"Feature","properties":{"district_name":"Yakkasaray district","role":"display_only"},"geometry":{"type":"Point","coordinates":[69.25736,41.27759]}},{"type":"Feature","properties":{"district_name":"Sergeli district","role":"display_only"},"geometry":{"type":"Point","coordinates":[69.2586,41.26398]}},{"type":"Feature","properties":{"district_name":"Sergeli district","role":"display_only"},"geometry":{"type":"Point","coordinates":[69.25656,41.24994]}},{"type":"Feature","properties":{"district_name":"Almazar district","role":"display_only"},"geometry":{"type":"Point","coordinates":[69.19463,41.34875]}},{"type":"Feature","properties":{"district_name":"Yakkasaray district","role":"display_only"},"geometry":{"type":"Point","coordinates":[69.2589,41.2742]}},{"type":"Feature","properties":{"district_name":"Sergeli district","role":"display_only"},"geometry":{"type":"Point","coordinates":[69.26374,41.2494]}},{"type":"Feature","properties":{"district_name":"Chilanzar district","role":"display_only"},"geometry":{"type":"Point","coordinates":[69.25415,41.30724]}},{"type":"Feature","properties":{"district_name":"Chilanzar district","role":"display_only"},"geometry":{"type":"Point","coordinates":[69.2532,41.31047]}},{"type":"Feature","properties":{"district_name":"Shaykhantakhur district","role":"display_only"},"geometry":{"type":"Point","coordinates":[69.25427,41.31778]}},{"type":"Feature","properties":{"district_name":"Shaykhantakhur district","role":"display_only"},"geometry":{"type":"Point","coordinates":[69.25435,41.31984]}},{"type":"Feature","properties":{"district_name":"Shaykhantakhur district","role":"display_only"},"geometry":{"type":"Point","coordinates":[69.22052,41.32219]}},{"type":"Feature","properties":{"district_name":"Shaykhantakhur district","role":"display_only"},"geometry":{"type":"Point","coordinates":[69.18967,41.32939]}},{"type":"Feature","properties":{"district_name":"Shaykhantakhur district","role":"display_only"},"geometry":{"type":"Point","coordinates":[69.18966,41.32933]}},{"type":"Feature","properties":{"district_name":"Yashnabad district","role":"display_only"},"geometry":{"type":"Point","coordinates":[69.29004,41.30079]}},{"type":"Feature","properties":{"district_name":"Mirzo Ulugbek district","role":"display_only"},"geometry":{"type":"Point","coordinates":[69.30773,41.32017]}},{"type":"Feature","properties":{"district_name":"Chilanzar district","role":"display_only"},"geometry":{"type":"Point","coordinates":[69.25836,41.31111]}},{"type":"Feature","properties":{"district_name":"Chilanzar district","role":"display_only"},"geometry":{"type":"Point","coordinates":[69.25445,41.31125]}},{"type":"Feature","properties":{"district_name":"Mirzo Ulugbek district","role":"display_only"},"geometry":{"type":"Point","coordinates":[69.32455,41.32424]}},{"type":"Feature","properties":{"district_name":"Mirzo Ulugbek district","role":"display_only"},"geometry":{"type":"Point","coordinates":[69.33405,41.32677]}},{"type":"Feature","properties":{"district_name":"Shaykhantakhur district","role":"display_only"},"geometry":{"type":"Point","coordinates":[69.25399,41.3152]}},{"type":"Feature","properties":{"district_name":"Yunusabad district","role":"display_only"},"geometry":{"type":"Point","coordinates":[69.27248,41.32189]}},{"type":"Feature","properties":{"district_name":"Shaykhantakhur district","role":"display_only"},"geometry":{"type":"Point","coordinates":[69.26159,41.32064]}},{"type":"Feature","properties":{"district_name":"Shaykhantakhur district","role":"display_only"},"geometry":{"type":"Point","coordinates":[69.25362,41.31209]}},{"type":"Feature","properties":{"district_name":"Sergeli district","role":"display_only"},"geometry":{"type":"Point","coordinates":[69.19835,41.24176]}},{"type":"Feature","properties":{"district_name":"Almazar district","role":"display_only"},"geometry":{"type":"Point","coordinates":[69.23252,41.32584]}},{"type":"Feature","properties":{"district_name":"Shaykhantakhur district","role":"display_only"},"geometry":{"type":"Point","coordinates":[69.22946,41.32286]}},{"type":"Feature","properties":{"district_name":"Shaykhantakhur district","role":"display_only"},"geometry":{"type":"Point","coordinates":[69.22598,41.32071]}},{"type":"Feature","properties":{"district_name":"Almazar district","role":"display_only"},"geometry":{"type":"Point","coordinates":[69.23006,41.33266]}},{"type":"Feature","properties":{"district_name":"Almazar district","role":"display_only"},"geometry":{"type":"Point","coordinates":[69.22574,41.3365]}},{"type":"Feature","properties":{"district_name":"Almazar district","role":"display_only"},"geometry":{"type":"Point","coordinates":[69.21521,41.34078]}},{"type":"Feature","properties":{"district_name":"Almazar district","role":"display_only"},"geometry":{"type":"Point","coordinates":[69.226,41.33638]}},{"type":"Feature","properties":{"district_name":"Almazar district","role":"display_only"},"geometry":{"type":"Point","coordinates":[69.23242,41.33083]}},{"type":"Feature","properties":{"district_name":"Almazar district","role":"display_only"},"geometry":{"type":"Point","coordinates":[69.2236,41.33843]}},{"type":"Feature","properties":{"district_name":"Almazar district","role":"display_only"},"geometry":{"type":"Point","coordinates":[69.22934,41.33341]}},{"type":"Feature","properties":{"district_name":"Almazar district","role":"display_only"},"geometry":{"type":"Point","coordinates":[69.2254,41.36162]}},{"type":"Feature","properties":{"district_name":"Almazar district","role":"display_only"},"geometry":{"type":"Point","coordinates":[69.22558,41.36088]}},{"type":"Feature","properties":{"district_name":"Shaykhantakhur district","role":"display_only"},"geometry":{"type":"Point","coordinates":[69.23739,41.32897]}},{"type":"Feature","properties":{"district_name":"Mirzo Ulugbek district","role":"display_only"},"geometry":{"type":"Point","coordinates":[69.32948,41.32633]}},{"type":"Feature","properties":{"district_name":"Yunusabad district","role":"display_only"},"geometry":{"type":"Point","coordinates":[69.30935,41.373]}},{"type":"Feature","properties":{"district_name":"Yangikhayot district","role":"display_only"},"geometry":{"type":"Point","coordinates":[69.19821,41.21862]}},{"type":"Feature","properties":{"district_name":"Sergeli district","role":"display_only"},"geometry":{"type":"Point","coordinates":[69.20972,41.23078]}},{"type":"Feature","properties":{"district_name":"Chilanzar district","role":"display_only"},"geometry":{"type":"Point","coordinates":[69.18326,41.27282]}},{"type":"Feature","properties":{"district_name":"Chilanzar district","role":"display_only"},"geometry":{"type":"Point","coordinates":[69.18243,41.27271]}},{"type":"Feature","properties":{"district_name":"Almazar district","role":"display_only"},"geometry":{"type":"Point","coordinates":[69.20446,41.36769]}},{"type":"Feature","properties":{"district_name":"Yunusabad district","role":"display_only"},"geometry":{"type":"Point","coordinates":[69.2895,41.35935]}},{"type":"Feature","properties":{"district_name":"Uchtepa district","role":"display_only"},"geometry":{"type":"Point","coordinates":[69.19306,41.31662]}},{"type":"Feature","properties":{"district_name":"Mirzo Ulugbek district","role":"display_only"},"geometry":{"type":"Point","coordinates":[69.32822,41.32767]}},{"type":"Feature","properties":{"district_name":"Uchtepa district","role":"display_only"},"geometry":{"type":"Point","coordinates":[69.13691,41.27804]}},{"type":"Feature","properties":{"district_name":"Mirabad district","role":"display_only"},"geometry":{"type":"Point","coordinates":[69.31029,41.27369]}},{"type":"Feature","properties":{"district_name":"Yunusabad district","role":"display_only"},"geometry":{"type":"Point","coordinates":[69.27855,41.34827]}},{"type":"Feature","properties":{"district_name":"Yunusabad district","role":"display_only"},"geometry":{"type":"Point","coordinates":[69.30013,41.34154]}},{"type":"Feature","properties":{"district_name":"Yashnabad district","role":"display_only"},"geometry":{"type":"Point","coordinates":[69.42705,41.32644]}},{"type":"Feature","properties":{"district_name":"Uchtepa district","role":"display_only"},"geometry":{"type":"Point","coordinates":[69.15401,41.31472]}},{"type":"Feature","properties":{"district_name":"Almazar district","role":"display_only"},"geometry":{"type":"Point","coordinates":[69.24821,41.34085]}},{"type":"Feature","properties":{"district_name":"Mirzo Ulugbek district","role":"display_only"},"geometry":{"type":"Point","coordinates":[69.38243,41.35778]}},{"type":"Feature","properties":{"district_name":"Yashnabad district","role":"display_only"},"geometry":{"type":"Point","coordinates":[69.30602,41.30544]}},{"type":"Feature","properties":{"district_name":"Mirzo Ulugbek district","role":"display_only"},"geometry":{"type":"Point","coordinates":[69.3637,41.35477]}},{"type":"Feature","properties":{"district_name":"Mirzo Ulugbek district","role":"display_only"},"geometry":{"type":"Point","coordinates":[69.37416,41.35442]}},{"type":"Feature","properties":{"district_name":"Mirzo Ulugbek district","role":"display_only"},"geometry":{"type":"Point","coordinates":[69.31557,41.32318]}},{"type":"Feature","properties":{"district_name":"Almazar district","role":"display_only"},"geometry":{"type":"Point","coordinates":[69.24009,41.3296]}},{"type":"Feature","properties":{"district_name":"Almazar district","role":"display_only"},"geometry":{"type":"Point","coordinates":[69.24621,41.32758]}},{"type":"Feature","properties":{"district_name":"Yangikhayot district","role":"display_only"},"geometry":{"type":"Point","coordinates":[69.27306,41.16394]}},{"type":"Feature","properties":{"district_name":"Yangikhayot district","role":"display_only"},"geometry":{"type":"Point","coordinates":[69.27468,41.16374]}},{"type":"Feature","properties":{"district_name":"Yangikhayot district","role":"display_only"},"geometry":{"type":"Point","coordinates":[69.30057,41.17827]}},{"type":"Feature","properties":{"district_name":"Yangikhayot district","role":"display_only"},"geometry":{"type":"Point","coordinates":[69.30188,41.17868]}},{"type":"Feature","properties":{"district_name":"Yashnabad district","role":"display_only"},"geometry":{"type":"Point","coordinates":[69.34722,41.2937]}},{"type":"Feature","properties":{"district_name":"Yashnabad district","role":"display_only"},"geometry":{"type":"Point","coordinates":[69.34756,41.29347]}},{"type":"Feature","properties":{"district_name":"Yashnabad district","role":"display_only"},"geometry":{"type":"Point","coordinates":[69.34311,41.27443]}},{"type":"Feature","properties":{"district_name":"Yashnabad district","role":"display_only"},"geometry":{"type":"Point","coordinates":[69.34664,41.3004]}},{"type":"Feature","properties":{"district_name":"Mirzo Ulugbek district","role":"display_only"},"geometry":{"type":"Point","coordinates":[69.38951,41.35025]}},{"type":"Feature","properties":{"district_name":"Yashnabad district","role":"display_only"},"geometry":{"type":"Point","coordinates":[69.31479,41.28994]}},{"type":"Feature","properties":{"district_name":"Mirzo Ulugbek district","role":"display_only"},"geometry":{"type":"Point","coordinates":[69.3741,41.35002]}},{"type":"Feature","properties":{"district_name":"Mirzo Ulugbek district","role":"display_only"},"geometry":{"type":"Point","coordinates":[69.37381,41.34981]}},{"type":"Feature","properties":{"district_name":"Yunusabad district","role":"display_only"},"geometry":{"type":"Point","coordinates":[69.30909,41.35594]}},{"type":"Feature","properties":{"district_name":"Yunusabad district","role":"display_only"},"geometry":{"type":"Point","coordinates":[69.29912,41.35366]}},{"type":"Feature","properties":{"district_name":"Yunusabad district","role":"display_only"},"geometry":{"type":"Point","coordinates":[69.29403,41.35204]}},{"type":"Feature","properties":{"district_name":"Yunusabad district","role":"display_only"},"geometry":{"type":"Point","coordinates":[69.28802,41.3519]}},{"type":"Feature","properties":{"district_name":"Yunusabad district","role":"display_only"},"geometry":{"type":"Point","coordinates":[69.28866,41.35122]}},{"type":"Feature","properties":{"district_name":"Chilanzar district","role":"display_only"},"geometry":{"type":"Point","coordinates":[69.2567,41.30849]}},{"type":"Feature","properties":{"district_name":"Mirzo Ulugbek district","role":"display_only"},"geometry":{"type":"Point","coordinates":[69.35983,41.34606]}},{"type":"Feature","properties":{"district_name":"Mirzo Ulugbek district","role":"display_only"},"geometry":{"type":"Point","coordinates":[69.36008,41.34606]}},{"type":"Feature","properties":{"district_name":"Mirzo Ulugbek district","role":"display_only"},"geometry":{"type":"Point","coordinates":[69.35419,41.3496]}},{"type":"Feature","properties":{"district_name":"Yakkasaray district","role":"display_only"},"geometry":{"type":"Point","coordinates":[69.26011,41.28196]}},{"type":"Feature","properties":{"district_name":"Mirzo Ulugbek district","role":"display_only"},"geometry":{"type":"Point","coordinates":[69.3763,41.33194]}},{"type":"Feature","properties":{"district_name":"Yashnabad district","role":"display_only"},"geometry":{"type":"Point","coordinates":[69.40952,41.33434]}},{"type":"Feature","properties":{"district_name":"Yangikhayot district","role":"display_only"},"geometry":{"type":"Point","coordinates":[69.23852,41.21271]}},{"type":"Feature","properties":{"district_name":"Chilanzar district","role":"display_only"},"geometry":{"type":"Point","coordinates":[69.23718,41.2976]}},{"type":"Feature","properties":{"district_name":"Mirzo Ulugbek district","role":"display_only"},"geometry":{"type":"Point","coordinates":[69.35988,41.34126]}},{"type":"Feature","properties":{"district_name":"Yakkasaray district","role":"display_only"},"geometry":{"type":"Point","coordinates":[69.25753,41.2972]}},{"type":"Feature","properties":{"district_name":"Yashnabad district","role":"display_only"},"geometry":{"type":"Point","coordinates":[69.34346,41.26931]}},{"type":"Feature","properties":{"district_name":"Yashnabad district","role":"display_only"},"geometry":{"type":"Point","coordinates":[69.34233,41.29111]}},{"type":"Feature","properties":{"district_name":"Yashnabad district","role":"display_only"},"geometry":{"type":"Point","coordinates":[69.34082,41.29181]}},{"type":"Feature","properties":{"district_name":"Yashnabad district","role":"display_only"},"geometry":{"type":"Point","coordinates":[69.35029,41.28193]}},{"type":"Feature","properties":{"district_name":"Yashnabad district","role":"display_only"},"geometry":{"type":"Point","coordinates":[69.31486,41.29658]}},{"type":"Feature","properties":{"district_name":"Yashnabad district","role":"display_only"},"geometry":{"type":"Point","coordinates":[69.33209,41.28741]}},{"type":"Feature","properties":{"district_name":"Mirzo Ulugbek district","role":"display_only"},"geometry":{"type":"Point","coordinates":[69.33842,41.33785]}},{"type":"Feature","properties":{"district_name":"Mirzo Ulugbek district","role":"display_only"},"geometry":{"type":"Point","coordinates":[69.29067,41.31473]}},{"type":"Feature","properties":{"district_name":"Mirzo Ulugbek district","role":"display_only"},"geometry":{"type":"Point","coordinates":[69.29225,41.30822]}},{"type":"Feature","properties":{"district_name":"Mirabad district","role":"display_only"},"geometry":{"type":"Point","coordinates":[69.28959,41.29888]}},{"type":"Feature","properties":{"district_name":"Mirabad district","role":"display_only"},"geometry":{"type":"Point","coordinates":[69.31045,41.27376]}},{"type":"Feature","properties":{"district_name":"Chilanzar district","role":"display_only"},"geometry":{"type":"Point","coordinates":[69.17023,41.2337]}},{"type":"Feature","properties":{"district_name":"Yunusabad district","role":"display_only"},"geometry":{"type":"Point","coordinates":[69.3103,41.36957]}},{"type":"Feature","properties":{"district_name":"Sergeli district","role":"display_only"},"geometry":{"type":"Point","coordinates":[69.27111,41.23174]}},{"type":"Feature","properties":{"district_name":"Mirabad district","role":"display_only"},"geometry":{"type":"Point","coordinates":[69.30847,41.24456]}},{"type":"Feature","properties":{"district_name":"Sergeli district","role":"display_only"},"geometry":{"type":"Point","coordinates":[69.28497,41.24466]}},{"type":"Feature","properties":{"district_name":"Sergeli district","role":"display_only"},"geometry":{"type":"Point","coordinates":[69.29896,41.24449]}},{"type":"Feature","properties":{"district_name":"Sergeli district","role":"display_only"},"geometry":{"type":"Point","coordinates":[69.30106,41.2443]}},{"type":"Feature","properties":{"district_name":"Almazar district","role":"display_only"},"geometry":{"type":"Point","coordinates":[69.24718,41.34095]}},{"type":"Feature","properties":{"district_name":"Shaykhantakhur district","role":"display_only"},"geometry":{"type":"Point","coordinates":[69.20706,41.30861]}},{"type":"Feature","properties":{"district_name":"Chilanzar district","role":"display_only"},"geometry":{"type":"Point","coordinates":[69.23239,41.29898]}},{"type":"Feature","properties":{"district_name":"Chilanzar district","role":"display_only"},"geometry":{"type":"Point","coordinates":[69.19429,41.29387]}},{"type":"Feature","properties":{"district_name":"Yunusabad district","role":"display_only"},"geometry":{"type":"Point","coordinates":[69.28873,41.33951]}},{"type":"Feature","properties":{"district_name":"Mirabad district","role":"display_only"},"geometry":{"type":"Point","coordinates":[69.32724,41.24376]}},{"type":"Feature","properties":{"district_name":"Yunusabad district","role":"display_only"},"geometry":{"type":"Point","coordinates":[69.29318,41.36931]}},{"type":"Feature","properties":{"district_name":"Chilanzar district","role":"display_only"},"geometry":{"type":"Point","coordinates":[69.23296,41.29887]}},{"type":"Feature","properties":{"district_name":"Shaykhantakhur district","role":"display_only"},"geometry":{"type":"Point","coordinates":[69.26242,41.32998]}},{"type":"Feature","properties":{"district_name":"Mirzo Ulugbek district","role":"display_only"},"geometry":{"type":"Point","coordinates":[69.34756,41.32392]}},{"type":"Feature","properties":{"district_name":"Sergeli district","role":"display_only"},"geometry":{"type":"Point","coordinates":[69.21378,41.21517]}},{"type":"Feature","properties":{"district_name":"Shaykhantakhur district","role":"display_only"},"geometry":{"type":"Point","coordinates":[69.22153,41.30956]}},{"type":"Feature","properties":{"district_name":"Shaykhantakhur district","role":"display_only"},"geometry":{"type":"Point","coordinates":[69.22634,41.3136]}},{"type":"Feature","properties":{"district_name":"Shaykhantakhur district","role":"display_only"},"geometry":{"type":"Point","coordinates":[69.22589,41.31331]}},{"type":"Feature","properties":{"district_name":"Shaykhantakhur district","role":"display_only"},"geometry":{"type":"Point","coordinates":[69.22987,41.31686]}},{"type":"Feature","properties":{"district_name":"Chilanzar district","role":"display_only"},"geometry":{"type":"Point","coordinates":[69.16149,41.2661]}},{"type":"Feature","properties":{"district_name":"Chilanzar district","role":"display_only"},"geometry":{"type":"Point","coordinates":[69.1793,41.26939]}},{"type":"Feature","properties":{"district_name":"Sergeli district","role":"display_only"},"geometry":{"type":"Point","coordinates":[69.21155,41.22379]}},{"type":"Feature","properties":{"district_name":"Mirabad district","role":"display_only"},"geometry":{"type":"Point","coordinates":[69.289,41.28607]}},{"type":"Feature","properties":{"district_name":"Mirabad district","role":"display_only"},"geometry":{"type":"Point","coordinates":[69.29336,41.28408]}},{"type":"Feature","properties":{"district_name":"Mirabad district","role":"display_only"},"geometry":{"type":"Point","coordinates":[69.29358,41.28412]}},{"type":"Feature","properties":{"district_name":"Shaykhantakhur district","role":"display_only"},"geometry":{"type":"Point","coordinates":[69.19968,41.32233]}},{"type":"Feature","properties":{"district_name":"Shaykhantakhur district","role":"display_only"},"geometry":{"type":"Point","coordinates":[69.21823,41.3073]}},{"type":"Feature","properties":{"district_name":"Mirzo Ulugbek district","role":"display_only"},"geometry":{"type":"Point","coordinates":[69.31186,41.33177]}},{"type":"Feature","properties":{"district_name":"Yunusabad district","role":"display_only"},"geometry":{"type":"Point","coordinates":[69.30863,41.37362]}},{"type":"Feature","properties":{"district_name":"Shaykhantakhur district","role":"display_only"},"geometry":{"type":"Point","coordinates":[69.22234,41.31019]}},{"type":"Feature","properties":{"district_name":"Uchtepa district","role":"display_only"},"geometry":{"type":"Point","coordinates":[69.16456,41.28363]}},{"type":"Feature","properties":{"district_name":"Sergeli district","role":"display_only"},"geometry":{"type":"Point","coordinates":[69.26647,41.22509]}},{"type":"Feature","properties":{"district_name":"Sergeli district","role":"display_only"},"geometry":{"type":"Point","coordinates":[69.2585,41.2198]}},{"type":"Feature","properties":{"district_name":"Bektemir district","role":"display_only"},"geometry":{"type":"Point","coordinates":[69.32253,41.23749]}},{"type":"Feature","properties":{"district_name":"Mirabad district","role":"display_only"},"geometry":{"type":"Point","coordinates":[69.31114,41.24417]}},{"type":"Feature","properties":{"district_name":"Yunusabad district","role":"display_only"},"geometry":{"type":"Point","coordinates":[69.26037,41.39736]}},{"type":"Feature","properties":{"district_name":"Uchtepa district","role":"display_only"},"geometry":{"type":"Point","coordinates":[69.14875,41.26143]}},{"type":"Feature","properties":{"district_name":"Yashnabad district","role":"display_only"},"geometry":{"type":"Point","coordinates":[69.388,41.33821]}},{"type":"Feature","properties":{"district_name":"Yunusabad district","role":"display_only"},"geometry":{"type":"Point","coordinates":[69.30935,41.34465]}},{"type":"Feature","properties":{"district_name":"Yunusabad district","role":"display_only"},"geometry":{"type":"Point","coordinates":[69.31463,41.34749]}},{"type":"Feature","properties":{"district_name":"Bektemir district","role":"display_only"},"geometry":{"type":"Point","coordinates":[69.33266,41.23857]}},{"type":"Feature","properties":{"district_name":"Mirzo Ulugbek district","role":"display_only"},"geometry":{"type":"Point","coordinates":[69.32353,41.32532]}},{"type":"Feature","properties":{"district_name":"Almazar district","role":"display_only"},"geometry":{"type":"Point","coordinates":[69.24377,41.33065]}},{"type":"Feature","properties":{"district_name":"Almazar district","role":"display_only"},"geometry":{"type":"Point","coordinates":[69.24198,41.33088]}},{"type":"Feature","properties":{"district_name":"Mirabad district","role":"display_only"},"geometry":{"type":"Point","coordinates":[69.28653,41.27114]}},{"type":"Feature","properties":{"district_name":"Mirabad district","role":"display_only"},"geometry":{"type":"Point","coordinates":[69.30571,41.27147]}},{"type":"Feature","properties":{"district_name":"Yashnabad district","role":"display_only"},"geometry":{"type":"Point","coordinates":[69.31652,41.27551]}},{"type":"Feature","properties":{"district_name":"Yashnabad district","role":"display_only"},"geometry":{"type":"Point","coordinates":[69.33289,41.29679]}},{"type":"Feature","properties":{"district_name":"Uchtepa district","role":"display_only"},"geometry":{"type":"Point","coordinates":[69.15968,41.29547]}},{"type":"Feature","properties":{"district_name":"Yashnabad district","role":"display_only"},"geometry":{"type":"Point","coordinates":[69.34466,41.25186]}},{"type":"Feature","properties":{"district_name":"Yashnabad district","role":"display_only"},"geometry":{"type":"Point","coordinates":[69.36651,41.26897]}},{"type":"Feature","properties":{"district_name":"Sergeli district","role":"display_only"},"geometry":{"type":"Point","coordinates":[69.20855,41.23215]}},{"type":"Feature","properties":{"district_name":"Sergeli district","role":"display_only"},"geometry":{"type":"Point","coordinates":[69.20865,41.23221]}},{"type":"Feature","properties":{"district_name":"Mirzo Ulugbek district","role":"display_only"},"geometry":{"type":"Point","coordinates":[69.29183,41.31138]}},{"type":"Feature","properties":{"district_name":"Mirabad district","role":"display_only"},"geometry":{"type":"Point","coordinates":[69.28716,41.30285]}},{"type":"Feature","properties":{"district_name":"Mirabad district","role":"display_only"},"geometry":{"type":"Point","coordinates":[69.2881,41.30267]}},{"type":"Feature","properties":{"district_name":"Yashnabad district","role":"display_only"},"geometry":{"type":"Point","coordinates":[69.28822,41.30353]}},{"type":"Feature","properties":{"district_name":"Chilanzar district","role":"display_only"},"geometry":{"type":"Point","coordinates":[69.17359,41.24481]}},{"type":"Feature","properties":{"district_name":"Chilanzar district","role":"display_only"},"geometry":{"type":"Point","coordinates":[69.17246,41.24281]}},{"type":"Feature","properties":{"district_name":"Shaykhantakhur district","role":"display_only"},"geometry":{"type":"Point","coordinates":[69.16433,41.33973]}},{"type":"Feature","properties":{"district_name":"Chilanzar district","role":"display_only"},"geometry":{"type":"Point","coordinates":[69.16591,41.24585]}},{"type":"Feature","properties":{"district_name":"Uchtepa district","role":"display_only"},"geometry":{"type":"Point","coordinates":[69.14733,41.27149]}},{"type":"Feature","properties":{"district_name":"Yakkasaray district","role":"display_only"},"geometry":{"type":"Point","coordinates":[69.24336,41.28683]}},{"type":"Feature","properties":{"district_name":"Yakkasaray district","role":"display_only"},"geometry":{"type":"Point","coordinates":[69.24294,41.28761]}},{"type":"Feature","properties":{"district_name":"Almazar district","role":"display_only"},"geometry":{"type":"Point","coordinates":[69.22519,41.36978]}},{"type":"Feature","properties":{"district_name":"Almazar district","role":"display_only"},"geometry":{"type":"Point","coordinates":[69.22409,41.37484]}},{"type":"Feature","properties":{"district_name":"Almazar district","role":"display_only"},"geometry":{"type":"Point","coordinates":[69.21588,41.38318]}},{"type":"Feature","properties":{"district_name":"Almazar district","role":"display_only"},"geometry":{"type":"Point","coordinates":[69.21133,41.3586]}},{"type":"Feature","properties":{"district_name":"Chilanzar district","role":"display_only"},"geometry":{"type":"Point","coordinates":[69.22286,41.30193]}},{"type":"Feature","properties":{"district_name":"Chilanzar district","role":"display_only"},"geometry":{"type":"Point","coordinates":[69.22847,41.30032]}},{"type":"Feature","properties":{"district_name":"Mirabad district","role":"display_only"},"geometry":{"type":"Point","coordinates":[69.29977,41.27475]}},{"type":"Feature","properties":{"district_name":"Mirabad district","role":"display_only"},"geometry":{"type":"Point","coordinates":[69.29992,41.2754]}},{"type":"Feature","properties":{"district_name":"Mirabad district","role":"display_only"},"geometry":{"type":"Point","coordinates":[69.30519,41.27912]}},{"type":"Feature","properties":{"district_name":"Yakkasaray district","role":"display_only"},"geometry":{"type":"Point","coordinates":[69.24328,41.28399]}},{"type":"Feature","properties":{"district_name":"Yakkasaray district","role":"display_only"},"geometry":{"type":"Point","coordinates":[69.23992,41.28319]}},{"type":"Feature","properties":{"district_name":"Uchtepa district","role":"display_only"},"geometry":{"type":"Point","coordinates":[69.19111,41.28297]}},{"type":"Feature","properties":{"district_name":"Yunusabad district","role":"display_only"},"geometry":{"type":"Point","coordinates":[69.29271,41.36692]}},{"type":"Feature","properties":{"district_name":"Shaykhantakhur district","role":"display_only"},"geometry":{"type":"Point","coordinates":[69.23124,41.32475]}},{"type":"Feature","properties":{"district_name":"Yashnabad district","role":"display_only"},"geometry":{"type":"Point","coordinates":[69.33493,41.29549]}},{"type":"Feature","properties":{"district_name":"Yashnabad district","role":"display_only"},"geometry":{"type":"Point","coordinates":[69.34052,41.28342]}},{"type":"Feature","properties":{"district_name":"Mirzo Ulugbek district","role":"display_only"},"geometry":{"type":"Point","coordinates":[69.38036,41.3402]}},{"type":"Feature","properties":{"district_name":"Yangikhayot district","role":"display_only"},"geometry":{"type":"Point","coordinates":[69.20214,41.22013]}},{"type":"Feature","properties":{"district_name":"Chilanzar district","role":"display_only"},"geometry":{"type":"Point","coordinates":[69.23423,41.2927]}},{"type":"Feature","properties":{"district_name":"Chilanzar district","role":"display_only"},"geometry":{"type":"Point","coordinates":[69.23169,41.29039]}},{"type":"Feature","properties":{"district_name":"Chilanzar district","role":"display_only"},"geometry":{"type":"Point","coordinates":[69.23589,41.29449]}},{"type":"Feature","properties":{"district_name":"Chilanzar district","role":"display_only"},"geometry":{"type":"Point","coordinates":[69.23048,41.28914]}},{"type":"Feature","properties":{"district_name":"Chilanzar district","role":"display_only"},"geometry":{"type":"Point","coordinates":[69.23336,41.29165]}},{"type":"Feature","properties":{"district_name":"Chilanzar district","role":"display_only"},"geometry":{"type":"Point","coordinates":[69.23561,41.29431]}},{"type":"Feature","properties":{"district_name":"Yakkasaray district","role":"display_only"},"geometry":{"type":"Point","coordinates":[69.25361,41.29409]}},{"type":"Feature","properties":{"district_name":"Yangikhayot district","role":"display_only"},"geometry":{"type":"Point","coordinates":[69.1947,41.23955]}},{"type":"Feature","properties":{"district_name":"Almazar district","role":"display_only"},"geometry":{"type":"Point","coordinates":[69.2242,41.37434]}},{"type":"Feature","properties":{"district_name":"Bektemir district","role":"display_only"},"geometry":{"type":"Point","coordinates":[69.32734,41.23733]}},{"type":"Feature","properties":{"district_name":"Shaykhantakhur district","role":"display_only"},"geometry":{"type":"Point","coordinates":[69.2649,41.32493]}},{"type":"Feature","properties":{"district_name":"Almazar district","role":"display_only"},"geometry":{"type":"Point","coordinates":[69.19888,41.36926]}},{"type":"Feature","properties":{"district_name":"Chilanzar district","role":"display_only"},"geometry":{"type":"Point","coordinates":[69.15662,41.25575]}},{"type":"Feature","properties":{"district_name":"Yunusabad district","role":"display_only"},"geometry":{"type":"Point","coordinates":[69.28789,41.37596]}},{"type":"Feature","properties":{"district_name":"Chilanzar district","role":"display_only"},"geometry":{"type":"Point","coordinates":[69.2057,41.29757]}},{"type":"Feature","properties":{"district_name":"Almazar district","role":"display_only"},"geometry":{"type":"Point","coordinates":[69.21838,41.38079]}},{"type":"Feature","properties":{"district_name":"Almazar district","role":"display_only"},"geometry":{"type":"Point","coordinates":[69.21802,41.38137]}},{"type":"Feature","properties":{"district_name":"Shaykhantakhur district","role":"display_only"},"geometry":{"type":"Point","coordinates":[69.21033,41.32272]}},{"type":"Feature","properties":{"district_name":"Uchtepa district","role":"display_only"},"geometry":{"type":"Point","coordinates":[69.18489,41.29829]}},{"type":"Feature","properties":{"district_name":"Uchtepa district","role":"display_only"},"geometry":{"type":"Point","coordinates":[69.18406,41.29824]}},{"type":"Feature","properties":{"district_name":"Uchtepa district","role":"display_only"},"geometry":{"type":"Point","coordinates":[69.18818,41.29851]}},{"type":"Feature","properties":{"district_name":"Uchtepa district","role":"display_only"},"geometry":{"type":"Point","coordinates":[69.19291,41.29791]}},{"type":"Feature","properties":{"district_name":"Almazar district","role":"display_only"},"geometry":{"type":"Point","coordinates":[69.23521,41.32867]}},{"type":"Feature","properties":{"district_name":"Yangikhayot district","role":"display_only"},"geometry":{"type":"Point","coordinates":[69.24089,41.19316]}},{"type":"Feature","properties":{"district_name":"Almazar district","role":"display_only"},"geometry":{"type":"Point","coordinates":[69.2318,41.34114]}},{"type":"Feature","properties":{"district_name":"Almazar district","role":"display_only"},"geometry":{"type":"Point","coordinates":[69.23648,41.34182]}},{"type":"Feature","properties":{"district_name":"Almazar district","role":"display_only"},"geometry":{"type":"Point","coordinates":[69.25728,41.34233]}},{"type":"Feature","properties":{"district_name":"Almazar district","role":"display_only"},"geometry":{"type":"Point","coordinates":[69.25749,41.3429]}},{"type":"Feature","properties":{"district_name":"Yashnabad district","role":"display_only"},"geometry":{"type":"Point","coordinates":[69.35124,41.27366]}},{"type":"Feature","properties":{"district_name":"Sergeli district","role":"display_only"},"geometry":{"type":"Point","coordinates":[69.24901,41.25421]}},{"type":"Feature","properties":{"district_name":"Sergeli district","role":"display_only"},"geometry":{"type":"Point","coordinates":[69.25374,41.26105]}},{"type":"Feature","properties":{"district_name":"Sergeli district","role":"display_only"},"geometry":{"type":"Point","coordinates":[69.26728,41.26712]}},{"type":"Feature","properties":{"district_name":"Yakkasaray district","role":"display_only"},"geometry":{"type":"Point","coordinates":[69.25749,41.27644]}},{"type":"Feature","properties":{"district_name":"Yakkasaray district","role":"display_only"},"geometry":{"type":"Point","coordinates":[69.25394,41.28443]}},{"type":"Feature","properties":{"district_name":"Shaykhantakhur district","role":"display_only"},"geometry":{"type":"Point","coordinates":[69.24184,41.31769]}},{"type":"Feature","properties":{"district_name":"Shaykhantakhur district","role":"display_only"},"geometry":{"type":"Point","coordinates":[69.21427,41.33485]}},{"type":"Feature","properties":{"district_name":"Shaykhantakhur district","role":"display_only"},"geometry":{"type":"Point","coordinates":[69.21076,41.33697]}},{"type":"Feature","properties":{"district_name":"Shaykhantakhur district","role":"display_only"},"geometry":{"type":"Point","coordinates":[69.17987,41.34932]}},{"type":"Feature","properties":{"district_name":"Shaykhantakhur district","role":"display_only"},"geometry":{"type":"Point","coordinates":[69.16679,41.34829]}},{"type":"Feature","properties":{"district_name":"Shaykhantakhur district","role":"display_only"},"geometry":{"type":"Point","coordinates":[69.16525,41.34341]}},{"type":"Feature","properties":{"district_name":"Shaykhantakhur district","role":"display_only"},"geometry":{"type":"Point","coordinates":[69.17625,41.34113]}},{"type":"Feature","properties":{"district_name":"Almazar district","role":"display_only"},"geometry":{"type":"Point","coordinates":[69.20591,41.34577]}},{"type":"Feature","properties":{"district_name":"Yakkasaray district","role":"display_only"},"geometry":{"type":"Point","coordinates":[69.25187,41.2895]}},{"type":"Feature","properties":{"district_name":"Sergeli district","role":"display_only"},"geometry":{"type":"Point","coordinates":[69.26701,41.26733]}},{"type":"Feature","properties":{"district_name":"Shaykhantakhur district","role":"display_only"},"geometry":{"type":"Point","coordinates":[69.22688,41.31936]}},{"type":"Feature","properties":{"district_name":"Shaykhantakhur district","role":"display_only"},"geometry":{"type":"Point","coordinates":[69.2044,41.32021]}},{"type":"Feature","properties":{"district_name":"Shaykhantakhur district","role":"display_only"},"geometry":{"type":"Point","coordinates":[69.20489,41.31668]}},{"type":"Feature","properties":{"district_name":"Shaykhantakhur district","role":"display_only"},"geometry":{"type":"Point","coordinates":[69.20745,41.31367]}},{"type":"Feature","properties":{"district_name":"Shaykhantakhur district","role":"display_only"},"geometry":{"type":"Point","coordinates":[69.21424,41.31708]}},{"type":"Feature","properties":{"district_name":"Shaykhantakhur district","role":"display_only"},"geometry":{"type":"Point","coordinates":[69.2142,41.31907]}},{"type":"Feature","properties":{"district_name":"Shaykhantakhur district","role":"display_only"},"geometry":{"type":"Point","coordinates":[69.21415,41.32162]}},{"type":"Feature","properties":{"district_name":"Shaykhantakhur district","role":"display_only"},"geometry":{"type":"Point","coordinates":[69.23307,41.31955]}},{"type":"Feature","properties":{"district_name":"Shaykhantakhur district","role":"display_only"},"geometry":{"type":"Point","coordinates":[69.23888,41.32153]}},{"type":"Feature","properties":{"district_name":"Mirabad district","role":"display_only"},"geometry":{"type":"Point","coordinates":[69.28307,41.28748]}},{"type":"Feature","properties":{"district_name":"Mirabad district","role":"display_only"},"geometry":{"type":"Point","coordinates":[69.28538,41.28026]}},{"type":"Feature","properties":{"district_name":"Mirabad district","role":"display_only"},"geometry":{"type":"Point","coordinates":[69.28684,41.27799]}},{"type":"Feature","properties":{"district_name":"Mirabad district","role":"display_only"},"geometry":{"type":"Point","coordinates":[69.28695,41.27635]}},{"type":"Feature","properties":{"district_name":"Mirabad district","role":"display_only"},"geometry":{"type":"Point","coordinates":[69.2842,41.2735]}},{"type":"Feature","properties":{"district_name":"Sergeli district","role":"display_only"},"geometry":{"type":"Point","coordinates":[69.28361,41.26929]}},{"type":"Feature","properties":{"district_name":"Sergeli district","role":"display_only"},"geometry":{"type":"Point","coordinates":[69.27655,41.26939]}},{"type":"Feature","properties":{"district_name":"Mirabad district","role":"display_only"},"geometry":{"type":"Point","coordinates":[69.2798,41.27198]}},{"type":"Feature","properties":{"district_name":"Mirabad district","role":"display_only"},"geometry":{"type":"Point","coordinates":[69.28384,41.27351]}},{"type":"Feature","properties":{"district_name":"Mirabad district","role":"display_only"},"geometry":{"type":"Point","coordinates":[69.28705,41.27678]}},{"type":"Feature","properties":{"district_name":"Mirabad district","role":"display_only"},"geometry":{"type":"Point","coordinates":[69.28686,41.2777]}},{"type":"Feature","properties":{"district_name":"Mirabad district","role":"display_only"},"geometry":{"type":"Point","coordinates":[69.28518,41.28026]}},{"type":"Feature","properties":{"district_name":"Mirabad district","role":"display_only"},"geometry":{"type":"Point","coordinates":[69.27838,41.29056]}},{"type":"Feature","properties":{"district_name":"Mirabad district","role":"display_only"},"geometry":{"type":"Point","coordinates":[69.28152,41.2886]}},{"type":"Feature","properties":{"district_name":"Mirabad district","role":"display_only"},"geometry":{"type":"Point","coordinates":[69.28178,41.28656]}},{"type":"Feature","properties":{"district_name":"Mirabad district","role":"display_only"},"geometry":{"type":"Point","coordinates":[69.28397,41.28804]}},{"type":"Feature","properties":{"district_name":"Yangikhayot district","role":"display_only"},"geometry":{"type":"Point","coordinates":[69.20224,41.17902]}},{"type":"Feature","properties":{"district_name":"Yangikhayot district","role":"display_only"},"geometry":{"type":"Point","coordinates":[69.23451,41.16704]}},{"type":"Feature","properties":{"district_name":"Yangikhayot district","role":"display_only"},"geometry":{"type":"Point","coordinates":[69.23534,41.16627]}},{"type":"Feature","properties":{"district_name":"Bektemir district","role":"display_only"},"geometry":{"type":"Point","coordinates":[69.33366,41.20268]}},{"type":"Feature","properties":{"district_name":"Bektemir district","role":"display_only"},"geometry":{"type":"Point","coordinates":[69.33125,41.20134]}},{"type":"Feature","properties":{"district_name":"Bektemir district","role":"display_only"},"geometry":{"type":"Point","coordinates":[69.34863,41.2143]}},{"type":"Feature","properties":{"district_name":"Bektemir district","role":"display_only"},"geometry":{"type":"Point","coordinates":[69.34995,41.2148]}},{"type":"Feature","properties":{"district_name":"Mirzo Ulugbek district","role":"display_only"},"geometry":{"type":"Point","coordinates":[69.29297,41.30744]}},{"type":"Feature","properties":{"district_name":"Mirabad district","role":"display_only"},"geometry":{"type":"Point","coordinates":[69.27889,41.30743]}},{"type":"Feature","properties":{"district_name":"Mirzo Ulugbek district","role":"display_only"},"geometry":{"type":"Point","coordinates":[69.28406,41.31007]}},{"type":"Feature","properties":{"district_name":"Mirzo Ulugbek district","role":"display_only"},"geometry":{"type":"Point","coordinates":[69.28565,41.30956]}},{"type":"Feature","properties":{"district_name":"Yashnabad district","role":"display_only"},"geometry":{"type":"Point","coordinates":[69.30951,41.30751]}},{"type":"Feature","properties":{"district_name":"Mirzo Ulugbek district","role":"display_only"},"geometry":{"type":"Point","coordinates":[69.33455,41.32694]}},{"type":"Feature","properties":{"district_name":"Mirzo Ulugbek district","role":"display_only"},"geometry":{"type":"Point","coordinates":[69.35034,41.33258]}},{"type":"Feature","properties":{"district_name":"Mirzo Ulugbek district","role":"display_only"},"geometry":{"type":"Point","coordinates":[69.36348,41.34492]}},{"type":"Feature","properties":{"district_name":"Mirzo Ulugbek district","role":"display_only"},"geometry":{"type":"Point","coordinates":[69.37942,41.35067]}},{"type":"Feature","properties":{"district_name":"Mirzo Ulugbek district","role":"display_only"},"geometry":{"type":"Point","coordinates":[69.38366,41.35169]}},{"type":"Feature","properties":{"district_name":"Mirzo Ulugbek district","role":"display_only"},"geometry":{"type":"Point","coordinates":[69.38792,41.35228]}},{"type":"Feature","properties":{"district_name":"Mirzo Ulugbek district","role":"display_only"},"geometry":{"type":"Point","coordinates":[69.39217,41.34675]}},{"type":"Feature","properties":{"district_name":"Mirzo Ulugbek district","role":"display_only"},"geometry":{"type":"Point","coordinates":[69.38869,41.34463]}},{"type":"Feature","properties":{"district_name":"Mirzo Ulugbek district","role":"display_only"},"geometry":{"type":"Point","coordinates":[69.4024,41.3416]}},{"type":"Feature","properties":{"district_name":"Mirzo Ulugbek district","role":"display_only"},"geometry":{"type":"Point","coordinates":[69.3857,41.34125]}},{"type":"Feature","properties":{"district_name":"Mirzo Ulugbek district","role":"display_only"},"geometry":{"type":"Point","coordinates":[69.38563,41.34106]}},{"type":"Feature","properties":{"district_name":"Mirzo Ulugbek district","role":"display_only"},"geometry":{"type":"Point","coordinates":[69.3855,41.34448]}},{"type":"Feature","properties":{"district_name":"Mirzo Ulugbek district","role":"display_only"},"geometry":{"type":"Point","coordinates":[69.38837,41.34473]}},{"type":"Feature","properties":{"district_name":"Mirzo Ulugbek district","role":"display_only"},"geometry":{"type":"Point","coordinates":[69.39173,41.34629]}},{"type":"Feature","properties":{"district_name":"Mirzo Ulugbek district","role":"display_only"},"geometry":{"type":"Point","coordinates":[69.38969,41.34959]}},{"type":"Feature","properties":{"district_name":"Mirzo Ulugbek district","role":"display_only"},"geometry":{"type":"Point","coordinates":[69.3878,41.35206]}},{"type":"Feature","properties":{"district_name":"Mirzo Ulugbek district","role":"display_only"},"geometry":{"type":"Point","coordinates":[69.36682,41.34774]}},{"type":"Feature","properties":{"district_name":"Mirzo Ulugbek district","role":"display_only"},"geometry":{"type":"Point","coordinates":[69.3626,41.34374]}},{"type":"Feature","properties":{"district_name":"Mirzo Ulugbek district","role":"display_only"},"geometry":{"type":"Point","coordinates":[69.34915,41.33128]}},{"type":"Feature","properties":{"district_name":"Yashnabad district","role":"display_only"},"geometry":{"type":"Point","coordinates":[69.31457,41.31339]}},{"type":"Feature","properties":{"district_name":"Uchtepa district","role":"display_only"},"geometry":{"type":"Point","coordinates":[69.18999,41.28948]}},{"type":"Feature","properties":{"district_name":"Uchtepa district","role":"display_only"},"geometry":{"type":"Point","coordinates":[69.19004,41.28998]}},{"type":"Feature","properties":{"district_name":"Uchtepa district","role":"display_only"},"geometry":{"type":"Point","coordinates":[69.18693,41.2872]}},{"type":"Feature","properties":{"district_name":"Uchtepa district","role":"display_only"},"geometry":{"type":"Point","coordinates":[69.18138,41.28214]}},{"type":"Feature","properties":{"district_name":"Uchtepa district","role":"display_only"},"geometry":{"type":"Point","coordinates":[69.17664,41.2848]}},{"type":"Feature","properties":{"district_name":"Uchtepa district","role":"display_only"},"geometry":{"type":"Point","coordinates":[69.17156,41.28505]}},{"type":"Feature","properties":{"district_name":"Yakkasaray district","role":"display_only"},"geometry":{"type":"Point","coordinates":[69.25276,41.2846]}},{"type":"Feature","properties":{"district_name":"Yakkasaray district","role":"display_only"},"geometry":{"type":"Point","coordinates":[69.24436,41.27895]}},{"type":"Feature","properties":{"district_name":"Yakkasaray district","role":"display_only"},"geometry":{"type":"Point","coordinates":[69.24509,41.27773]}},{"type":"Feature","properties":{"district_name":"Yakkasaray district","role":"display_only"},"geometry":{"type":"Point","coordinates":[69.24924,41.28145]}},{"type":"Feature","properties":{"district_name":"Yakkasaray district","role":"display_only"},"geometry":{"type":"Point","coordinates":[69.2495,41.28162]}},{"type":"Feature","properties":{"district_name":"Yakkasaray district","role":"display_only"},"geometry":{"type":"Point","coordinates":[69.2461,41.27859]}},{"type":"Feature","properties":{"district_name":"Yakkasaray district","role":"display_only"},"geometry":{"type":"Point","coordinates":[69.24083,41.28087]}},{"type":"Feature","properties":{"district_name":"Bektemir district","role":"display_only"},"geometry":{"type":"Point","coordinates":[69.35209,41.23649]}},{"type":"Feature","properties":{"district_name":"Mirabad district","role":"display_only"},"geometry":{"type":"Point","coordinates":[69.28518,41.30566]}},{"type":"Feature","properties":{"district_name":"Yashnabad district","role":"display_only"},"geometry":{"type":"Point","coordinates":[69.28491,41.30726]}},{"type":"Feature","properties":{"district_name":"Yashnabad district","role":"display_only"},"geometry":{"type":"Point","coordinates":[69.2872,41.30377]}},{"type":"Feature","properties":{"district_name":"Mirabad district","role":"display_only"},"geometry":{"type":"Point","coordinates":[69.28257,41.2947]}},{"type":"Feature","properties":{"district_name":"Mirabad district","role":"display_only"},"geometry":{"type":"Point","coordinates":[69.28365,41.29522]}},{"type":"Feature","properties":{"district_name":"Mirabad district","role":"display_only"},"geometry":{"type":"Point","coordinates":[69.27787,41.2916]}},{"type":"Feature","properties":{"district_name":"Mirabad district","role":"display_only"},"geometry":{"type":"Point","coordinates":[69.27152,41.28701]}},{"type":"Feature","properties":{"district_name":"Mirabad district","role":"display_only"},"geometry":{"type":"Point","coordinates":[69.27088,41.28677]}},{"type":"Feature","properties":{"district_name":"Yakkasaray district","role":"display_only"},"geometry":{"type":"Point","coordinates":[69.26457,41.28388]}},{"type":"Feature","properties":{"district_name":"Mirabad district","role":"display_only"},"geometry":{"type":"Point","coordinates":[69.26656,41.28463]}},{"type":"Feature","properties":{"district_name":"Yakkasaray district","role":"display_only"},"geometry":{"type":"Point","coordinates":[69.2583,41.28151]}},{"type":"Feature","properties":{"district_name":"Yakkasaray district","role":"display_only"},"geometry":{"type":"Point","coordinates":[69.2565,41.28089]}},{"type":"Feature","properties":{"district_name":"Mirabad district","role":"display_only"},"geometry":{"type":"Point","coordinates":[69.27095,41.29325]}},{"type":"Feature","properties":{"district_name":"Mirabad district","role":"display_only"},"geometry":{"type":"Point","coordinates":[69.26962,41.29442]}},{"type":"Feature","properties":{"district_name":"Mirzo Ulugbek district","role":"display_only"},"geometry":{"type":"Point","coordinates":[69.30448,41.32563]}},{"type":"Feature","properties":{"district_name":"Mirzo Ulugbek district","role":"display_only"},"geometry":{"type":"Point","coordinates":[69.30355,41.32512]}},{"type":"Feature","properties":{"district_name":"Mirzo Ulugbek district","role":"display_only"},"geometry":{"type":"Point","coordinates":[69.29889,41.32493]}},{"type":"Feature","properties":{"district_name":"Yunusabad district","role":"display_only"},"geometry":{"type":"Point","coordinates":[69.29012,41.32704]}},{"type":"Feature","properties":{"district_name":"Yunusabad district","role":"display_only"},"geometry":{"type":"Point","coordinates":[69.28416,41.32758]}},{"type":"Feature","properties":{"district_name":"Yunusabad district","role":"display_only"},"geometry":{"type":"Point","coordinates":[69.28129,41.31878]}},{"type":"Feature","properties":{"district_name":"Yunusabad district","role":"display_only"},"geometry":{"type":"Point","coordinates":[69.2818,41.31647]}},{"type":"Feature","properties":{"district_name":"Mirzo Ulugbek district","role":"display_only"},"geometry":{"type":"Point","coordinates":[69.28685,41.30996]}},{"type":"Feature","properties":{"district_name":"Yashnabad district","role":"display_only"},"geometry":{"type":"Point","coordinates":[69.28571,41.30871]}},{"type":"Feature","properties":{"district_name":"Mirabad district","role":"display_only"},"geometry":{"type":"Point","coordinates":[69.30607,41.27151]}},{"type":"Feature","properties":{"district_name":"Mirabad district","role":"display_only"},"geometry":{"type":"Point","coordinates":[69.29618,41.26873]}},{"type":"Feature","properties":{"district_name":"Mirabad district","role":"display_only"},"geometry":{"type":"Point","coordinates":[69.29608,41.26832]}},{"type":"Feature","properties":{"district_name":"Mirabad district","role":"display_only"},"geometry":{"type":"Point","coordinates":[69.29672,41.26845]}},{"type":"Feature","properties":{"district_name":"Mirabad district","role":"display_only"},"geometry":{"type":"Point","coordinates":[69.29435,41.27288]}},{"type":"Feature","properties":{"district_name":"Mirabad district","role":"display_only"},"geometry":{"type":"Point","coordinates":[69.2947,41.27227]}},{"type":"Feature","properties":{"district_name":"Mirabad district","role":"display_only"},"geometry":{"type":"Point","coordinates":[69.29352,41.27373]}},{"type":"Feature","properties":{"district_name":"Mirabad district","role":"display_only"},"geometry":{"type":"Point","coordinates":[69.30172,41.24924]}},{"type":"Feature","properties":{"district_name":"Yashnabad district","role":"display_only"},"geometry":{"type":"Point","coordinates":[69.32057,41.25614]}},{"type":"Feature","properties":{"district_name":"Sergeli district","role":"display_only"},"geometry":{"type":"Point","coordinates":[69.27698,41.24378]}},{"type":"Feature","properties":{"district_name":"Sergeli district","role":"display_only"},"geometry":{"type":"Point","coordinates":[69.26777,41.24448]}},{"type":"Feature","properties":{"district_name":"Sergeli district","role":"display_only"},"geometry":{"type":"Point","coordinates":[69.2686,41.24429]}},{"type":"Feature","properties":{"district_name":"Sergeli district","role":"display_only"},"geometry":{"type":"Point","coordinates":[69.27336,41.24428]}},{"type":"Feature","properties":{"district_name":"Sergeli district","role":"display_only"},"geometry":{"type":"Point","coordinates":[69.2727,41.24445]}},{"type":"Feature","properties":{"district_name":"Sergeli district","role":"display_only"},"geometry":{"type":"Point","coordinates":[69.27828,41.24426]}},{"type":"Feature","properties":{"district_name":"Sergeli district","role":"display_only"},"geometry":{"type":"Point","coordinates":[69.27692,41.24443]}},{"type":"Feature","properties":{"district_name":"Sergeli district","role":"display_only"},"geometry":{"type":"Point","coordinates":[69.2831,41.24435]}},{"type":"Feature","properties":{"district_name":"Sergeli district","role":"display_only"},"geometry":{"type":"Point","coordinates":[69.28459,41.24422]}},{"type":"Feature","properties":{"district_name":"Sergeli district","role":"display_only"},"geometry":{"type":"Point","coordinates":[69.28821,41.24421]}},{"type":"Feature","properties":{"district_name":"Mirabad district","role":"display_only"},"geometry":{"type":"Point","coordinates":[69.30919,41.27604]}},{"type":"Feature","properties":{"district_name":"Yunusabad district","role":"display_only"},"geometry":{"type":"Point","coordinates":[69.27942,41.31533]}},{"type":"Feature","properties":{"district_name":"Sergeli district","role":"display_only"},"geometry":{"type":"Point","coordinates":[69.26821,41.20716]}},{"type":"Feature","properties":{"district_name":"Sergeli district","role":"display_only"},"geometry":{"type":"Point","coordinates":[69.26259,41.21314]}},{"type":"Feature","properties":{"district_name":"Sergeli district","role":"display_only"},"geometry":{"type":"Point","coordinates":[69.26251,41.21355]}},{"type":"Feature","properties":{"district_name":"Sergeli district","role":"display_only"},"geometry":{"type":"Point","coordinates":[69.25933,41.22132]}},{"type":"Feature","properties":{"district_name":"Sergeli district","role":"display_only"},"geometry":{"type":"Point","coordinates":[69.26676,41.22512]}},{"type":"Feature","properties":{"district_name":"Sergeli district","role":"display_only"},"geometry":{"type":"Point","coordinates":[69.2707,41.23127]}},{"type":"Feature","properties":{"district_name":"Sergeli district","role":"display_only"},"geometry":{"type":"Point","coordinates":[69.273,41.23548]}},{"type":"Feature","properties":{"district_name":"Sergeli district","role":"display_only"},"geometry":{"type":"Point","coordinates":[69.27246,41.23475]}},{"type":"Feature","properties":{"district_name":"Sergeli district","role":"display_only"},"geometry":{"type":"Point","coordinates":[69.27477,41.23903]}},{"type":"Feature","properties":{"district_name":"Sergeli district","role":"display_only"},"geometry":{"type":"Point","coordinates":[69.27428,41.23837]}},{"type":"Feature","properties":{"district_name":"Almazar district","role":"display_only"},"geometry":{"type":"Point","coordinates":[69.2378,41.34176]}},{"type":"Feature","properties":{"district_name":"Almazar district","role":"display_only"},"geometry":{"type":"Point","coordinates":[69.24296,41.34152]}},{"type":"Feature","properties":{"district_name":"Almazar district","role":"display_only"},"geometry":{"type":"Point","coordinates":[69.24121,41.34183]}},{"type":"Feature","properties":{"district_name":"Almazar district","role":"display_only"},"geometry":{"type":"Point","coordinates":[69.23087,41.34161]}},{"type":"Feature","properties":{"district_name":"Almazar district","role":"display_only"},"geometry":{"type":"Point","coordinates":[69.23134,41.34048]}},{"type":"Feature","properties":{"district_name":"Almazar district","role":"display_only"},"geometry":{"type":"Point","coordinates":[69.23184,41.34107]}},{"type":"Feature","properties":{"district_name":"Almazar district","role":"display_only"},"geometry":{"type":"Point","coordinates":[69.2302,41.34098]}},{"type":"Feature","properties":{"district_name":"Almazar district","role":"display_only"},"geometry":{"type":"Point","coordinates":[69.22512,41.33847]}},{"type":"Feature","properties":{"district_name":"Almazar district","role":"display_only"},"geometry":{"type":"Point","coordinates":[69.22341,41.33758]}},{"type":"Feature","properties":{"district_name":"Shaykhantakhur district","role":"display_only"},"geometry":{"type":"Point","coordinates":[69.23889,41.32161]}},{"type":"Feature","properties":{"district_name":"Yunusabad district","role":"display_only"},"geometry":{"type":"Point","coordinates":[69.27342,41.358]}},{"type":"Feature","properties":{"district_name":"Almazar district","role":"display_only"},"geometry":{"type":"Point","coordinates":[69.25472,41.33892]}},{"type":"Feature","properties":{"district_name":"Almazar district","role":"display_only"},"geometry":{"type":"Point","coordinates":[69.25749,41.33899]}},{"type":"Feature","properties":{"district_name":"Yunusabad district","role":"display_only"},"geometry":{"type":"Point","coordinates":[69.28669,41.364]}},{"type":"Feature","properties":{"district_name":"Yunusabad district","role":"display_only"},"geometry":{"type":"Point","coordinates":[69.28412,41.36231]}},{"type":"Feature","properties":{"district_name":"Yunusabad district","role":"display_only"},"geometry":{"type":"Point","coordinates":[69.29104,41.36679]}},{"type":"Feature","properties":{"district_name":"Yunusabad district","role":"display_only"},"geometry":{"type":"Point","coordinates":[69.29289,41.36734]}},{"type":"Feature","properties":{"district_name":"Mirzo Ulugbek district","role":"display_only"},"geometry":{"type":"Point","coordinates":[69.36891,41.35493]}},{"type":"Feature","properties":{"district_name":"Mirzo Ulugbek district","role":"display_only"},"geometry":{"type":"Point","coordinates":[69.38626,41.35781]}},{"type":"Feature","properties":{"district_name":"Mirzo Ulugbek district","role":"display_only"},"geometry":{"type":"Point","coordinates":[69.3856,41.35936]}},{"type":"Feature","properties":{"district_name":"Mirzo Ulugbek district","role":"display_only"},"geometry":{"type":"Point","coordinates":[69.3878,41.35429]}},{"type":"Feature","properties":{"district_name":"Mirzo Ulugbek district","role":"display_only"},"geometry":{"type":"Point","coordinates":[69.38797,41.35417]}},{"type":"Feature","properties":{"district_name":"Mirzo Ulugbek district","role":"display_only"},"geometry":{"type":"Point","coordinates":[69.36142,41.35937]}},{"type":"Feature","properties":{"district_name":"Mirzo Ulugbek district","role":"display_only"},"geometry":{"type":"Point","coordinates":[69.36184,41.35977]}},{"type":"Feature","properties":{"district_name":"Mirzo Ulugbek district","role":"display_only"},"geometry":{"type":"Point","coordinates":[69.35651,41.35488]}},{"type":"Feature","properties":{"district_name":"Mirzo Ulugbek district","role":"display_only"},"geometry":{"type":"Point","coordinates":[69.35835,41.35646]}},{"type":"Feature","properties":{"district_name":"Mirzo Ulugbek district","role":"display_only"},"geometry":{"type":"Point","coordinates":[69.35122,41.34971]}},{"type":"Feature","properties":{"district_name":"Mirzo Ulugbek district","role":"display_only"},"geometry":{"type":"Point","coordinates":[69.3529,41.35128]}},{"type":"Feature","properties":{"district_name":"Mirzo Ulugbek district","role":"display_only"},"geometry":{"type":"Point","coordinates":[69.35187,41.35109]}},{"type":"Feature","properties":{"district_name":"Mirzo Ulugbek district","role":"display_only"},"geometry":{"type":"Point","coordinates":[69.34831,41.35312]}},{"type":"Feature","properties":{"district_name":"Mirzo Ulugbek district","role":"display_only"},"geometry":{"type":"Point","coordinates":[69.34744,41.3538]}},{"type":"Feature","properties":{"district_name":"Yunusabad district","role":"display_only"},"geometry":{"type":"Point","coordinates":[69.33894,41.3588]}},{"type":"Feature","properties":{"district_name":"Yunusabad district","role":"display_only"},"geometry":{"type":"Point","coordinates":[69.32564,41.36909]}},{"type":"Feature","properties":{"district_name":"Yunusabad district","role":"display_only"},"geometry":{"type":"Point","coordinates":[69.32276,41.37316]}},{"type":"Feature","properties":{"district_name":"Yunusabad district","role":"display_only"},"geometry":{"type":"Point","coordinates":[69.32256,41.37402]}},{"type":"Feature","properties":{"district_name":"Yunusabad district","role":"display_only"},"geometry":{"type":"Point","coordinates":[69.32059,41.37287]}},{"type":"Feature","properties":{"district_name":"Yunusabad district","role":"display_only"},"geometry":{"type":"Point","coordinates":[69.31183,41.36918]}},{"type":"Feature","properties":{"district_name":"Yunusabad district","role":"display_only"},"geometry":{"type":"Point","coordinates":[69.29665,41.3814]}},{"type":"Feature","properties":{"district_name":"Yunusabad district","role":"display_only"},"geometry":{"type":"Point","coordinates":[69.29775,41.38177]}},{"type":"Feature","properties":{"district_name":"Yunusabad district","role":"display_only"},"geometry":{"type":"Point","coordinates":[69.314,41.36602]}},{"type":"Feature","properties":{"district_name":"Yunusabad district","role":"display_only"},"geometry":{"type":"Point","coordinates":[69.31353,41.36535]}},{"type":"Feature","properties":{"district_name":"Yunusabad district","role":"display_only"},"geometry":{"type":"Point","coordinates":[69.31032,41.3638]}},{"type":"Feature","properties":{"district_name":"Yunusabad district","role":"display_only"},"geometry":{"type":"Point","coordinates":[69.28594,41.36811]}},{"type":"Feature","properties":{"district_name":"Yunusabad district","role":"display_only"},"geometry":{"type":"Point","coordinates":[69.27473,41.37249]}},{"type":"Feature","properties":{"district_name":"Yunusabad district","role":"display_only"},"geometry":{"type":"Point","coordinates":[69.271,41.37588]}},{"type":"Feature","properties":{"district_name":"Yunusabad district","role":"display_only"},"geometry":{"type":"Point","coordinates":[69.27051,41.37509]}},{"type":"Feature","properties":{"district_name":"Yunusabad district","role":"display_only"},"geometry":{"type":"Point","coordinates":[69.27187,41.37504]}},{"type":"Feature","properties":{"district_name":"Yunusabad district","role":"display_only"},"geometry":{"type":"Point","coordinates":[69.26394,41.37206]}},{"type":"Feature","properties":{"district_name":"Yunusabad district","role":"display_only"},"geometry":{"type":"Point","coordinates":[69.26548,41.36691]}},{"type":"Feature","properties":{"district_name":"Yunusabad district","role":"display_only"},"geometry":{"type":"Point","coordinates":[69.31677,41.37974]}},{"type":"Feature","properties":{"district_name":"Yunusabad district","role":"display_only"},"geometry":{"type":"Point","coordinates":[69.31335,41.37762]}},{"type":"Feature","properties":{"district_name":"Yunusabad district","role":"display_only"},"geometry":{"type":"Point","coordinates":[69.3088,41.36885]}},{"type":"Feature","properties":{"district_name":"Yunusabad district","role":"display_only"},"geometry":{"type":"Point","coordinates":[69.30542,41.36805]}},{"type":"Feature","properties":{"district_name":"Yunusabad district","role":"display_only"},"geometry":{"type":"Point","coordinates":[69.29875,41.36369]}},{"type":"Feature","properties":{"district_name":"Yunusabad district","role":"display_only"},"geometry":{"type":"Point","coordinates":[69.27736,41.37365]}},{"type":"Feature","properties":{"district_name":"Yunusabad district","role":"display_only"},"geometry":{"type":"Point","coordinates":[69.28092,41.37598]}},{"type":"Feature","properties":{"district_name":"Yunusabad district","role":"display_only"},"geometry":{"type":"Point","coordinates":[69.27997,41.37545]}},{"type":"Feature","properties":{"district_name":"Yunusabad district","role":"display_only"},"geometry":{"type":"Point","coordinates":[69.28257,41.37726]}},{"type":"Feature","properties":{"district_name":"Yunusabad district","role":"display_only"},"geometry":{"type":"Point","coordinates":[69.28283,41.37808]}},{"type":"Feature","properties":{"district_name":"Yunusabad district","role":"display_only"},"geometry":{"type":"Point","coordinates":[69.2824,41.37796]}},{"type":"Feature","properties":{"district_name":"Yunusabad district","role":"display_only"},"geometry":{"type":"Point","coordinates":[69.2821,41.37777]}},{"type":"Feature","properties":{"district_name":"Yunusabad district","role":"display_only"},"geometry":{"type":"Point","coordinates":[69.28024,41.38039]}},{"type":"Feature","properties":{"district_name":"Yunusabad district","role":"display_only"},"geometry":{"type":"Point","coordinates":[69.2804,41.38081]}},{"type":"Feature","properties":{"district_name":"Yunusabad district","role":"display_only"},"geometry":{"type":"Point","coordinates":[69.28423,41.38324]}},{"type":"Feature","properties":{"district_name":"Yunusabad district","role":"display_only"},"geometry":{"type":"Point","coordinates":[69.2834,41.38269]}},{"type":"Feature","properties":{"district_name":"Yangikhayot district","role":"display_only"},"geometry":{"type":"Point","coordinates":[69.19259,41.20578]}},{"type":"Feature","properties":{"district_name":"Uchtepa district","role":"display_only"},"geometry":{"type":"Point","coordinates":[69.17881,41.29246]}},{"type":"Feature","properties":{"district_name":"Uchtepa district","role":"display_only"},"geometry":{"type":"Point","coordinates":[69.17114,41.28551]}},{"type":"Feature","properties":{"district_name":"Yashnabad district","role":"display_only"},"geometry":{"type":"Point","coordinates":[69.34045,41.30484]}},{"type":"Feature","properties":{"district_name":"Yakkasaray district","role":"display_only"},"geometry":{"type":"Point","coordinates":[69.22303,41.26342]}},{"type":"Feature","properties":{"district_name":"Chilanzar district","role":"display_only"},"geometry":{"type":"Point","coordinates":[69.20349,41.27337]}},{"type":"Feature","properties":{"district_name":"Chilanzar district","role":"display_only"},"geometry":{"type":"Point","coordinates":[69.2041,41.27422]}},{"type":"Feature","properties":{"district_name":"Chilanzar district","role":"display_only"},"geometry":{"type":"Point","coordinates":[69.20555,41.275]}},{"type":"Feature","properties":{"district_name":"Chilanzar district","role":"display_only"},"geometry":{"type":"Point","coordinates":[69.20313,41.27595]}},{"type":"Feature","properties":{"district_name":"Yangikhayot district","role":"display_only"},"geometry":{"type":"Point","coordinates":[69.19145,41.207]}},{"type":"Feature","properties":{"district_name":"Yangikhayot district","role":"display_only"},"geometry":{"type":"Point","coordinates":[69.19255,41.20567]}},{"type":"Feature","properties":{"district_name":"Yangikhayot district","role":"display_only"},"geometry":{"type":"Point","coordinates":[69.19407,41.20896]}},{"type":"Feature","properties":{"district_name":"Yangikhayot district","role":"display_only"},"geometry":{"type":"Point","coordinates":[69.19431,41.20925]}},{"type":"Feature","properties":{"district_name":"Yangikhayot district","role":"display_only"},"geometry":{"type":"Point","coordinates":[69.19779,41.2135]}},{"type":"Feature","properties":{"district_name":"Yangikhayot district","role":"display_only"},"geometry":{"type":"Point","coordinates":[69.19787,41.2136]}},{"type":"Feature","properties":{"district_name":"Yangikhayot district","role":"display_only"},"geometry":{"type":"Point","coordinates":[69.19995,41.21699]}},{"type":"Feature","properties":{"district_name":"Yangikhayot district","role":"display_only"},"geometry":{"type":"Point","coordinates":[69.19882,41.21822]}},{"type":"Feature","properties":{"district_name":"Yangikhayot district","role":"display_only"},"geometry":{"type":"Point","coordinates":[69.20284,41.2203]}},{"type":"Feature","properties":{"district_name":"Yangikhayot district","role":"display_only"},"geometry":{"type":"Point","coordinates":[69.20786,41.22144]}},{"type":"Feature","properties":{"district_name":"Yangikhayot district","role":"display_only"},"geometry":{"type":"Point","coordinates":[69.20679,41.22191]}},{"type":"Feature","properties":{"district_name":"Sergeli district","role":"display_only"},"geometry":{"type":"Point","coordinates":[69.21068,41.21836]}},{"type":"Feature","properties":{"district_name":"Sergeli district","role":"display_only"},"geometry":{"type":"Point","coordinates":[69.21255,41.21579]}},{"type":"Feature","properties":{"district_name":"Sergeli district","role":"display_only"},"geometry":{"type":"Point","coordinates":[69.21748,41.21684]}},{"type":"Feature","properties":{"district_name":"Sergeli district","role":"display_only"},"geometry":{"type":"Point","coordinates":[69.2234,41.21901]}},{"type":"Feature","properties":{"district_name":"Sergeli district","role":"display_only"},"geometry":{"type":"Point","coordinates":[69.22218,41.22323]}},{"type":"Feature","properties":{"district_name":"Sergeli district","role":"display_only"},"geometry":{"type":"Point","coordinates":[69.22122,41.22446]}},{"type":"Feature","properties":{"district_name":"Sergeli district","role":"display_only"},"geometry":{"type":"Point","coordinates":[69.21561,41.2403]}},{"type":"Feature","properties":{"district_name":"Mirabad district","role":"display_only"},"geometry":{"type":"Point","coordinates":[69.27033,41.30821]}},{"type":"Feature","properties":{"district_name":"Chilanzar district","role":"display_only"},"geometry":{"type":"Point","coordinates":[69.20577,41.29782]}},{"type":"Feature","properties":{"district_name":"Chilanzar district","role":"display_only"},"geometry":{"type":"Point","coordinates":[69.22434,41.29248]}},{"type":"Feature","properties":{"district_name":"Uchtepa district","role":"display_only"},"geometry":{"type":"Point","coordinates":[69.18126,41.28078]}},{"type":"Feature","properties":{"district_name":"Uchtepa district","role":"display_only"},"geometry":{"type":"Point","coordinates":[69.1814,41.28078]}},{"type":"Feature","properties":{"district_name":"Uchtepa district","role":"display_only"},"geometry":{"type":"Point","coordinates":[69.17982,41.28136]}},{"type":"Feature","properties":{"district_name":"Uchtepa district","role":"display_only"},"geometry":{"type":"Point","coordinates":[69.17285,41.27613]}},{"type":"Feature","properties":{"district_name":"Uchtepa district","role":"display_only"},"geometry":{"type":"Point","coordinates":[69.17156,41.27652]}},{"type":"Feature","properties":{"district_name":"Uchtepa district","role":"display_only"},"geometry":{"type":"Point","coordinates":[69.17054,41.27994]}},{"type":"Feature","properties":{"district_name":"Yakkasaray district","role":"display_only"},"geometry":{"type":"Point","coordinates":[69.26719,41.29491]}},{"type":"Feature","properties":{"district_name":"Yakkasaray district","role":"display_only"},"geometry":{"type":"Point","coordinates":[69.26435,41.27027]}},{"type":"Feature","properties":{"district_name":"Chilanzar district","role":"display_only"},"geometry":{"type":"Point","coordinates":[69.24705,41.30496]}},{"type":"Feature","properties":{"district_name":"Yakkasaray district","role":"display_only"},"geometry":{"type":"Point","coordinates":[69.2548,41.2864]}},{"type":"Feature","properties":{"district_name":"Sergeli district","role":"display_only"},"geometry":{"type":"Point","coordinates":[69.25702,41.24868]}},{"type":"Feature","properties":{"district_name":"Sergeli district","role":"display_only"},"geometry":{"type":"Point","coordinates":[69.26758,41.24941]}},{"type":"Feature","properties":{"district_name":"Sergeli district","role":"display_only"},"geometry":{"type":"Point","coordinates":[69.26767,41.24941]}},{"type":"Feature","properties":{"district_name":"Mirabad district","role":"display_only"},"geometry":{"type":"Point","coordinates":[69.30257,41.27683]}},{"type":"Feature","properties":{"district_name":"Yashnabad district","role":"display_only"},"geometry":{"type":"Point","coordinates":[69.34304,41.24674]}},{"type":"Feature","properties":{"district_name":"Bektemir district","role":"display_only"},"geometry":{"type":"Point","coordinates":[69.33795,41.24325]}},{"type":"Feature","properties":{"district_name":"Yashnabad district","role":"display_only"},"geometry":{"type":"Point","coordinates":[69.34159,41.24887]}},{"type":"Feature","properties":{"district_name":"Yashnabad district","role":"display_only"},"geometry":{"type":"Point","coordinates":[69.3321,41.25598]}},{"type":"Feature","properties":{"district_name":"Yashnabad district","role":"display_only"},"geometry":{"type":"Point","coordinates":[69.33234,41.25606]}},{"type":"Feature","properties":{"district_name":"Mirabad district","role":"display_only"},"geometry":{"type":"Point","coordinates":[69.30347,41.27751]}},{"type":"Feature","properties":{"district_name":"Mirabad district","role":"display_only"},"geometry":{"type":"Point","coordinates":[69.30049,41.27475]}},{"type":"Feature","properties":{"district_name":"Mirabad district","role":"display_only"},"geometry":{"type":"Point","coordinates":[69.3008,41.27552]}},{"type":"Feature","properties":{"district_name":"Mirabad district","role":"display_only"},"geometry":{"type":"Point","coordinates":[69.28622,41.27127]}},{"type":"Feature","properties":{"district_name":"Mirabad district","role":"display_only"},"geometry":{"type":"Point","coordinates":[69.28509,41.27217]}},{"type":"Feature","properties":{"district_name":"Uchtepa district","role":"display_only"},"geometry":{"type":"Point","coordinates":[69.1473,41.27562]}},{"type":"Feature","properties":{"district_name":"Uchtepa district","role":"display_only"},"geometry":{"type":"Point","coordinates":[69.1473,41.27556]}},{"type":"Feature","properties":{"district_name":"Uchtepa district","role":"display_only"},"geometry":{"type":"Point","coordinates":[69.14731,41.27549]}},{"type":"Feature","properties":{"district_name":"Uchtepa district","role":"display_only"},"geometry":{"type":"Point","coordinates":[69.14731,41.27543]}},{"type":"Feature","properties":{"district_name":"Uchtepa district","role":"display_only"},"geometry":{"type":"Point","coordinates":[69.14732,41.27536]}},{"type":"Feature","properties":{"district_name":"Uchtepa district","role":"display_only"},"geometry":{"type":"Point","coordinates":[69.17962,41.2969]}},{"type":"Feature","properties":{"district_name":"Uchtepa district","role":"display_only"},"geometry":{"type":"Point","coordinates":[69.18044,41.2972]}},{"type":"Feature","properties":{"district_name":"Uchtepa district","role":"display_only"},"geometry":{"type":"Point","coordinates":[69.18881,41.29834]}},{"type":"Feature","properties":{"district_name":"Chilanzar district","role":"display_only"},"geometry":{"type":"Point","coordinates":[69.21722,41.30061]}},{"type":"Feature","properties":{"district_name":"Chilanzar district","role":"display_only"},"geometry":{"type":"Point","coordinates":[69.21627,41.30066]}},{"type":"Feature","properties":{"district_name":"Chilanzar district","role":"display_only"},"geometry":{"type":"Point","coordinates":[69.22198,41.30173]}},{"type":"Feature","properties":{"district_name":"Uchtepa district","role":"display_only"},"geometry":{"type":"Point","coordinates":[69.14726,41.27257]}},{"type":"Feature","properties":{"district_name":"Uchtepa district","role":"display_only"},"geometry":{"type":"Point","coordinates":[69.15262,41.26947]}},{"type":"Feature","properties":{"district_name":"Uchtepa district","role":"display_only"},"geometry":{"type":"Point","coordinates":[69.15349,41.26675]}},{"type":"Feature","properties":{"district_name":"Chilanzar district","role":"display_only"},"geometry":{"type":"Point","coordinates":[69.15474,41.26259]}},{"type":"Feature","properties":{"district_name":"Chilanzar district","role":"display_only"},"geometry":{"type":"Point","coordinates":[69.1504,41.26153]}},{"type":"Feature","properties":{"district_name":"Chilanzar district","role":"display_only"},"geometry":{"type":"Point","coordinates":[69.15528,41.25662]}},{"type":"Feature","properties":{"district_name":"Chilanzar district","role":"display_only"},"geometry":{"type":"Point","coordinates":[69.16001,41.25814]}},{"type":"Feature","properties":{"district_name":"Chilanzar district","role":"display_only"},"geometry":{"type":"Point","coordinates":[69.15892,41.25728]}},{"type":"Feature","properties":{"district_name":"Chilanzar district","role":"display_only"},"geometry":{"type":"Point","coordinates":[69.16113,41.25936]}},{"type":"Feature","properties":{"district_name":"Chilanzar district","role":"display_only"},"geometry":{"type":"Point","coordinates":[69.16251,41.26048]}},{"type":"Feature","properties":{"district_name":"Chilanzar district","role":"display_only"},"geometry":{"type":"Point","coordinates":[69.16753,41.26073]}},{"type":"Feature","properties":{"district_name":"Chilanzar district","role":"display_only"},"geometry":{"type":"Point","coordinates":[69.17148,41.26397]}},{"type":"Feature","properties":{"district_name":"Chilanzar district","role":"display_only"},"geometry":{"type":"Point","coordinates":[69.17083,41.26357]}},{"type":"Feature","properties":{"district_name":"Chilanzar district","role":"display_only"},"geometry":{"type":"Point","coordinates":[69.17325,41.26579]}},{"type":"Feature","properties":{"district_name":"Chilanzar district","role":"display_only"},"geometry":{"type":"Point","coordinates":[69.17275,41.26545]}},{"type":"Feature","properties":{"district_name":"Uchtepa district","role":"display_only"},"geometry":{"type":"Point","coordinates":[69.16926,41.27161]}},{"type":"Feature","properties":{"district_name":"Uchtepa district","role":"display_only"},"geometry":{"type":"Point","coordinates":[69.16691,41.27378]}},{"type":"Feature","properties":{"district_name":"Chilanzar district","role":"display_only"},"geometry":{"type":"Point","coordinates":[69.24933,41.30523]}},{"type":"Feature","properties":{"district_name":"Chilanzar district","role":"display_only"},"geometry":{"type":"Point","coordinates":[69.23586,41.30432]}},{"type":"Feature","properties":{"district_name":"Uchtepa district","role":"display_only"},"geometry":{"type":"Point","coordinates":[69.1536,41.26616]}},{"type":"Feature","properties":{"district_name":"Uchtepa district","role":"display_only"},"geometry":{"type":"Point","coordinates":[69.15268,41.269]}},{"type":"Feature","properties":{"district_name":"Bektemir district","role":"display_only"},"geometry":{"type":"Point","coordinates":[69.37776,41.25667]}},{"type":"Feature","properties":{"district_name":"Bektemir district","role":"display_only"},"geometry":{"type":"Point","coordinates":[69.36696,41.24936]}},{"type":"Feature","properties":{"district_name":"Bektemir district","role":"display_only"},"geometry":{"type":"Point","coordinates":[69.3672,41.24956]}},{"type":"Feature","properties":{"district_name":"Bektemir district","role":"display_only"},"geometry":{"type":"Point","coordinates":[69.35219,41.2435]}},{"type":"Feature","properties":{"district_name":"Bektemir district","role":"display_only"},"geometry":{"type":"Point","coordinates":[69.34657,41.23886]}},{"type":"Feature","properties":{"district_name":"Bektemir district","role":"display_only"},"geometry":{"type":"Point","coordinates":[69.34371,41.23719]}},{"type":"Feature","properties":{"district_name":"Bektemir district","role":"display_only"},"geometry":{"type":"Point","coordinates":[69.34271,41.23674]}},{"type":"Feature","properties":{"district_name":"Mirabad district","role":"display_only"},"geometry":{"type":"Point","coordinates":[69.32679,41.24487]}},{"type":"Feature","properties":{"district_name":"Mirabad district","role":"display_only"},"geometry":{"type":"Point","coordinates":[69.32467,41.24864]}},{"type":"Feature","properties":{"district_name":"Mirabad district","role":"display_only"},"geometry":{"type":"Point","coordinates":[69.3255,41.24656]}},{"type":"Feature","properties":{"district_name":"Mirabad district","role":"display_only"},"geometry":{"type":"Point","coordinates":[69.30494,41.28077]}},{"type":"Feature","properties":{"district_name":"Mirabad district","role":"display_only"},"geometry":{"type":"Point","coordinates":[69.30027,41.2847]}},{"type":"Feature","properties":{"district_name":"Mirabad district","role":"display_only"},"geometry":{"type":"Point","coordinates":[69.30043,41.28456]}},{"type":"Feature","properties":{"district_name":"Mirabad district","role":"display_only"},"geometry":{"type":"Point","coordinates":[69.29581,41.2823]}},{"type":"Feature","properties":{"district_name":"Mirabad district","role":"display_only"},"geometry":{"type":"Point","coordinates":[69.29577,41.28242]}},{"type":"Feature","properties":{"district_name":"Bektemir district","role":"display_only"},"geometry":{"type":"Point","coordinates":[69.37142,41.25786]}},{"type":"Feature","properties":{"district_name":"Mirzo Ulugbek district","role":"display_only"},"geometry":{"type":"Point","coordinates":[69.34017,41.33951]}},{"type":"Feature","properties":{"district_name":"Mirzo Ulugbek district","role":"display_only"},"geometry":{"type":"Point","coordinates":[69.36202,41.35502]}},{"type":"Feature","properties":{"district_name":"Yashnabad district","role":"display_only"},"geometry":{"type":"Point","coordinates":[69.32391,41.29367]}},{"type":"Feature","properties":{"district_name":"Mirabad district","role":"display_only"},"geometry":{"type":"Point","coordinates":[69.30983,41.24718]}},{"type":"Feature","properties":{"district_name":"Mirabad district","role":"display_only"},"geometry":{"type":"Point","coordinates":[69.3182,41.2458]}},{"type":"Feature","properties":{"district_name":"Mirabad district","role":"display_only"},"geometry":{"type":"Point","coordinates":[69.32394,41.24729]}},{"type":"Feature","properties":{"district_name":"Mirzo Ulugbek district","role":"display_only"},"geometry":{"type":"Point","coordinates":[69.35652,41.33698]}},{"type":"Feature","properties":{"district_name":"Mirzo Ulugbek district","role":"display_only"},"geometry":{"type":"Point","coordinates":[69.35512,41.32944]}},{"type":"Feature","properties":{"district_name":"Mirzo Ulugbek district","role":"display_only"},"geometry":{"type":"Point","coordinates":[69.35853,41.33369]}},{"type":"Feature","properties":{"district_name":"Mirzo Ulugbek district","role":"display_only"},"geometry":{"type":"Point","coordinates":[69.35955,41.33438]}},{"type":"Feature","properties":{"district_name":"Shaykhantakhur district","role":"display_only"},"geometry":{"type":"Point","coordinates":[69.16458,41.34026]}},{"type":"Feature","properties":{"district_name":"Yashnabad district","role":"display_only"},"geometry":{"type":"Point","coordinates":[69.29144,41.30702]}},{"type":"Feature","properties":{"district_name":"Yashnabad district","role":"display_only"},"geometry":{"type":"Point","coordinates":[69.31865,41.31016]}},{"type":"Feature","properties":{"district_name":"Yashnabad district","role":"display_only"},"geometry":{"type":"Point","coordinates":[69.33076,41.31264]}},{"type":"Feature","properties":{"district_name":"Shaykhantakhur district","role":"display_only"},"geometry":{"type":"Point","coordinates":[69.25914,41.32475]}},{"type":"Feature","properties":{"district_name":"Yunusabad district","role":"display_only"},"geometry":{"type":"Point","coordinates":[69.27379,41.32294]}},{"type":"Feature","properties":{"district_name":"Mirzo Ulugbek district","role":"display_only"},"geometry":{"type":"Point","coordinates":[69.31629,41.32328]}},{"type":"Feature","properties":{"district_name":"Mirzo Ulugbek district","role":"display_only"},"geometry":{"type":"Point","coordinates":[69.29227,41.31656]}},{"type":"Feature","properties":{"district_name":"Shaykhantakhur district","role":"display_only"},"geometry":{"type":"Point","coordinates":[69.25481,41.32343]}},{"type":"Feature","properties":{"district_name":"Shaykhantakhur district","role":"display_only"},"geometry":{"type":"Point","coordinates":[69.24377,41.32368]}},{"type":"Feature","properties":{"district_name":"Shaykhantakhur district","role":"display_only"},"geometry":{"type":"Point","coordinates":[69.23887,41.32146]}},{"type":"Feature","properties":{"district_name":"Uchtepa district","role":"display_only"},"geometry":{"type":"Point","coordinates":[69.16178,41.30686]}},{"type":"Feature","properties":{"district_name":"Uchtepa district","role":"display_only"},"geometry":{"type":"Point","coordinates":[69.16097,41.30879]}},{"type":"Feature","properties":{"district_name":"Uchtepa district","role":"display_only"},"geometry":{"type":"Point","coordinates":[69.16121,41.31489]}},{"type":"Feature","properties":{"district_name":"Uchtepa district","role":"display_only"},"geometry":{"type":"Point","coordinates":[69.16003,41.31434]}},{"type":"Feature","properties":{"district_name":"Uchtepa district","role":"display_only"},"geometry":{"type":"Point","coordinates":[69.15906,41.31354]}},{"type":"Feature","properties":{"district_name":"Uchtepa district","role":"display_only"},"geometry":{"type":"Point","coordinates":[69.16362,41.31798]}},{"type":"Feature","properties":{"district_name":"Uchtepa district","role":"display_only"},"geometry":{"type":"Point","coordinates":[69.16291,41.32516]}},{"type":"Feature","properties":{"district_name":"Uchtepa district","role":"display_only"},"geometry":{"type":"Point","coordinates":[69.16329,41.32491]}},{"type":"Feature","properties":{"district_name":"Uchtepa district","role":"display_only"},"geometry":{"type":"Point","coordinates":[69.16322,41.32451]}},{"type":"Feature","properties":{"district_name":"Uchtepa district","role":"display_only"},"geometry":{"type":"Point","coordinates":[69.15727,41.32151]}},{"type":"Feature","properties":{"district_name":"Uchtepa district","role":"display_only"},"geometry":{"type":"Point","coordinates":[69.15714,41.32162]}},{"type":"Feature","properties":{"district_name":"Uchtepa district","role":"display_only"},"geometry":{"type":"Point","coordinates":[69.16641,41.32741]}},{"type":"Feature","properties":{"district_name":"Shaykhantakhur district","role":"display_only"},"geometry":{"type":"Point","coordinates":[69.16888,41.32818]}},{"type":"Feature","properties":{"district_name":"Shaykhantakhur district","role":"display_only"},"geometry":{"type":"Point","coordinates":[69.17402,41.3279]}},{"type":"Feature","properties":{"district_name":"Uchtepa district","role":"display_only"},"geometry":{"type":"Point","coordinates":[69.1748,41.32538]}},{"type":"Feature","properties":{"district_name":"Uchtepa district","role":"display_only"},"geometry":{"type":"Point","coordinates":[69.17856,41.32193]}},{"type":"Feature","properties":{"district_name":"Chilanzar district","role":"display_only"},"geometry":{"type":"Point","coordinates":[69.18301,41.26763]}},{"type":"Feature","properties":{"district_name":"Chilanzar district","role":"display_only"},"geometry":{"type":"Point","coordinates":[69.18956,41.26038]}},{"type":"Feature","properties":{"district_name":"Chilanzar district","role":"display_only"},"geometry":{"type":"Point","coordinates":[69.19542,41.26052]}},{"type":"Feature","properties":{"district_name":"Chilanzar district","role":"display_only"},"geometry":{"type":"Point","coordinates":[69.19831,41.26427]}},{"type":"Feature","properties":{"district_name":"Chilanzar district","role":"display_only"},"geometry":{"type":"Point","coordinates":[69.18776,41.25285]}},{"type":"Feature","properties":{"district_name":"Chilanzar district","role":"display_only"},"geometry":{"type":"Point","coordinates":[69.18314,41.25]}},{"type":"Feature","properties":{"district_name":"Chilanzar district","role":"display_only"},"geometry":{"type":"Point","coordinates":[69.17964,41.24788]}},{"type":"Feature","properties":{"district_name":"Chilanzar district","role":"display_only"},"geometry":{"type":"Point","coordinates":[69.16923,41.2399]}},{"type":"Feature","properties":{"district_name":"Chilanzar district","role":"display_only"},"geometry":{"type":"Point","coordinates":[69.17127,41.24264]}},{"type":"Feature","properties":{"district_name":"Chilanzar district","role":"display_only"},"geometry":{"type":"Point","coordinates":[69.18227,41.25023]}},{"type":"Feature","properties":{"district_name":"Chilanzar district","role":"display_only"},"geometry":{"type":"Point","coordinates":[69.18607,41.25257]}},{"type":"Feature","properties":{"district_name":"Chilanzar district","role":"display_only"},"geometry":{"type":"Point","coordinates":[69.19591,41.25989]}},{"type":"Feature","properties":{"district_name":"Chilanzar district","role":"display_only"},"geometry":{"type":"Point","coordinates":[69.18915,41.26015]}},{"type":"Feature","properties":{"district_name":"Chilanzar district","role":"display_only"},"geometry":{"type":"Point","coordinates":[69.17915,41.26962]}},{"type":"Feature","properties":{"district_name":"Uchtepa district","role":"display_only"},"geometry":{"type":"Point","coordinates":[69.17668,41.27197]}},{"type":"Feature","properties":{"district_name":"Uchtepa district","role":"display_only"},"geometry":{"type":"Point","coordinates":[69.17325,41.29813]}},{"type":"Feature","properties":{"district_name":"Uchtepa district","role":"display_only"},"geometry":{"type":"Point","coordinates":[69.17323,41.29806]}},{"type":"Feature","properties":{"district_name":"Uchtepa district","role":"display_only"},"geometry":{"type":"Point","coordinates":[69.16991,41.29733]}},{"type":"Feature","properties":{"district_name":"Uchtepa district","role":"display_only"},"geometry":{"type":"Point","coordinates":[69.16728,41.30006]}},{"type":"Feature","properties":{"district_name":"Uchtepa district","role":"display_only"},"geometry":{"type":"Point","coordinates":[69.16312,41.30429]}},{"type":"Feature","properties":{"district_name":"Uchtepa district","role":"display_only"},"geometry":{"type":"Point","coordinates":[69.16294,41.30462]}},{"type":"Feature","properties":{"district_name":"Yakkasaray district","role":"display_only"},"geometry":{"type":"Point","coordinates":[69.26395,41.29325]}},{"type":"Feature","properties":{"district_name":"Yakkasaray district","role":"display_only"},"geometry":{"type":"Point","coordinates":[69.23387,41.26762]}},{"type":"Feature","properties":{"district_name":"Mirabad district","role":"display_only"},"geometry":{"type":"Point","coordinates":[69.2696,41.29643]}},{"type":"Feature","properties":{"district_name":"Yakkasaray district","role":"display_only"},"geometry":{"type":"Point","coordinates":[69.23815,41.2715]}},{"type":"Feature","properties":{"district_name":"Yashnabad district","role":"display_only"},"geometry":{"type":"Point","coordinates":[69.35346,41.29535]}},{"type":"Feature","properties":{"district_name":"Yashnabad district","role":"display_only"},"geometry":{"type":"Point","coordinates":[69.3493,41.29839]}},{"type":"Feature","properties":{"district_name":"Yashnabad district","role":"display_only"},"geometry":{"type":"Point","coordinates":[69.34742,41.29954]}},{"type":"Feature","properties":{"district_name":"Yunusabad district","role":"display_only"},"geometry":{"type":"Point","coordinates":[69.32171,41.35004]}},{"type":"Feature","properties":{"district_name":"Yunusabad district","role":"display_only"},"geometry":{"type":"Point","coordinates":[69.29272,41.34023]}},{"type":"Feature","properties":{"district_name":"Yunusabad district","role":"display_only"},"geometry":{"type":"Point","coordinates":[69.28405,41.33188]}},{"type":"Feature","properties":{"district_name":"Mirzo Ulugbek district","role":"display_only"},"geometry":{"type":"Point","coordinates":[69.34497,41.35517]}},{"type":"Feature","properties":{"district_name":"Yunusabad district","role":"display_only"},"geometry":{"type":"Point","coordinates":[69.33653,41.35735]}},{"type":"Feature","properties":{"district_name":"Shaykhantakhur district","role":"display_only"},"geometry":{"type":"Point","coordinates":[69.17863,41.33549]}},{"type":"Feature","properties":{"district_name":"Shaykhantakhur district","role":"display_only"},"geometry":{"type":"Point","coordinates":[69.17807,41.33594]}},{"type":"Feature","properties":{"district_name":"Shaykhantakhur district","role":"display_only"},"geometry":{"type":"Point","coordinates":[69.1789,41.33143]}},{"type":"Feature","properties":{"district_name":"Shaykhantakhur district","role":"display_only"},"geometry":{"type":"Point","coordinates":[69.18342,41.32977]}},{"type":"Feature","properties":{"district_name":"Shaykhantakhur district","role":"display_only"},"geometry":{"type":"Point","coordinates":[69.18897,41.3295]}},{"type":"Feature","properties":{"district_name":"Shaykhantakhur district","role":"display_only"},"geometry":{"type":"Point","coordinates":[69.20619,41.32291]}},{"type":"Feature","properties":{"district_name":"Shaykhantakhur district","role":"display_only"},"geometry":{"type":"Point","coordinates":[69.21514,41.32221]}},{"type":"Feature","properties":{"district_name":"Shaykhantakhur district","role":"display_only"},"geometry":{"type":"Point","coordinates":[69.22847,41.32202]}},{"type":"Feature","properties":{"district_name":"Mirzo Ulugbek district","role":"display_only"},"geometry":{"type":"Point","coordinates":[69.37546,41.33417]}},{"type":"Feature","properties":{"district_name":"Mirzo Ulugbek district","role":"display_only"},"geometry":{"type":"Point","coordinates":[69.3384,41.30748]}},{"type":"Feature","properties":{"district_name":"Mirzo Ulugbek district","role":"display_only"},"geometry":{"type":"Point","coordinates":[69.34515,41.31063]}},{"type":"Feature","properties":{"district_name":"Mirzo Ulugbek district","role":"display_only"},"geometry":{"type":"Point","coordinates":[69.35047,41.31362]}},{"type":"Feature","properties":{"district_name":"Mirzo Ulugbek district","role":"display_only"},"geometry":{"type":"Point","coordinates":[69.36351,41.32366]}},{"type":"Feature","properties":{"district_name":"Mirzo Ulugbek district","role":"display_only"},"geometry":{"type":"Point","coordinates":[69.36011,41.32572]}},{"type":"Feature","properties":{"district_name":"Mirzo Ulugbek district","role":"display_only"},"geometry":{"type":"Point","coordinates":[69.36434,41.32329]}},{"type":"Feature","properties":{"district_name":"Mirzo Ulugbek district","role":"display_only"},"geometry":{"type":"Point","coordinates":[69.35279,41.31473]}},{"type":"Feature","properties":{"district_name":"Mirzo Ulugbek district","role":"display_only"},"geometry":{"type":"Point","coordinates":[69.34525,41.31051]}},{"type":"Feature","properties":{"district_name":"Mirzo Ulugbek district","role":"display_only"},"geometry":{"type":"Point","coordinates":[69.34128,41.30755]}},{"type":"Feature","properties":{"district_name":"Mirzo Ulugbek district","role":"display_only"},"geometry":{"type":"Point","coordinates":[69.33601,41.30949]}},{"type":"Feature","properties":{"district_name":"Yashnabad district","role":"display_only"},"geometry":{"type":"Point","coordinates":[69.33579,41.30946]}},{"type":"Feature","properties":{"district_name":"Mirabad district","role":"display_only"},"geometry":{"type":"Point","coordinates":[69.27828,41.30461]}},{"type":"Feature","properties":{"district_name":"Yashnabad district","role":"display_only"},"geometry":{"type":"Point","coordinates":[69.31215,41.27349]}},{"type":"Feature","properties":{"district_name":"Mirabad district","role":"display_only"},"geometry":{"type":"Point","coordinates":[69.29752,41.2772]}},{"type":"Feature","properties":{"district_name":"Mirabad district","role":"display_only"},"geometry":{"type":"Point","coordinates":[69.29783,41.27697]}},{"type":"Feature","properties":{"district_name":"Mirabad district","role":"display_only"},"geometry":{"type":"Point","coordinates":[69.29421,41.27977]}},{"type":"Feature","properties":{"district_name":"Mirabad district","role":"display_only"},"geometry":{"type":"Point","coordinates":[69.29442,41.27947]}},{"type":"Feature","properties":{"district_name":"Almazar district","role":"display_only"},"geometry":{"type":"Point","coordinates":[69.24325,41.33601]}},{"type":"Feature","properties":{"district_name":"Mirabad district","role":"display_only"},"geometry":{"type":"Point","coordinates":[69.27592,41.29652]}},{"type":"Feature","properties":{"district_name":"Yashnabad district","role":"display_only"},"geometry":{"type":"Point","coordinates":[69.31062,41.27406]}},{"type":"Feature","properties":{"district_name":"Yashnabad district","role":"display_only"},"geometry":{"type":"Point","coordinates":[69.30867,41.27742]}},{"type":"Feature","properties":{"district_name":"Yashnabad district","role":"display_only"},"geometry":{"type":"Point","coordinates":[69.31506,41.27485]}},{"type":"Feature","properties":{"district_name":"Yashnabad district","role":"display_only"},"geometry":{"type":"Point","coordinates":[69.31852,41.27644]}},{"type":"Feature","properties":{"district_name":"Yashnabad district","role":"display_only"},"geometry":{"type":"Point","coordinates":[69.32563,41.27974]}},{"type":"Feature","properties":{"district_name":"Yashnabad district","role":"display_only"},"geometry":{"type":"Point","coordinates":[69.33039,41.28167]}},{"type":"Feature","properties":{"district_name":"Yashnabad district","role":"display_only"},"geometry":{"type":"Point","coordinates":[69.33557,41.28389]}},{"type":"Feature","properties":{"district_name":"Yashnabad district","role":"display_only"},"geometry":{"type":"Point","coordinates":[69.33734,41.28647]}},{"type":"Feature","properties":{"district_name":"Yashnabad district","role":"display_only"},"geometry":{"type":"Point","coordinates":[69.3384,41.28639]}},{"type":"Feature","properties":{"district_name":"Yashnabad district","role":"display_only"},"geometry":{"type":"Point","coordinates":[69.34704,41.28977]}},{"type":"Feature","properties":{"district_name":"Yashnabad district","role":"display_only"},"geometry":{"type":"Point","coordinates":[69.34432,41.2945]}},{"type":"Feature","properties":{"district_name":"Yashnabad district","role":"display_only"},"geometry":{"type":"Point","coordinates":[69.34032,41.29314]}},{"type":"Feature","properties":{"district_name":"Yashnabad district","role":"display_only"},"geometry":{"type":"Point","coordinates":[69.32386,41.29375]}},{"type":"Feature","properties":{"district_name":"Yashnabad district","role":"display_only"},"geometry":{"type":"Point","coordinates":[69.33924,41.29232]}},{"type":"Feature","properties":{"district_name":"Yashnabad district","role":"display_only"},"geometry":{"type":"Point","coordinates":[69.34708,41.28972]}},{"type":"Feature","properties":{"district_name":"Yashnabad district","role":"display_only"},"geometry":{"type":"Point","coordinates":[69.33515,41.28362]}},{"type":"Feature","properties":{"district_name":"Yashnabad district","role":"display_only"},"geometry":{"type":"Point","coordinates":[69.32501,41.27949]}},{"type":"Feature","properties":{"district_name":"Yashnabad district","role":"display_only"},"geometry":{"type":"Point","coordinates":[69.32847,41.28089]}},{"type":"Feature","properties":{"district_name":"Bektemir district","role":"display_only"},"geometry":{"type":"Point","coordinates":[69.37567,41.24638]}},{"type":"Feature","properties":{"district_name":"Yashnabad district","role":"display_only"},"geometry":{"type":"Point","coordinates":[69.32383,41.29385]}},{"type":"Feature","properties":{"district_name":"Yashnabad district","role":"display_only"},"geometry":{"type":"Point","coordinates":[69.32384,41.29395]}},{"type":"Feature","properties":{"district_name":"Shaykhantakhur district","role":"display_only"},"geometry":{"type":"Point","coordinates":[69.23951,41.32709]}},{"type":"Feature","properties":{"district_name":"Shaykhantakhur district","role":"display_only"},"geometry":{"type":"Point","coordinates":[69.20855,41.31221]}},{"type":"Feature","properties":{"district_name":"Chilanzar district","role":"display_only"},"geometry":{"type":"Point","coordinates":[69.19443,41.29021]}},{"type":"Feature","properties":{"district_name":"Mirzo Ulugbek district","role":"display_only"},"geometry":{"type":"Point","coordinates":[69.38241,41.34447]}},{"type":"Feature","properties":{"district_name":"Mirzo Ulugbek district","role":"display_only"},"geometry":{"type":"Point","coordinates":[69.38036,41.34038]}},{"type":"Feature","properties":{"district_name":"Mirzo Ulugbek district","role":"display_only"},"geometry":{"type":"Point","coordinates":[69.34369,41.33577]}},{"type":"Feature","properties":{"district_name":"Mirzo Ulugbek district","role":"display_only"},"geometry":{"type":"Point","coordinates":[69.34442,41.3352]}},{"type":"Feature","properties":{"district_name":"Mirzo Ulugbek district","role":"display_only"},"geometry":{"type":"Point","coordinates":[69.33322,41.342]}},{"type":"Feature","properties":{"district_name":"Mirzo Ulugbek district","role":"display_only"},"geometry":{"type":"Point","coordinates":[69.33035,41.34374]}},{"type":"Feature","properties":{"district_name":"Mirzo Ulugbek district","role":"display_only"},"geometry":{"type":"Point","coordinates":[69.32527,41.34662]}},{"type":"Feature","properties":{"district_name":"Yunusabad district","role":"display_only"},"geometry":{"type":"Point","coordinates":[69.31043,41.35559]}},{"type":"Feature","properties":{"district_name":"Yunusabad district","role":"display_only"},"geometry":{"type":"Point","coordinates":[69.30319,41.35998]}},{"type":"Feature","properties":{"district_name":"Yunusabad district","role":"display_only"},"geometry":{"type":"Point","coordinates":[69.28754,41.35057]}},{"type":"Feature","properties":{"district_name":"Yunusabad district","role":"display_only"},"geometry":{"type":"Point","coordinates":[69.28863,41.35528]}},{"type":"Feature","properties":{"district_name":"Yunusabad district","role":"display_only"},"geometry":{"type":"Point","coordinates":[69.28228,41.3779]}},{"type":"Feature","properties":{"district_name":"Yunusabad district","role":"display_only"},"geometry":{"type":"Point","coordinates":[69.31232,41.35459]}},{"type":"Feature","properties":{"district_name":"Yunusabad district","role":"display_only"},"geometry":{"type":"Point","coordinates":[69.32359,41.34778]}},{"type":"Feature","properties":{"district_name":"Mirzo Ulugbek district","role":"display_only"},"geometry":{"type":"Point","coordinates":[69.32853,41.34495]}},{"type":"Feature","properties":{"district_name":"Mirzo Ulugbek district","role":"display_only"},"geometry":{"type":"Point","coordinates":[69.33314,41.34214]}},{"type":"Feature","properties":{"district_name":"Mirzo Ulugbek district","role":"display_only"},"geometry":{"type":"Point","coordinates":[69.37027,41.34097]}},{"type":"Feature","properties":{"district_name":"Mirzo Ulugbek district","role":"display_only"},"geometry":{"type":"Point","coordinates":[69.38203,41.34421]}},{"type":"Feature","properties":{"district_name":"Chilanzar district","role":"display_only"},"geometry":{"type":"Point","coordinates":[69.19375,41.27547]}},{"type":"Feature","properties":{"district_name":"Bektemir district","role":"display_only"},"geometry":{"type":"Point","coordinates":[69.38814,41.24627]}},{"type":"Feature","properties":{"district_name":"Bektemir district","role":"display_only"},"geometry":{"type":"Point","coordinates":[69.36877,41.26628]}},{"type":"Feature","properties":{"district_name":"Bektemir district","role":"display_only"},"geometry":{"type":"Point","coordinates":[69.38873,41.24371]}},{"type":"Feature","properties":{"district_name":"Bektemir district","role":"display_only"},"geometry":{"type":"Point","coordinates":[69.38389,41.24237]}},{"type":"Feature","properties":{"district_name":"Bektemir district","role":"display_only"},"geometry":{"type":"Point","coordinates":[69.38213,41.24415]}},{"type":"Feature","properties":{"district_name":"Bektemir district","role":"display_only"},"geometry":{"type":"Point","coordinates":[69.36842,41.26636]}},{"type":"Feature","properties":{"district_name":"Yashnabad district","role":"display_only"},"geometry":{"type":"Point","coordinates":[69.36559,41.26842]}},{"type":"Feature","properties":{"district_name":"Yashnabad district","role":"display_only"},"geometry":{"type":"Point","coordinates":[69.35782,41.26651]}},{"type":"Feature","properties":{"district_name":"Yashnabad district","role":"display_only"},"geometry":{"type":"Point","coordinates":[69.35832,41.26685]}},{"type":"Feature","properties":{"district_name":"Yashnabad district","role":"display_only"},"geometry":{"type":"Point","coordinates":[69.35412,41.26467]}},{"type":"Feature","properties":{"district_name":"Yashnabad district","role":"display_only"},"geometry":{"type":"Point","coordinates":[69.3512,41.26893]}},{"type":"Feature","properties":{"district_name":"Yashnabad district","role":"display_only"},"geometry":{"type":"Point","coordinates":[69.34982,41.27357]}},{"type":"Feature","properties":{"district_name":"Yashnabad district","role":"display_only"},"geometry":{"type":"Point","coordinates":[69.35069,41.27315]}},{"type":"Feature","properties":{"district_name":"Yashnabad district","role":"display_only"},"geometry":{"type":"Point","coordinates":[69.34712,41.27338]}},{"type":"Feature","properties":{"district_name":"Yashnabad district","role":"display_only"},"geometry":{"type":"Point","coordinates":[69.34678,41.27337]}},{"type":"Feature","properties":{"district_name":"Yashnabad district","role":"display_only"},"geometry":{"type":"Point","coordinates":[69.34304,41.27472]}},{"type":"Feature","properties":{"district_name":"Bektemir district","role":"display_only"},"geometry":{"type":"Point","coordinates":[69.38185,41.24439]}},{"type":"Feature","properties":{"district_name":"Almazar district","role":"display_only"},"geometry":{"type":"Point","coordinates":[69.19838,41.3562]}},{"type":"Feature","properties":{"district_name":"Almazar district","role":"display_only"},"geometry":{"type":"Point","coordinates":[69.17357,41.35805]}},{"type":"Feature","properties":{"district_name":"Shaykhantakhur district","role":"display_only"},"geometry":{"type":"Point","coordinates":[69.25994,41.32089]}},{"type":"Feature","properties":{"district_name":"Yunusabad district","role":"display_only"},"geometry":{"type":"Point","coordinates":[69.27928,41.31721]}},{"type":"Feature","properties":{"district_name":"Almazar district","role":"display_only"},"geometry":{"type":"Point","coordinates":[69.20588,41.34571]}},{"type":"Feature","properties":{"district_name":"Chilanzar district","role":"display_only"},"geometry":{"type":"Point","coordinates":[69.21775,41.28748]}},{"type":"Feature","properties":{"district_name":"Yashnabad district","role":"display_only"},"geometry":{"type":"Point","coordinates":[69.3391,41.27945]}},{"type":"Feature","properties":{"district_name":"Yashnabad district","role":"display_only"},"geometry":{"type":"Point","coordinates":[69.35386,41.26479]}},{"type":"Feature","properties":{"district_name":"Yashnabad district","role":"display_only"},"geometry":{"type":"Point","coordinates":[69.32153,41.29405]}},{"type":"Feature","properties":{"district_name":"Yashnabad district","role":"display_only"},"geometry":{"type":"Point","coordinates":[69.30628,41.29903]}},{"type":"Feature","properties":{"district_name":"Yashnabad district","role":"display_only"},"geometry":{"type":"Point","coordinates":[69.3338,41.28356]}},{"type":"Feature","properties":{"district_name":"Yashnabad district","role":"display_only"},"geometry":{"type":"Point","coordinates":[69.33358,41.28459]}},{"type":"Feature","properties":{"district_name":"Yashnabad district","role":"display_only"},"geometry":{"type":"Point","coordinates":[69.32222,41.29371]}},{"type":"Feature","properties":{"district_name":"Yashnabad district","role":"display_only"},"geometry":{"type":"Point","coordinates":[69.31321,41.29728]}},{"type":"Feature","properties":{"district_name":"Shaykhantakhur district","role":"display_only"},"geometry":{"type":"Point","coordinates":[69.20236,41.34201]}},{"type":"Feature","properties":{"district_name":"Shaykhantakhur district","role":"display_only"},"geometry":{"type":"Point","coordinates":[69.19548,41.34158]}},{"type":"Feature","properties":{"district_name":"Shaykhantakhur district","role":"display_only"},"geometry":{"type":"Point","coordinates":[69.19732,41.34417]}},{"type":"Feature","properties":{"district_name":"Shaykhantakhur district","role":"display_only"},"geometry":{"type":"Point","coordinates":[69.20131,41.3431]}},{"type":"Feature","properties":{"district_name":"Shaykhantakhur district","role":"display_only"},"geometry":{"type":"Point","coordinates":[69.20482,41.34195]}},{"type":"Feature","properties":{"district_name":"Shaykhantakhur district","role":"display_only"},"geometry":{"type":"Point","coordinates":[69.19927,41.34024]}},{"type":"Feature","properties":{"district_name":"Yashnabad district","role":"display_only"},"geometry":{"type":"Point","coordinates":[69.3584,41.29075]}},{"type":"Feature","properties":{"district_name":"Yashnabad district","role":"display_only"},"geometry":{"type":"Point","coordinates":[69.35359,41.27599]}},{"type":"Feature","properties":{"district_name":"Yashnabad district","role":"display_only"},"geometry":{"type":"Point","coordinates":[69.3607,41.2761]}},{"type":"Feature","properties":{"district_name":"Yashnabad district","role":"display_only"},"geometry":{"type":"Point","coordinates":[69.36823,41.28069]}},{"type":"Feature","properties":{"district_name":"Yashnabad district","role":"display_only"},"geometry":{"type":"Point","coordinates":[69.36887,41.28328]}},{"type":"Feature","properties":{"district_name":"Yashnabad district","role":"display_only"},"geometry":{"type":"Point","coordinates":[69.36811,41.28088]}},{"type":"Feature","properties":{"district_name":"Yashnabad district","role":"display_only"},"geometry":{"type":"Point","coordinates":[69.37117,41.27565]}},{"type":"Feature","properties":{"district_name":"Yashnabad district","role":"display_only"},"geometry":{"type":"Point","coordinates":[69.35388,41.27527]}},{"type":"Feature","properties":{"district_name":"Yashnabad district","role":"display_only"},"geometry":{"type":"Point","coordinates":[69.35649,41.29218]}},{"type":"Feature","properties":{"district_name":"Almazar district","role":"display_only"},"geometry":{"type":"Point","coordinates":[69.20513,41.371]}},{"type":"Feature","properties":{"district_name":"Almazar district","role":"display_only"},"geometry":{"type":"Point","coordinates":[69.20548,41.37104]}},{"type":"Feature","properties":{"district_name":"Almazar district","role":"display_only"},"geometry":{"type":"Point","coordinates":[69.20523,41.37103]}},{"type":"Feature","properties":{"district_name":"Almazar district","role":"display_only"},"geometry":{"type":"Point","coordinates":[69.20539,41.37104]}},{"type":"Feature","properties":{"district_name":"Almazar district","role":"display_only"},"geometry":{"type":"Point","coordinates":[69.20531,41.37103]}},{"type":"Feature","properties":{"district_name":"Almazar district","role":"display_only"},"geometry":{"type":"Point","coordinates":[69.20436,41.36649]}},{"type":"Feature","properties":{"district_name":"Uchtepa district","role":"display_only"},"geometry":{"type":"Point","coordinates":[69.14679,41.278]}},{"type":"Feature","properties":{"district_name":"Uchtepa district","role":"display_only"},"geometry":{"type":"Point","coordinates":[69.14675,41.274]}},{"type":"Feature","properties":{"district_name":"Chilanzar district","role":"display_only"},"geometry":{"type":"Point","coordinates":[69.15594,41.2558]}},{"type":"Feature","properties":{"district_name":"Uchtepa district","role":"display_only"},"geometry":{"type":"Point","coordinates":[69.14966,41.28963]}},{"type":"Feature","properties":{"district_name":"Uchtepa district","role":"display_only"},"geometry":{"type":"Point","coordinates":[69.15026,41.29315]}},{"type":"Feature","properties":{"district_name":"Uchtepa district","role":"display_only"},"geometry":{"type":"Point","coordinates":[69.14993,41.29184]}},{"type":"Feature","properties":{"district_name":"Uchtepa district","role":"display_only"},"geometry":{"type":"Point","coordinates":[69.15077,41.2974]}},{"type":"Feature","properties":{"district_name":"Uchtepa district","role":"display_only"},"geometry":{"type":"Point","coordinates":[69.15056,41.29675]}},{"type":"Feature","properties":{"district_name":"Uchtepa district","role":"display_only"},"geometry":{"type":"Point","coordinates":[69.15437,41.31451]}},{"type":"Feature","properties":{"district_name":"Uchtepa district","role":"display_only"},"geometry":{"type":"Point","coordinates":[69.15261,41.31032]}},{"type":"Feature","properties":{"district_name":"Uchtepa district","role":"display_only"},"geometry":{"type":"Point","coordinates":[69.15411,41.31465]}},{"type":"Feature","properties":{"district_name":"Shaykhantakhur district","role":"display_only"},"geometry":{"type":"Point","coordinates":[69.16315,41.33404]}},{"type":"Feature","properties":{"district_name":"Yakkasaray district","role":"display_only"},"geometry":{"type":"Point","coordinates":[69.24938,41.29309]}},{"type":"Feature","properties":{"district_name":"Yakkasaray district","role":"display_only"},"geometry":{"type":"Point","coordinates":[69.24192,41.29251]}},{"type":"Feature","properties":{"district_name":"Yakkasaray district","role":"display_only"},"geometry":{"type":"Point","coordinates":[69.2424,41.28916]}},{"type":"Feature","properties":{"district_name":"Yakkasaray district","role":"display_only"},"geometry":{"type":"Point","coordinates":[69.24198,41.28997]}},{"type":"Feature","properties":{"district_name":"Yakkasaray district","role":"display_only"},"geometry":{"type":"Point","coordinates":[69.24126,41.29175]}},{"type":"Feature","properties":{"district_name":"Chilanzar district","role":"display_only"},"geometry":{"type":"Point","coordinates":[69.20015,41.29081]}},{"type":"Feature","properties":{"district_name":"Yakkasaray district","role":"display_only"},"geometry":{"type":"Point","coordinates":[69.24263,41.26568]}},{"type":"Feature","properties":{"district_name":"Yakkasaray district","role":"display_only"},"geometry":{"type":"Point","coordinates":[69.23459,41.26353]}},{"type":"Feature","properties":{"district_name":"Chilanzar district","role":"display_only"},"geometry":{"type":"Point","coordinates":[69.20901,41.25676]}},{"type":"Feature","properties":{"district_name":"Chilanzar district","role":"display_only"},"geometry":{"type":"Point","coordinates":[69.20563,41.25491]}},{"type":"Feature","properties":{"district_name":"Chilanzar district","role":"display_only"},"geometry":{"type":"Point","coordinates":[69.2105,41.25779]}},{"type":"Feature","properties":{"district_name":"Yakkasaray district","role":"display_only"},"geometry":{"type":"Point","coordinates":[69.24117,41.26569]}},{"type":"Feature","properties":{"district_name":"Chilanzar district","role":"display_only"},"geometry":{"type":"Point","coordinates":[69.17616,41.22915]}},{"type":"Feature","properties":{"district_name":"Yangikhayot district","role":"display_only"},"geometry":{"type":"Point","coordinates":[69.19142,41.22678]}},{"type":"Feature","properties":{"district_name":"Yangikhayot district","role":"display_only"},"geometry":{"type":"Point","coordinates":[69.19281,41.23143]}},{"type":"Feature","properties":{"district_name":"Yangikhayot district","role":"display_only"},"geometry":{"type":"Point","coordinates":[69.19061,41.22852]}},{"type":"Feature","properties":{"district_name":"Yangikhayot district","role":"display_only"},"geometry":{"type":"Point","coordinates":[69.19738,41.22711]}},{"type":"Feature","properties":{"district_name":"Yangikhayot district","role":"display_only"},"geometry":{"type":"Point","coordinates":[69.19159,41.22669]}},{"type":"Feature","properties":{"district_name":"Chilanzar district","role":"display_only"},"geometry":{"type":"Point","coordinates":[69.17616,41.22904]}},{"type":"Feature","properties":{"district_name":"Uchtepa district","role":"display_only"},"geometry":{"type":"Point","coordinates":[69.16472,41.28352]}},{"type":"Feature","properties":{"district_name":"Uchtepa district","role":"display_only"},"geometry":{"type":"Point","coordinates":[69.14795,41.27789]}},{"type":"Feature","properties":{"district_name":"Uchtepa district","role":"display_only"},"geometry":{"type":"Point","coordinates":[69.15591,41.28175]}},{"type":"Feature","properties":{"district_name":"Uchtepa district","role":"display_only"},"geometry":{"type":"Point","coordinates":[69.16467,41.28361]}},{"type":"Feature","properties":{"district_name":"Chilanzar district","role":"display_only"},"geometry":{"type":"Point","coordinates":[69.20091,41.2818]}},{"type":"Feature","properties":{"district_name":"Chilanzar district","role":"display_only"},"geometry":{"type":"Point","coordinates":[69.20505,41.28603]}},{"type":"Feature","properties":{"district_name":"Almazar district","role":"display_only"},"geometry":{"type":"Point","coordinates":[69.18838,41.36258]}},{"type":"Feature","properties":{"district_name":"Almazar district","role":"display_only"},"geometry":{"type":"Point","coordinates":[69.18547,41.36396]}},{"type":"Feature","properties":{"district_name":"Almazar district","role":"display_only"},"geometry":{"type":"Point","coordinates":[69.18363,41.36525]}},{"type":"Feature","properties":{"district_name":"Shaykhantakhur district","role":"display_only"},"geometry":{"type":"Point","coordinates":[69.19897,41.33098]}},{"type":"Feature","properties":{"district_name":"Uchtepa district","role":"display_only"},"geometry":{"type":"Point","coordinates":[69.18851,41.30997]}},{"type":"Feature","properties":{"district_name":"Uchtepa district","role":"display_only"},"geometry":{"type":"Point","coordinates":[69.18903,41.30734]}},{"type":"Feature","properties":{"district_name":"Shaykhantakhur district","role":"display_only"},"geometry":{"type":"Point","coordinates":[69.2552,41.32662]}},{"type":"Feature","properties":{"district_name":"Shaykhantakhur district","role":"display_only"},"geometry":{"type":"Point","coordinates":[69.25546,41.32863]}},{"type":"Feature","properties":{"district_name":"Shaykhantakhur district","role":"display_only"},"geometry":{"type":"Point","coordinates":[69.26845,41.33898]}},{"type":"Feature","properties":{"district_name":"Yunusabad district","role":"display_only"},"geometry":{"type":"Point","coordinates":[69.27236,41.35136]}},{"type":"Feature","properties":{"district_name":"Yunusabad district","role":"display_only"},"geometry":{"type":"Point","coordinates":[69.27124,41.3503]}},{"type":"Feature","properties":{"district_name":"Yunusabad district","role":"display_only"},"geometry":{"type":"Point","coordinates":[69.26766,41.34698]}},{"type":"Feature","properties":{"district_name":"Yunusabad district","role":"display_only"},"geometry":{"type":"Point","coordinates":[69.27298,41.34319]}},{"type":"Feature","properties":{"district_name":"Yunusabad district","role":"display_only"},"geometry":{"type":"Point","coordinates":[69.27057,41.34053]}},{"type":"Feature","properties":{"district_name":"Shaykhantakhur district","role":"display_only"},"geometry":{"type":"Point","coordinates":[69.25528,41.32622]}},{"type":"Feature","properties":{"district_name":"Shaykhantakhur district","role":"display_only"},"geometry":{"type":"Point","coordinates":[69.25486,41.32275]}},{"type":"Feature","properties":{"district_name":"Shaykhantakhur district","role":"display_only"},"geometry":{"type":"Point","coordinates":[69.20222,41.32182]}},{"type":"Feature","properties":{"district_name":"Uchtepa district","role":"display_only"},"geometry":{"type":"Point","coordinates":[69.18302,41.31307]}},{"type":"Feature","properties":{"district_name":"Uchtepa district","role":"display_only"},"geometry":{"type":"Point","coordinates":[69.17628,41.31119]}},{"type":"Feature","properties":{"district_name":"Uchtepa district","role":"display_only"},"geometry":{"type":"Point","coordinates":[69.17705,41.30776]}},{"type":"Feature","properties":{"district_name":"Uchtepa district","role":"display_only"},"geometry":{"type":"Point","coordinates":[69.18137,41.30646]}},{"type":"Feature","properties":{"district_name":"Uchtepa district","role":"display_only"},"geometry":{"type":"Point","coordinates":[69.18406,41.30518]}},{"type":"Feature","properties":{"district_name":"Yunusabad district","role":"display_only"},"geometry":{"type":"Point","coordinates":[69.29275,41.33591]}},{"type":"Feature","properties":{"district_name":"Yunusabad district","role":"display_only"},"geometry":{"type":"Point","coordinates":[69.29133,41.32761]}},{"type":"Feature","properties":{"district_name":"Sergeli district","role":"display_only"},"geometry":{"type":"Point","coordinates":[69.21515,41.22509]}},{"type":"Feature","properties":{"district_name":"Sergeli district","role":"display_only"},"geometry":{"type":"Point","coordinates":[69.20856,41.22233]}},{"type":"Feature","properties":{"district_name":"Yangikhayot district","role":"display_only"},"geometry":{"type":"Point","coordinates":[69.19962,41.20949]}},{"type":"Feature","properties":{"district_name":"Yangikhayot district","role":"display_only"},"geometry":{"type":"Point","coordinates":[69.2028,41.21127]}},{"type":"Feature","properties":{"district_name":"Yakkasaray district","role":"display_only"},"geometry":{"type":"Point","coordinates":[69.22962,41.26377]}},{"type":"Feature","properties":{"district_name":"Yakkasaray district","role":"display_only"},"geometry":{"type":"Point","coordinates":[69.23002,41.26417]}},{"type":"Feature","properties":{"district_name":"Bektemir district","role":"display_only"},"geometry":{"type":"Point","coordinates":[69.32353,41.20561]}},{"type":"Feature","properties":{"district_name":"Yashnabad district","role":"display_only"},"geometry":{"type":"Point","coordinates":[69.32639,41.26245]}},{"type":"Feature","properties":{"district_name":"Bektemir district","role":"display_only"},"geometry":{"type":"Point","coordinates":[69.33558,41.23194]}},{"type":"Feature","properties":{"district_name":"Bektemir district","role":"display_only"},"geometry":{"type":"Point","coordinates":[69.33565,41.22691]}},{"type":"Feature","properties":{"district_name":"Bektemir district","role":"display_only"},"geometry":{"type":"Point","coordinates":[69.33432,41.2208]}},{"type":"Feature","properties":{"district_name":"Bektemir district","role":"display_only"},"geometry":{"type":"Point","coordinates":[69.33466,41.21685]}},{"type":"Feature","properties":{"district_name":"Bektemir district","role":"display_only"},"geometry":{"type":"Point","coordinates":[69.32508,41.19633]}},{"type":"Feature","properties":{"district_name":"Bektemir district","role":"display_only"},"geometry":{"type":"Point","coordinates":[69.33341,41.20884]}},{"type":"Feature","properties":{"district_name":"Bektemir district","role":"display_only"},"geometry":{"type":"Point","coordinates":[69.33431,41.21533]}},{"type":"Feature","properties":{"district_name":"Bektemir district","role":"display_only"},"geometry":{"type":"Point","coordinates":[69.33428,41.2199]}},{"type":"Feature","properties":{"district_name":"Bektemir district","role":"display_only"},"geometry":{"type":"Point","coordinates":[69.33552,41.22673]}},{"type":"Feature","properties":{"district_name":"Bektemir district","role":"display_only"},"geometry":{"type":"Point","coordinates":[69.3354,41.23208]}},{"type":"Feature","properties":{"district_name":"Bektemir district","role":"display_only"},"geometry":{"type":"Point","coordinates":[69.32339,41.20575]}},{"type":"Feature","properties":{"district_name":"Yashnabad district","role":"display_only"},"geometry":{"type":"Point","coordinates":[69.32032,41.25677]}},{"type":"Feature","properties":{"district_name":"Yashnabad district","role":"display_only"},"geometry":{"type":"Point","coordinates":[69.31971,41.25997]}},{"type":"Feature","properties":{"district_name":"Yashnabad district","role":"display_only"},"geometry":{"type":"Point","coordinates":[69.32571,41.26219]}},{"type":"Feature","properties":{"district_name":"Yangikhayot district","role":"display_only"},"geometry":{"type":"Point","coordinates":[69.21128,41.20106]}},{"type":"Feature","properties":{"district_name":"Sergeli district","role":"display_only"},"geometry":{"type":"Point","coordinates":[69.22962,41.21381]}},{"type":"Feature","properties":{"district_name":"Yakkasaray district","role":"display_only"},"geometry":{"type":"Point","coordinates":[69.23153,41.26553]}},{"type":"Feature","properties":{"district_name":"Yangikhayot district","role":"display_only"},"geometry":{"type":"Point","coordinates":[69.22072,41.20534]}},{"type":"Feature","properties":{"district_name":"Yangikhayot district","role":"display_only"},"geometry":{"type":"Point","coordinates":[69.21644,41.20358]}},{"type":"Feature","properties":{"district_name":"Yangikhayot district","role":"display_only"},"geometry":{"type":"Point","coordinates":[69.21162,41.20158]}},{"type":"Feature","properties":{"district_name":"Yangikhayot district","role":"display_only"},"geometry":{"type":"Point","coordinates":[69.21892,41.20488]}},{"type":"Feature","properties":{"district_name":"Yangikhayot district","role":"display_only"},"geometry":{"type":"Point","coordinates":[69.21739,41.19252]}},{"type":"Feature","properties":{"district_name":"Chilanzar district","role":"display_only"},"geometry":{"type":"Point","coordinates":[69.19912,41.26438]}},{"type":"Feature","properties":{"district_name":"Chilanzar district","role":"display_only"},"geometry":{"type":"Point","coordinates":[69.19725,41.26096]}},{"type":"Feature","properties":{"district_name":"Chilanzar district","role":"display_only"},"geometry":{"type":"Point","coordinates":[69.20032,41.26794]}},{"type":"Feature","properties":{"district_name":"Chilanzar district","role":"display_only"},"geometry":{"type":"Point","coordinates":[69.20142,41.26862]}},{"type":"Feature","properties":{"district_name":"Almazar district","role":"display_only"},"geometry":{"type":"Point","coordinates":[69.2193,41.38011]}},{"type":"Feature","properties":{"district_name":"Almazar district","role":"display_only"},"geometry":{"type":"Point","coordinates":[69.22514,41.3662]}},{"type":"Feature","properties":{"district_name":"Almazar district","role":"display_only"},"geometry":{"type":"Point","coordinates":[69.23296,41.36615]}},{"type":"Feature","properties":{"district_name":"Almazar district","role":"display_only"},"geometry":{"type":"Point","coordinates":[69.24043,41.36715]}},{"type":"Feature","properties":{"district_name":"Almazar district","role":"display_only"},"geometry":{"type":"Point","coordinates":[69.24185,41.36236]}},{"type":"Feature","properties":{"district_name":"Almazar district","role":"display_only"},"geometry":{"type":"Point","coordinates":[69.23925,41.36055]}},{"type":"Feature","properties":{"district_name":"Almazar district","role":"display_only"},"geometry":{"type":"Point","coordinates":[69.24062,41.35179]}},{"type":"Feature","properties":{"district_name":"Almazar district","role":"display_only"},"geometry":{"type":"Point","coordinates":[69.24188,41.34353]}},{"type":"Feature","properties":{"district_name":"Shaykhantakhur district","role":"display_only"},"geometry":{"type":"Point","coordinates":[69.23887,41.3214]}},{"type":"Feature","properties":{"district_name":"Almazar district","role":"display_only"},"geometry":{"type":"Point","coordinates":[69.242,41.34061]}},{"type":"Feature","properties":{"district_name":"Almazar district","role":"display_only"},"geometry":{"type":"Point","coordinates":[69.24188,41.3424]}},{"type":"Feature","properties":{"district_name":"Almazar district","role":"display_only"},"geometry":{"type":"Point","coordinates":[69.24148,41.36165]}},{"type":"Feature","properties":{"district_name":"Almazar district","role":"display_only"},"geometry":{"type":"Point","coordinates":[69.23274,41.36608]}},{"type":"Feature","properties":{"district_name":"Almazar district","role":"display_only"},"geometry":{"type":"Point","coordinates":[69.22993,41.36512]}},{"type":"Feature","properties":{"district_name":"Almazar district","role":"display_only"},"geometry":{"type":"Point","coordinates":[69.2251,41.36525]}},{"type":"Feature","properties":{"district_name":"Almazar district","role":"display_only"},"geometry":{"type":"Point","coordinates":[69.225,41.36901]}},{"type":"Feature","properties":{"district_name":"Almazar district","role":"display_only"},"geometry":{"type":"Point","coordinates":[69.21538,41.38357]}},{"type":"Feature","properties":{"district_name":"Almazar district","role":"display_only"},"geometry":{"type":"Point","coordinates":[69.22459,41.39271]}},{"type":"Feature","properties":{"district_name":"Yunusabad district","role":"display_only"},"geometry":{"type":"Point","coordinates":[69.2425,41.39833]}},{"type":"Feature","properties":{"district_name":"Yunusabad district","role":"display_only"},"geometry":{"type":"Point","coordinates":[69.25034,41.39795]}},{"type":"Feature","properties":{"district_name":"Yunusabad district","role":"display_only"},"geometry":{"type":"Point","coordinates":[69.24083,41.39823]}},{"type":"Feature","properties":{"district_name":"Yunusabad district","role":"display_only"},"geometry":{"type":"Point","coordinates":[69.23574,41.39812]}},{"type":"Feature","properties":{"district_name":"Almazar district","role":"display_only"},"geometry":{"type":"Point","coordinates":[69.22595,41.3934]}},{"type":"Feature","properties":{"district_name":"Almazar district","role":"display_only"},"geometry":{"type":"Point","coordinates":[69.2421,41.34044]}},{"type":"Feature","properties":{"district_name":"Chilanzar district","role":"display_only"},"geometry":{"type":"Point","coordinates":[69.20498,41.30044]}},{"type":"Feature","properties":{"district_name":"Chilanzar district","role":"display_only"},"geometry":{"type":"Point","coordinates":[69.19519,41.29939]}},{"type":"Feature","properties":{"district_name":"Chilanzar district","role":"display_only"},"geometry":{"type":"Point","coordinates":[69.1957,41.2993]}},{"type":"Feature","properties":{"district_name":"Chilanzar district","role":"display_only"},"geometry":{"type":"Point","coordinates":[69.20467,41.30043]}},{"type":"Feature","properties":{"district_name":"Chilanzar district","role":"display_only"},"geometry":{"type":"Point","coordinates":[69.20927,41.30053]}},{"type":"Feature","properties":{"district_name":"Shaykhantakhur district","role":"display_only"},"geometry":{"type":"Point","coordinates":[69.20233,41.30098]}},{"type":"Feature","properties":{"district_name":"Shaykhantakhur district","role":"display_only"},"geometry":{"type":"Point","coordinates":[69.19805,41.30277]}},{"type":"Feature","properties":{"district_name":"Shaykhantakhur district","role":"display_only"},"geometry":{"type":"Point","coordinates":[69.21163,41.30212]}},{"type":"Feature","properties":{"district_name":"Shaykhantakhur district","role":"display_only"},"geometry":{"type":"Point","coordinates":[69.21461,41.30448]}},{"type":"Feature","properties":{"district_name":"Shaykhantakhur district","role":"display_only"},"geometry":{"type":"Point","coordinates":[69.21714,41.30654]}},{"type":"Feature","properties":{"district_name":"Almazar district","role":"display_only"},"geometry":{"type":"Point","coordinates":[69.24105,41.35592]}},{"type":"Feature","properties":{"district_name":"Almazar district","role":"display_only"},"geometry":{"type":"Point","coordinates":[69.25474,41.35425]}},{"type":"Feature","properties":{"district_name":"Almazar district","role":"display_only"},"geometry":{"type":"Point","coordinates":[69.25823,41.3521]}},{"type":"Feature","properties":{"district_name":"Almazar district","role":"display_only"},"geometry":{"type":"Point","coordinates":[69.26225,41.3498]}},{"type":"Feature","properties":{"district_name":"Yunusabad district","role":"display_only"},"geometry":{"type":"Point","coordinates":[69.26348,41.34967]}},{"type":"Feature","properties":{"district_name":"Almazar district","role":"display_only"},"geometry":{"type":"Point","coordinates":[69.25892,41.35168]}},{"type":"Feature","properties":{"district_name":"Shaykhantakhur district","role":"display_only"},"geometry":{"type":"Point","coordinates":[69.23384,41.31999]}},{"type":"Feature","properties":{"district_name":"Shaykhantakhur district","role":"display_only"},"geometry":{"type":"Point","coordinates":[69.21524,41.30485]}},{"type":"Feature","properties":{"district_name":"Yashnabad district","role":"display_only"},"geometry":{"type":"Point","coordinates":[69.351,41.28211]}},{"type":"Feature","properties":{"district_name":"Sergeli district","role":"display_only"},"geometry":{"type":"Point","coordinates":[69.25647,41.2451]}},{"type":"Feature","properties":{"district_name":"Sergeli district","role":"display_only"},"geometry":{"type":"Point","coordinates":[69.26414,41.24449]}},{"type":"Feature","properties":{"district_name":"Uchtepa district","role":"display_only"},"geometry":{"type":"Point","coordinates":[69.16376,41.29743]}},{"type":"Feature","properties":{"district_name":"Mirabad district","role":"display_only"},"geometry":{"type":"Point","coordinates":[69.28332,41.27258]}},{"type":"Feature","properties":{"district_name":"Uchtepa district","role":"display_only"},"geometry":{"type":"Point","coordinates":[69.18762,41.32267]}},{"type":"Feature","properties":{"district_name":"Uchtepa district","role":"display_only"},"geometry":{"type":"Point","coordinates":[69.18882,41.32252]}},{"type":"Feature","properties":{"district_name":"Uchtepa district","role":"display_only"},"geometry":{"type":"Point","coordinates":[69.18484,41.32277]}},{"type":"Feature","properties":{"district_name":"Uchtepa district","role":"display_only"},"geometry":{"type":"Point","coordinates":[69.18514,41.32266]}},{"type":"Feature","properties":{"district_name":"Uchtepa district","role":"display_only"},"geometry":{"type":"Point","coordinates":[69.16431,41.29779]}},{"type":"Feature","properties":{"district_name":"Uchtepa district","role":"display_only"},"geometry":{"type":"Point","coordinates":[69.15937,41.29521]}},{"type":"Feature","properties":{"district_name":"Sergeli district","role":"display_only"},"geometry":{"type":"Point","coordinates":[69.2485,41.24434]}},{"type":"Feature","properties":{"district_name":"Sergeli district","role":"display_only"},"geometry":{"type":"Point","coordinates":[69.22393,41.24376]}},{"type":"Feature","properties":{"district_name":"Yangikhayot district","role":"display_only"},"geometry":{"type":"Point","coordinates":[69.21487,41.19498]}},{"type":"Feature","properties":{"district_name":"Yangikhayot district","role":"display_only"},"geometry":{"type":"Point","coordinates":[69.21055,41.19322]}},{"type":"Feature","properties":{"district_name":"Yangikhayot district","role":"display_only"},"geometry":{"type":"Point","coordinates":[69.20576,41.19189]}},{"type":"Feature","properties":{"district_name":"Sergeli district","role":"display_only"},"geometry":{"type":"Point","coordinates":[69.22387,41.24388]}},{"type":"Feature","properties":{"district_name":"Sergeli district","role":"display_only"},"geometry":{"type":"Point","coordinates":[69.24888,41.24449]}},{"type":"Feature","properties":{"district_name":"Sergeli district","role":"display_only"},"geometry":{"type":"Point","coordinates":[69.25548,41.24449]}},{"type":"Feature","properties":{"district_name":"Chilanzar district","role":"display_only"},"geometry":{"type":"Point","coordinates":[69.17926,41.27189]}},{"type":"Feature","properties":{"district_name":"Chilanzar district","role":"display_only"},"geometry":{"type":"Point","coordinates":[69.16071,41.2649]}},{"type":"Feature","properties":{"district_name":"Uchtepa district","role":"display_only"},"geometry":{"type":"Point","coordinates":[69.17524,41.27075]}},{"type":"Feature","properties":{"district_name":"Chilanzar district","role":"display_only"},"geometry":{"type":"Point","coordinates":[69.17851,41.2718]}},{"type":"Feature","properties":{"district_name":"Chilanzar district","role":"display_only"},"geometry":{"type":"Point","coordinates":[69.15072,41.26125]}},{"type":"Feature","properties":{"district_name":"Chilanzar district","role":"display_only"},"geometry":{"type":"Point","coordinates":[69.18699,41.2738]}},{"type":"Feature","properties":{"district_name":"Yangikhayot district","role":"display_only"},"geometry":{"type":"Point","coordinates":[69.22912,41.19658]}},{"type":"Feature","properties":{"district_name":"Yangikhayot district","role":"display_only"},"geometry":{"type":"Point","coordinates":[69.22276,41.19431]}},{"type":"Feature","properties":{"district_name":"Yangikhayot district","role":"display_only"},"geometry":{"type":"Point","coordinates":[69.22184,41.19394]}},{"type":"Feature","properties":{"district_name":"Yangikhayot district","role":"display_only"},"geometry":{"type":"Point","coordinates":[69.22791,41.19644]}},{"type":"Feature","properties":{"district_name":"Yangikhayot district","role":"display_only"},"geometry":{"type":"Point","coordinates":[69.23431,41.19415]}},{"type":"Feature","properties":{"district_name":"Yangikhayot district","role":"display_only"},"geometry":{"type":"Point","coordinates":[69.23023,41.18664]}},{"type":"Feature","properties":{"district_name":"Yangikhayot district","role":"display_only"},"geometry":{"type":"Point","coordinates":[69.23777,41.1861]}},{"type":"Feature","properties":{"district_name":"Yashnabad district","role":"display_only"},"geometry":{"type":"Point","coordinates":[69.35359,41.26443]}},{"type":"Feature","properties":{"district_name":"Yashnabad district","role":"display_only"},"geometry":{"type":"Point","coordinates":[69.4512,41.33455]}},{"type":"Feature","properties":{"district_name":"Yashnabad district","role":"display_only"},"geometry":{"type":"Point","coordinates":[69.44584,41.33612]}},{"type":"Feature","properties":{"district_name":"Yashnabad district","role":"display_only"},"geometry":{"type":"Point","coordinates":[69.44707,41.33566]}},{"type":"Feature","properties":{"district_name":"Yashnabad district","role":"display_only"},"geometry":{"type":"Point","coordinates":[69.44172,41.33549]}},{"type":"Feature","properties":{"district_name":"Yashnabad district","role":"display_only"},"geometry":{"type":"Point","coordinates":[69.4422,41.33552]}},{"type":"Feature","properties":{"district_name":"Yashnabad district","role":"display_only"},"geometry":{"type":"Point","coordinates":[69.43969,41.33495]}},{"type":"Feature","properties":{"district_name":"Yashnabad district","role":"display_only"},"geometry":{"type":"Point","coordinates":[69.43373,41.33378]}},{"type":"Feature","properties":{"district_name":"Yashnabad district","role":"display_only"},"geometry":{"type":"Point","coordinates":[69.43514,41.33398]}},{"type":"Feature","properties":{"district_name":"Yashnabad district","role":"display_only"},"geometry":{"type":"Point","coordinates":[69.42904,41.33273]}},{"type":"Feature","properties":{"district_name":"Yashnabad district","role":"display_only"},"geometry":{"type":"Point","coordinates":[69.42794,41.33257]}},{"type":"Feature","properties":{"district_name":"Yashnabad district","role":"display_only"},"geometry":{"type":"Point","coordinates":[69.41394,41.33354]}},{"type":"Feature","properties":{"district_name":"Yashnabad district","role":"display_only"},"geometry":{"type":"Point","coordinates":[69.40075,41.33593]}},{"type":"Feature","properties":{"district_name":"Yashnabad district","role":"display_only"},"geometry":{"type":"Point","coordinates":[69.39927,41.33627]}},{"type":"Feature","properties":{"district_name":"Mirzo Ulugbek district","role":"display_only"},"geometry":{"type":"Point","coordinates":[69.34988,41.34101]}},{"type":"Feature","properties":{"district_name":"Mirzo Ulugbek district","role":"display_only"},"geometry":{"type":"Point","coordinates":[69.34577,41.34351]}},{"type":"Feature","properties":{"district_name":"Mirzo Ulugbek district","role":"display_only"},"geometry":{"type":"Point","coordinates":[69.3364,41.34067]}},{"type":"Feature","properties":{"district_name":"Mirzo Ulugbek district","role":"display_only"},"geometry":{"type":"Point","coordinates":[69.31876,41.33601]}},{"type":"Feature","properties":{"district_name":"Mirzo Ulugbek district","role":"display_only"},"geometry":{"type":"Point","coordinates":[69.30387,41.33372]}},{"type":"Feature","properties":{"district_name":"Yunusabad district","role":"display_only"},"geometry":{"type":"Point","coordinates":[69.28223,41.37785]}},{"type":"Feature","properties":{"district_name":"Mirzo Ulugbek district","role":"display_only"},"geometry":{"type":"Point","coordinates":[69.30198,41.33351]}},{"type":"Feature","properties":{"district_name":"Mirzo Ulugbek district","role":"display_only"},"geometry":{"type":"Point","coordinates":[69.34453,41.34437]}},{"type":"Feature","properties":{"district_name":"Mirzo Ulugbek district","role":"display_only"},"geometry":{"type":"Point","coordinates":[69.35527,41.33773]}},{"type":"Feature","properties":{"district_name":"Mirzo Ulugbek district","role":"display_only"},"geometry":{"type":"Point","coordinates":[69.36519,41.33178]}},{"type":"Feature","properties":{"district_name":"Yashnabad district","role":"display_only"},"geometry":{"type":"Point","coordinates":[69.40868,41.33457]}},{"type":"Feature","properties":{"district_name":"Yashnabad district","role":"display_only"},"geometry":{"type":"Point","coordinates":[69.42245,41.33208]}},{"type":"Feature","properties":{"district_name":"Yashnabad district","role":"display_only"},"geometry":{"type":"Point","coordinates":[69.43857,41.3348]}},{"type":"Feature","properties":{"district_name":"Mirabad district","role":"display_only"},"geometry":{"type":"Point","coordinates":[69.27014,41.30886]}},{"type":"Feature","properties":{"district_name":"Mirabad district","role":"display_only"},"geometry":{"type":"Point","coordinates":[69.27051,41.30867]}},{"type":"Feature","properties":{"district_name":"Chilanzar district","role":"display_only"},"geometry":{"type":"Point","coordinates":[69.2281,41.2809]}},{"type":"Feature","properties":{"district_name":"Chilanzar district","role":"display_only"},"geometry":{"type":"Point","coordinates":[69.22816,41.28086]}},{"type":"Feature","properties":{"district_name":"Uchtepa district","role":"display_only"},"geometry":{"type":"Point","coordinates":[69.13355,41.27511]}},{"type":"Feature","properties":{"district_name":"Uchtepa district","role":"display_only"},"geometry":{"type":"Point","coordinates":[69.13949,41.28142]}},{"type":"Feature","properties":{"district_name":"Uchtepa district","role":"display_only"},"geometry":{"type":"Point","coordinates":[69.16108,41.30711]}},{"type":"Feature","properties":{"district_name":"Uchtepa district","role":"display_only"},"geometry":{"type":"Point","coordinates":[69.17376,41.3104]}},{"type":"Feature","properties":{"district_name":"Uchtepa district","role":"display_only"},"geometry":{"type":"Point","coordinates":[69.18296,41.31314]}},{"type":"Feature","properties":{"district_name":"Uchtepa district","role":"display_only"},"geometry":{"type":"Point","coordinates":[69.17275,41.31016]}},{"type":"Feature","properties":{"district_name":"Uchtepa district","role":"display_only"},"geometry":{"type":"Point","coordinates":[69.16848,41.30946]}},{"type":"Feature","properties":{"district_name":"Uchtepa district","role":"display_only"},"geometry":{"type":"Point","coordinates":[69.162,41.30761]}},{"type":"Feature","properties":{"district_name":"Uchtepa district","role":"display_only"},"geometry":{"type":"Point","coordinates":[69.15851,41.30541]}},{"type":"Feature","properties":{"district_name":"Uchtepa district","role":"display_only"},"geometry":{"type":"Point","coordinates":[69.15321,41.30546]}},{"type":"Feature","properties":{"district_name":"Uchtepa district","role":"display_only"},"geometry":{"type":"Point","coordinates":[69.14248,41.28685]}},{"type":"Feature","properties":{"district_name":"Uchtepa district","role":"display_only"},"geometry":{"type":"Point","coordinates":[69.13922,41.28106]}},{"type":"Feature","properties":{"district_name":"Uchtepa district","role":"display_only"},"geometry":{"type":"Point","coordinates":[69.13663,41.27767]}},{"type":"Feature","properties":{"district_name":"Bektemir district","role":"display_only"},"geometry":{"type":"Point","coordinates":[69.34038,41.23302]}},{"type":"Feature","properties":{"district_name":"Bektemir district","role":"display_only"},"geometry":{"type":"Point","coordinates":[69.35106,41.24071]}},{"type":"Feature","properties":{"district_name":"Yashnabad district","role":"display_only"},"geometry":{"type":"Point","coordinates":[69.34549,41.27942]}},{"type":"Feature","properties":{"district_name":"Uchtepa district","role":"display_only"},"geometry":{"type":"Point","coordinates":[69.16437,41.26886]}},{"type":"Feature","properties":{"district_name":"Chilanzar district","role":"display_only"},"geometry":{"type":"Point","coordinates":[69.22686,41.29563]}},{"type":"Feature","properties":{"district_name":"Chilanzar district","role":"display_only"},"geometry":{"type":"Point","coordinates":[69.22791,41.29574]}},{"type":"Feature","properties":{"district_name":"Uchtepa district","role":"display_only"},"geometry":{"type":"Point","coordinates":[69.16488,41.2691]}},{"type":"Feature","properties":{"district_name":"Yangikhayot district","role":"display_only"},"geometry":{"type":"Point","coordinates":[69.18448,41.23094]}},{"type":"Feature","properties":{"district_name":"Yangikhayot district","role":"display_only"},"geometry":{"type":"Point","coordinates":[69.1875,41.23464]}},{"type":"Feature","properties":{"district_name":"Yangikhayot district","role":"display_only"},"geometry":{"type":"Point","coordinates":[69.19196,41.23832]}},{"type":"Feature","properties":{"district_name":"Sergeli district","role":"display_only"},"geometry":{"type":"Point","coordinates":[69.19749,41.24128]}},{"type":"Feature","properties":{"district_name":"Sergeli district","role":"display_only"},"geometry":{"type":"Point","coordinates":[69.20136,41.24402]}},{"type":"Feature","properties":{"district_name":"Sergeli district","role":"display_only"},"geometry":{"type":"Point","coordinates":[69.20827,41.24789]}},{"type":"Feature","properties":{"district_name":"Sergeli district","role":"display_only"},"geometry":{"type":"Point","coordinates":[69.21248,41.25061]}},{"type":"Feature","properties":{"district_name":"Sergeli district","role":"display_only"},"geometry":{"type":"Point","coordinates":[69.21445,41.25203]}},{"type":"Feature","properties":{"district_name":"Sergeli district","role":"display_only"},"geometry":{"type":"Point","coordinates":[69.2151,41.25238]}},{"type":"Feature","properties":{"district_name":"Sergeli district","role":"display_only"},"geometry":{"type":"Point","coordinates":[69.21327,41.25104]}},{"type":"Feature","properties":{"district_name":"Sergeli district","role":"display_only"},"geometry":{"type":"Point","coordinates":[69.20963,41.24862]}},{"type":"Feature","properties":{"district_name":"Sergeli district","role":"display_only"},"geometry":{"type":"Point","coordinates":[69.20204,41.24438]}},{"type":"Feature","properties":{"district_name":"Yangikhayot district","role":"display_only"},"geometry":{"type":"Point","coordinates":[69.19486,41.23939]}},{"type":"Feature","properties":{"district_name":"Yangikhayot district","role":"display_only"},"geometry":{"type":"Point","coordinates":[69.19298,41.23866]}},{"type":"Feature","properties":{"district_name":"Yangikhayot district","role":"display_only"},"geometry":{"type":"Point","coordinates":[69.18817,41.23529]}},{"type":"Feature","properties":{"district_name":"Yangikhayot district","role":"display_only"},"geometry":{"type":"Point","coordinates":[69.18529,41.23178]}},{"type":"Feature","properties":{"district_name":"Yangikhayot district","role":"display_only"},"geometry":{"type":"Point","coordinates":[69.18033,41.22684]}},{"type":"Feature","properties":{"district_name":"Yangikhayot district","role":"display_only"},"geometry":{"type":"Point","coordinates":[69.17903,41.22587]}},{"type":"Feature","properties":{"district_name":"Yangikhayot district","role":"display_only"},"geometry":{"type":"Point","coordinates":[69.17917,41.2258]}},{"type":"Feature","properties":{"district_name":"Yangikhayot district","role":"display_only"},"geometry":{"type":"Point","coordinates":[69.22117,41.20201]}},{"type":"Feature","properties":{"district_name":"Yangikhayot district","role":"display_only"},"geometry":{"type":"Point","coordinates":[69.22846,41.20307]}},{"type":"Feature","properties":{"district_name":"Yangikhayot district","role":"display_only"},"geometry":{"type":"Point","coordinates":[69.23327,41.20505]}},{"type":"Feature","properties":{"district_name":"Yangikhayot district","role":"display_only"},"geometry":{"type":"Point","coordinates":[69.23243,41.20896]}},{"type":"Feature","properties":{"district_name":"Yangikhayot district","role":"display_only"},"geometry":{"type":"Point","coordinates":[69.22972,41.20555]}},{"type":"Feature","properties":{"district_name":"Yangikhayot district","role":"display_only"},"geometry":{"type":"Point","coordinates":[69.22527,41.20199]}},{"type":"Feature","properties":{"district_name":"Yangikhayot district","role":"display_only"},"geometry":{"type":"Point","coordinates":[69.22632,41.2005]}},{"type":"Feature","properties":{"district_name":"Yangikhayot district","role":"display_only"},"geometry":{"type":"Point","coordinates":[69.20579,41.19184]}},{"type":"Feature","properties":{"district_name":"Mirzo Ulugbek district","role":"display_only"},"geometry":{"type":"Point","coordinates":[69.30745,41.33087]}},{"type":"Feature","properties":{"district_name":"Mirzo Ulugbek district","role":"display_only"},"geometry":{"type":"Point","coordinates":[69.30959,41.3313]}},{"type":"Feature","properties":{"district_name":"Mirzo Ulugbek district","role":"display_only"},"geometry":{"type":"Point","coordinates":[69.31124,41.33164]}},{"type":"Feature","properties":{"district_name":"Sergeli district","role":"display_only"},"geometry":{"type":"Point","coordinates":[69.22387,41.21905]}},{"type":"Feature","properties":{"district_name":"Yangikhayot district","role":"display_only"},"geometry":{"type":"Point","coordinates":[69.1958,41.21734]}},{"type":"Feature","properties":{"district_name":"Yangikhayot district","role":"display_only"},"geometry":{"type":"Point","coordinates":[69.20012,41.22291]}},{"type":"Feature","properties":{"district_name":"Yangikhayot district","role":"display_only"},"geometry":{"type":"Point","coordinates":[69.19666,41.21818]}},{"type":"Feature","properties":{"district_name":"Sergeli district","role":"display_only"},"geometry":{"type":"Point","coordinates":[69.20854,41.22139]}},{"type":"Feature","properties":{"district_name":"Yangikhayot district","role":"display_only"},"geometry":{"type":"Point","coordinates":[69.20582,41.19179]}},{"type":"Feature","properties":{"district_name":"Mirzo Ulugbek district","role":"display_only"},"geometry":{"type":"Point","coordinates":[69.29212,41.3084]}},{"type":"Feature","properties":{"district_name":"Mirzo Ulugbek district","role":"display_only"},"geometry":{"type":"Point","coordinates":[69.29066,41.31457]}},{"type":"Feature","properties":{"district_name":"Mirzo Ulugbek district","role":"display_only"},"geometry":{"type":"Point","coordinates":[69.29166,41.31254]}}]}
