{"type":"FeatureCollection","features":[{"type":"Feature","properties":{"facility_id":"ed_node_1180419912","name":"Musiqa maktabi","education_category":"school","district_name":"Yashnabad district","district_assignment":"within","osm_type":"node","osm_id":1180419912,"representative_point_method":"osm_node","role":"display_only"},"geometry":{"type":"Point","coordinates":[69.3077066,41.3075749]}},{"type":"Feature","properties":{"facility_id":"ed_node_1814500520","name":null,"education_category":"kindergarten","district_name":"Sergeli district","district_assignment":"within","osm_type":"node","osm_id":1814500520,"representative_point_method":"osm_node","role":"display_only"},"geometry":{"type":"Point","coordinates":[69.2140938,41.2179993]}},{"type":"Feature","properties":{"facility_id":"ed_node_1925791814","name":"Колледж сферы услуг","education_category":"college","district_name":"Yakkasaray district","district_assignment":"within","osm_type":"node","osm_id":1925791814,"representative_point_method":"osm_node","role":"display_only"},"geometry":{"type":"Point","coordinates":[69.243741,41.2737253]}},{"type":"Feature","properties":{"facility_id":"ed_node_2004078172","name":"филиал музыкальной школы №8","education_category":"school","district_name":"Chilanzar district","district_assignment":"within","osm_type":"node","osm_id":2004078172,"representative_point_method":"osm_node","role":"display_only"},"geometry":{"type":"Point","coordinates":[69.1570262,41.2578075]}},{"type":"Feature","properties":{"facility_id":"ed_node_2004974888","name":"Институт повышения квалификации педагогов","education_category":"university","district_name":"Yakkasaray district","district_assignment":"within","osm_type":"node","osm_id":2004974888,"representative_point_method":"osm_node","role":"display_only"},"geometry":{"type":"Point","coordinates":[69.2539962,41.2953378]}},{"type":"Feature","properties":{"facility_id":"ed_node_2130500628","name":"Ташкентская духовная семинария","education_category":"university","district_name":"Mirabad district","district_assignment":"within","osm_type":"node","osm_id":2130500628,"representative_point_method":"osm_node","role":"display_only"},"geometry":{"type":"Point","coordinates":[69.279495,41.2905394]}},{"type":"Feature","properties":{"facility_id":"ed_node_3661709430","name":"Московский Технологический Институт","education_category":"university","district_name":"Shaykhantakhur district","district_assignment":"within","osm_type":"node","osm_id":3661709430,"representative_point_method":"osm_node","role":"display_only"},"geometry":{"type":"Point","coordinates":[69.2405122,41.3124713]}},{"type":"Feature","properties":{"facility_id":"ed_node_3784376588","name":"Lilly Education учебный центр","education_category":"school","district_name":"Chilanzar district","district_assignment":"within","osm_type":"node","osm_id":3784376588,"representative_point_method":"osm_node","role":"display_only"},"geometry":{"type":"Point","coordinates":[69.2228706,41.294518]}},{"type":"Feature","properties":{"facility_id":"ed_node_4107186236","name":"Школа №321","education_category":"school","district_name":"Yakkasaray district","district_assignment":"within","osm_type":"node","osm_id":4107186236,"representative_point_method":"osm_node","role":"display_only"},"geometry":{"type":"Point","coordinates":[69.2625869,41.274424]}},{"type":"Feature","properties":{"facility_id":"ed_node_4201939211","name":"Toshkent Turk Litseyi","education_category":"school","district_name":"Mirzo Ulugbek district","district_assignment":"within","osm_type":"node","osm_id":4201939211,"representative_point_method":"osm_node","role":"display_only"},"geometry":{"type":"Point","coordinates":[69.3262141,41.3347654]}},{"type":"Feature","properties":{"facility_id":"ed_node_4230430189","name":"ТГПУ - Иностранные языки","education_category":"school","district_name":"Yakkasaray district","district_assignment":"within","osm_type":"node","osm_id":4230430189,"representative_point_method":"osm_node","role":"display_only"},"geometry":{"type":"Point","coordinates":[69.2503495,41.2975711]}},{"type":"Feature","properties":{"facility_id":"ed_node_4250502089","name":"Бывшая ср. школа 53","education_category":"school","district_name":"Mirabad district","district_assignment":"within","osm_type":"node","osm_id":4250502089,"representative_point_method":"osm_node","role":"display_only"},"geometry":{"type":"Point","coordinates":[69.2719071,41.2695894]}},{"type":"Feature","properties":{"facility_id":"ed_node_4302044592","name":"Mickey Mouse Kindergarten","education_category":"kindergarten","district_name":"Shaykhantakhur district","district_assignment":"within","osm_type":"node","osm_id":4302044592,"representative_point_method":"osm_node","role":"display_only"},"geometry":{"type":"Point","coordinates":[69.2663897,41.3412401]}},{"type":"Feature","properties":{"facility_id":"ed_node_4320040988","name":"Umnyashki","education_category":"kindergarten","district_name":"Yunusabad district","district_assignment":"within","osm_type":"node","osm_id":4320040988,"representative_point_method":"osm_node","role":"display_only"},"geometry":{"type":"Point","coordinates":[69.2854171,41.363748]}},{"type":"Feature","properties":{"facility_id":"ed_node_4320670196","name":"Академический лицей при Автодорожном институте","education_category":"college","district_name":"Uchtepa district","district_assignment":"within","osm_type":"node","osm_id":4320670196,"representative_point_method":"osm_node","role":"display_only"},"geometry":{"type":"Point","coordinates":[69.1501918,41.2655673]}},{"type":"Feature","properties":{"facility_id":"ed_node_4324635890","name":"Автошкола \"Avtotest\" (Навои)","education_category":"school","district_name":"Shaykhantakhur district","district_assignment":"within","osm_type":"node","osm_id":4324635890,"representative_point_method":"osm_node","role":"display_only"},"geometry":{"type":"Point","coordinates":[69.2443218,41.3215198]}},{"type":"Feature","properties":{"facility_id":"ed_node_4351398338","name":"\"Barkamol Avlod\" bolalar ijodiyot markazi","education_category":"school","district_name":"Uchtepa district","district_assignment":"within","osm_type":"node","osm_id":4351398338,"representative_point_method":"osm_node","role":"display_only"},"geometry":{"type":"Point","coordinates":[69.1815584,41.3103935]}},{"type":"Feature","properties":{"facility_id":"ed_node_4365345989","name":"Evrika School","education_category":"school","district_name":"Yunusabad district","district_assignment":"within","osm_type":"node","osm_id":4365345989,"representative_point_method":"osm_node","role":"display_only"},"geometry":{"type":"Point","coordinates":[69.286293,41.3390371]}},{"type":"Feature","properties":{"facility_id":"ed_node_4383568590","name":"Кингдом Эдукейшн","education_category":"school","district_name":"Chilanzar district","district_assignment":"within","osm_type":"node","osm_id":4383568590,"representative_point_method":"osm_node","role":"display_only"},"geometry":{"type":"Point","coordinates":[69.2436331,41.30918]}},{"type":"Feature","properties":{"facility_id":"ed_node_4384857708","name":"Детский сад \"Dream Boat\"","education_category":"kindergarten","district_name":"Yashnabad district","district_assignment":"within","osm_type":"node","osm_id":4384857708,"representative_point_method":"osm_node","role":"display_only"},"geometry":{"type":"Point","coordinates":[69.3377111,41.292541]}},{"type":"Feature","properties":{"facility_id":"ed_node_4417623691","name":"Музыкальная школа","education_category":"school","district_name":"Yashnabad district","district_assignment":"within","osm_type":"node","osm_id":4417623691,"representative_point_method":"osm_node","role":"display_only"},"geometry":{"type":"Point","coordinates":[69.3598926,41.2991248]}},{"type":"Feature","properties":{"facility_id":"ed_node_4424626929","name":"РЭУ им. Г.В. Плеханова","education_category":"university","district_name":"Mirzo Ulugbek district","district_assignment":"within","osm_type":"node","osm_id":4424626929,"representative_point_method":"osm_node","role":"display_only"},"geometry":{"type":"Point","coordinates":[69.3362562,41.3496141]}},{"type":"Feature","properties":{"facility_id":"ed_node_4445666609","name":"The Academy of the National Medicine of Uzbekistan","education_category":"college","district_name":"Yunusabad district","district_assignment":"within","osm_type":"node","osm_id":4445666609,"representative_point_method":"osm_node","role":"display_only"},"geometry":{"type":"Point","coordinates":[69.2812624,41.3766154]}},{"type":"Feature","properties":{"facility_id":"ed_node_4458744192","name":"1-детская школа музыки и искусства","education_category":"school","district_name":"Yunusabad district","district_assignment":"within","osm_type":"node","osm_id":4458744192,"representative_point_method":"osm_node","role":"display_only"},"geometry":{"type":"Point","coordinates":[69.2780603,41.3307891]}},{"type":"Feature","properties":{"facility_id":"ed_node_4488591217","name":"Smart","education_category":"kindergarten","district_name":"Mirzo Ulugbek district","district_assignment":"within","osm_type":"node","osm_id":4488591217,"representative_point_method":"osm_node","role":"display_only"},"geometry":{"type":"Point","coordinates":[69.3277886,41.316432]}},{"type":"Feature","properties":{"facility_id":"ed_node_4491087631","name":"Учебный центр","education_category":"school","district_name":"Almazar district","district_assignment":"within","osm_type":"node","osm_id":4491087631,"representative_point_method":"osm_node","role":"display_only"},"geometry":{"type":"Point","coordinates":[69.2533366,41.3349162]}},{"type":"Feature","properties":{"facility_id":"ed_node_4501763389","name":"Respublika imkoniyati cheklangan shaxslar uchun ixtisoslashtirilgan maxsus texnikum","education_category":"school","district_name":"Mirzo Ulugbek district","district_assignment":"within","osm_type":"node","osm_id":4501763389,"representative_point_method":"osm_node","role":"display_only"},"geometry":{"type":"Point","coordinates":[69.3744157,41.3578554]}},{"type":"Feature","properties":{"facility_id":"ed_node_4507814090","name":"Toshkent pedagogika kolleji","education_category":"college","district_name":"Chilanzar district","district_assignment":"within","osm_type":"node","osm_id":4507814090,"representative_point_method":"osm_node","role":"display_only"},"geometry":{"type":"Point","coordinates":[69.2131853,41.299411]}},{"type":"Feature","properties":{"facility_id":"ed_node_4510738990","name":"Sehriyo Kids","education_category":"kindergarten","district_name":"Almazar district","district_assignment":"within","osm_type":"node","osm_id":4510738990,"representative_point_method":"osm_node","role":"display_only"},"geometry":{"type":"Point","coordinates":[69.2153052,41.3536287]}},{"type":"Feature","properties":{"facility_id":"ed_node_4545878493","name":"Clever Future","education_category":"school","district_name":"Yunusabad district","district_assignment":"within","osm_type":"node","osm_id":4545878493,"representative_point_method":"osm_node","role":"display_only"},"geometry":{"type":"Point","coordinates":[69.2770659,41.3682178]}},{"type":"Feature","properties":{"facility_id":"ed_node_4556721390","name":null,"education_category":"kindergarten","district_name":"Yangikhayot district","district_assignment":"within","osm_type":"node","osm_id":4556721390,"representative_point_method":"osm_node","role":"display_only"},"geometry":{"type":"Point","coordinates":[69.2215214,41.2017735]}},{"type":"Feature","properties":{"facility_id":"ed_node_4568572890","name":"Академия успеха","education_category":"school","district_name":"Yakkasaray district","district_assignment":"within","osm_type":"node","osm_id":4568572890,"representative_point_method":"osm_node","role":"display_only"},"geometry":{"type":"Point","coordinates":[69.2605121,41.2714342]}},{"type":"Feature","properties":{"facility_id":"ed_node_4571199590","name":"Учебный центр \"5 с плюсом\"","education_category":"school","district_name":"Mirabad district","district_assignment":"within","osm_type":"node","osm_id":4571199590,"representative_point_method":"osm_node","role":"display_only"},"geometry":{"type":"Point","coordinates":[69.2745388,41.2969597]}},{"type":"Feature","properties":{"facility_id":"ed_node_4599535443","name":"Детская Школа Музыки и Искусств №26","education_category":"school","district_name":"Yunusabad district","district_assignment":"within","osm_type":"node","osm_id":4599535443,"representative_point_method":"osm_node","role":"display_only"},"geometry":{"type":"Point","coordinates":[69.2683091,41.3695636]}},{"type":"Feature","properties":{"facility_id":"ed_node_4631127991","name":"Школа Футбола","education_category":"school","district_name":"Almazar district","district_assignment":"within","osm_type":"node","osm_id":4631127991,"representative_point_method":"osm_node","role":"display_only"},"geometry":{"type":"Point","coordinates":[69.2107439,41.3581148]}},{"type":"Feature","properties":{"facility_id":"ed_node_4660450836","name":"Автошкола \"Avtotest\" (Integro)","education_category":"school","district_name":"Chilanzar district","district_assignment":"within","osm_type":"node","osm_id":4660450836,"representative_point_method":"osm_node","role":"display_only"},"geometry":{"type":"Point","coordinates":[69.2051479,41.2765469]}},{"type":"Feature","properties":{"facility_id":"ed_node_4664845789","name":"Детский сад N 93","education_category":"kindergarten","district_name":"Yashnabad district","district_assignment":"within","osm_type":"node","osm_id":4664845789,"representative_point_method":"osm_node","role":"display_only"},"geometry":{"type":"Point","coordinates":[69.3537654,41.2842857]}},{"type":"Feature","properties":{"facility_id":"ed_node_4664846389","name":"Автомотохаваскорлар Узгарыш","education_category":"school","district_name":"Sergeli district","district_assignment":"within","osm_type":"node","osm_id":4664846389,"representative_point_method":"osm_node","role":"display_only"},"geometry":{"type":"Point","coordinates":[69.2177588,41.246048]}},{"type":"Feature","properties":{"facility_id":"ed_node_4690268802","name":"2-й академический лицей при ТашПМИ","education_category":"college","district_name":"Yashnabad district","district_assignment":"within","osm_type":"node","osm_id":4690268802,"representative_point_method":"osm_node","role":"display_only"},"geometry":{"type":"Point","coordinates":[69.3298952,41.3082256]}},{"type":"Feature","properties":{"facility_id":"ed_node_4702018821","name":"Профресурс - учебный ресурс","education_category":"school","district_name":"Yakkasaray district","district_assignment":"within","osm_type":"node","osm_id":4702018821,"representative_point_method":"osm_node","role":"display_only"},"geometry":{"type":"Point","coordinates":[69.2236568,41.2642822]}},{"type":"Feature","properties":{"facility_id":"ed_node_4709304491","name":null,"education_category":"school","district_name":"Yakkasaray district","district_assignment":"within","osm_type":"node","osm_id":4709304491,"representative_point_method":"osm_node","role":"display_only"},"geometry":{"type":"Point","coordinates":[69.2568445,41.2901677]}},{"type":"Feature","properties":{"facility_id":"ed_node_4720182494","name":null,"education_category":"kindergarten","district_name":"Uchtepa district","district_assignment":"within","osm_type":"node","osm_id":4720182494,"representative_point_method":"osm_node","role":"display_only"},"geometry":{"type":"Point","coordinates":[69.1498277,41.2638846]}},{"type":"Feature","properties":{"facility_id":"ed_node_4725497189","name":"SMArt TENNIS school","education_category":"school","district_name":"Mirzo Ulugbek district","district_assignment":"within","osm_type":"node","osm_id":4725497189,"representative_point_method":"osm_node","role":"display_only"},"geometry":{"type":"Point","coordinates":[69.330009,41.332647]}},{"type":"Feature","properties":{"facility_id":"ed_node_4736555530","name":"Katta Tanaffus o'quv markazi - Novza filiali","education_category":"school","district_name":"Chilanzar district","district_assignment":"within","osm_type":"node","osm_id":4736555530,"representative_point_method":"osm_node","role":"display_only"},"geometry":{"type":"Point","coordinates":[69.2255273,41.2948857]}},{"type":"Feature","properties":{"facility_id":"ed_node_4750059224","name":"Twinkle Star","education_category":"kindergarten","district_name":"Yakkasaray district","district_assignment":"within","osm_type":"node","osm_id":4750059224,"representative_point_method":"osm_node","role":"display_only"},"geometry":{"type":"Point","coordinates":[69.263479,41.2979555]}},{"type":"Feature","properties":{"facility_id":"ed_node_4807838622","name":null,"education_category":"kindergarten","district_name":"Shaykhantakhur district","district_assignment":"within","osm_type":"node","osm_id":4807838622,"representative_point_method":"osm_node","role":"display_only"},"geometry":{"type":"Point","coordinates":[69.2595411,41.3265755]}},{"type":"Feature","properties":{"facility_id":"ed_node_4827454123","name":"Специализированная школа трудовым обучением для детей с особами нуждами №52","education_category":"school","district_name":"Yashnabad district","district_assignment":"within","osm_type":"node","osm_id":4827454123,"representative_point_method":"osm_node","role":"display_only"},"geometry":{"type":"Point","coordinates":[69.3089245,41.2792344]}},{"type":"Feature","properties":{"facility_id":"ed_node_4871579441","name":"Profi Education","education_category":"school","district_name":"Shaykhantakhur district","district_assignment":"within","osm_type":"node","osm_id":4871579441,"representative_point_method":"osm_node","role":"display_only"},"geometry":{"type":"Point","coordinates":[69.251855,41.3209937]}},{"type":"Feature","properties":{"facility_id":"ed_node_4883606322","name":"Школа музыки и искусств №25","education_category":"school","district_name":"Almazar district","district_assignment":"within","osm_type":"node","osm_id":4883606322,"representative_point_method":"osm_node","role":"display_only"},"geometry":{"type":"Point","coordinates":[69.2387723,41.3585326]}},{"type":"Feature","properties":{"facility_id":"ed_node_4917007824","name":"Xitoy tili kurslari","education_category":"school","district_name":"Mirzo Ulugbek district","district_assignment":"within","osm_type":"node","osm_id":4917007824,"representative_point_method":"osm_node","role":"display_only"},"geometry":{"type":"Point","coordinates":[69.2963209,41.3180617]}},{"type":"Feature","properties":{"facility_id":"ed_node_4958547522","name":"Учебный центр Concord lite","education_category":"school","district_name":"Uchtepa district","district_assignment":"within","osm_type":"node","osm_id":4958547522,"representative_point_method":"osm_node","role":"display_only"},"geometry":{"type":"Point","coordinates":[69.1773691,41.2954041]}},{"type":"Feature","properties":{"facility_id":"ed_node_4959260022","name":"Galaxy укув маркази","education_category":"school","district_name":"Yashnabad district","district_assignment":"within","osm_type":"node","osm_id":4959260022,"representative_point_method":"osm_node","role":"display_only"},"geometry":{"type":"Point","coordinates":[69.2832979,41.3079669]}},{"type":"Feature","properties":{"facility_id":"ed_node_4983713522","name":"Познавайка","education_category":"school","district_name":"Yunusabad district","district_assignment":"within","osm_type":"node","osm_id":4983713522,"representative_point_method":"osm_node","role":"display_only"},"geometry":{"type":"Point","coordinates":[69.2954328,41.3780399]}},{"type":"Feature","properties":{"facility_id":"ed_node_4988602621","name":"учебный центр ЕZZO","education_category":"school","district_name":"Almazar district","district_assignment":"within","osm_type":"node","osm_id":4988602621,"representative_point_method":"osm_node","role":"display_only"},"geometry":{"type":"Point","coordinates":[69.211581,41.3437051]}},{"type":"Feature","properties":{"facility_id":"ed_node_4989276521","name":"Лицей при САМПИ","education_category":"college","district_name":"Yunusabad district","district_assignment":"within","osm_type":"node","osm_id":4989276521,"representative_point_method":"osm_node","role":"display_only"},"geometry":{"type":"Point","coordinates":[69.3377387,41.355397]}},{"type":"Feature","properties":{"facility_id":"ed_node_4994993721","name":"Учебный центр EZZO","education_category":"school","district_name":"Almazar district","district_assignment":"within","osm_type":"node","osm_id":4994993721,"representative_point_method":"osm_node","role":"display_only"},"geometry":{"type":"Point","coordinates":[69.2117598,41.3438789]}},{"type":"Feature","properties":{"facility_id":"ed_node_5010791321","name":"Учебный Центр \"Rema\"","education_category":"school","district_name":"Shaykhantakhur district","district_assignment":"within","osm_type":"node","osm_id":5010791321,"representative_point_method":"osm_node","role":"display_only"},"geometry":{"type":"Point","coordinates":[69.2583552,41.3252554]}},{"type":"Feature","properties":{"facility_id":"ed_node_5024313132","name":"Fast&Easy","education_category":"school","district_name":"Yunusabad district","district_assignment":"within","osm_type":"node","osm_id":5024313132,"representative_point_method":"osm_node","role":"display_only"},"geometry":{"type":"Point","coordinates":[69.2836857,41.326863]}},{"type":"Feature","properties":{"facility_id":"ed_node_5024313133","name":null,"education_category":"school","district_name":"Almazar district","district_assignment":"within","osm_type":"node","osm_id":5024313133,"representative_point_method":"osm_node","role":"display_only"},"geometry":{"type":"Point","coordinates":[69.1739453,41.3564359]}},{"type":"Feature","properties":{"facility_id":"ed_node_5029228621","name":"Musiqa maktabi","education_category":"school","district_name":"Mirabad district","district_assignment":"within","osm_type":"node","osm_id":5029228621,"representative_point_method":"osm_node","role":"display_only"},"geometry":{"type":"Point","coordinates":[69.2750183,41.2989863]}},{"type":"Feature","properties":{"facility_id":"ed_node_5033457125","name":"НОУ Авокадо","education_category":"school","district_name":"Yashnabad district","district_assignment":"within","osm_type":"node","osm_id":5033457125,"representative_point_method":"osm_node","role":"display_only"},"geometry":{"type":"Point","coordinates":[69.3416688,41.2931949]}},{"type":"Feature","properties":{"facility_id":"ed_node_5057539722","name":"Детский сад №429","education_category":"kindergarten","district_name":"Chilanzar district","district_assignment":"within","osm_type":"node","osm_id":5057539722,"representative_point_method":"osm_node","role":"display_only"},"geometry":{"type":"Point","coordinates":[69.1953002,41.2917472]}},{"type":"Feature","properties":{"facility_id":"ed_node_5063843123","name":"Focus school школа искусств","education_category":"school","district_name":"Yunusabad district","district_assignment":"within","osm_type":"node","osm_id":5063843123,"representative_point_method":"osm_node","role":"display_only"},"geometry":{"type":"Point","coordinates":[69.2863241,41.3253376]}},{"type":"Feature","properties":{"facility_id":"ed_node_5107757139","name":"ОКСФОРД Учебный Центр","education_category":"school","district_name":"Mirabad district","district_assignment":"within","osm_type":"node","osm_id":5107757139,"representative_point_method":"osm_node","role":"display_only"},"geometry":{"type":"Point","coordinates":[69.2761808,41.2946596]}},{"type":"Feature","properties":{"facility_id":"ed_node_5124292621","name":null,"education_category":"school","district_name":"Mirzo Ulugbek district","district_assignment":"within","osm_type":"node","osm_id":5124292621,"representative_point_method":"osm_node","role":"display_only"},"geometry":{"type":"Point","coordinates":[69.2909356,41.316631]}},{"type":"Feature","properties":{"facility_id":"ed_node_5164966221","name":"Лидер","education_category":"school","district_name":"Yakkasaray district","district_assignment":"within","osm_type":"node","osm_id":5164966221,"representative_point_method":"osm_node","role":"display_only"},"geometry":{"type":"Point","coordinates":[69.2526358,41.2946071]}},{"type":"Feature","properties":{"facility_id":"ed_node_5196783922","name":"PrimeCoach учебный центр английского языка","education_category":"school","district_name":"Mirabad district","district_assignment":"within","osm_type":"node","osm_id":5196783922,"representative_point_method":"osm_node","role":"display_only"},"geometry":{"type":"Point","coordinates":[69.2874748,41.3023515]}},{"type":"Feature","properties":{"facility_id":"ed_node_5236227722","name":null,"education_category":"school","district_name":"Shaykhantakhur district","district_assignment":"within","osm_type":"node","osm_id":5236227722,"representative_point_method":"osm_node","role":"display_only"},"geometry":{"type":"Point","coordinates":[69.2041177,41.3379587]}},{"type":"Feature","properties":{"facility_id":"ed_node_5261678931","name":"Учебный центр Корейского языка","education_category":"school","district_name":"Mirzo Ulugbek district","district_assignment":"within","osm_type":"node","osm_id":5261678931,"representative_point_method":"osm_node","role":"display_only"},"geometry":{"type":"Point","coordinates":[69.2951883,41.319845]}},{"type":"Feature","properties":{"facility_id":"ed_node_5307790421","name":null,"education_category":"kindergarten","district_name":"Chilanzar district","district_assignment":"within","osm_type":"node","osm_id":5307790421,"representative_point_method":"osm_node","role":"display_only"},"geometry":{"type":"Point","coordinates":[69.1913358,41.2682963]}},{"type":"Feature","properties":{"facility_id":"ed_node_5357155422","name":null,"education_category":"kindergarten","district_name":"Mirabad district","district_assignment":"within","osm_type":"node","osm_id":5357155422,"representative_point_method":"osm_node","role":"display_only"},"geometry":{"type":"Point","coordinates":[69.2664838,41.2861028]}},{"type":"Feature","properties":{"facility_id":"ed_node_5400913721","name":"Дамал","education_category":"school","district_name":"Shaykhantakhur district","district_assignment":"within","osm_type":"node","osm_id":5400913721,"representative_point_method":"osm_node","role":"display_only"},"geometry":{"type":"Point","coordinates":[69.2406631,41.3130749]}},{"type":"Feature","properties":{"facility_id":"ed_node_5410477729","name":"Adam Academy","education_category":"school","district_name":"Chilanzar district","district_assignment":"within","osm_type":"node","osm_id":5410477729,"representative_point_method":"osm_node","role":"display_only"},"geometry":{"type":"Point","coordinates":[69.2449675,41.3078429]}},{"type":"Feature","properties":{"facility_id":"ed_node_5456982623","name":"Metrika центр развития ребёнка","education_category":"kindergarten","district_name":"Yashnabad district","district_assignment":"within","osm_type":"node","osm_id":5456982623,"representative_point_method":"osm_node","role":"display_only"},"geometry":{"type":"Point","coordinates":[69.2915351,41.3045315]}},{"type":"Feature","properties":{"facility_id":"ed_node_5466929721","name":"Детский сад \"Маленький гений\"","education_category":"kindergarten","district_name":"Chilanzar district","district_assignment":"within","osm_type":"node","osm_id":5466929721,"representative_point_method":"osm_node","role":"display_only"},"geometry":{"type":"Point","coordinates":[69.2125662,41.2643017]}},{"type":"Feature","properties":{"facility_id":"ed_node_5472013226","name":"Your elite school for IELTS","education_category":"school","district_name":"Mirzo Ulugbek district","district_assignment":"within","osm_type":"node","osm_id":5472013226,"representative_point_method":"osm_node","role":"display_only"},"geometry":{"type":"Point","coordinates":[69.2962325,41.3180017]}},{"type":"Feature","properties":{"facility_id":"ed_node_5500410122","name":"Музыкальная школа","education_category":"school","district_name":"Mirzo Ulugbek district","district_assignment":"within","osm_type":"node","osm_id":5500410122,"representative_point_method":"osm_node","role":"display_only"},"geometry":{"type":"Point","coordinates":[69.4629209,41.4081229]}},{"type":"Feature","properties":{"facility_id":"ed_node_5542757921","name":"\"Get Club\" Инновационная школа изучения иностранных языков","education_category":"school","district_name":"Shaykhantakhur district","district_assignment":"within","osm_type":"node","osm_id":5542757921,"representative_point_method":"osm_node","role":"display_only"},"geometry":{"type":"Point","coordinates":[69.2532262,41.320899]}},{"type":"Feature","properties":{"facility_id":"ed_node_5555220122","name":null,"education_category":"school","district_name":"Yakkasaray district","district_assignment":"within","osm_type":"node","osm_id":5555220122,"representative_point_method":"osm_node","role":"display_only"},"geometry":{"type":"Point","coordinates":[69.2662579,41.3074226]}},{"type":"Feature","properties":{"facility_id":"ed_node_5604957121","name":"Qora ko'l ziyo nur","education_category":"school","district_name":"Shaykhantakhur district","district_assignment":"within","osm_type":"node","osm_id":5604957121,"representative_point_method":"osm_node","role":"display_only"},"geometry":{"type":"Point","coordinates":[69.2379144,41.3233155]}},{"type":"Feature","properties":{"facility_id":"ed_node_5605208822","name":"ТСППК","education_category":"college","district_name":"Mirzo Ulugbek district","district_assignment":"within","osm_type":"node","osm_id":5605208822,"representative_point_method":"osm_node","role":"display_only"},"geometry":{"type":"Point","coordinates":[69.3379647,41.3505474]}},{"type":"Feature","properties":{"facility_id":"ed_node_5659621425","name":null,"education_category":"kindergarten","district_name":"Bektemir district","district_assignment":"within","osm_type":"node","osm_id":5659621425,"representative_point_method":"osm_node","role":"display_only"},"geometry":{"type":"Point","coordinates":[69.3471219,41.2357078]}},{"type":"Feature","properties":{"facility_id":"ed_node_5749477825","name":"Dance Club","education_category":"school","district_name":"Mirzo Ulugbek district","district_assignment":"within","osm_type":"node","osm_id":5749477825,"representative_point_method":"osm_node","role":"display_only"},"geometry":{"type":"Point","coordinates":[69.298048,41.3197746]}},{"type":"Feature","properties":{"facility_id":"ed_node_5813933754","name":"Yorqin Kelajak o’quv markazi","education_category":"school","district_name":"Almazar district","district_assignment":"within","osm_type":"node","osm_id":5813933754,"representative_point_method":"osm_node","role":"display_only"},"geometry":{"type":"Point","coordinates":[69.2419168,41.3481338]}},{"type":"Feature","properties":{"facility_id":"ed_node_5829827485","name":"Учебный центр SpeakUp","education_category":"school","district_name":"Uchtepa district","district_assignment":"within","osm_type":"node","osm_id":5829827485,"representative_point_method":"osm_node","role":"display_only"},"geometry":{"type":"Point","coordinates":[69.1909342,41.2828073]}},{"type":"Feature","properties":{"facility_id":"ed_node_5831908085","name":"Детский сад 355","education_category":"kindergarten","district_name":"Yangikhayot district","district_assignment":"within","osm_type":"node","osm_id":5831908085,"representative_point_method":"osm_node","role":"display_only"},"geometry":{"type":"Point","coordinates":[69.2230873,41.1992428]}},{"type":"Feature","properties":{"facility_id":"ed_node_5851994385","name":"Little Kinderland","education_category":"kindergarten","district_name":"Yakkasaray district","district_assignment":"within","osm_type":"node","osm_id":5851994385,"representative_point_method":"osm_node","role":"display_only"},"geometry":{"type":"Point","coordinates":[69.2428731,41.2886245]}},{"type":"Feature","properties":{"facility_id":"ed_node_5872431241","name":"Учебный центр Кэмбридж","education_category":"school","district_name":"Mirzo Ulugbek district","district_assignment":"within","osm_type":"node","osm_id":5872431241,"representative_point_method":"osm_node","role":"display_only"},"geometry":{"type":"Point","coordinates":[69.2999334,41.3203602]}},{"type":"Feature","properties":{"facility_id":"ed_node_5878352387","name":"Школа N 50","education_category":"school","district_name":"Yashnabad district","district_assignment":"within","osm_type":"node","osm_id":5878352387,"representative_point_method":"osm_node","role":"display_only"},"geometry":{"type":"Point","coordinates":[69.3918476,41.2989842]}},{"type":"Feature","properties":{"facility_id":"ed_node_5898516086","name":"\"NURAFSHON\" Детский Учебный Центр","education_category":"school","district_name":"Almazar district","district_assignment":"within","osm_type":"node","osm_id":5898516086,"representative_point_method":"osm_node","role":"display_only"},"geometry":{"type":"Point","coordinates":[69.2515143,41.3400778]}},{"type":"Feature","properties":{"facility_id":"ed_node_5913576685","name":null,"education_category":"school","district_name":"Uchtepa district","district_assignment":"within","osm_type":"node","osm_id":5913576685,"representative_point_method":"osm_node","role":"display_only"},"geometry":{"type":"Point","coordinates":[69.1788169,41.2845793]}},{"type":"Feature","properties":{"facility_id":"ed_node_5948000685","name":"Artel Technical School","education_category":"school","district_name":"Chilanzar district","district_assignment":"within","osm_type":"node","osm_id":5948000685,"representative_point_method":"osm_node","role":"display_only"},"geometry":{"type":"Point","coordinates":[69.2024317,41.2813039]}},{"type":"Feature","properties":{"facility_id":"ed_node_5982832187","name":"Happy Smart Kids","education_category":"kindergarten","district_name":"Yashnabad district","district_assignment":"within","osm_type":"node","osm_id":5982832187,"representative_point_method":"osm_node","role":"display_only"},"geometry":{"type":"Point","coordinates":[69.3701495,41.3161326]}},{"type":"Feature","properties":{"facility_id":"ed_node_6093287828","name":"Детский сад №487","education_category":"kindergarten","district_name":"Yakkasaray district","district_assignment":"within","osm_type":"node","osm_id":6093287828,"representative_point_method":"osm_node","role":"display_only"},"geometry":{"type":"Point","coordinates":[69.2454006,41.2865841]}},{"type":"Feature","properties":{"facility_id":"ed_node_6157885887","name":null,"education_category":"kindergarten","district_name":"Yakkasaray district","district_assignment":"within","osm_type":"node","osm_id":6157885887,"representative_point_method":"osm_node","role":"display_only"},"geometry":{"type":"Point","coordinates":[69.2257754,41.2691194]}},{"type":"Feature","properties":{"facility_id":"ed_node_6187425285","name":"TSB учебный центр","education_category":"school","district_name":"Chilanzar district","district_assignment":"within","osm_type":"node","osm_id":6187425285,"representative_point_method":"osm_node","role":"display_only"},"geometry":{"type":"Point","coordinates":[69.1958243,41.260958]}},{"type":"Feature","properties":{"facility_id":"ed_node_6213513734","name":null,"education_category":"kindergarten","district_name":"Shaykhantakhur district","district_assignment":"within","osm_type":"node","osm_id":6213513734,"representative_point_method":"osm_node","role":"display_only"},"geometry":{"type":"Point","coordinates":[69.1957822,41.3483282]}},{"type":"Feature","properties":{"facility_id":"ed_node_6264427886","name":"Детский сад №324","education_category":"kindergarten","district_name":"Mirzo Ulugbek district","district_assignment":"within","osm_type":"node","osm_id":6264427886,"representative_point_method":"osm_node","role":"display_only"},"geometry":{"type":"Point","coordinates":[69.3448012,41.3492248]}},{"type":"Feature","properties":{"facility_id":"ed_node_6277154085","name":"Д/с \"солнышко\"","education_category":"kindergarten","district_name":"Yashnabad district","district_assignment":"within","osm_type":"node","osm_id":6277154085,"representative_point_method":"osm_node","role":"display_only"},"geometry":{"type":"Point","coordinates":[69.354215,41.2791388]}},{"type":"Feature","properties":{"facility_id":"ed_node_6311046385","name":"Учебный центр \"Time Limit\"","education_category":"school","district_name":"Chilanzar district","district_assignment":"within","osm_type":"node","osm_id":6311046385,"representative_point_method":"osm_node","role":"display_only"},"geometry":{"type":"Point","coordinates":[69.2018852,41.2833169]}},{"type":"Feature","properties":{"facility_id":"ed_node_6322902038","name":"Музыкально-художественная школа №14","education_category":"school","district_name":"Mirzo Ulugbek district","district_assignment":"within","osm_type":"node","osm_id":6322902038,"representative_point_method":"osm_node","role":"display_only"},"geometry":{"type":"Point","coordinates":[69.3217188,41.3184542]}},{"type":"Feature","properties":{"facility_id":"ed_node_6341459385","name":"Thompson school","education_category":"school","district_name":"Chilanzar district","district_assignment":"within","osm_type":"node","osm_id":6341459385,"representative_point_method":"osm_node","role":"display_only"},"geometry":{"type":"Point","coordinates":[69.2451783,41.3074848]}},{"type":"Feature","properties":{"facility_id":"ed_node_6484582189","name":null,"education_category":"school","district_name":"Shaykhantakhur district","district_assignment":"within","osm_type":"node","osm_id":6484582189,"representative_point_method":"osm_node","role":"display_only"},"geometry":{"type":"Point","coordinates":[69.2444821,41.3242377]}},{"type":"Feature","properties":{"facility_id":"ed_node_6541814786","name":"25 imkoniyati cheklanganlar ixtisoslashtirilgan maktabi","education_category":"school","district_name":"Yakkasaray district","district_assignment":"within","osm_type":"node","osm_id":6541814786,"representative_point_method":"osm_node","role":"display_only"},"geometry":{"type":"Point","coordinates":[69.2649965,41.2929061]}},{"type":"Feature","properties":{"facility_id":"ed_node_6575867287","name":null,"education_category":"school","district_name":"Shaykhantakhur district","district_assignment":"within","osm_type":"node","osm_id":6575867287,"representative_point_method":"osm_node","role":"display_only"},"geometry":{"type":"Point","coordinates":[69.2012862,41.3360853]}},{"type":"Feature","properties":{"facility_id":"ed_node_6575900586","name":"410","education_category":"kindergarten","district_name":"Mirzo Ulugbek district","district_assignment":"within","osm_type":"node","osm_id":6575900586,"representative_point_method":"osm_node","role":"display_only"},"geometry":{"type":"Point","coordinates":[69.3240046,41.3186659]}},{"type":"Feature","properties":{"facility_id":"ed_node_6669943280","name":"Aline education","education_category":"school","district_name":"Chilanzar district","district_assignment":"within","osm_type":"node","osm_id":6669943280,"representative_point_method":"osm_node","role":"display_only"},"geometry":{"type":"Point","coordinates":[69.2475289,41.3033418]}},{"type":"Feature","properties":{"facility_id":"ed_node_6711458386","name":"Средняя школа 72","education_category":"school","district_name":"Yunusabad district","district_assignment":"within","osm_type":"node","osm_id":6711458386,"representative_point_method":"osm_node","role":"display_only"},"geometry":{"type":"Point","coordinates":[69.2735763,41.3808367]}},{"type":"Feature","properties":{"facility_id":"ed_node_6726463106","name":"Детский сад 256","education_category":"kindergarten","district_name":"Yunusabad district","district_assignment":"within","osm_type":"node","osm_id":6726463106,"representative_point_method":"osm_node","role":"display_only"},"geometry":{"type":"Point","coordinates":[69.297713,41.3401354]}},{"type":"Feature","properties":{"facility_id":"ed_node_6746261485","name":"ДЮСШ N 2 Яшнабадского района","education_category":"school","district_name":"Yashnabad district","district_assignment":"within","osm_type":"node","osm_id":6746261485,"representative_point_method":"osm_node","role":"display_only"},"geometry":{"type":"Point","coordinates":[69.3562322,41.2660623]}},{"type":"Feature","properties":{"facility_id":"ed_node_6992804485","name":"Sensus","education_category":"school","district_name":"Yashnabad district","district_assignment":"within","osm_type":"node","osm_id":6992804485,"representative_point_method":"osm_node","role":"display_only"},"geometry":{"type":"Point","coordinates":[69.2834842,41.3078552]}},{"type":"Feature","properties":{"facility_id":"ed_node_7014223986","name":"Thompson School","education_category":"school","district_name":"Mirabad district","district_assignment":"within","osm_type":"node","osm_id":7014223986,"representative_point_method":"osm_node","role":"display_only"},"geometry":{"type":"Point","coordinates":[69.2737559,41.2964373]}},{"type":"Feature","properties":{"facility_id":"ed_node_7126647585","name":null,"education_category":"school","district_name":"Chilanzar district","district_assignment":"within","osm_type":"node","osm_id":7126647585,"representative_point_method":"osm_node","role":"display_only"},"geometry":{"type":"Point","coordinates":[69.2050324,41.2762204]}},{"type":"Feature","properties":{"facility_id":"ed_node_7128077385","name":"Учебный Центр","education_category":"school","district_name":"Almazar district","district_assignment":"within","osm_type":"node","osm_id":7128077385,"representative_point_method":"osm_node","role":"display_only"},"geometry":{"type":"Point","coordinates":[69.2221184,41.3511481]}},{"type":"Feature","properties":{"facility_id":"ed_node_7197292285","name":"Музыкалная школа 8","education_category":"school","district_name":"Chilanzar district","district_assignment":"within","osm_type":"node","osm_id":7197292285,"representative_point_method":"osm_node","role":"display_only"},"geometry":{"type":"Point","coordinates":[69.1692335,41.2661116]}},{"type":"Feature","properties":{"facility_id":"ed_node_7278727185","name":"Stage Plus учебный центр","education_category":"school","district_name":"Chilanzar district","district_assignment":"within","osm_type":"node","osm_id":7278727185,"representative_point_method":"osm_node","role":"display_only"},"geometry":{"type":"Point","coordinates":[69.2182419,41.2948523]}},{"type":"Feature","properties":{"facility_id":"ed_node_7328021988","name":"Сити эдикейшн","education_category":"school","district_name":"Chilanzar district","district_assignment":"within","osm_type":"node","osm_id":7328021988,"representative_point_method":"osm_node","role":"display_only"},"geometry":{"type":"Point","coordinates":[69.245965,41.3067811]}},{"type":"Feature","properties":{"facility_id":"ed_node_7462709515","name":"Karakul school","education_category":"school","district_name":"Uchtepa district","district_assignment":"within","osm_type":"node","osm_id":7462709515,"representative_point_method":"osm_node","role":"display_only"},"geometry":{"type":"Point","coordinates":[69.183477,41.2837137]}},{"type":"Feature","properties":{"facility_id":"ed_node_7747233821","name":"Учись24.рф","education_category":"university","district_name":"Almazar district","district_assignment":"within","osm_type":"node","osm_id":7747233821,"representative_point_method":"osm_node","role":"display_only"},"geometry":{"type":"Point","coordinates":[69.2282937,41.3274517]}},{"type":"Feature","properties":{"facility_id":"ed_node_7783396355","name":"MySchool Учебный центр","education_category":"school","district_name":"Yashnabad district","district_assignment":"within","osm_type":"node","osm_id":7783396355,"representative_point_method":"osm_node","role":"display_only"},"geometry":{"type":"Point","coordinates":[69.3474383,41.2869051]}},{"type":"Feature","properties":{"facility_id":"ed_node_7783396356","name":"Robotics Lab Школа робототехники","education_category":"school","district_name":"Yashnabad district","district_assignment":"within","osm_type":"node","osm_id":7783396356,"representative_point_method":"osm_node","role":"display_only"},"geometry":{"type":"Point","coordinates":[69.3474494,41.286911]}},{"type":"Feature","properties":{"facility_id":"ed_node_7783396360","name":"Межевеженок. Центр детского развития","education_category":"school","district_name":"Yashnabad district","district_assignment":"within","osm_type":"node","osm_id":7783396360,"representative_point_method":"osm_node","role":"display_only"},"geometry":{"type":"Point","coordinates":[69.3475784,41.2869806]}},{"type":"Feature","properties":{"facility_id":"ed_node_7783396364","name":"Will. Уч. центр","education_category":"school","district_name":"Yashnabad district","district_assignment":"within","osm_type":"node","osm_id":7783396364,"representative_point_method":"osm_node","role":"display_only"},"geometry":{"type":"Point","coordinates":[69.3477572,41.2870843]}},{"type":"Feature","properties":{"facility_id":"ed_node_7792960385","name":null,"education_category":"kindergarten","district_name":"Uchtepa district","district_assignment":"within","osm_type":"node","osm_id":7792960385,"representative_point_method":"osm_node","role":"display_only"},"geometry":{"type":"Point","coordinates":[69.1925339,41.2927464]}},{"type":"Feature","properties":{"facility_id":"ed_node_8105817617","name":"Grand Ta'lim","education_category":"school","district_name":"Almazar district","district_assignment":"within","osm_type":"node","osm_id":8105817617,"representative_point_method":"osm_node","role":"display_only"},"geometry":{"type":"Point","coordinates":[69.205025,41.3597137]}},{"type":"Feature","properties":{"facility_id":"ed_node_8169387717","name":"Юниор Код школа программирования для детей","education_category":"school","district_name":"Mirabad district","district_assignment":"within","osm_type":"node","osm_id":8169387717,"representative_point_method":"osm_node","role":"display_only"},"geometry":{"type":"Point","coordinates":[69.2759956,41.3016069]}},{"type":"Feature","properties":{"facility_id":"ed_node_8282187517","name":"Cambridge Learning Centre","education_category":"school","district_name":"Chilanzar district","district_assignment":"within","osm_type":"node","osm_id":8282187517,"representative_point_method":"osm_node","role":"display_only"},"geometry":{"type":"Point","coordinates":[69.243263,41.3105865]}},{"type":"Feature","properties":{"facility_id":"ed_node_8363278817","name":"49 школа","education_category":"school","district_name":"Mirzo Ulugbek district","district_assignment":"within","osm_type":"node","osm_id":8363278817,"representative_point_method":"osm_node","role":"display_only"},"geometry":{"type":"Point","coordinates":[69.3521386,41.3480548]}},{"type":"Feature","properties":{"facility_id":"ed_node_8412374617","name":"Baby Boom","education_category":"kindergarten","district_name":"Yakkasaray district","district_assignment":"within","osm_type":"node","osm_id":8412374617,"representative_point_method":"osm_node","role":"display_only"},"geometry":{"type":"Point","coordinates":[69.2463059,41.2806628]}},{"type":"Feature","properties":{"facility_id":"ed_node_8416433817","name":"Звездопад знаний","education_category":"kindergarten","district_name":"Almazar district","district_assignment":"within","osm_type":"node","osm_id":8416433817,"representative_point_method":"osm_node","role":"display_only"},"geometry":{"type":"Point","coordinates":[69.2301706,41.3599798]}},{"type":"Feature","properties":{"facility_id":"ed_node_8594168717","name":"\"Келажак пойдевори\" МТТ","education_category":"kindergarten","district_name":"Almazar district","district_assignment":"within","osm_type":"node","osm_id":8594168717,"representative_point_method":"osm_node","role":"display_only"},"geometry":{"type":"Point","coordinates":[69.1893503,41.3555332]}},{"type":"Feature","properties":{"facility_id":"ed_node_8656415418","name":"320-школа","education_category":"school","district_name":"Shaykhantakhur district","district_assignment":"within","osm_type":"node","osm_id":8656415418,"representative_point_method":"osm_node","role":"display_only"},"geometry":{"type":"Point","coordinates":[69.1811163,41.3395385]}},{"type":"Feature","properties":{"facility_id":"ed_node_8656471318","name":"299-школа","education_category":"school","district_name":"Shaykhantakhur district","district_assignment":"within","osm_type":"node","osm_id":8656471318,"representative_point_method":"osm_node","role":"display_only"},"geometry":{"type":"Point","coordinates":[69.1792391,41.3395826]}},{"type":"Feature","properties":{"facility_id":"ed_node_8678105417","name":"Cambridge Learning Centre (Oybek Branch)","education_category":"school","district_name":"Yakkasaray district","district_assignment":"within","osm_type":"node","osm_id":8678105417,"representative_point_method":"osm_node","role":"display_only"},"geometry":{"type":"Point","coordinates":[69.2675615,41.2959869]}},{"type":"Feature","properties":{"facility_id":"ed_node_8772421817","name":"Кингдом Эдукейшн","education_category":"school","district_name":"Chilanzar district","district_assignment":"within","osm_type":"node","osm_id":8772421817,"representative_point_method":"osm_node","role":"display_only"},"geometry":{"type":"Point","coordinates":[69.2450972,41.3081255]}},{"type":"Feature","properties":{"facility_id":"ed_node_9027401617","name":"kids dream","education_category":"kindergarten","district_name":"Yakkasaray district","district_assignment":"within","osm_type":"node","osm_id":9027401617,"representative_point_method":"osm_node","role":"display_only"},"geometry":{"type":"Point","coordinates":[69.2666509,41.2893457]}},{"type":"Feature","properties":{"facility_id":"ed_node_9231003917","name":"Детский сад # 150","education_category":"kindergarten","district_name":"Yakkasaray district","district_assignment":"within","osm_type":"node","osm_id":9231003917,"representative_point_method":"osm_node","role":"display_only"},"geometry":{"type":"Point","coordinates":[69.2469822,41.2774281]}},{"type":"Feature","properties":{"facility_id":"ed_node_9312218517","name":"Учебный центр Смарт идея","education_category":"school","district_name":"Mirzo Ulugbek district","district_assignment":"within","osm_type":"node","osm_id":9312218517,"representative_point_method":"osm_node","role":"display_only"},"geometry":{"type":"Point","coordinates":[69.3834495,41.3464837]}},{"type":"Feature","properties":{"facility_id":"ed_node_9368655243","name":"Amity University Tashkent","education_category":"university","district_name":"Shaykhantakhur district","district_assignment":"within","osm_type":"node","osm_id":9368655243,"representative_point_method":"osm_node","role":"display_only"},"geometry":{"type":"Point","coordinates":[69.2642622,41.3325302]}},{"type":"Feature","properties":{"facility_id":"ed_node_9619874017","name":"Смарт идея","education_category":"school","district_name":"Mirzo Ulugbek district","district_assignment":"within","osm_type":"node","osm_id":9619874017,"representative_point_method":"osm_node","role":"display_only"},"geometry":{"type":"Point","coordinates":[69.383365,41.348795]}},{"type":"Feature","properties":{"facility_id":"ed_node_9717349618","name":"Детский сад N 185","education_category":"kindergarten","district_name":"Shaykhantakhur district","district_assignment":"within","osm_type":"node","osm_id":9717349618,"representative_point_method":"osm_node","role":"display_only"},"geometry":{"type":"Point","coordinates":[69.2197124,41.3118613]}},{"type":"Feature","properties":{"facility_id":"ed_node_9774088758","name":"Tarjimonlik fakulteti","education_category":"university","district_name":"Uchtepa district","district_assignment":"within","osm_type":"node","osm_id":9774088758,"representative_point_method":"osm_node","role":"display_only"},"geometry":{"type":"Point","coordinates":[69.1935801,41.284964]}},{"type":"Feature","properties":{"facility_id":"ed_node_10168052773","name":"IT Park University","education_category":"university","district_name":"Yashnabad district","district_assignment":"within","osm_type":"node","osm_id":10168052773,"representative_point_method":"osm_node","role":"display_only"},"geometry":{"type":"Point","coordinates":[69.3149452,41.3028746]}},{"type":"Feature","properties":{"facility_id":"ed_node_10211850438","name":null,"education_category":"kindergarten","district_name":"Yashnabad district","district_assignment":"within","osm_type":"node","osm_id":10211850438,"representative_point_method":"osm_node","role":"display_only"},"geometry":{"type":"Point","coordinates":[69.3769911,41.3299669]}},{"type":"Feature","properties":{"facility_id":"ed_node_10253260009","name":"Частный детский сад","education_category":"kindergarten","district_name":"Uchtepa district","district_assignment":"within","osm_type":"node","osm_id":10253260009,"representative_point_method":"osm_node","role":"display_only"},"geometry":{"type":"Point","coordinates":[69.1704879,41.318182]}},{"type":"Feature","properties":{"facility_id":"ed_node_10264903194","name":"Bollar boqchasi №120","education_category":"kindergarten","district_name":"Almazar district","district_assignment":"within","osm_type":"node","osm_id":10264903194,"representative_point_method":"osm_node","role":"display_only"},"geometry":{"type":"Point","coordinates":[69.1867608,41.3580073]}},{"type":"Feature","properties":{"facility_id":"ed_node_10275688517","name":"Kichkintoylar Oromgohi","education_category":"kindergarten","district_name":"Almazar district","district_assignment":"within","osm_type":"node","osm_id":10275688517,"representative_point_method":"osm_node","role":"display_only"},"geometry":{"type":"Point","coordinates":[69.1977974,41.3691244]}},{"type":"Feature","properties":{"facility_id":"ed_node_10312733409","name":"Дом пионеров","education_category":"school","district_name":"Mirzo Ulugbek district","district_assignment":"within","osm_type":"node","osm_id":10312733409,"representative_point_method":"osm_node","role":"display_only"},"geometry":{"type":"Point","coordinates":[69.3520096,41.3350399]}},{"type":"Feature","properties":{"facility_id":"ed_node_10536405634","name":"Disney city","education_category":"kindergarten","district_name":"Almazar district","district_assignment":"within","osm_type":"node","osm_id":10536405634,"representative_point_method":"osm_node","role":"display_only"},"geometry":{"type":"Point","coordinates":[69.2585148,41.3391766]}},{"type":"Feature","properties":{"facility_id":"ed_node_10547967372","name":"118-chi sonli Bolalar bog'chasi","education_category":"kindergarten","district_name":"Almazar district","district_assignment":"within","osm_type":"node","osm_id":10547967372,"representative_point_method":"osm_node","role":"display_only"},"geometry":{"type":"Point","coordinates":[69.2500759,41.3415846]}},{"type":"Feature","properties":{"facility_id":"ed_node_10548551156","name":"159 A-sonli o`rta umumiy ta`lim maktabi","education_category":"school","district_name":"Almazar district","district_assignment":"within","osm_type":"node","osm_id":10548551156,"representative_point_method":"osm_node","role":"display_only"},"geometry":{"type":"Point","coordinates":[69.250123,41.3408208]}},{"type":"Feature","properties":{"facility_id":"ed_node_10567707160","name":"271-Bolalar bog'chasi","education_category":"kindergarten","district_name":"Almazar district","district_assignment":"within","osm_type":"node","osm_id":10567707160,"representative_point_method":"osm_node","role":"display_only"},"geometry":{"type":"Point","coordinates":[69.2462515,41.3440551]}},{"type":"Feature","properties":{"facility_id":"ed_node_10593514111","name":"1-chi sonli bolalar va o`smirlar sport maktabi","education_category":"school","district_name":"Almazar district","district_assignment":"within","osm_type":"node","osm_id":10593514111,"representative_point_method":"osm_node","role":"display_only"},"geometry":{"type":"Point","coordinates":[69.2253993,41.3440496]}},{"type":"Feature","properties":{"facility_id":"ed_node_10593921456","name":"111-chi sonli o`rta umumiy ta`lim maktabi","education_category":"school","district_name":"Almazar district","district_assignment":"within","osm_type":"node","osm_id":10593921456,"representative_point_method":"osm_node","role":"display_only"},"geometry":{"type":"Point","coordinates":[69.2232174,41.3391245]}},{"type":"Feature","properties":{"facility_id":"ed_node_10680671237","name":"248-chi sonli bolalar bog`chasi","education_category":"kindergarten","district_name":"Almazar district","district_assignment":"within","osm_type":"node","osm_id":10680671237,"representative_point_method":"osm_node","role":"display_only"},"geometry":{"type":"Point","coordinates":[69.219477,41.3360778]}},{"type":"Feature","properties":{"facility_id":"ed_node_10690960891","name":"O'zMPU Tarix fakulteti","education_category":"university","district_name":"Yakkasaray district","district_assignment":"within","osm_type":"node","osm_id":10690960891,"representative_point_method":"osm_node","role":"display_only"},"geometry":{"type":"Point","coordinates":[69.2542451,41.2919814]}},{"type":"Feature","properties":{"facility_id":"ed_node_10693308304","name":"O'zbekiston respublikasi xalq ta'lmi vazirligi tasarrufidagi respublika ta'lmi markazi","education_category":"school","district_name":"Yakkasaray district","district_assignment":"within","osm_type":"node","osm_id":10693308304,"representative_point_method":"osm_node","role":"display_only"},"geometry":{"type":"Point","coordinates":[69.2504287,41.2973634]}},{"type":"Feature","properties":{"facility_id":"ed_node_10696958970","name":"Dinastiya kids","education_category":"kindergarten","district_name":"Almazar district","district_assignment":"within","osm_type":"node","osm_id":10696958970,"representative_point_method":"osm_node","role":"display_only"},"geometry":{"type":"Point","coordinates":[69.2245386,41.3620345]}},{"type":"Feature","properties":{"facility_id":"ed_node_10699503184","name":"First Kids","education_category":"kindergarten","district_name":"Almazar district","district_assignment":"within","osm_type":"node","osm_id":10699503184,"representative_point_method":"osm_node","role":"display_only"},"geometry":{"type":"Point","coordinates":[69.2267706,41.3687755]}},{"type":"Feature","properties":{"facility_id":"ed_node_10734971884","name":"№36 bolalar bog'chasi","education_category":"kindergarten","district_name":"Almazar district","district_assignment":"within","osm_type":"node","osm_id":10734971884,"representative_point_method":"osm_node","role":"display_only"},"geometry":{"type":"Point","coordinates":[69.2613631,41.3488984]}},{"type":"Feature","properties":{"facility_id":"ed_node_10755401824","name":"Malika 89-chi sonli bolalar bog`chasi","education_category":"kindergarten","district_name":"Chilanzar district","district_assignment":"within","osm_type":"node","osm_id":10755401824,"representative_point_method":"osm_node","role":"display_only"},"geometry":{"type":"Point","coordinates":[69.2280054,41.2973979]}},{"type":"Feature","properties":{"facility_id":"ed_node_10770890215","name":"Happy bee be Happy","education_category":"kindergarten","district_name":"Chilanzar district","district_assignment":"within","osm_type":"node","osm_id":10770890215,"representative_point_method":"osm_node","role":"display_only"},"geometry":{"type":"Point","coordinates":[69.2013855,41.2982599]}},{"type":"Feature","properties":{"facility_id":"ed_node_10803693643","name":"Kamalak","education_category":"kindergarten","district_name":"Chilanzar district","district_assignment":"within","osm_type":"node","osm_id":10803693643,"representative_point_method":"osm_node","role":"display_only"},"geometry":{"type":"Point","coordinates":[69.1667491,41.2669789]}},{"type":"Feature","properties":{"facility_id":"ed_node_10941833585","name":"Navbahor","education_category":"kindergarten","district_name":"Chilanzar district","district_assignment":"within","osm_type":"node","osm_id":10941833585,"representative_point_method":"osm_node","role":"display_only"},"geometry":{"type":"Point","coordinates":[69.2104006,41.264153]}},{"type":"Feature","properties":{"facility_id":"ed_node_11113799005","name":"Детский сад 375 Звёздочка","education_category":"kindergarten","district_name":"Mirzo Ulugbek district","district_assignment":"within","osm_type":"node","osm_id":11113799005,"representative_point_method":"osm_node","role":"display_only"},"geometry":{"type":"Point","coordinates":[69.3847651,41.3560397]}},{"type":"Feature","properties":{"facility_id":"ed_node_11290219807","name":"Evrika","education_category":"school","district_name":"Shaykhantakhur district","district_assignment":"within","osm_type":"node","osm_id":11290219807,"representative_point_method":"osm_node","role":"display_only"},"geometry":{"type":"Point","coordinates":[69.2572358,41.3286214]}},{"type":"Feature","properties":{"facility_id":"ed_node_11306642892","name":"Mickey and Minnie","education_category":"kindergarten","district_name":"Shaykhantakhur district","district_assignment":"within","osm_type":"node","osm_id":11306642892,"representative_point_method":"osm_node","role":"display_only"},"geometry":{"type":"Point","coordinates":[69.2580441,41.3212899]}},{"type":"Feature","properties":{"facility_id":"ed_node_11313736813","name":"37-chi sonli yordamchi maktab","education_category":"school","district_name":"Shaykhantakhur district","district_assignment":"within","osm_type":"node","osm_id":11313736813,"representative_point_method":"osm_node","role":"display_only"},"geometry":{"type":"Point","coordinates":[69.2567611,41.3235294]}},{"type":"Feature","properties":{"facility_id":"ed_node_11331050269","name":"Учебный центр \"CTN\"","education_category":"school","district_name":"Mirzo Ulugbek district","district_assignment":"within","osm_type":"node","osm_id":11331050269,"representative_point_method":"osm_node","role":"display_only"},"geometry":{"type":"Point","coordinates":[69.3574191,41.318837]}},{"type":"Feature","properties":{"facility_id":"ed_node_11335690979","name":"Makroiqtisodiy va hududiy tadqiqotlar instituti","education_category":"university","district_name":"Shaykhantakhur district","district_assignment":"within","osm_type":"node","osm_id":11335690979,"representative_point_method":"osm_node","role":"display_only"},"geometry":{"type":"Point","coordinates":[69.2492763,41.3236845]}},{"type":"Feature","properties":{"facility_id":"ed_node_11397406244","name":"Nshtein","education_category":"school","district_name":"Shaykhantakhur district","district_assignment":"within","osm_type":"node","osm_id":11397406244,"representative_point_method":"osm_node","role":"display_only"},"geometry":{"type":"Point","coordinates":[69.2170269,41.3162656]}},{"type":"Feature","properties":{"facility_id":"ed_node_11468873559","name":"Wisdom Star","education_category":"school","district_name":"Shaykhantakhur district","district_assignment":"within","osm_type":"node","osm_id":11468873559,"representative_point_method":"osm_node","role":"display_only"},"geometry":{"type":"Point","coordinates":[69.1695408,41.3428838]}},{"type":"Feature","properties":{"facility_id":"ed_node_12087210555","name":"PDP University","education_category":"university","district_name":"Sergeli district","district_assignment":"within","osm_type":"node","osm_id":12087210555,"representative_point_method":"osm_node","role":"display_only"},"geometry":{"type":"Point","coordinates":[69.2158868,41.2344417]}},{"type":"Feature","properties":{"facility_id":"ed_node_12801324450","name":"76-chi sonli bolalar bog`chasi","education_category":"kindergarten","district_name":"Shaykhantakhur district","district_assignment":"within","osm_type":"node","osm_id":12801324450,"representative_point_method":"osm_node","role":"display_only"},"geometry":{"type":"Point","coordinates":[69.2599678,41.328385]}},{"type":"Feature","properties":{"facility_id":"ed_node_12880135145","name":"Beruniy Nomidagi Sharqshunoslik Instituti Ilmiy Tadqiqot Instituti","education_category":"university","district_name":"Mirzo Ulugbek district","district_assignment":"within","osm_type":"node","osm_id":12880135145,"representative_point_method":"osm_node","role":"display_only"},"geometry":{"type":"Point","coordinates":[69.3372241,41.3380401]}},{"type":"Feature","properties":{"facility_id":"ed_node_12927934346","name":"Центральный институт переподготовки и повышения квалификации работников народного образования имени Авлоний","education_category":"university","district_name":"Almazar district","district_assignment":"within","osm_type":"node","osm_id":12927934346,"representative_point_method":"osm_node","role":"display_only"},"geometry":{"type":"Point","coordinates":[69.2142747,41.3544876]}},{"type":"Feature","properties":{"facility_id":"ed_node_12927934347","name":"Колледж Культуры","education_category":"college","district_name":"Almazar district","district_assignment":"within","osm_type":"node","osm_id":12927934347,"representative_point_method":"osm_node","role":"display_only"},"geometry":{"type":"Point","coordinates":[69.20984,41.3549238]}},{"type":"Feature","properties":{"facility_id":"ed_node_12995784756","name":"Diplomat International School","education_category":"school","district_name":"Mirzo Ulugbek district","district_assignment":"within","osm_type":"node","osm_id":12995784756,"representative_point_method":"osm_node","role":"display_only"},"geometry":{"type":"Point","coordinates":[69.3224377,41.3327554]}},{"type":"Feature","properties":{"facility_id":"ed_node_13051066856","name":"Бекджон","education_category":"kindergarten","district_name":"Mirabad district","district_assignment":"within","osm_type":"node","osm_id":13051066856,"representative_point_method":"osm_node","role":"display_only"},"geometry":{"type":"Point","coordinates":[69.2801067,41.2965605]}},{"type":"Feature","properties":{"facility_id":"ed_node_13120627667","name":"Thompson land","education_category":"kindergarten","district_name":"Yakkasaray district","district_assignment":"within","osm_type":"node","osm_id":13120627667,"representative_point_method":"osm_node","role":"display_only"},"geometry":{"type":"Point","coordinates":[69.239892,41.2888937]}},{"type":"Feature","properties":{"facility_id":"ed_node_13134706330","name":"Adliya vazirligi huzuridagi kadrlarni qayta tayyorlash instituti","education_category":"university","district_name":"Mirabad district","district_assignment":"within","osm_type":"node","osm_id":13134706330,"representative_point_method":"osm_node","role":"display_only"},"geometry":{"type":"Point","coordinates":[69.3006428,41.2829362]}},{"type":"Feature","properties":{"facility_id":"ed_node_13135615393","name":"The Renaissance academy preschool","education_category":"kindergarten","district_name":"Yakkasaray district","district_assignment":"within","osm_type":"node","osm_id":13135615393,"representative_point_method":"osm_node","role":"display_only"},"geometry":{"type":"Point","coordinates":[69.2438338,41.2887862]}},{"type":"Feature","properties":{"facility_id":"ed_node_13233308915","name":"Школа №182","education_category":"school","district_name":"Chilanzar district","district_assignment":"within","osm_type":"node","osm_id":13233308915,"representative_point_method":"osm_node","role":"display_only"},"geometry":{"type":"Point","coordinates":[69.2133354,41.2886033]}},{"type":"Feature","properties":{"facility_id":"ed_node_13233308916","name":"Школа №178","education_category":"school","district_name":"Chilanzar district","district_assignment":"within","osm_type":"node","osm_id":13233308916,"representative_point_method":"osm_node","role":"display_only"},"geometry":{"type":"Point","coordinates":[69.2126914,41.2877309]}},{"type":"Feature","properties":{"facility_id":"ed_node_13317092422","name":"Частный детский сад \"Звездочёт\"","education_category":"kindergarten","district_name":"Yashnabad district","district_assignment":"within","osm_type":"node","osm_id":13317092422,"representative_point_method":"osm_node","role":"display_only"},"geometry":{"type":"Point","coordinates":[69.3107397,41.3116376]}},{"type":"Feature","properties":{"facility_id":"ed_node_13343351201","name":null,"education_category":"school","district_name":"Mirabad district","district_assignment":"within","osm_type":"node","osm_id":13343351201,"representative_point_method":"osm_node","role":"display_only"},"geometry":{"type":"Point","coordinates":[69.2731724,41.3065752]}},{"type":"Feature","properties":{"facility_id":"ed_node_13471106441","name":"Tashkent University of Technology","education_category":"university","district_name":"Almazar district","district_assignment":"within","osm_type":"node","osm_id":13471106441,"representative_point_method":"osm_node","role":"display_only"},"geometry":{"type":"Point","coordinates":[69.2093779,41.3521716]}},{"type":"Feature","properties":{"facility_id":"ed_node_13515690726","name":"Barkamol avlod bolalar maktabi","education_category":"school","district_name":"Yashnabad district","district_assignment":"within","osm_type":"node","osm_id":13515690726,"representative_point_method":"osm_node","role":"display_only"},"geometry":{"type":"Point","coordinates":[69.3371888,41.293968]}},{"type":"Feature","properties":{"facility_id":"ed_node_13597445170","name":"351-sonli Maktabgacha ta'lim tashkiloti","education_category":"kindergarten","district_name":"Yangikhayot district","district_assignment":"within","osm_type":"node","osm_id":13597445170,"representative_point_method":"osm_node","role":"display_only"},"geometry":{"type":"Point","coordinates":[69.2182913,41.2002906]}},{"type":"Feature","properties":{"facility_id":"ed_node_13746012711","name":"O'zMU filologiyasi fakulteti","education_category":"university","district_name":"Almazar district","district_assignment":"within","osm_type":"node","osm_id":13746012711,"representative_point_method":"osm_node","role":"display_only"},"geometry":{"type":"Point","coordinates":[69.2044231,41.351619]}},{"type":"Feature","properties":{"facility_id":"ed_node_13746012712","name":"O'zMU Geografiya va geologiya fakulteti","education_category":"university","district_name":"Almazar district","district_assignment":"within","osm_type":"node","osm_id":13746012712,"representative_point_method":"osm_node","role":"display_only"},"geometry":{"type":"Point","coordinates":[69.2043005,41.3511044]}},{"type":"Feature","properties":{"facility_id":"ed_node_13746012713","name":"O'zMU Matematika fakulteti","education_category":"university","district_name":"Almazar district","district_assignment":"within","osm_type":"node","osm_id":13746012713,"representative_point_method":"osm_node","role":"display_only"},"geometry":{"type":"Point","coordinates":[69.2042151,41.3505581]}},{"type":"Feature","properties":{"facility_id":"ed_node_13783958892","name":"Rektorat","education_category":"university","district_name":"Mirzo Ulugbek district","district_assignment":"within","osm_type":"node","osm_id":13783958892,"representative_point_method":"osm_node","role":"display_only"},"geometry":{"type":"Point","coordinates":[69.2963774,41.3231764]}},{"type":"Feature","properties":{"facility_id":"ed_node_13785926148","name":"Millat Umidi universiteti","education_category":"university","district_name":"Chilanzar district","district_assignment":"within","osm_type":"node","osm_id":13785926148,"representative_point_method":"osm_node","role":"display_only"},"geometry":{"type":"Point","coordinates":[69.2292604,41.296238]}},{"type":"Feature","properties":{"facility_id":"ed_node_13788390920","name":"STARS International University","education_category":"university","district_name":"Mirzo Ulugbek district","district_assignment":"within","osm_type":"node","osm_id":13788390920,"representative_point_method":"osm_node","role":"display_only"},"geometry":{"type":"Point","coordinates":[69.3156655,41.3239399]}},{"type":"Feature","properties":{"facility_id":"ed_node_13788471694","name":"Farmatsevtika taʼlim va tadqiqot instituti","education_category":"university","district_name":"Yunusabad district","district_assignment":"within","osm_type":"node","osm_id":13788471694,"representative_point_method":"osm_node","role":"display_only"},"geometry":{"type":"Point","coordinates":[69.3108942,41.3737518]}},{"type":"Feature","properties":{"facility_id":"ed_node_13789930602","name":"A blok","education_category":"university","district_name":"Yashnabad district","district_assignment":"within","osm_type":"node","osm_id":13789930602,"representative_point_method":"osm_node","role":"display_only"},"geometry":{"type":"Point","coordinates":[69.3387144,41.277846]}},{"type":"Feature","properties":{"facility_id":"ed_node_13789930603","name":"B blok","education_category":"university","district_name":"Yashnabad district","district_assignment":"within","osm_type":"node","osm_id":13789930603,"representative_point_method":"osm_node","role":"display_only"},"geometry":{"type":"Point","coordinates":[69.3391037,41.278245]}},{"type":"Feature","properties":{"facility_id":"ed_node_13789930604","name":"C blok","education_category":"university","district_name":"Yashnabad district","district_assignment":"within","osm_type":"node","osm_id":13789930604,"representative_point_method":"osm_node","role":"display_only"},"geometry":{"type":"Point","coordinates":[69.3393479,41.2779125]}},{"type":"Feature","properties":{"facility_id":"ed_node_13795606564","name":"Jalaliddin International School","education_category":"school","district_name":"Almazar district","district_assignment":"within","osm_type":"node","osm_id":13795606564,"representative_point_method":"osm_node","role":"display_only"},"geometry":{"type":"Point","coordinates":[69.2172034,41.3363238]}},{"type":"Feature","properties":{"facility_id":"ed_node_13799873677","name":"Cool Kids","education_category":"school","district_name":"Yakkasaray district","district_assignment":"within","osm_type":"node","osm_id":13799873677,"representative_point_method":"osm_node","role":"display_only"},"geometry":{"type":"Point","coordinates":[69.2616605,41.2957753]}},{"type":"Feature","properties":{"facility_id":"ed_node_13800146152","name":"PDP Maktabi","education_category":"school","district_name":"Sergeli district","district_assignment":"within","osm_type":"node","osm_id":13800146152,"representative_point_method":"osm_node","role":"display_only"},"geometry":{"type":"Point","coordinates":[69.2156639,41.2347884]}},{"type":"Feature","properties":{"facility_id":"ed_node_13800146153","name":"PDP Academy","education_category":"school","district_name":"Sergeli district","district_assignment":"within","osm_type":"node","osm_id":13800146153,"representative_point_method":"osm_node","role":"display_only"},"geometry":{"type":"Point","coordinates":[69.216144,41.2340643]}},{"type":"Feature","properties":{"facility_id":"ed_node_13926346502","name":"Seven School Istirohat","education_category":"school","district_name":"Shaykhantakhur district","district_assignment":"within","osm_type":"node","osm_id":13926346502,"representative_point_method":"osm_node","role":"display_only"},"geometry":{"type":"Point","coordinates":[69.1847451,41.3276093]}},{"type":"Feature","properties":{"facility_id":"ed_node_13926346503","name":"Sodiq School Istirohat","education_category":"school","district_name":"Shaykhantakhur district","district_assignment":"within","osm_type":"node","osm_id":13926346503,"representative_point_method":"osm_node","role":"display_only"},"geometry":{"type":"Point","coordinates":[69.1850569,41.3275809]}},{"type":"Feature","properties":{"facility_id":"ed_node_13931902602","name":"Sodiq School","education_category":"school","district_name":"Sergeli district","district_assignment":"within","osm_type":"node","osm_id":13931902602,"representative_point_method":"osm_node","role":"display_only"},"geometry":{"type":"Point","coordinates":[69.2554727,41.262073]}},{"type":"Feature","properties":{"facility_id":"ed_node_14038621483","name":"Deutschsmart Internationale Schule","education_category":"school","district_name":"Yashnabad district","district_assignment":"within","osm_type":"node","osm_id":14038621483,"representative_point_method":"osm_node","role":"display_only"},"geometry":{"type":"Point","coordinates":[69.3261909,41.2946159]}},{"type":"Feature","properties":{"facility_id":"ed_node_14039589005","name":"Registan xususiy maktabi","education_category":"school","district_name":"Almazar district","district_assignment":"within","osm_type":"node","osm_id":14039589005,"representative_point_method":"osm_node","role":"display_only"},"geometry":{"type":"Point","coordinates":[69.2229221,41.3310547]}},{"type":"Feature","properties":{"facility_id":"ed_node_14148586160","name":"Tashkent International University","education_category":"university","district_name":"Yunusabad district","district_assignment":"within","osm_type":"node","osm_id":14148586160,"representative_point_method":"osm_node","role":"display_only"},"geometry":{"type":"Point","coordinates":[69.2795388,41.3342996]}},{"type":"Feature","properties":{"facility_id":"ed_relation_1452353","name":"Школа №319","education_category":"school","district_name":"Yakkasaray district","district_assignment":"within","osm_type":"relation","osm_id":1452353,"representative_point_method":"polygon_representative_point","role":"display_only"},"geometry":{"type":"Point","coordinates":[69.2375181,41.2667625]}},{"type":"Feature","properties":{"facility_id":"ed_relation_1456826","name":"Школа №278","education_category":"school","district_name":"Almazar district","district_assignment":"within","osm_type":"relation","osm_id":1456826,"representative_point_method":"polygon_representative_point","role":"display_only"},"geometry":{"type":"Point","coordinates":[69.1912677,41.3654962]}},{"type":"Feature","properties":{"facility_id":"ed_relation_1464483","name":"Школа №280","education_category":"school","district_name":"Chilanzar district","district_assignment":"within","osm_type":"relation","osm_id":1464483,"representative_point_method":"polygon_representative_point","role":"display_only"},"geometry":{"type":"Point","coordinates":[69.1580525,41.26164]}},{"type":"Feature","properties":{"facility_id":"ed_relation_1464486","name":"Академический лицей при ТГТУ","education_category":"college","district_name":"Chilanzar district","district_assignment":"within","osm_type":"relation","osm_id":1464486,"representative_point_method":"polygon_representative_point","role":"display_only"},"geometry":{"type":"Point","coordinates":[69.1567595,41.2611735]}},{"type":"Feature","properties":{"facility_id":"ed_relation_1685893","name":"Школа №208","education_category":"school","district_name":"Mirzo Ulugbek district","district_assignment":"within","osm_type":"relation","osm_id":1685893,"representative_point_method":"polygon_representative_point","role":"display_only"},"geometry":{"type":"Point","coordinates":[69.3669975,41.335038]}},{"type":"Feature","properties":{"facility_id":"ed_relation_1729150","name":"301-maktab","education_category":"school","district_name":"Sergeli district","district_assignment":"within","osm_type":"relation","osm_id":1729150,"representative_point_method":"polygon_representative_point","role":"display_only"},"geometry":{"type":"Point","coordinates":[69.2165196,41.2224497]}},{"type":"Feature","properties":{"facility_id":"ed_relation_1752810","name":"Toshkent shahridagi Xalqaro Vestminster universiteti (TXVU)","education_category":"university","district_name":"Mirabad district","district_assignment":"within","osm_type":"relation","osm_id":1752810,"representative_point_method":"polygon_representative_point","role":"display_only"},"geometry":{"type":"Point","coordinates":[69.2818177,41.3066075]}},{"type":"Feature","properties":{"facility_id":"ed_relation_1752814","name":"школа №69","education_category":"school","district_name":"Yashnabad district","district_assignment":"within","osm_type":"relation","osm_id":1752814,"representative_point_method":"polygon_representative_point","role":"display_only"},"geometry":{"type":"Point","coordinates":[69.3140407,41.3171956]}},{"type":"Feature","properties":{"facility_id":"ed_relation_1807538","name":"156","education_category":"school","district_name":"Yashnabad district","district_assignment":"within","osm_type":"relation","osm_id":1807538,"representative_point_method":"polygon_representative_point","role":"display_only"},"geometry":{"type":"Point","coordinates":[69.3172287,41.2666296]}},{"type":"Feature","properties":{"facility_id":"ed_relation_1850417","name":"Bucheon University in Tashkent","education_category":"college","district_name":"Chilanzar district","district_assignment":"within","osm_type":"relation","osm_id":1850417,"representative_point_method":"polygon_representative_point","role":"display_only"},"geometry":{"type":"Point","coordinates":[69.1965451,41.2704507]}},{"type":"Feature","properties":{"facility_id":"ed_relation_1858790","name":"Toshkent pediatriya tibbiyot instituti","education_category":"university","district_name":"Yunusabad district","district_assignment":"within","osm_type":"relation","osm_id":1858790,"representative_point_method":"polygon_representative_point","role":"display_only"},"geometry":{"type":"Point","coordinates":[69.3318545,41.3546132]}},{"type":"Feature","properties":{"facility_id":"ed_relation_1951466","name":"82-chi sonli o`rta umumiy ta`lim maktabi","education_category":"school","district_name":"Shaykhantakhur district","district_assignment":"within","osm_type":"relation","osm_id":1951466,"representative_point_method":"polygon_representative_point","role":"display_only"},"geometry":{"type":"Point","coordinates":[69.2289755,41.3199721]}},{"type":"Feature","properties":{"facility_id":"ed_relation_1954323","name":"Детский сад №408 Buloqcha","education_category":"kindergarten","district_name":"Mirzo Ulugbek district","district_assignment":"within","osm_type":"relation","osm_id":1954323,"representative_point_method":"polygon_representative_point","role":"display_only"},"geometry":{"type":"Point","coordinates":[69.3884863,41.3431519]}},{"type":"Feature","properties":{"facility_id":"ed_relation_1954324","name":"Школа № 279","education_category":"school","district_name":"Mirzo Ulugbek district","district_assignment":"within","osm_type":"relation","osm_id":1954324,"representative_point_method":"polygon_representative_point","role":"display_only"},"geometry":{"type":"Point","coordinates":[69.3892593,41.3427911]}},{"type":"Feature","properties":{"facility_id":"ed_relation_2228675","name":"284-maktab","education_category":"school","district_name":"Sergeli district","district_assignment":"within","osm_type":"relation","osm_id":2228675,"representative_point_method":"polygon_representative_point","role":"display_only"},"geometry":{"type":"Point","coordinates":[69.2177332,41.2209968]}},{"type":"Feature","properties":{"facility_id":"ed_relation_2283793","name":"201","education_category":"school","district_name":"Chilanzar district","district_assignment":"within","osm_type":"relation","osm_id":2283793,"representative_point_method":"polygon_representative_point","role":"display_only"},"geometry":{"type":"Point","coordinates":[69.201898,41.251592]}},{"type":"Feature","properties":{"facility_id":"ed_relation_2297293","name":"школа №298","education_category":"school","district_name":"Uchtepa district","district_assignment":"within","osm_type":"relation","osm_id":2297293,"representative_point_method":"polygon_representative_point","role":"display_only"},"geometry":{"type":"Point","coordinates":[69.1384352,41.2821065]}},{"type":"Feature","properties":{"facility_id":"ed_relation_2329743","name":"145-maktab","education_category":"school","district_name":"Yashnabad district","district_assignment":"within","osm_type":"relation","osm_id":2329743,"representative_point_method":"polygon_representative_point","role":"display_only"},"geometry":{"type":"Point","coordinates":[69.287972,41.3042644]}},{"type":"Feature","properties":{"facility_id":"ed_relation_2333885","name":"Школа №72","education_category":"school","district_name":"Yakkasaray district","district_assignment":"within","osm_type":"relation","osm_id":2333885,"representative_point_method":"polygon_representative_point","role":"display_only"},"geometry":{"type":"Point","coordinates":[69.2650844,41.2993677]}},{"type":"Feature","properties":{"facility_id":"ed_relation_2338867","name":"Детсад №241","education_category":"kindergarten","district_name":"Shaykhantakhur district","district_assignment":"within","osm_type":"relation","osm_id":2338867,"representative_point_method":"polygon_representative_point","role":"display_only"},"geometry":{"type":"Point","coordinates":[69.2103842,41.3052742]}},{"type":"Feature","properties":{"facility_id":"ed_relation_2339063","name":"Tamojenniy institut","education_category":"university","district_name":"Shaykhantakhur district","district_assignment":"within","osm_type":"relation","osm_id":2339063,"representative_point_method":"polygon_representative_point","role":"display_only"},"geometry":{"type":"Point","coordinates":[69.2233141,41.3032286]}},{"type":"Feature","properties":{"facility_id":"ed_relation_2369763","name":"175-maktab","education_category":"school","district_name":"Mirabad district","district_assignment":"within","osm_type":"relation","osm_id":2369763,"representative_point_method":"polygon_representative_point","role":"display_only"},"geometry":{"type":"Point","coordinates":[69.2892938,41.2756555]}},{"type":"Feature","properties":{"facility_id":"ed_relation_2394954","name":"Ташкентское Высшее Общевойсковое Командное Училище","education_category":"university","district_name":"Mirzo Ulugbek district","district_assignment":"within","osm_type":"relation","osm_id":2394954,"representative_point_method":"polygon_representative_point","role":"display_only"},"geometry":{"type":"Point","coordinates":[69.3083664,41.3174549]}},{"type":"Feature","properties":{"facility_id":"ed_relation_2415038","name":"328-maktab","education_category":"school","district_name":"Mirabad district","district_assignment":"within","osm_type":"relation","osm_id":2415038,"representative_point_method":"polygon_representative_point","role":"display_only"},"geometry":{"type":"Point","coordinates":[69.2737499,41.2933268]}},{"type":"Feature","properties":{"facility_id":"ed_relation_2432290","name":"Toshkent davlat yuridik universiteti","education_category":"university","district_name":"Yunusabad district","district_assignment":"within","osm_type":"relation","osm_id":2432290,"representative_point_method":"polygon_representative_point","role":"display_only"},"geometry":{"type":"Point","coordinates":[69.2775184,41.3109059]}},{"type":"Feature","properties":{"facility_id":"ed_relation_2448540","name":null,"education_category":"college","district_name":"Mirabad district","district_assignment":"within","osm_type":"relation","osm_id":2448540,"representative_point_method":"polygon_representative_point","role":"display_only"},"geometry":{"type":"Point","coordinates":[69.2791782,41.2808404]}},{"type":"Feature","properties":{"facility_id":"ed_relation_2564987","name":"Toshkent toʻqimachilik va yengil sanoat instituti","education_category":"university","district_name":"Yakkasaray district","district_assignment":"within","osm_type":"relation","osm_id":2564987,"representative_point_method":"polygon_representative_point","role":"display_only"},"geometry":{"type":"Point","coordinates":[69.2469717,41.2838271]}},{"type":"Feature","properties":{"facility_id":"ed_relation_2622700","name":"Toshkent shahridagi Singapur menejmentni rivojlantirish instituti","education_category":"university","district_name":"Chilanzar district","district_assignment":"within","osm_type":"relation","osm_id":2622700,"representative_point_method":"polygon_representative_point","role":"display_only"},"geometry":{"type":"Point","coordinates":[69.2029629,41.2691674]}},{"type":"Feature","properties":{"facility_id":"ed_relation_2712835","name":"O‘zbekiston davlat jahon tillari universiteti","education_category":"university","district_name":"Uchtepa district","district_assignment":"within","osm_type":"relation","osm_id":2712835,"representative_point_method":"polygon_representative_point","role":"display_only"},"geometry":{"type":"Point","coordinates":[69.1932585,41.2870894]}},{"type":"Feature","properties":{"facility_id":"ed_relation_2712886","name":"Uspenskiy nomidagi musiqa maktabi","education_category":"school","district_name":"Mirzo Ulugbek district","district_assignment":"within","osm_type":"relation","osm_id":2712886,"representative_point_method":"polygon_representative_point","role":"display_only"},"geometry":{"type":"Point","coordinates":[69.293345,41.3081087]}},{"type":"Feature","properties":{"facility_id":"ed_relation_3557460","name":"Yuridik kolleji","education_category":"college","district_name":"Uchtepa district","district_assignment":"within","osm_type":"relation","osm_id":3557460,"representative_point_method":"polygon_representative_point","role":"display_only"},"geometry":{"type":"Point","coordinates":[69.1854563,41.2805543]}},{"type":"Feature","properties":{"facility_id":"ed_relation_3743486","name":"Автодорожный институт/военнаяя кафедра","education_category":"university","district_name":"Mirabad district","district_assignment":"within","osm_type":"relation","osm_id":3743486,"representative_point_method":"polygon_representative_point","role":"display_only"},"geometry":{"type":"Point","coordinates":[69.3187148,41.2560679]}},{"type":"Feature","properties":{"facility_id":"ed_relation_4113356","name":"Toshkent tibbiyot akademiyasi","education_category":"university","district_name":"Almazar district","district_assignment":"within","osm_type":"relation","osm_id":4113356,"representative_point_method":"polygon_representative_point","role":"display_only"},"geometry":{"type":"Point","coordinates":[69.1770303,41.3581709]}},{"type":"Feature","properties":{"facility_id":"ed_relation_5194462","name":"160-maktab","education_category":"school","district_name":"Yakkasaray district","district_assignment":"within","osm_type":"relation","osm_id":5194462,"representative_point_method":"polygon_representative_point","role":"display_only"},"geometry":{"type":"Point","coordinates":[69.2626376,41.2919669]}},{"type":"Feature","properties":{"facility_id":"ed_relation_5298029","name":"107-maktab nomidagi Zoya Kosmodemyanskaya","education_category":"school","district_name":"Uchtepa district","district_assignment":"within","osm_type":"relation","osm_id":5298029,"representative_point_method":"polygon_representative_point","role":"display_only"},"geometry":{"type":"Point","coordinates":[69.1769006,41.2769371]}},{"type":"Feature","properties":{"facility_id":"ed_relation_5436077","name":"Toshkent davlat tibbiyot universiteti","education_category":"university","district_name":"Yashnabad district","district_assignment":"within","osm_type":"relation","osm_id":5436077,"representative_point_method":"polygon_representative_point","role":"display_only"},"geometry":{"type":"Point","coordinates":[69.3023885,41.3103177]}},{"type":"Feature","properties":{"facility_id":"ed_relation_5459135","name":"Дом Ребенка","education_category":"kindergarten","district_name":"Yunusabad district","district_assignment":"within","osm_type":"relation","osm_id":5459135,"representative_point_method":"polygon_representative_point","role":"display_only"},"geometry":{"type":"Point","coordinates":[69.3132989,41.3753497]}},{"type":"Feature","properties":{"facility_id":"ed_relation_5522570","name":"94-maktab","education_category":"school","district_name":"Mirabad district","district_assignment":"within","osm_type":"relation","osm_id":5522570,"representative_point_method":"polygon_representative_point","role":"display_only"},"geometry":{"type":"Point","coordinates":[69.2835411,41.2959979]}},{"type":"Feature","properties":{"facility_id":"ed_relation_5588742","name":"The British School of Tashkent - Sayram campus","education_category":"school","district_name":"Mirzo Ulugbek district","district_assignment":"within","osm_type":"relation","osm_id":5588742,"representative_point_method":"polygon_representative_point","role":"display_only"},"geometry":{"type":"Point","coordinates":[69.3243663,41.3295492]}},{"type":"Feature","properties":{"facility_id":"ed_relation_6352391","name":"№12 bolalar bog'chasi","education_category":"kindergarten","district_name":"Yakkasaray district","district_assignment":"within","osm_type":"relation","osm_id":6352391,"representative_point_method":"polygon_representative_point","role":"display_only"},"geometry":{"type":"Point","coordinates":[69.242084,41.2864439]}},{"type":"Feature","properties":{"facility_id":"ed_relation_6585309","name":"Институт Службы Государственной Безопасности Республики Узбекистан","education_category":"university","district_name":"Mirabad district","district_assignment":"within","osm_type":"relation","osm_id":6585309,"representative_point_method":"polygon_representative_point","role":"display_only"},"geometry":{"type":"Point","coordinates":[69.2737492,41.3015247]}},{"type":"Feature","properties":{"facility_id":"ed_relation_6630912","name":"Детская школа музыки и искусств №17","education_category":"school","district_name":"Yashnabad district","district_assignment":"within","osm_type":"relation","osm_id":6630912,"representative_point_method":"polygon_representative_point","role":"display_only"},"geometry":{"type":"Point","coordinates":[69.2993887,41.2926658]}},{"type":"Feature","properties":{"facility_id":"ed_relation_6667687","name":"30-maktab","education_category":"school","district_name":"Yashnabad district","district_assignment":"within","osm_type":"relation","osm_id":6667687,"representative_point_method":"polygon_representative_point","role":"display_only"},"geometry":{"type":"Point","coordinates":[69.318649,41.290224]}},{"type":"Feature","properties":{"facility_id":"ed_relation_7130307","name":"bek School","education_category":"school","district_name":"Yunusabad district","district_assignment":"within","osm_type":"relation","osm_id":7130307,"representative_point_method":"polygon_representative_point","role":"display_only"},"geometry":{"type":"Point","coordinates":[69.3159216,41.3769231]}},{"type":"Feature","properties":{"facility_id":"ed_relation_7130308","name":"133-Bolalar bogʻchasi","education_category":"kindergarten","district_name":"Yunusabad district","district_assignment":"within","osm_type":"relation","osm_id":7130308,"representative_point_method":"polygon_representative_point","role":"display_only"},"geometry":{"type":"Point","coordinates":[69.3170523,41.3772676]}},{"type":"Feature","properties":{"facility_id":"ed_relation_7327404","name":"Toshkent kimyo-texnologiya instituti Noorganik moddalar kimyoviy texnologiyasi fakulteti","education_category":"university","district_name":"Mirzo Ulugbek district","district_assignment":"within","osm_type":"relation","osm_id":7327404,"representative_point_method":"polygon_representative_point","role":"display_only"},"geometry":{"type":"Point","coordinates":[69.3187902,41.320403]}},{"type":"Feature","properties":{"facility_id":"ed_relation_7390576","name":"Nizomiy nomidagi O'zbekiston Milliy pedagogika universiteti","education_category":"university","district_name":"Chilanzar district","district_assignment":"within","osm_type":"relation","osm_id":7390576,"representative_point_method":"polygon_representative_point","role":"display_only"},"geometry":{"type":"Point","coordinates":[69.2057019,41.272175]}},{"type":"Feature","properties":{"facility_id":"ed_relation_7462941","name":"Школа №272","education_category":"school","district_name":"Yunusabad district","district_assignment":"within","osm_type":"relation","osm_id":7462941,"representative_point_method":"polygon_representative_point","role":"display_only"},"geometry":{"type":"Point","coordinates":[69.2897336,41.3576386]}},{"type":"Feature","properties":{"facility_id":"ed_relation_7720490","name":"Школа №9","education_category":"school","district_name":"Yunusabad district","district_assignment":"within","osm_type":"relation","osm_id":7720490,"representative_point_method":"polygon_representative_point","role":"display_only"},"geometry":{"type":"Point","coordinates":[69.2779728,41.3303638]}},{"type":"Feature","properties":{"facility_id":"ed_relation_7786330","name":"64-maktab","education_category":"school","district_name":"Mirzo Ulugbek district","district_assignment":"within","osm_type":"relation","osm_id":7786330,"representative_point_method":"polygon_representative_point","role":"display_only"},"geometry":{"type":"Point","coordinates":[69.2929245,41.311083]}},{"type":"Feature","properties":{"facility_id":"ed_relation_8279033","name":"Favqulodda vaziyatlar vazirligining Fuqaro mudofaasi akademiyasi","education_category":"university","district_name":"Yangikhayot district","district_assignment":"within","osm_type":"relation","osm_id":8279033,"representative_point_method":"polygon_representative_point","role":"display_only"},"geometry":{"type":"Point","coordinates":[69.2201587,41.1988865]}},{"type":"Feature","properties":{"facility_id":"ed_relation_8312421","name":null,"education_category":"kindergarten","district_name":"Uchtepa district","district_assignment":"within","osm_type":"relation","osm_id":8312421,"representative_point_method":"polygon_representative_point","role":"display_only"},"geometry":{"type":"Point","coordinates":[69.1675626,41.2863186]}},{"type":"Feature","properties":{"facility_id":"ed_relation_8312422","name":"Tasviriy va amaliy san’at maktab-internati","education_category":"school","district_name":"Uchtepa district","district_assignment":"within","osm_type":"relation","osm_id":8312422,"representative_point_method":"polygon_representative_point","role":"display_only"},"geometry":{"type":"Point","coordinates":[69.1675934,41.2870923]}},{"type":"Feature","properties":{"facility_id":"ed_relation_8333584","name":"школа №5","education_category":"school","district_name":"Yunusabad district","district_assignment":"within","osm_type":"relation","osm_id":8333584,"representative_point_method":"polygon_representative_point","role":"display_only"},"geometry":{"type":"Point","coordinates":[69.2766032,41.3198936]}},{"type":"Feature","properties":{"facility_id":"ed_relation_8337398","name":"Toshkent davlat tibbiyot universiteti","education_category":"university","district_name":"Almazar district","district_assignment":"within","osm_type":"relation","osm_id":8337398,"representative_point_method":"polygon_representative_point","role":"display_only"},"geometry":{"type":"Point","coordinates":[69.1725176,41.3512296]}},{"type":"Feature","properties":{"facility_id":"ed_relation_8339112","name":"Школа №249","education_category":"school","district_name":"Almazar district","district_assignment":"within","osm_type":"relation","osm_id":8339112,"representative_point_method":"polygon_representative_point","role":"display_only"},"geometry":{"type":"Point","coordinates":[69.1912502,41.3554173]}},{"type":"Feature","properties":{"facility_id":"ed_relation_8339405","name":"29-maktab","education_category":"school","district_name":"Almazar district","district_assignment":"within","osm_type":"relation","osm_id":8339405,"representative_point_method":"polygon_representative_point","role":"display_only"},"geometry":{"type":"Point","coordinates":[69.1843042,41.3581979]}},{"type":"Feature","properties":{"facility_id":"ed_relation_8343588","name":"Оlmazor politexnika kasb-hunar kolleji","education_category":"college","district_name":"Almazar district","district_assignment":"within","osm_type":"relation","osm_id":8343588,"representative_point_method":"polygon_representative_point","role":"display_only"},"geometry":{"type":"Point","coordinates":[69.197135,41.3560674]}},{"type":"Feature","properties":{"facility_id":"ed_relation_8381015","name":"2-ingliz filologiya","education_category":"university","district_name":"Uchtepa district","district_assignment":"within","osm_type":"relation","osm_id":8381015,"representative_point_method":"polygon_representative_point","role":"display_only"},"geometry":{"type":"Point","coordinates":[69.1925642,41.2869836]}},{"type":"Feature","properties":{"facility_id":"ed_relation_8421659","name":"144-maktab","education_category":"school","district_name":"Yakkasaray district","district_assignment":"within","osm_type":"relation","osm_id":8421659,"representative_point_method":"polygon_representative_point","role":"display_only"},"geometry":{"type":"Point","coordinates":[69.2367326,41.2825003]}},{"type":"Feature","properties":{"facility_id":"ed_relation_8461261","name":"Детский сад №230","education_category":"kindergarten","district_name":"Chilanzar district","district_assignment":"within","osm_type":"relation","osm_id":8461261,"representative_point_method":"polygon_representative_point","role":"display_only"},"geometry":{"type":"Point","coordinates":[69.2210812,41.2845856]}},{"type":"Feature","properties":{"facility_id":"ed_relation_8461264","name":"Школа №162","education_category":"school","district_name":"Chilanzar district","district_assignment":"within","osm_type":"relation","osm_id":8461264,"representative_point_method":"polygon_representative_point","role":"display_only"},"geometry":{"type":"Point","coordinates":[69.2209079,41.2853303]}},{"type":"Feature","properties":{"facility_id":"ed_relation_9283160","name":"школа №171","education_category":"school","district_name":"Mirzo Ulugbek district","district_assignment":"within","osm_type":"relation","osm_id":9283160,"representative_point_method":"polygon_representative_point","role":"display_only"},"geometry":{"type":"Point","coordinates":[69.3368596,41.3296329]}},{"type":"Feature","properties":{"facility_id":"ed_relation_9576373","name":"Погранучилище","education_category":"university","district_name":"Yunusabad district","district_assignment":"within","osm_type":"relation","osm_id":9576373,"representative_point_method":"polygon_representative_point","role":"display_only"},"geometry":{"type":"Point","coordinates":[69.3035339,41.357871]}},{"type":"Feature","properties":{"facility_id":"ed_relation_9585534","name":"M. V. Lomonosov nomidagi Moskva davlat universitetining Toshkent filiali","education_category":"university","district_name":"Mirabad district","district_assignment":"within","osm_type":"relation","osm_id":9585534,"representative_point_method":"polygon_representative_point","role":"display_only"},"geometry":{"type":"Point","coordinates":[69.2807215,41.3005482]}},{"type":"Feature","properties":{"facility_id":"ed_relation_9585535","name":"Toshkent davlat sharqshunoslik universiteti","education_category":"university","district_name":"Mirabad district","district_assignment":"within","osm_type":"relation","osm_id":9585535,"representative_point_method":"polygon_representative_point","role":"display_only"},"geometry":{"type":"Point","coordinates":[69.2792449,41.3012923]}},{"type":"Feature","properties":{"facility_id":"ed_relation_9684204","name":null,"education_category":"kindergarten","district_name":"Almazar district","district_assignment":"within","osm_type":"relation","osm_id":9684204,"representative_point_method":"polygon_representative_point","role":"display_only"},"geometry":{"type":"Point","coordinates":[69.186545,41.3582636]}},{"type":"Feature","properties":{"facility_id":"ed_relation_9684205","name":"№522 bolalar bog'chasi","education_category":"kindergarten","district_name":"Almazar district","district_assignment":"within","osm_type":"relation","osm_id":9684205,"representative_point_method":"polygon_representative_point","role":"display_only"},"geometry":{"type":"Point","coordinates":[69.1862429,41.3574481]}},{"type":"Feature","properties":{"facility_id":"ed_relation_9743449","name":"Evrika","education_category":"school","district_name":"Yangikhayot district","district_assignment":"within","osm_type":"relation","osm_id":9743449,"representative_point_method":"polygon_representative_point","role":"display_only"},"geometry":{"type":"Point","coordinates":[69.2108579,41.1906307]}},{"type":"Feature","properties":{"facility_id":"ed_relation_9886299","name":null,"education_category":"college","district_name":"Shaykhantakhur district","district_assignment":"within","osm_type":"relation","osm_id":9886299,"representative_point_method":"polygon_representative_point","role":"display_only"},"geometry":{"type":"Point","coordinates":[69.1666185,41.3421747]}},{"type":"Feature","properties":{"facility_id":"ed_relation_16390797","name":"438-sonli \"Qaldirg‘och\" bog‘chasi","education_category":"kindergarten","district_name":"Mirzo Ulugbek district","district_assignment":"within","osm_type":"relation","osm_id":16390797,"representative_point_method":"polygon_representative_point","role":"display_only"},"geometry":{"type":"Point","coordinates":[69.3510613,41.343673]}},{"type":"Feature","properties":{"facility_id":"ed_relation_16395180","name":"127","education_category":"kindergarten","district_name":"Mirabad district","district_assignment":"within","osm_type":"relation","osm_id":16395180,"representative_point_method":"polygon_representative_point","role":"display_only"},"geometry":{"type":"Point","coordinates":[69.2852038,41.2870193]}},{"type":"Feature","properties":{"facility_id":"ed_relation_19686850","name":"Школа №237","education_category":"school","district_name":"Sergeli district","district_assignment":"within","osm_type":"relation","osm_id":19686850,"representative_point_method":"polygon_representative_point","role":"display_only"},"geometry":{"type":"Point","coordinates":[69.2566323,41.2595673]}},{"type":"Feature","properties":{"facility_id":"ed_relation_20035558","name":null,"education_category":"kindergarten","district_name":"Yunusabad district","district_assignment":"within","osm_type":"relation","osm_id":20035558,"representative_point_method":"polygon_representative_point","role":"display_only"},"geometry":{"type":"Point","coordinates":[69.3366053,41.3564278]}},{"type":"Feature","properties":{"facility_id":"ed_relation_20276574","name":"Toshkent davlat iqtisodiyot universiteti","education_category":"university","district_name":"Chilanzar district","district_assignment":"within","osm_type":"relation","osm_id":20276574,"representative_point_method":"polygon_representative_point","role":"display_only"},"geometry":{"type":"Point","coordinates":[69.249152,41.3089159]}},{"type":"Feature","properties":{"facility_id":"ed_way_31963256","name":"Toshkent Davlat Sharqshunoslik Instituti","education_category":"university","district_name":"Mirabad district","district_assignment":"within","osm_type":"way","osm_id":31963256,"representative_point_method":"polygon_representative_point","role":"display_only"},"geometry":{"type":"Point","coordinates":[69.2816751,41.3052388]}},{"type":"Feature","properties":{"facility_id":"ed_way_31972673","name":"Toshkent davlat sharqshunoslik universiteti","education_category":"university","district_name":"Mirabad district","district_assignment":"within","osm_type":"way","osm_id":31972673,"representative_point_method":"polygon_representative_point","role":"display_only"},"geometry":{"type":"Point","coordinates":[69.2745805,41.2984529]}},{"type":"Feature","properties":{"facility_id":"ed_way_32035038","name":"17-maktab","education_category":"school","district_name":"Yunusabad district","district_assignment":"within","osm_type":"way","osm_id":32035038,"representative_point_method":"polygon_representative_point","role":"display_only"},"geometry":{"type":"Point","coordinates":[69.288167,41.3184447]}},{"type":"Feature","properties":{"facility_id":"ed_way_32133321","name":"Toshkent kimyo-texnologiya instituti","education_category":"university","district_name":"Shaykhantakhur district","district_assignment":"within","osm_type":"way","osm_id":32133321,"representative_point_method":"polygon_representative_point","role":"display_only"},"geometry":{"type":"Point","coordinates":[69.2459343,41.3224819]}},{"type":"Feature","properties":{"facility_id":"ed_way_32721490","name":null,"education_category":"school","district_name":"Shaykhantakhur district","district_assignment":"within","osm_type":"way","osm_id":32721490,"representative_point_method":"polygon_representative_point","role":"display_only"},"geometry":{"type":"Point","coordinates":[69.257554,41.3288464]}},{"type":"Feature","properties":{"facility_id":"ed_way_32722863","name":"Suzish","education_category":"school","district_name":"Almazar district","district_assignment":"within","osm_type":"way","osm_id":32722863,"representative_point_method":"polygon_representative_point","role":"display_only"},"geometry":{"type":"Point","coordinates":[69.249283,41.3361505]}},{"type":"Feature","properties":{"facility_id":"ed_way_32780975","name":"школа №137","education_category":"school","district_name":"Shaykhantakhur district","district_assignment":"within","osm_type":"way","osm_id":32780975,"representative_point_method":"polygon_representative_point","role":"display_only"},"geometry":{"type":"Point","coordinates":[69.264281,41.33073]}},{"type":"Feature","properties":{"facility_id":"ed_way_32781080","name":"Факультет авиакосмических технологий ТГТУ","education_category":"college","district_name":"Shaykhantakhur district","district_assignment":"within","osm_type":"way","osm_id":32781080,"representative_point_method":"polygon_representative_point","role":"display_only"},"geometry":{"type":"Point","coordinates":[69.2631679,41.3333717]}},{"type":"Feature","properties":{"facility_id":"ed_way_32814825","name":"НИГМИ","education_category":"university","district_name":"Yunusabad district","district_assignment":"within","osm_type":"way","osm_id":32814825,"representative_point_method":"polygon_representative_point","role":"display_only"},"geometry":{"type":"Point","coordinates":[69.2938367,41.3273478]}},{"type":"Feature","properties":{"facility_id":"ed_way_32814872","name":"Uzscinet","education_category":"school","district_name":"Yunusabad district","district_assignment":"within","osm_type":"way","osm_id":32814872,"representative_point_method":"polygon_representative_point","role":"display_only"},"geometry":{"type":"Point","coordinates":[69.2918125,41.3282373]}},{"type":"Feature","properties":{"facility_id":"ed_way_32851752","name":"Oʻzbekiston xalqaro islom akademiyasi","education_category":"university","district_name":"Shaykhantakhur district","district_assignment":"within","osm_type":"way","osm_id":32851752,"representative_point_method":"polygon_representative_point","role":"display_only"},"geometry":{"type":"Point","coordinates":[69.2580734,41.3234956]}},{"type":"Feature","properties":{"facility_id":"ed_way_32899147","name":"Детский сад №547 \"Солнышко\"","education_category":"kindergarten","district_name":"Mirzo Ulugbek district","district_assignment":"within","osm_type":"way","osm_id":32899147,"representative_point_method":"polygon_representative_point","role":"display_only"},"geometry":{"type":"Point","coordinates":[69.2949164,41.3197196]}},{"type":"Feature","properties":{"facility_id":"ed_way_32902926","name":"O‘zbekiston respublikasi bank-moliya akademiyasi","education_category":"university","district_name":"Mirzo Ulugbek district","district_assignment":"within","osm_type":"way","osm_id":32902926,"representative_point_method":"polygon_representative_point","role":"display_only"},"geometry":{"type":"Point","coordinates":[69.2950216,41.3151158]}},{"type":"Feature","properties":{"facility_id":"ed_way_32903229","name":"541","education_category":"kindergarten","district_name":"Mirzo Ulugbek district","district_assignment":"within","osm_type":"way","osm_id":32903229,"representative_point_method":"polygon_representative_point","role":"display_only"},"geometry":{"type":"Point","coordinates":[69.3016236,41.3219513]}},{"type":"Feature","properties":{"facility_id":"ed_way_32904055","name":"бывш. Физкультурный институт","education_category":"university","district_name":"Mirzo Ulugbek district","district_assignment":"within","osm_type":"way","osm_id":32904055,"representative_point_method":"polygon_representative_point","role":"display_only"},"geometry":{"type":"Point","coordinates":[69.3044958,41.3227151]}},{"type":"Feature","properties":{"facility_id":"ed_way_32924133","name":"Школа №142 имени Ломоносова","education_category":"school","district_name":"Mirzo Ulugbek district","district_assignment":"within","osm_type":"way","osm_id":32924133,"representative_point_method":"polygon_representative_point","role":"display_only"},"geometry":{"type":"Point","coordinates":[69.3029909,41.3256332]}},{"type":"Feature","properties":{"facility_id":"ed_way_33203781","name":"Детский сад №333","education_category":"kindergarten","district_name":"Mirzo Ulugbek district","district_assignment":"within","osm_type":"way","osm_id":33203781,"representative_point_method":"polygon_representative_point","role":"display_only"},"geometry":{"type":"Point","coordinates":[69.3330474,41.3401054]}},{"type":"Feature","properties":{"facility_id":"ed_way_33204908","name":"145-sonli maktabgacha ta‘lim tashkiloti","education_category":"kindergarten","district_name":"Mirzo Ulugbek district","district_assignment":"within","osm_type":"way","osm_id":33204908,"representative_point_method":"polygon_representative_point","role":"display_only"},"geometry":{"type":"Point","coordinates":[69.3383492,41.3403238]}},{"type":"Feature","properties":{"facility_id":"ed_way_34134045","name":null,"education_category":"school","district_name":"Yakkasaray district","district_assignment":"within","osm_type":"way","osm_id":34134045,"representative_point_method":"polygon_representative_point","role":"display_only"},"geometry":{"type":"Point","coordinates":[69.2533322,41.2949775]}},{"type":"Feature","properties":{"facility_id":"ed_way_35031659","name":"Детсад №249","education_category":"kindergarten","district_name":"Yakkasaray district","district_assignment":"within","osm_type":"way","osm_id":35031659,"representative_point_method":"polygon_representative_point","role":"display_only"},"geometry":{"type":"Point","coordinates":[69.2616904,41.2743564]}},{"type":"Feature","properties":{"facility_id":"ed_way_44349274","name":"Детский сад №364 \"G'uncha\"","education_category":"kindergarten","district_name":"Chilanzar district","district_assignment":"within","osm_type":"way","osm_id":44349274,"representative_point_method":"polygon_representative_point","role":"display_only"},"geometry":{"type":"Point","coordinates":[69.2163286,41.2906002]}},{"type":"Feature","properties":{"facility_id":"ed_way_44352854","name":"173-maktab","education_category":"school","district_name":"Chilanzar district","district_assignment":"within","osm_type":"way","osm_id":44352854,"representative_point_method":"polygon_representative_point","role":"display_only"},"geometry":{"type":"Point","coordinates":[69.2201724,41.292926]}},{"type":"Feature","properties":{"facility_id":"ed_way_44421888","name":null,"education_category":"university","district_name":"Chilanzar district","district_assignment":"within","osm_type":"way","osm_id":44421888,"representative_point_method":"polygon_representative_point","role":"display_only"},"geometry":{"type":"Point","coordinates":[69.2125917,41.2910119]}},{"type":"Feature","properties":{"facility_id":"ed_way_44421903","name":"LangArt Educational Group","education_category":"school","district_name":"Chilanzar district","district_assignment":"within","osm_type":"way","osm_id":44421903,"representative_point_method":"polygon_representative_point","role":"display_only"},"geometry":{"type":"Point","coordinates":[69.2204432,41.2947069]}},{"type":"Feature","properties":{"facility_id":"ed_way_44490312","name":"Детсад №336","education_category":"kindergarten","district_name":"Chilanzar district","district_assignment":"within","osm_type":"way","osm_id":44490312,"representative_point_method":"polygon_representative_point","role":"display_only"},"geometry":{"type":"Point","coordinates":[69.2180431,41.2939403]}},{"type":"Feature","properties":{"facility_id":"ed_way_71883242","name":"Детсад №212","education_category":"kindergarten","district_name":"Chilanzar district","district_assignment":"within","osm_type":"way","osm_id":71883242,"representative_point_method":"polygon_representative_point","role":"display_only"},"geometry":{"type":"Point","coordinates":[69.2270298,41.2842218]}},{"type":"Feature","properties":{"facility_id":"ed_way_71888386","name":null,"education_category":"kindergarten","district_name":"Chilanzar district","district_assignment":"within","osm_type":"way","osm_id":71888386,"representative_point_method":"polygon_representative_point","role":"display_only"},"geometry":{"type":"Point","coordinates":[69.2122377,41.2890629]}},{"type":"Feature","properties":{"facility_id":"ed_way_71888387","name":"Детсад №285 Tabassum","education_category":"kindergarten","district_name":"Chilanzar district","district_assignment":"within","osm_type":"way","osm_id":71888387,"representative_point_method":"polygon_representative_point","role":"display_only"},"geometry":{"type":"Point","coordinates":[69.2107858,41.2852995]}},{"type":"Feature","properties":{"facility_id":"ed_way_77377861","name":"Toshkent milliy raqs va xoreografiya oliy maktabi","education_category":"college","district_name":"Yakkasaray district","district_assignment":"within","osm_type":"way","osm_id":77377861,"representative_point_method":"polygon_representative_point","role":"display_only"},"geometry":{"type":"Point","coordinates":[69.2618698,41.2996597]}},{"type":"Feature","properties":{"facility_id":"ed_way_81524091","name":"31","education_category":"school","district_name":"Mirabad district","district_assignment":"within","osm_type":"way","osm_id":81524091,"representative_point_method":"polygon_representative_point","role":"display_only"},"geometry":{"type":"Point","coordinates":[69.3073413,41.2503658]}},{"type":"Feature","properties":{"facility_id":"ed_way_81524095","name":"263","education_category":"school","district_name":"Mirabad district","district_assignment":"within","osm_type":"way","osm_id":81524095,"representative_point_method":"polygon_representative_point","role":"display_only"},"geometry":{"type":"Point","coordinates":[69.3087051,41.2502471]}},{"type":"Feature","properties":{"facility_id":"ed_way_82171728","name":"47-maktab","education_category":"school","district_name":"Sergeli district","district_assignment":"within","osm_type":"way","osm_id":82171728,"representative_point_method":"polygon_representative_point","role":"display_only"},"geometry":{"type":"Point","coordinates":[69.2986696,41.2472853]}},{"type":"Feature","properties":{"facility_id":"ed_way_82506903","name":"110-maktab","education_category":"school","district_name":"Mirabad district","district_assignment":"within","osm_type":"way","osm_id":82506903,"representative_point_method":"polygon_representative_point","role":"display_only"},"geometry":{"type":"Point","coordinates":[69.2736257,41.3040809]}},{"type":"Feature","properties":{"facility_id":"ed_way_82881048","name":null,"education_category":"college","district_name":"Yakkasaray district","district_assignment":"within","osm_type":"way","osm_id":82881048,"representative_point_method":"polygon_representative_point","role":"display_only"},"geometry":{"type":"Point","coordinates":[69.2440372,41.2738905]}},{"type":"Feature","properties":{"facility_id":"ed_way_83077089","name":null,"education_category":"kindergarten","district_name":"Sergeli district","district_assignment":"within","osm_type":"way","osm_id":83077089,"representative_point_method":"polygon_representative_point","role":"display_only"},"geometry":{"type":"Point","coordinates":[69.2327382,41.213543]}},{"type":"Feature","properties":{"facility_id":"ed_way_84101058","name":"Детсад №92 Незабудка","education_category":"kindergarten","district_name":"Yashnabad district","district_assignment":"within","osm_type":"way","osm_id":84101058,"representative_point_method":"polygon_representative_point","role":"display_only"},"geometry":{"type":"Point","coordinates":[69.3541255,41.2833692]}},{"type":"Feature","properties":{"facility_id":"ed_way_84101064","name":"Детская школа музыки и исскуств №10","education_category":"school","district_name":"Yashnabad district","district_assignment":"within","osm_type":"way","osm_id":84101064,"representative_point_method":"polygon_representative_point","role":"display_only"},"geometry":{"type":"Point","coordinates":[69.3507563,41.2836925]}},{"type":"Feature","properties":{"facility_id":"ed_way_84624509","name":"66","education_category":"kindergarten","district_name":"Mirabad district","district_assignment":"within","osm_type":"way","osm_id":84624509,"representative_point_method":"polygon_representative_point","role":"display_only"},"geometry":{"type":"Point","coordinates":[69.3037933,41.2475498]}},{"type":"Feature","properties":{"facility_id":"ed_way_84629381","name":"125-maktab","education_category":"school","district_name":"Mirabad district","district_assignment":"within","osm_type":"way","osm_id":84629381,"representative_point_method":"polygon_representative_point","role":"display_only"},"geometry":{"type":"Point","coordinates":[69.3051937,41.2469839]}},{"type":"Feature","properties":{"facility_id":"ed_way_84733717","name":"507","education_category":"kindergarten","district_name":"Mirabad district","district_assignment":"within","osm_type":"way","osm_id":84733717,"representative_point_method":"polygon_representative_point","role":"display_only"},"geometry":{"type":"Point","coordinates":[69.3111302,41.2499413]}},{"type":"Feature","properties":{"facility_id":"ed_way_85266765","name":"TDTrU akademik litseyi","education_category":"college","district_name":"Mirabad district","district_assignment":"within","osm_type":"way","osm_id":85266765,"representative_point_method":"polygon_representative_point","role":"display_only"},"geometry":{"type":"Point","coordinates":[69.28265,41.275514]}},{"type":"Feature","properties":{"facility_id":"ed_way_85382661","name":"183","education_category":"kindergarten","district_name":"Mirabad district","district_assignment":"within","osm_type":"way","osm_id":85382661,"representative_point_method":"polygon_representative_point","role":"display_only"},"geometry":{"type":"Point","coordinates":[69.3075652,41.2465945]}},{"type":"Feature","properties":{"facility_id":"ed_way_85382662","name":"126","education_category":"kindergarten","district_name":"Mirabad district","district_assignment":"within","osm_type":"way","osm_id":85382662,"representative_point_method":"polygon_representative_point","role":"display_only"},"geometry":{"type":"Point","coordinates":[69.3089729,41.2466014]}},{"type":"Feature","properties":{"facility_id":"ed_way_86245362","name":"Toshkent temir yo‘l transporti muhandislari instituti qoshidagi 2-akademik litsey","education_category":"college","district_name":"Mirabad district","district_assignment":"within","osm_type":"way","osm_id":86245362,"representative_point_method":"polygon_representative_point","role":"display_only"},"geometry":{"type":"Point","coordinates":[69.292531,41.2850313]}},{"type":"Feature","properties":{"facility_id":"ed_way_87658671","name":"Respublika olimpiya zaxiralari tennis maktabi","education_category":"school","district_name":"Mirzo Ulugbek district","district_assignment":"within","osm_type":"way","osm_id":87658671,"representative_point_method":"polygon_representative_point","role":"display_only"},"geometry":{"type":"Point","coordinates":[69.3433125,41.3505138]}},{"type":"Feature","properties":{"facility_id":"ed_way_87695698","name":"Школа №292","education_category":"school","district_name":"Yangikhayot district","district_assignment":"within","osm_type":"way","osm_id":87695698,"representative_point_method":"polygon_representative_point","role":"display_only"},"geometry":{"type":"Point","coordinates":[69.2475282,41.1774951]}},{"type":"Feature","properties":{"facility_id":"ed_way_87717180","name":null,"education_category":"kindergarten","district_name":"Yashnabad district","district_assignment":"within","osm_type":"way","osm_id":87717180,"representative_point_method":"polygon_representative_point","role":"display_only"},"geometry":{"type":"Point","coordinates":[69.3315632,41.2407702]}},{"type":"Feature","properties":{"facility_id":"ed_way_87907876","name":"60-maktab","education_category":"school","district_name":"Mirabad district","district_assignment":"within","osm_type":"way","osm_id":87907876,"representative_point_method":"polygon_representative_point","role":"display_only"},"geometry":{"type":"Point","coordinates":[69.2784675,41.2961315]}},{"type":"Feature","properties":{"facility_id":"ed_way_88493005","name":"282-maktab","education_category":"school","district_name":"Yashnabad district","district_assignment":"within","osm_type":"way","osm_id":88493005,"representative_point_method":"polygon_representative_point","role":"display_only"},"geometry":{"type":"Point","coordinates":[69.3659465,41.2929188]}},{"type":"Feature","properties":{"facility_id":"ed_way_88815359","name":"Школа №244","education_category":"school","district_name":"Yashnabad district","district_assignment":"within","osm_type":"way","osm_id":88815359,"representative_point_method":"polygon_representative_point","role":"display_only"},"geometry":{"type":"Point","coordinates":[69.3462274,41.2945472]}},{"type":"Feature","properties":{"facility_id":"ed_way_88815398","name":"Школа №204","education_category":"school","district_name":"Yashnabad district","district_assignment":"within","osm_type":"way","osm_id":88815398,"representative_point_method":"polygon_representative_point","role":"display_only"},"geometry":{"type":"Point","coordinates":[69.3444507,41.2949745]}},{"type":"Feature","properties":{"facility_id":"ed_way_89040387","name":"Школа №34","education_category":"school","district_name":"Shaykhantakhur district","district_assignment":"within","osm_type":"way","osm_id":89040387,"representative_point_method":"polygon_representative_point","role":"display_only"},"geometry":{"type":"Point","coordinates":[69.2350219,41.308741]}},{"type":"Feature","properties":{"facility_id":"ed_way_89040456","name":"Школа №84","education_category":"school","district_name":"Shaykhantakhur district","district_assignment":"within","osm_type":"way","osm_id":89040456,"representative_point_method":"polygon_representative_point","role":"display_only"},"geometry":{"type":"Point","coordinates":[69.2361007,41.3083104]}},{"type":"Feature","properties":{"facility_id":"ed_way_89406301","name":null,"education_category":"college","district_name":"Mirabad district","district_assignment":"within","osm_type":"way","osm_id":89406301,"representative_point_method":"polygon_representative_point","role":"display_only"},"geometry":{"type":"Point","coordinates":[69.279795,41.2805558]}},{"type":"Feature","properties":{"facility_id":"ed_way_89406302","name":null,"education_category":"college","district_name":"Mirabad district","district_assignment":"within","osm_type":"way","osm_id":89406302,"representative_point_method":"polygon_representative_point","role":"display_only"},"geometry":{"type":"Point","coordinates":[69.2843168,41.2806102]}},{"type":"Feature","properties":{"facility_id":"ed_way_89406316","name":"Temir yo'l kolleji","education_category":"university","district_name":"Mirabad district","district_assignment":"within","osm_type":"way","osm_id":89406316,"representative_point_method":"polygon_representative_point","role":"display_only"},"geometry":{"type":"Point","coordinates":[69.2788579,41.2806717]}},{"type":"Feature","properties":{"facility_id":"ed_way_89407157","name":"Toshkent davlat transport universiteti","education_category":"university","district_name":"Mirabad district","district_assignment":"within","osm_type":"way","osm_id":89407157,"representative_point_method":"polygon_representative_point","role":"display_only"},"geometry":{"type":"Point","coordinates":[69.2825985,41.2773015]}},{"type":"Feature","properties":{"facility_id":"ed_way_90092750","name":"№373 bolalar bog'chasi","education_category":"kindergarten","district_name":"Yashnabad district","district_assignment":"within","osm_type":"way","osm_id":90092750,"representative_point_method":"polygon_representative_point","role":"display_only"},"geometry":{"type":"Point","coordinates":[69.3509742,41.2912687]}},{"type":"Feature","properties":{"facility_id":"ed_way_91538812","name":"Школа №234","education_category":"school","district_name":"Almazar district","district_assignment":"within","osm_type":"way","osm_id":91538812,"representative_point_method":"polygon_representative_point","role":"display_only"},"geometry":{"type":"Point","coordinates":[69.2085873,41.369168]}},{"type":"Feature","properties":{"facility_id":"ed_way_91538833","name":"Школа №219","education_category":"school","district_name":"Almazar district","district_assignment":"within","osm_type":"way","osm_id":91538833,"representative_point_method":"polygon_representative_point","role":"display_only"},"geometry":{"type":"Point","coordinates":[69.2190021,41.3693866]}},{"type":"Feature","properties":{"facility_id":"ed_way_91709939","name":"134-chi sonli o`rta umumiy ta`lim maktabi","education_category":"school","district_name":"Almazar district","district_assignment":"within","osm_type":"way","osm_id":91709939,"representative_point_method":"polygon_representative_point","role":"display_only"},"geometry":{"type":"Point","coordinates":[69.1981392,41.367999]}},{"type":"Feature","properties":{"facility_id":"ed_way_91737390","name":"294-maktab","education_category":"school","district_name":"Mirabad district","district_assignment":"within","osm_type":"way","osm_id":91737390,"representative_point_method":"polygon_representative_point","role":"display_only"},"geometry":{"type":"Point","coordinates":[69.2891559,41.2818015]}},{"type":"Feature","properties":{"facility_id":"ed_way_91896164","name":"школа №323","education_category":"school","district_name":"Almazar district","district_assignment":"within","osm_type":"way","osm_id":91896164,"representative_point_method":"polygon_representative_point","role":"display_only"},"geometry":{"type":"Point","coordinates":[69.2321966,41.3644273]}},{"type":"Feature","properties":{"facility_id":"ed_way_91896165","name":"Школа №165","education_category":"school","district_name":"Almazar district","district_assignment":"within","osm_type":"way","osm_id":91896165,"representative_point_method":"polygon_representative_point","role":"display_only"},"geometry":{"type":"Point","coordinates":[69.2312103,41.3637951]}},{"type":"Feature","properties":{"facility_id":"ed_way_91896205","name":null,"education_category":"school","district_name":"Almazar district","district_assignment":"within","osm_type":"way","osm_id":91896205,"representative_point_method":"polygon_representative_point","role":"display_only"},"geometry":{"type":"Point","coordinates":[69.2312864,41.3642478]}},{"type":"Feature","properties":{"facility_id":"ed_way_94402975","name":"Школа №225","education_category":"school","district_name":"Mirzo Ulugbek district","district_assignment":"within","osm_type":"way","osm_id":94402975,"representative_point_method":"polygon_representative_point","role":"display_only"},"geometry":{"type":"Point","coordinates":[69.3277223,41.3312729]}},{"type":"Feature","properties":{"facility_id":"ed_way_95386812","name":"Детский сад №418","education_category":"kindergarten","district_name":"Mirzo Ulugbek district","district_assignment":"within","osm_type":"way","osm_id":95386812,"representative_point_method":"polygon_representative_point","role":"display_only"},"geometry":{"type":"Point","coordinates":[69.3292309,41.3318266]}},{"type":"Feature","properties":{"facility_id":"ed_way_95627520","name":"Sit Mal","education_category":"kindergarten","district_name":"Chilanzar district","district_assignment":"within","osm_type":"way","osm_id":95627520,"representative_point_method":"polygon_representative_point","role":"display_only"},"geometry":{"type":"Point","coordinates":[69.2050458,41.2893565]}},{"type":"Feature","properties":{"facility_id":"ed_way_95810357","name":"67-maktab","education_category":"school","district_name":"Yashnabad district","district_assignment":"within","osm_type":"way","osm_id":95810357,"representative_point_method":"polygon_representative_point","role":"display_only"},"geometry":{"type":"Point","coordinates":[69.3455202,41.2748254]}},{"type":"Feature","properties":{"facility_id":"ed_way_95810361","name":"227-maktab","education_category":"school","district_name":"Yashnabad district","district_assignment":"within","osm_type":"way","osm_id":95810361,"representative_point_method":"polygon_representative_point","role":"display_only"},"geometry":{"type":"Point","coordinates":[69.3550674,41.2757414]}},{"type":"Feature","properties":{"facility_id":"ed_way_98666999","name":"Tashkent International School","education_category":"school","district_name":"Mirabad district","district_assignment":"within","osm_type":"way","osm_id":98666999,"representative_point_method":"polygon_representative_point","role":"display_only"},"geometry":{"type":"Point","coordinates":[69.2943406,41.2704569]}},{"type":"Feature","properties":{"facility_id":"ed_way_98672286","name":"158-maktab","education_category":"school","district_name":"Mirabad district","district_assignment":"within","osm_type":"way","osm_id":98672286,"representative_point_method":"polygon_representative_point","role":"display_only"},"geometry":{"type":"Point","coordinates":[69.2978963,41.2746779]}},{"type":"Feature","properties":{"facility_id":"ed_way_98696285","name":"New Tone School (детский сад №17)","education_category":"kindergarten","district_name":"Mirabad district","district_assignment":"within","osm_type":"way","osm_id":98696285,"representative_point_method":"polygon_representative_point","role":"display_only"},"geometry":{"type":"Point","coordinates":[69.2959954,41.2657328]}},{"type":"Feature","properties":{"facility_id":"ed_way_98809133","name":"Harbiy litsey","education_category":"college","district_name":"Mirabad district","district_assignment":"within","osm_type":"way","osm_id":98809133,"representative_point_method":"polygon_representative_point","role":"display_only"},"geometry":{"type":"Point","coordinates":[69.3021879,41.2794164]}},{"type":"Feature","properties":{"facility_id":"ed_way_98817542","name":"Muhammad al-Xorazmiy nomidagi Toshkent axborot texnologiyalari universiteti","education_category":"university","district_name":"Yunusabad district","district_assignment":"within","osm_type":"way","osm_id":98817542,"representative_point_method":"polygon_representative_point","role":"display_only"},"geometry":{"type":"Point","coordinates":[69.2878405,41.3407064]}},{"type":"Feature","properties":{"facility_id":"ed_way_99449904","name":"Республиканское училище олимпийского резерва","education_category":"college","district_name":"Chilanzar district","district_assignment":"within","osm_type":"way","osm_id":99449904,"representative_point_method":"polygon_representative_point","role":"display_only"},"geometry":{"type":"Point","coordinates":[69.1960196,41.296047]}},{"type":"Feature","properties":{"facility_id":"ed_way_99659545","name":null,"education_category":"kindergarten","district_name":"Mirabad district","district_assignment":"within","osm_type":"way","osm_id":99659545,"representative_point_method":"polygon_representative_point","role":"display_only"},"geometry":{"type":"Point","coordinates":[69.3179432,41.2556382]}},{"type":"Feature","properties":{"facility_id":"ed_way_99864357","name":"Academy Ministry of Internal Affairs of Uzbekistan","education_category":"university","district_name":"Mirzo Ulugbek district","district_assignment":"within","osm_type":"way","osm_id":99864357,"representative_point_method":"polygon_representative_point","role":"display_only"},"geometry":{"type":"Point","coordinates":[69.3652015,41.3266575]}},{"type":"Feature","properties":{"facility_id":"ed_way_99982494","name":"№561 bolalar bog'chasi","education_category":"kindergarten","district_name":"Chilanzar district","district_assignment":"within","osm_type":"way","osm_id":99982494,"representative_point_method":"polygon_representative_point","role":"display_only"},"geometry":{"type":"Point","coordinates":[69.1669054,41.2663998]}},{"type":"Feature","properties":{"facility_id":"ed_way_100955848","name":null,"education_category":"school","district_name":"Yunusabad district","district_assignment":"within","osm_type":"way","osm_id":100955848,"representative_point_method":"polygon_representative_point","role":"display_only"},"geometry":{"type":"Point","coordinates":[69.3038538,41.3792617]}},{"type":"Feature","properties":{"facility_id":"ed_way_101726187","name":"Государственная Налоговая Академия","education_category":"university","district_name":"Uchtepa district","district_assignment":"within","osm_type":"way","osm_id":101726187,"representative_point_method":"polygon_representative_point","role":"display_only"},"geometry":{"type":"Point","coordinates":[69.1932115,41.3014036]}},{"type":"Feature","properties":{"facility_id":"ed_way_101933724","name":"149","education_category":"kindergarten","district_name":"Yashnabad district","district_assignment":"within","osm_type":"way","osm_id":101933724,"representative_point_method":"polygon_representative_point","role":"display_only"},"geometry":{"type":"Point","coordinates":[69.3255435,41.3136011]}},{"type":"Feature","properties":{"facility_id":"ed_way_102137316","name":"Школа №302","education_category":"school","district_name":"Yunusabad district","district_assignment":"within","osm_type":"way","osm_id":102137316,"representative_point_method":"polygon_representative_point","role":"display_only"},"geometry":{"type":"Point","coordinates":[69.2788468,41.3638459]}},{"type":"Feature","properties":{"facility_id":"ed_way_102248019","name":"Nilyufar","education_category":"kindergarten","district_name":"Yunusabad district","district_assignment":"within","osm_type":"way","osm_id":102248019,"representative_point_method":"polygon_representative_point","role":"display_only"},"geometry":{"type":"Point","coordinates":[69.2804774,41.3303956]}},{"type":"Feature","properties":{"facility_id":"ed_way_102248025","name":"Ташкентский международный университет","education_category":"university","district_name":"Yunusabad district","district_assignment":"within","osm_type":"way","osm_id":102248025,"representative_point_method":"polygon_representative_point","role":"display_only"},"geometry":{"type":"Point","coordinates":[69.2793705,41.3335661]}},{"type":"Feature","properties":{"facility_id":"ed_way_102389179","name":"Axborot Texnologiyalari maktabi","education_category":"college","district_name":"Yashnabad district","district_assignment":"within","osm_type":"way","osm_id":102389179,"representative_point_method":"polygon_representative_point","role":"display_only"},"geometry":{"type":"Point","coordinates":[69.3163229,41.302466]}},{"type":"Feature","properties":{"facility_id":"ed_way_102397064","name":"№343","education_category":"kindergarten","district_name":"Shaykhantakhur district","district_assignment":"within","osm_type":"way","osm_id":102397064,"representative_point_method":"polygon_representative_point","role":"display_only"},"geometry":{"type":"Point","coordinates":[69.223469,41.3253756]}},{"type":"Feature","properties":{"facility_id":"ed_way_102535425","name":"509","education_category":"kindergarten","district_name":"Almazar district","district_assignment":"within","osm_type":"way","osm_id":102535425,"representative_point_method":"polygon_representative_point","role":"display_only"},"geometry":{"type":"Point","coordinates":[69.1873899,41.3662227]}},{"type":"Feature","properties":{"facility_id":"ed_way_102782204","name":"171 bolalar bog'chasi","education_category":"kindergarten","district_name":"Shaykhantakhur district","district_assignment":"within","osm_type":"way","osm_id":102782204,"representative_point_method":"polygon_representative_point","role":"display_only"},"geometry":{"type":"Point","coordinates":[69.2182463,41.3030068]}},{"type":"Feature","properties":{"facility_id":"ed_way_103024008","name":null,"education_category":"kindergarten","district_name":"Yashnabad district","district_assignment":"within","osm_type":"way","osm_id":103024008,"representative_point_method":"polygon_representative_point","role":"display_only"},"geometry":{"type":"Point","coordinates":[69.3111498,41.3018619]}},{"type":"Feature","properties":{"facility_id":"ed_way_103024575","name":"359 bolalar bog'chasi","education_category":"kindergarten","district_name":"Yashnabad district","district_assignment":"within","osm_type":"way","osm_id":103024575,"representative_point_method":"polygon_representative_point","role":"display_only"},"geometry":{"type":"Point","coordinates":[69.3088852,41.3090539]}},{"type":"Feature","properties":{"facility_id":"ed_way_103024579","name":"161-maktab","education_category":"school","district_name":"Yashnabad district","district_assignment":"within","osm_type":"way","osm_id":103024579,"representative_point_method":"polygon_representative_point","role":"display_only"},"geometry":{"type":"Point","coordinates":[69.3094723,41.3011629]}},{"type":"Feature","properties":{"facility_id":"ed_way_103024584","name":"№510 Raduga","education_category":"kindergarten","district_name":"Yashnabad district","district_assignment":"within","osm_type":"way","osm_id":103024584,"representative_point_method":"polygon_representative_point","role":"display_only"},"geometry":{"type":"Point","coordinates":[69.3064124,41.3077823]}},{"type":"Feature","properties":{"facility_id":"ed_way_103027530","name":null,"education_category":"college","district_name":"Yashnabad district","district_assignment":"within","osm_type":"way","osm_id":103027530,"representative_point_method":"polygon_representative_point","role":"display_only"},"geometry":{"type":"Point","coordinates":[69.3300973,41.3081361]}},{"type":"Feature","properties":{"facility_id":"ed_way_103133043","name":"61-maktab","education_category":"school","district_name":"Yashnabad district","district_assignment":"within","osm_type":"way","osm_id":103133043,"representative_point_method":"polygon_representative_point","role":"display_only"},"geometry":{"type":"Point","coordinates":[69.3552794,41.2863146]}},{"type":"Feature","properties":{"facility_id":"ed_way_103133044","name":"255-maktab","education_category":"school","district_name":"Yashnabad district","district_assignment":"within","osm_type":"way","osm_id":103133044,"representative_point_method":"polygon_representative_point","role":"display_only"},"geometry":{"type":"Point","coordinates":[69.363459,41.2916961]}},{"type":"Feature","properties":{"facility_id":"ed_way_103133045","name":"Toshkent xalqaro ta’lim universiteti","education_category":"university","district_name":"Yashnabad district","district_assignment":"within","osm_type":"way","osm_id":103133045,"representative_point_method":"polygon_representative_point","role":"display_only"},"geometry":{"type":"Point","coordinates":[69.3648577,41.2905249]}},{"type":"Feature","properties":{"facility_id":"ed_way_103185991","name":"Детский сам №482 \"Болажон\"","education_category":"kindergarten","district_name":"Yashnabad district","district_assignment":"within","osm_type":"way","osm_id":103185991,"representative_point_method":"polygon_representative_point","role":"display_only"},"geometry":{"type":"Point","coordinates":[69.3430444,41.2958091]}},{"type":"Feature","properties":{"facility_id":"ed_way_103248041","name":"3-sonli talabalar turar joyi","education_category":"university","district_name":"Almazar district","district_assignment":"within","osm_type":"way","osm_id":103248041,"representative_point_method":"polygon_representative_point","role":"display_only"},"geometry":{"type":"Point","coordinates":[69.1825122,41.3612648]}},{"type":"Feature","properties":{"facility_id":"ed_way_103248955","name":"Детский сад №569","education_category":"kindergarten","district_name":"Almazar district","district_assignment":"within","osm_type":"way","osm_id":103248955,"representative_point_method":"polygon_representative_point","role":"display_only"},"geometry":{"type":"Point","coordinates":[69.2132913,41.3396937]}},{"type":"Feature","properties":{"facility_id":"ed_way_103252457","name":"Школа №262","education_category":"school","district_name":"Shaykhantakhur district","district_assignment":"within","osm_type":"way","osm_id":103252457,"representative_point_method":"polygon_representative_point","role":"display_only"},"geometry":{"type":"Point","coordinates":[69.1686664,41.3331771]}},{"type":"Feature","properties":{"facility_id":"ed_way_103253147","name":"Школа №299","education_category":"school","district_name":"Shaykhantakhur district","district_assignment":"within","osm_type":"way","osm_id":103253147,"representative_point_method":"polygon_representative_point","role":"display_only"},"geometry":{"type":"Point","coordinates":[69.1809856,41.3398532]}},{"type":"Feature","properties":{"facility_id":"ed_way_103253159","name":"Школа №276","education_category":"school","district_name":"Shaykhantakhur district","district_assignment":"within","osm_type":"way","osm_id":103253159,"representative_point_method":"polygon_representative_point","role":"display_only"},"geometry":{"type":"Point","coordinates":[69.1706184,41.3380707]}},{"type":"Feature","properties":{"facility_id":"ed_way_103253164","name":"Школа №320","education_category":"school","district_name":"Shaykhantakhur district","district_assignment":"within","osm_type":"way","osm_id":103253164,"representative_point_method":"polygon_representative_point","role":"display_only"},"geometry":{"type":"Point","coordinates":[69.1790201,41.3399919]}},{"type":"Feature","properties":{"facility_id":"ed_way_103256244","name":"Школа №307","education_category":"school","district_name":"Yashnabad district","district_assignment":"within","osm_type":"way","osm_id":103256244,"representative_point_method":"polygon_representative_point","role":"display_only"},"geometry":{"type":"Point","coordinates":[69.3237676,41.3104299]}},{"type":"Feature","properties":{"facility_id":"ed_way_103260184","name":"Детсад-ясли №538","education_category":"kindergarten","district_name":"Chilanzar district","district_assignment":"within","osm_type":"way","osm_id":103260184,"representative_point_method":"polygon_representative_point","role":"display_only"},"geometry":{"type":"Point","coordinates":[69.1593887,41.2611739]}},{"type":"Feature","properties":{"facility_id":"ed_way_103262063","name":"295 maktab","education_category":"school","district_name":"Uchtepa district","district_assignment":"within","osm_type":"way","osm_id":103262063,"representative_point_method":"polygon_representative_point","role":"display_only"},"geometry":{"type":"Point","coordinates":[69.1497504,41.2653598]}},{"type":"Feature","properties":{"facility_id":"ed_way_103268264","name":"296-maktab","education_category":"school","district_name":"Uchtepa district","district_assignment":"within","osm_type":"way","osm_id":103268264,"representative_point_method":"polygon_representative_point","role":"display_only"},"geometry":{"type":"Point","coordinates":[69.1552362,41.26702]}},{"type":"Feature","properties":{"facility_id":"ed_way_103268270","name":"126-maktab","education_category":"school","district_name":"Chilanzar district","district_assignment":"within","osm_type":"way","osm_id":103268270,"representative_point_method":"polygon_representative_point","role":"display_only"},"geometry":{"type":"Point","coordinates":[69.1534006,41.2603982]}},{"type":"Feature","properties":{"facility_id":"ed_way_103268468","name":"Школа №287","education_category":"school","district_name":"Uchtepa district","district_assignment":"within","osm_type":"way","osm_id":103268468,"representative_point_method":"polygon_representative_point","role":"display_only"},"geometry":{"type":"Point","coordinates":[69.1666516,41.2775283]}},{"type":"Feature","properties":{"facility_id":"ed_way_103531589","name":"Al-Beruniy International School","education_category":"school","district_name":"Shaykhantakhur district","district_assignment":"within","osm_type":"way","osm_id":103531589,"representative_point_method":"polygon_representative_point","role":"display_only"},"geometry":{"type":"Point","coordinates":[69.2296295,41.3187699]}},{"type":"Feature","properties":{"facility_id":"ed_way_103648249","name":"265-maktab","education_category":"school","district_name":"Yunusabad district","district_assignment":"within","osm_type":"way","osm_id":103648249,"representative_point_method":"polygon_representative_point","role":"display_only"},"geometry":{"type":"Point","coordinates":[69.2848157,41.3800986]}},{"type":"Feature","properties":{"facility_id":"ed_way_104105895","name":"Школа №120","education_category":"school","district_name":"Mirzo Ulugbek district","district_assignment":"within","osm_type":"way","osm_id":104105895,"representative_point_method":"polygon_representative_point","role":"display_only"},"geometry":{"type":"Point","coordinates":[69.3875543,41.3477765]}},{"type":"Feature","properties":{"facility_id":"ed_way_104105896","name":"Школа №256","education_category":"school","district_name":"Mirzo Ulugbek district","district_assignment":"within","osm_type":"way","osm_id":104105896,"representative_point_method":"polygon_representative_point","role":"display_only"},"geometry":{"type":"Point","coordinates":[69.384879,41.3472893]}},{"type":"Feature","properties":{"facility_id":"ed_way_104229582","name":"157 maktab","education_category":"school","district_name":"Shaykhantakhur district","district_assignment":"within","osm_type":"way","osm_id":104229582,"representative_point_method":"polygon_representative_point","role":"display_only"},"geometry":{"type":"Point","coordinates":[69.2115922,41.3055378]}},{"type":"Feature","properties":{"facility_id":"ed_way_104229600","name":"254-maktab","education_category":"school","district_name":"Shaykhantakhur district","district_assignment":"within","osm_type":"way","osm_id":104229600,"representative_point_method":"polygon_representative_point","role":"display_only"},"geometry":{"type":"Point","coordinates":[69.2165906,41.3028489]}},{"type":"Feature","properties":{"facility_id":"ed_way_104230232","name":"Детсад №386","education_category":"kindergarten","district_name":"Uchtepa district","district_assignment":"within","osm_type":"way","osm_id":104230232,"representative_point_method":"polygon_representative_point","role":"display_only"},"geometry":{"type":"Point","coordinates":[69.1807876,41.2844051]}},{"type":"Feature","properties":{"facility_id":"ed_way_104230235","name":"Детский сад №388","education_category":"kindergarten","district_name":"Uchtepa district","district_assignment":"within","osm_type":"way","osm_id":104230235,"representative_point_method":"polygon_representative_point","role":"display_only"},"geometry":{"type":"Point","coordinates":[69.1813422,41.2865496]}},{"type":"Feature","properties":{"facility_id":"ed_way_104291176","name":"Детский сад №116 Лола","education_category":"kindergarten","district_name":"Yakkasaray district","district_assignment":"within","osm_type":"way","osm_id":104291176,"representative_point_method":"polygon_representative_point","role":"display_only"},"geometry":{"type":"Point","coordinates":[69.2481429,41.2679018]}},{"type":"Feature","properties":{"facility_id":"ed_way_104486971","name":"бывший детский дом Мехрибонлик-23","education_category":"school","district_name":"Chilanzar district","district_assignment":"within","osm_type":"way","osm_id":104486971,"representative_point_method":"polygon_representative_point","role":"display_only"},"geometry":{"type":"Point","coordinates":[69.1978438,41.2861585]}},{"type":"Feature","properties":{"facility_id":"ed_way_104487601","name":"Детский сад №289 \"Tabassum\" (Улыбка)","education_category":"kindergarten","district_name":"Chilanzar district","district_assignment":"within","osm_type":"way","osm_id":104487601,"representative_point_method":"polygon_representative_point","role":"display_only"},"geometry":{"type":"Point","coordinates":[69.2005727,41.2869728]}},{"type":"Feature","properties":{"facility_id":"ed_way_104488318","name":"180 maktab","education_category":"school","district_name":"Shaykhantakhur district","district_assignment":"within","osm_type":"way","osm_id":104488318,"representative_point_method":"polygon_representative_point","role":"display_only"},"geometry":{"type":"Point","coordinates":[69.2070686,41.3031995]}},{"type":"Feature","properties":{"facility_id":"ed_way_105238389","name":"Детский сад №187","education_category":"kindergarten","district_name":"Sergeli district","district_assignment":"within","osm_type":"way","osm_id":105238389,"representative_point_method":"polygon_representative_point","role":"display_only"},"geometry":{"type":"Point","coordinates":[69.2785362,41.2671278]}},{"type":"Feature","properties":{"facility_id":"ed_way_105820853","name":"Toshkent davlat stomatologiya instituti","education_category":"university","district_name":"Yashnabad district","district_assignment":"within","osm_type":"way","osm_id":105820853,"representative_point_method":"polygon_representative_point","role":"display_only"},"geometry":{"type":"Point","coordinates":[69.29896,41.309222]}},{"type":"Feature","properties":{"facility_id":"ed_way_105820875","name":"Медицинский Лицей при ТАШМИ","education_category":"college","district_name":"Yashnabad district","district_assignment":"within","osm_type":"way","osm_id":105820875,"representative_point_method":"polygon_representative_point","role":"display_only"},"geometry":{"type":"Point","coordinates":[69.2997844,41.3099762]}},{"type":"Feature","properties":{"facility_id":"ed_way_105854419","name":"Детский сад","education_category":"kindergarten","district_name":"Yangikhayot district","district_assignment":"within","osm_type":"way","osm_id":105854419,"representative_point_method":"polygon_representative_point","role":"display_only"},"geometry":{"type":"Point","coordinates":[69.2559826,41.1834877]}},{"type":"Feature","properties":{"facility_id":"ed_way_105975756","name":"247-Турнача","education_category":"kindergarten","district_name":"Mirabad district","district_assignment":"within","osm_type":"way","osm_id":105975756,"representative_point_method":"polygon_representative_point","role":"display_only"},"geometry":{"type":"Point","coordinates":[69.2874261,41.2995914]}},{"type":"Feature","properties":{"facility_id":"ed_way_106438302","name":"Школа №172","education_category":"school","district_name":"Yakkasaray district","district_assignment":"within","osm_type":"way","osm_id":106438302,"representative_point_method":"polygon_representative_point","role":"display_only"},"geometry":{"type":"Point","coordinates":[69.226169,41.2619869]}},{"type":"Feature","properties":{"facility_id":"ed_way_106481569","name":null,"education_category":"kindergarten","district_name":"Yakkasaray district","district_assignment":"within","osm_type":"way","osm_id":106481569,"representative_point_method":"polygon_representative_point","role":"display_only"},"geometry":{"type":"Point","coordinates":[69.2234014,41.2656239]}},{"type":"Feature","properties":{"facility_id":"ed_way_106872116","name":"83-maktab","education_category":"school","district_name":"Mirabad district","district_assignment":"within","osm_type":"way","osm_id":106872116,"representative_point_method":"polygon_representative_point","role":"display_only"},"geometry":{"type":"Point","coordinates":[69.275469,41.2823561]}},{"type":"Feature","properties":{"facility_id":"ed_way_106873135","name":"138-maktab","education_category":"school","district_name":"Chilanzar district","district_assignment":"within","osm_type":"way","osm_id":106873135,"representative_point_method":"polygon_representative_point","role":"display_only"},"geometry":{"type":"Point","coordinates":[69.2183199,41.2764272]}},{"type":"Feature","properties":{"facility_id":"ed_way_107072971","name":"Детский сад №55","education_category":"school","district_name":"Yashnabad district","district_assignment":"within","osm_type":"way","osm_id":107072971,"representative_point_method":"polygon_representative_point","role":"display_only"},"geometry":{"type":"Point","coordinates":[69.3045801,41.2866164]}},{"type":"Feature","properties":{"facility_id":"ed_way_107430721","name":"Детский сад № 15","education_category":"kindergarten","district_name":"Yashnabad district","district_assignment":"within","osm_type":"way","osm_id":107430721,"representative_point_method":"polygon_representative_point","role":"display_only"},"geometry":{"type":"Point","coordinates":[69.3138596,41.2895024]}},{"type":"Feature","properties":{"facility_id":"ed_way_107473961","name":"71-maktab","education_category":"school","district_name":"Mirzo Ulugbek district","district_assignment":"within","osm_type":"way","osm_id":107473961,"representative_point_method":"polygon_representative_point","role":"display_only"},"geometry":{"type":"Point","coordinates":[69.3179148,41.3231926]}},{"type":"Feature","properties":{"facility_id":"ed_way_107531513","name":"128-chi sonli o`rta umumiy ta`lim maktabi","education_category":"school","district_name":"Chilanzar district","district_assignment":"within","osm_type":"way","osm_id":107531513,"representative_point_method":"polygon_representative_point","role":"display_only"},"geometry":{"type":"Point","coordinates":[69.2283603,41.2997854]}},{"type":"Feature","properties":{"facility_id":"ed_way_108331882","name":"Детский сад","education_category":"kindergarten","district_name":"Yashnabad district","district_assignment":"within","osm_type":"way","osm_id":108331882,"representative_point_method":"polygon_representative_point","role":"display_only"},"geometry":{"type":"Point","coordinates":[69.3452956,41.2988632]}},{"type":"Feature","properties":{"facility_id":"ed_way_108331886","name":"216-maktab","education_category":"school","district_name":"Yashnabad district","district_assignment":"within","osm_type":"way","osm_id":108331886,"representative_point_method":"polygon_representative_point","role":"display_only"},"geometry":{"type":"Point","coordinates":[69.3213065,41.2596413]}},{"type":"Feature","properties":{"facility_id":"ed_way_108435300","name":"226-maktab","education_category":"school","district_name":"Yashnabad district","district_assignment":"within","osm_type":"way","osm_id":108435300,"representative_point_method":"polygon_representative_point","role":"display_only"},"geometry":{"type":"Point","coordinates":[69.3422258,41.2860621]}},{"type":"Feature","properties":{"facility_id":"ed_way_108435302","name":"103-maktab-internat","education_category":"school","district_name":"Yashnabad district","district_assignment":"within","osm_type":"way","osm_id":108435302,"representative_point_method":"polygon_representative_point","role":"display_only"},"geometry":{"type":"Point","coordinates":[69.3402476,41.2849823]}},{"type":"Feature","properties":{"facility_id":"ed_way_108589676","name":"Гимназия при УМЭД","education_category":"school","district_name":"Mirzo Ulugbek district","district_assignment":"within","osm_type":"way","osm_id":108589676,"representative_point_method":"polygon_representative_point","role":"display_only"},"geometry":{"type":"Point","coordinates":[69.3040125,41.3331113]}},{"type":"Feature","properties":{"facility_id":"ed_way_109394472","name":"2 maktab","education_category":"school","district_name":"Bektemir district","district_assignment":"within","osm_type":"way","osm_id":109394472,"representative_point_method":"polygon_representative_point","role":"display_only"},"geometry":{"type":"Point","coordinates":[69.3328078,41.2209555]}},{"type":"Feature","properties":{"facility_id":"ed_way_109617892","name":"151-maktab","education_category":"school","district_name":"Yashnabad district","district_assignment":"within","osm_type":"way","osm_id":109617892,"representative_point_method":"polygon_representative_point","role":"display_only"},"geometry":{"type":"Point","coordinates":[69.3471856,41.2809863]}},{"type":"Feature","properties":{"facility_id":"ed_way_109699110","name":"482","education_category":"kindergarten","district_name":"Mirabad district","district_assignment":"within","osm_type":"way","osm_id":109699110,"representative_point_method":"polygon_representative_point","role":"display_only"},"geometry":{"type":"Point","coordinates":[69.3120457,41.246905]}},{"type":"Feature","properties":{"facility_id":"ed_way_110236577","name":"395-chi sonli bolalar bog`chasi","education_category":"kindergarten","district_name":"Almazar district","district_assignment":"within","osm_type":"way","osm_id":110236577,"representative_point_method":"polygon_representative_point","role":"display_only"},"geometry":{"type":"Point","coordinates":[69.2363057,41.3531015]}},{"type":"Feature","properties":{"facility_id":"ed_way_110236596","name":"423-chi sonli bolalar bog`chasi","education_category":"kindergarten","district_name":"Almazar district","district_assignment":"within","osm_type":"way","osm_id":110236596,"representative_point_method":"polygon_representative_point","role":"display_only"},"geometry":{"type":"Point","coordinates":[69.2356878,41.353653]}},{"type":"Feature","properties":{"facility_id":"ed_way_110245197","name":"Школа №159","education_category":"school","district_name":"Almazar district","district_assignment":"within","osm_type":"way","osm_id":110245197,"representative_point_method":"polygon_representative_point","role":"display_only"},"geometry":{"type":"Point","coordinates":[69.2452918,41.3465386]}},{"type":"Feature","properties":{"facility_id":"ed_way_110690837","name":"Детский сад №559","education_category":"kindergarten","district_name":"Yashnabad district","district_assignment":"within","osm_type":"way","osm_id":110690837,"representative_point_method":"polygon_representative_point","role":"display_only"},"geometry":{"type":"Point","coordinates":[69.2922741,41.3030823]}},{"type":"Feature","properties":{"facility_id":"ed_way_110691125","name":"№1 bolalar bog'chasi","education_category":"kindergarten","district_name":"Yashnabad district","district_assignment":"within","osm_type":"way","osm_id":110691125,"representative_point_method":"polygon_representative_point","role":"display_only"},"geometry":{"type":"Point","coordinates":[69.2914015,41.3052222]}},{"type":"Feature","properties":{"facility_id":"ed_way_110772069","name":"Военная школа №153","education_category":"school","district_name":"Yashnabad district","district_assignment":"within","osm_type":"way","osm_id":110772069,"representative_point_method":"polygon_representative_point","role":"display_only"},"geometry":{"type":"Point","coordinates":[69.3300177,41.2925092]}},{"type":"Feature","properties":{"facility_id":"ed_way_110847050","name":"Школа №166","education_category":"school","district_name":"Yashnabad district","district_assignment":"within","osm_type":"way","osm_id":110847050,"representative_point_method":"polygon_representative_point","role":"display_only"},"geometry":{"type":"Point","coordinates":[69.3424372,41.2943016]}},{"type":"Feature","properties":{"facility_id":"ed_way_110852584","name":"Музыкальная школа","education_category":"school","district_name":"Uchtepa district","district_assignment":"within","osm_type":"way","osm_id":110852584,"representative_point_method":"polygon_representative_point","role":"display_only"},"geometry":{"type":"Point","coordinates":[69.1873482,41.2805249]}},{"type":"Feature","properties":{"facility_id":"ed_way_110862331","name":"детсад №368","education_category":"kindergarten","district_name":"Chilanzar district","district_assignment":"within","osm_type":"way","osm_id":110862331,"representative_point_method":"polygon_representative_point","role":"display_only"},"geometry":{"type":"Point","coordinates":[69.2002122,41.2732725]}},{"type":"Feature","properties":{"facility_id":"ed_way_110862338","name":"164-maktab","education_category":"school","district_name":"Chilanzar district","district_assignment":"within","osm_type":"way","osm_id":110862338,"representative_point_method":"polygon_representative_point","role":"display_only"},"geometry":{"type":"Point","coordinates":[69.1995944,41.2743607]}},{"type":"Feature","properties":{"facility_id":"ed_way_111489787","name":"Детсад №361","education_category":"kindergarten","district_name":"Uchtepa district","district_assignment":"within","osm_type":"way","osm_id":111489787,"representative_point_method":"polygon_representative_point","role":"display_only"},"geometry":{"type":"Point","coordinates":[69.1799309,41.278775]}},{"type":"Feature","properties":{"facility_id":"ed_way_111679486","name":"Детский сад №411","education_category":"kindergarten","district_name":"Uchtepa district","district_assignment":"within","osm_type":"way","osm_id":111679486,"representative_point_method":"polygon_representative_point","role":"display_only"},"geometry":{"type":"Point","coordinates":[69.1830761,41.2962915]}},{"type":"Feature","properties":{"facility_id":"ed_way_114994530","name":"Yashnaobod temir yo`l kasb-hunar kolleji","education_category":"college","district_name":"Yashnabad district","district_assignment":"within","osm_type":"way","osm_id":114994530,"representative_point_method":"polygon_representative_point","role":"display_only"},"geometry":{"type":"Point","coordinates":[69.33765,41.2790391]}},{"type":"Feature","properties":{"facility_id":"ed_way_114994531","name":"Toshkent shahridagi Adju universiteti","education_category":"college","district_name":"Yashnabad district","district_assignment":"within","osm_type":"way","osm_id":114994531,"representative_point_method":"polygon_representative_point","role":"display_only"},"geometry":{"type":"Point","coordinates":[69.3382752,41.2775064]}},{"type":"Feature","properties":{"facility_id":"ed_way_115084462","name":"Школа №74","education_category":"school","district_name":"Uchtepa district","district_assignment":"within","osm_type":"way","osm_id":115084462,"representative_point_method":"polygon_representative_point","role":"display_only"},"geometry":{"type":"Point","coordinates":[69.1898491,41.2792163]}},{"type":"Feature","properties":{"facility_id":"ed_way_115955542","name":"Институт Шелководства","education_category":"university","district_name":"Shaykhantakhur district","district_assignment":"within","osm_type":"way","osm_id":115955542,"representative_point_method":"polygon_representative_point","role":"display_only"},"geometry":{"type":"Point","coordinates":[69.1944226,41.3299581]}},{"type":"Feature","properties":{"facility_id":"ed_way_115955556","name":"192-maktab","education_category":"school","district_name":"Shaykhantakhur district","district_assignment":"within","osm_type":"way","osm_id":115955556,"representative_point_method":"polygon_representative_point","role":"display_only"},"geometry":{"type":"Point","coordinates":[69.1990431,41.3265223]}},{"type":"Feature","properties":{"facility_id":"ed_way_118437800","name":"Детский сад №526","education_category":"kindergarten","district_name":"Chilanzar district","district_assignment":"within","osm_type":"way","osm_id":118437800,"representative_point_method":"polygon_representative_point","role":"display_only"},"geometry":{"type":"Point","coordinates":[69.1772201,41.2678624]}},{"type":"Feature","properties":{"facility_id":"ed_way_118437853","name":"Детский сад №114","education_category":"kindergarten","district_name":"Chilanzar district","district_assignment":"within","osm_type":"way","osm_id":118437853,"representative_point_method":"polygon_representative_point","role":"display_only"},"geometry":{"type":"Point","coordinates":[69.1766204,41.2685199]}},{"type":"Feature","properties":{"facility_id":"ed_way_118438653","name":null,"education_category":"college","district_name":"Chilanzar district","district_assignment":"within","osm_type":"way","osm_id":118438653,"representative_point_method":"polygon_representative_point","role":"display_only"},"geometry":{"type":"Point","coordinates":[69.1861003,41.262198]}},{"type":"Feature","properties":{"facility_id":"ed_way_118459410","name":"462-chi sonli bolalar bog`chasi","education_category":"kindergarten","district_name":"Chilanzar district","district_assignment":"within","osm_type":"way","osm_id":118459410,"representative_point_method":"polygon_representative_point","role":"display_only"},"geometry":{"type":"Point","coordinates":[69.1833655,41.2650897]}},{"type":"Feature","properties":{"facility_id":"ed_way_118459412","name":"Школа №200","education_category":"school","district_name":"Chilanzar district","district_assignment":"within","osm_type":"way","osm_id":118459412,"representative_point_method":"polygon_representative_point","role":"display_only"},"geometry":{"type":"Point","coordinates":[69.1821431,41.2646601]}},{"type":"Feature","properties":{"facility_id":"ed_way_118460065","name":"№526 bolalar bog'chasi","education_category":"kindergarten","district_name":"Chilanzar district","district_assignment":"within","osm_type":"way","osm_id":118460065,"representative_point_method":"polygon_representative_point","role":"display_only"},"geometry":{"type":"Point","coordinates":[69.1814172,41.2653551]}},{"type":"Feature","properties":{"facility_id":"ed_way_121785255","name":"Jahon iqtisodiyoti va diplomatiya universiteti akademik litseyi","education_category":"college","district_name":"Shaykhantakhur district","district_assignment":"within","osm_type":"way","osm_id":121785255,"representative_point_method":"polygon_representative_point","role":"display_only"},"geometry":{"type":"Point","coordinates":[69.2580874,41.3314568]}},{"type":"Feature","properties":{"facility_id":"ed_way_121785258","name":"233","education_category":"kindergarten","district_name":"Almazar district","district_assignment":"within","osm_type":"way","osm_id":121785258,"representative_point_method":"polygon_representative_point","role":"display_only"},"geometry":{"type":"Point","coordinates":[69.2473317,41.3336442]}},{"type":"Feature","properties":{"facility_id":"ed_way_122527705","name":"Строительно-Коммунальный Профессиональный Колледж","education_category":"college","district_name":"Uchtepa district","district_assignment":"within","osm_type":"way","osm_id":122527705,"representative_point_method":"polygon_representative_point","role":"display_only"},"geometry":{"type":"Point","coordinates":[69.182463,41.3122669]}},{"type":"Feature","properties":{"facility_id":"ed_way_122530422","name":null,"education_category":"kindergarten","district_name":"Uchtepa district","district_assignment":"within","osm_type":"way","osm_id":122530422,"representative_point_method":"polygon_representative_point","role":"display_only"},"geometry":{"type":"Point","coordinates":[69.1577952,41.291713]}},{"type":"Feature","properties":{"facility_id":"ed_way_123067097","name":"Школа №209","education_category":"school","district_name":"Mirzo Ulugbek district","district_assignment":"within","osm_type":"way","osm_id":123067097,"representative_point_method":"polygon_representative_point","role":"display_only"},"geometry":{"type":"Point","coordinates":[69.3736579,41.3375092]}},{"type":"Feature","properties":{"facility_id":"ed_way_123067106","name":"Школа №308","education_category":"school","district_name":"Mirzo Ulugbek district","district_assignment":"within","osm_type":"way","osm_id":123067106,"representative_point_method":"polygon_representative_point","role":"display_only"},"geometry":{"type":"Point","coordinates":[69.3743448,41.3384241]}},{"type":"Feature","properties":{"facility_id":"ed_way_124176126","name":"Детский сад №512","education_category":"kindergarten","district_name":"Mirzo Ulugbek district","district_assignment":"within","osm_type":"way","osm_id":124176126,"representative_point_method":"polygon_representative_point","role":"display_only"},"geometry":{"type":"Point","coordinates":[69.3809933,41.3559936]}},{"type":"Feature","properties":{"facility_id":"ed_way_124176131","name":"Детский сад №80","education_category":"kindergarten","district_name":"Mirzo Ulugbek district","district_assignment":"within","osm_type":"way","osm_id":124176131,"representative_point_method":"polygon_representative_point","role":"display_only"},"geometry":{"type":"Point","coordinates":[69.3825273,41.3558638]}},{"type":"Feature","properties":{"facility_id":"ed_way_124176134","name":"Школа №210 им. Ушинского","education_category":"school","district_name":"Mirzo Ulugbek district","district_assignment":"within","osm_type":"way","osm_id":124176134,"representative_point_method":"polygon_representative_point","role":"display_only"},"geometry":{"type":"Point","coordinates":[69.3930282,41.3588931]}},{"type":"Feature","properties":{"facility_id":"ed_way_124180848","name":"137","education_category":"kindergarten","district_name":"Mirzo Ulugbek district","district_assignment":"within","osm_type":"way","osm_id":124180848,"representative_point_method":"polygon_representative_point","role":"display_only"},"geometry":{"type":"Point","coordinates":[69.3878426,41.3611446]}},{"type":"Feature","properties":{"facility_id":"ed_way_124180874","name":"Детская школа музыки и искусств №20","education_category":"school","district_name":"Mirzo Ulugbek district","district_assignment":"within","osm_type":"way","osm_id":124180874,"representative_point_method":"polygon_representative_point","role":"display_only"},"geometry":{"type":"Point","coordinates":[69.3861277,41.3480347]}},{"type":"Feature","properties":{"facility_id":"ed_way_130006920","name":"Jahon iqtisodiyoti va diplomatiya universiteti","education_category":"university","district_name":"Mirzo Ulugbek district","district_assignment":"within","osm_type":"way","osm_id":130006920,"representative_point_method":"polygon_representative_point","role":"display_only"},"geometry":{"type":"Point","coordinates":[69.3209825,41.3240575]}},{"type":"Feature","properties":{"facility_id":"ed_way_130735435","name":null,"education_category":"college","district_name":"Chilanzar district","district_assignment":"within","osm_type":"way","osm_id":130735435,"representative_point_method":"polygon_representative_point","role":"display_only"},"geometry":{"type":"Point","coordinates":[69.2144453,41.2690839]}},{"type":"Feature","properties":{"facility_id":"ed_way_132726111","name":"91-maktab","education_category":"school","district_name":"Yakkasaray district","district_assignment":"within","osm_type":"way","osm_id":132726111,"representative_point_method":"polygon_representative_point","role":"display_only"},"geometry":{"type":"Point","coordinates":[69.2577883,41.298834]}},{"type":"Feature","properties":{"facility_id":"ed_way_132726112","name":"22 maktab","education_category":"school","district_name":"Almazar district","district_assignment":"within","osm_type":"way","osm_id":132726112,"representative_point_method":"polygon_representative_point","role":"display_only"},"geometry":{"type":"Point","coordinates":[69.2475262,41.3355121]}},{"type":"Feature","properties":{"facility_id":"ed_way_132726117","name":"146 maktab","education_category":"school","district_name":"Almazar district","district_assignment":"within","osm_type":"way","osm_id":132726117,"representative_point_method":"polygon_representative_point","role":"display_only"},"geometry":{"type":"Point","coordinates":[69.2491006,41.3370684]}},{"type":"Feature","properties":{"facility_id":"ed_way_132726120","name":"Детский сад №269","education_category":"kindergarten","district_name":"Almazar district","district_assignment":"within","osm_type":"way","osm_id":132726120,"representative_point_method":"polygon_representative_point","role":"display_only"},"geometry":{"type":"Point","coordinates":[69.2513018,41.3372124]}},{"type":"Feature","properties":{"facility_id":"ed_way_132734248","name":"215-maktab","education_category":"school","district_name":"Yashnabad district","district_assignment":"within","osm_type":"way","osm_id":132734248,"representative_point_method":"polygon_representative_point","role":"display_only"},"geometry":{"type":"Point","coordinates":[69.3314307,41.245363]}},{"type":"Feature","properties":{"facility_id":"ed_way_132741887","name":"Школа №163","education_category":"school","district_name":"Chilanzar district","district_assignment":"within","osm_type":"way","osm_id":132741887,"representative_point_method":"polygon_representative_point","role":"display_only"},"geometry":{"type":"Point","coordinates":[69.2226159,41.2784048]}},{"type":"Feature","properties":{"facility_id":"ed_way_132751124","name":"341-bolalar bog'chasi","education_category":"kindergarten","district_name":"Uchtepa district","district_assignment":"within","osm_type":"way","osm_id":132751124,"representative_point_method":"polygon_representative_point","role":"display_only"},"geometry":{"type":"Point","coordinates":[69.1844825,41.2796024]}},{"type":"Feature","properties":{"facility_id":"ed_way_133036633","name":"The British School of Tashkent - Kalandar campus","education_category":"school","district_name":"Mirzo Ulugbek district","district_assignment":"within","osm_type":"way","osm_id":133036633,"representative_point_method":"polygon_representative_point","role":"display_only"},"geometry":{"type":"Point","coordinates":[69.3270808,41.3337733]}},{"type":"Feature","properties":{"facility_id":"ed_way_134994388","name":null,"education_category":"school","district_name":"Chilanzar district","district_assignment":"within","osm_type":"way","osm_id":134994388,"representative_point_method":"polygon_representative_point","role":"display_only"},"geometry":{"type":"Point","coordinates":[69.2128914,41.2883571]}},{"type":"Feature","properties":{"facility_id":"ed_way_136052929","name":null,"education_category":"school","district_name":"Chilanzar district","district_assignment":"within","osm_type":"way","osm_id":136052929,"representative_point_method":"polygon_representative_point","role":"display_only"},"geometry":{"type":"Point","coordinates":[69.2211439,41.2855661]}},{"type":"Feature","properties":{"facility_id":"ed_way_136399661","name":"Детсад №200","education_category":"kindergarten","district_name":"Chilanzar district","district_assignment":"within","osm_type":"way","osm_id":136399661,"representative_point_method":"polygon_representative_point","role":"display_only"},"geometry":{"type":"Point","coordinates":[69.2273555,41.2832733]}},{"type":"Feature","properties":{"facility_id":"ed_way_136796721","name":"286-maktab","education_category":"school","district_name":"Mirzo Ulugbek district","district_assignment":"within","osm_type":"way","osm_id":136796721,"representative_point_method":"polygon_representative_point","role":"display_only"},"geometry":{"type":"Point","coordinates":[69.4670105,41.4128368]}},{"type":"Feature","properties":{"facility_id":"ed_way_136796722","name":"54-maktab","education_category":"school","district_name":"Mirzo Ulugbek district","district_assignment":"within","osm_type":"way","osm_id":136796722,"representative_point_method":"polygon_representative_point","role":"display_only"},"geometry":{"type":"Point","coordinates":[69.4574047,41.4037476]}},{"type":"Feature","properties":{"facility_id":"ed_way_137373084","name":"Детский сад №537","education_category":"kindergarten","district_name":"Chilanzar district","district_assignment":"within","osm_type":"way","osm_id":137373084,"representative_point_method":"polygon_representative_point","role":"display_only"},"geometry":{"type":"Point","coordinates":[69.17578,41.2690547]}},{"type":"Feature","properties":{"facility_id":"ed_way_137530963","name":"Детский сад №238","education_category":"kindergarten","district_name":"Mirabad district","district_assignment":"within","osm_type":"way","osm_id":137530963,"representative_point_method":"polygon_representative_point","role":"display_only"},"geometry":{"type":"Point","coordinates":[69.3016673,41.2714828]}},{"type":"Feature","properties":{"facility_id":"ed_way_137777794","name":"Детсад №586","education_category":"kindergarten","district_name":"Chilanzar district","district_assignment":"within","osm_type":"way","osm_id":137777794,"representative_point_method":"polygon_representative_point","role":"display_only"},"geometry":{"type":"Point","coordinates":[69.1589932,41.2636212]}},{"type":"Feature","properties":{"facility_id":"ed_way_137779910","name":"Детский сад \"ЧАРОС\"","education_category":"kindergarten","district_name":"Chilanzar district","district_assignment":"within","osm_type":"way","osm_id":137779910,"representative_point_method":"polygon_representative_point","role":"display_only"},"geometry":{"type":"Point","coordinates":[69.1587224,41.2608221]}},{"type":"Feature","properties":{"facility_id":"ed_way_137826208","name":"№443 bolalar bog'chasi","education_category":"kindergarten","district_name":"Uchtepa district","district_assignment":"within","osm_type":"way","osm_id":137826208,"representative_point_method":"polygon_representative_point","role":"display_only"},"geometry":{"type":"Point","coordinates":[69.1686917,41.2890684]}},{"type":"Feature","properties":{"facility_id":"ed_way_138099976","name":null,"education_category":"college","district_name":"Chilanzar district","district_assignment":"within","osm_type":"way","osm_id":138099976,"representative_point_method":"polygon_representative_point","role":"display_only"},"geometry":{"type":"Point","coordinates":[69.214602,41.2696317]}},{"type":"Feature","properties":{"facility_id":"ed_way_138205208","name":"Эстрадно-цирковой колледж","education_category":"college","district_name":"Yakkasaray district","district_assignment":"within","osm_type":"way","osm_id":138205208,"representative_point_method":"polygon_representative_point","role":"display_only"},"geometry":{"type":"Point","coordinates":[69.2455549,41.2789005]}},{"type":"Feature","properties":{"facility_id":"ed_way_138913276","name":"346 XUROZCHI","education_category":"kindergarten","district_name":"Uchtepa district","district_assignment":"within","osm_type":"way","osm_id":138913276,"representative_point_method":"polygon_representative_point","role":"display_only"},"geometry":{"type":"Point","coordinates":[69.1939709,41.2778079]}},{"type":"Feature","properties":{"facility_id":"ed_way_138913308","name":"340","education_category":"kindergarten","district_name":"Uchtepa district","district_assignment":"within","osm_type":"way","osm_id":138913308,"representative_point_method":"polygon_representative_point","role":"display_only"},"geometry":{"type":"Point","coordinates":[69.191921,41.2793685]}},{"type":"Feature","properties":{"facility_id":"ed_way_139089552","name":"OʻzDJTU akademik litsey","education_category":"college","district_name":"Uchtepa district","district_assignment":"within","osm_type":"way","osm_id":139089552,"representative_point_method":"polygon_representative_point","role":"display_only"},"geometry":{"type":"Point","coordinates":[69.1879696,41.2779338]}},{"type":"Feature","properties":{"facility_id":"ed_way_139095067","name":"413-bolalar bogʻchasi","education_category":"kindergarten","district_name":"Chilanzar district","district_assignment":"within","osm_type":"way","osm_id":139095067,"representative_point_method":"polygon_representative_point","role":"display_only"},"geometry":{"type":"Point","coordinates":[69.1896749,41.2728561]}},{"type":"Feature","properties":{"facility_id":"ed_way_139586783","name":"№398 bolalar bog'chasi","education_category":"kindergarten","district_name":"Mirabad district","district_assignment":"within","osm_type":"way","osm_id":139586783,"representative_point_method":"polygon_representative_point","role":"display_only"},"geometry":{"type":"Point","coordinates":[69.2707236,41.3051289]}},{"type":"Feature","properties":{"facility_id":"ed_way_140512674","name":null,"education_category":"kindergarten","district_name":"Almazar district","district_assignment":"within","osm_type":"way","osm_id":140512674,"representative_point_method":"polygon_representative_point","role":"display_only"},"geometry":{"type":"Point","coordinates":[69.2360688,41.3530223]}},{"type":"Feature","properties":{"facility_id":"ed_way_140873722","name":"Детский сад №192","education_category":"kindergarten","district_name":"Mirzo Ulugbek district","district_assignment":"within","osm_type":"way","osm_id":140873722,"representative_point_method":"polygon_representative_point","role":"display_only"},"geometry":{"type":"Point","coordinates":[69.3051676,41.3342742]}},{"type":"Feature","properties":{"facility_id":"ed_way_141046200","name":"Детсад №516","education_category":"kindergarten","district_name":"Shaykhantakhur district","district_assignment":"within","osm_type":"way","osm_id":141046200,"representative_point_method":"polygon_representative_point","role":"display_only"},"geometry":{"type":"Point","coordinates":[69.2143432,41.3057247]}},{"type":"Feature","properties":{"facility_id":"ed_way_141318142","name":"Медицинский колледж им. Турсунходжаевой","education_category":"college","district_name":"Almazar district","district_assignment":"within","osm_type":"way","osm_id":141318142,"representative_point_method":"polygon_representative_point","role":"display_only"},"geometry":{"type":"Point","coordinates":[69.2137085,41.3608035]}},{"type":"Feature","properties":{"facility_id":"ed_way_141919004","name":"435 bolalar bog'chasi","education_category":"kindergarten","district_name":"Yashnabad district","district_assignment":"within","osm_type":"way","osm_id":141919004,"representative_point_method":"polygon_representative_point","role":"display_only"},"geometry":{"type":"Point","coordinates":[69.3404095,41.2539194]}},{"type":"Feature","properties":{"facility_id":"ed_way_142232049","name":"Школа-интернат для слабослышащих 102","education_category":"school","district_name":"Almazar district","district_assignment":"within","osm_type":"way","osm_id":142232049,"representative_point_method":"polygon_representative_point","role":"display_only"},"geometry":{"type":"Point","coordinates":[69.1929766,41.363906]}},{"type":"Feature","properties":{"facility_id":"ed_way_142349783","name":"Детский сад №574","education_category":"kindergarten","district_name":"Bektemir district","district_assignment":"within","osm_type":"way","osm_id":142349783,"representative_point_method":"polygon_representative_point","role":"display_only"},"geometry":{"type":"Point","coordinates":[69.3719854,41.2479444]}},{"type":"Feature","properties":{"facility_id":"ed_way_142457653","name":"Детский сад №575","education_category":"kindergarten","district_name":"Bektemir district","district_assignment":"within","osm_type":"way","osm_id":142457653,"representative_point_method":"polygon_representative_point","role":"display_only"},"geometry":{"type":"Point","coordinates":[69.3726962,41.2476802]}},{"type":"Feature","properties":{"facility_id":"ed_way_142867963","name":"MEI milliy tadqiqot universiteti Federal davlat budjeti oliy taʼlim muassasasining Toshkent filiali","education_category":"college","district_name":"Almazar district","district_assignment":"within","osm_type":"way","osm_id":142867963,"representative_point_method":"polygon_representative_point","role":"display_only"},"geometry":{"type":"Point","coordinates":[69.2096121,41.3728749]}},{"type":"Feature","properties":{"facility_id":"ed_way_143276138","name":"Частный Дет Сад","education_category":"kindergarten","district_name":"Uchtepa district","district_assignment":"within","osm_type":"way","osm_id":143276138,"representative_point_method":"polygon_representative_point","role":"display_only"},"geometry":{"type":"Point","coordinates":[69.1944219,41.2762489]}},{"type":"Feature","properties":{"facility_id":"ed_way_143700123","name":"№495 bolalar bog'chasi","education_category":"kindergarten","district_name":"Yashnabad district","district_assignment":"within","osm_type":"way","osm_id":143700123,"representative_point_method":"polygon_representative_point","role":"display_only"},"geometry":{"type":"Point","coordinates":[69.3562627,41.2961224]}},{"type":"Feature","properties":{"facility_id":"ed_way_143700127","name":"№557 Mishutka bolalar bog'chasi","education_category":"kindergarten","district_name":"Yashnabad district","district_assignment":"within","osm_type":"way","osm_id":143700127,"representative_point_method":"polygon_representative_point","role":"display_only"},"geometry":{"type":"Point","coordinates":[69.3610326,41.2986309]}},{"type":"Feature","properties":{"facility_id":"ed_way_144782693","name":"Special faculty and military department of Tashkent University of Information Technology","education_category":"university","district_name":"Yunusabad district","district_assignment":"within","osm_type":"way","osm_id":144782693,"representative_point_method":"polygon_representative_point","role":"display_only"},"geometry":{"type":"Point","coordinates":[69.2742742,41.3739844]}},{"type":"Feature","properties":{"facility_id":"ed_way_146462004","name":"Детский сад №38","education_category":"kindergarten","district_name":"Mirzo Ulugbek district","district_assignment":"within","osm_type":"way","osm_id":146462004,"representative_point_method":"polygon_representative_point","role":"display_only"},"geometry":{"type":"Point","coordinates":[69.3370833,41.3456832]}},{"type":"Feature","properties":{"facility_id":"ed_way_146766986","name":"№523 bolalar bog'chasi","education_category":"kindergarten","district_name":"Chilanzar district","district_assignment":"within","osm_type":"way","osm_id":146766986,"representative_point_method":"polygon_representative_point","role":"display_only"},"geometry":{"type":"Point","coordinates":[69.1808266,41.2696605]}},{"type":"Feature","properties":{"facility_id":"ed_way_147038001","name":"49-maktab","education_category":"school","district_name":"Mirzo Ulugbek district","district_assignment":"within","osm_type":"way","osm_id":147038001,"representative_point_method":"polygon_representative_point","role":"display_only"},"geometry":{"type":"Point","coordinates":[69.3517555,41.3479043]}},{"type":"Feature","properties":{"facility_id":"ed_way_149386136","name":"Музыкальный лицей им. Глиэра","education_category":"college","district_name":"Almazar district","district_assignment":"within","osm_type":"way","osm_id":149386136,"representative_point_method":"polygon_representative_point","role":"display_only"},"geometry":{"type":"Point","coordinates":[69.212002,41.3547834]}},{"type":"Feature","properties":{"facility_id":"ed_way_149389062","name":"326-maktab","education_category":"school","district_name":"Almazar district","district_assignment":"within","osm_type":"way","osm_id":149389062,"representative_point_method":"polygon_representative_point","role":"display_only"},"geometry":{"type":"Point","coordinates":[69.2150599,41.3556574]}},{"type":"Feature","properties":{"facility_id":"ed_way_149524766","name":"Akademik litseyi","education_category":"college","district_name":"Yashnabad district","district_assignment":"within","osm_type":"way","osm_id":149524766,"representative_point_method":"polygon_representative_point","role":"display_only"},"geometry":{"type":"Point","coordinates":[69.3333191,41.2419929]}},{"type":"Feature","properties":{"facility_id":"ed_way_149530194","name":"Toshkent davlat iqtisodiyot universiteti rektorati","education_category":"university","district_name":"Chilanzar district","district_assignment":"within","osm_type":"way","osm_id":149530194,"representative_point_method":"polygon_representative_point","role":"display_only"},"geometry":{"type":"Point","coordinates":[69.2489046,41.3108667]}},{"type":"Feature","properties":{"facility_id":"ed_way_149700609","name":"48-maktab","education_category":"school","district_name":"Yakkasaray district","district_assignment":"within","osm_type":"way","osm_id":149700609,"representative_point_method":"polygon_representative_point","role":"display_only"},"geometry":{"type":"Point","coordinates":[69.2633062,41.2738631]}},{"type":"Feature","properties":{"facility_id":"ed_way_150497952","name":"Колледж Компьютерных технологий им. Х.З. Каланова","education_category":"college","district_name":"Yunusabad district","district_assignment":"within","osm_type":"way","osm_id":150497952,"representative_point_method":"polygon_representative_point","role":"display_only"},"geometry":{"type":"Point","coordinates":[69.273263,41.3811498]}},{"type":"Feature","properties":{"facility_id":"ed_way_150927235","name":"Intellect","education_category":"kindergarten","district_name":"Mirzo Ulugbek district","district_assignment":"within","osm_type":"way","osm_id":150927235,"representative_point_method":"polygon_representative_point","role":"display_only"},"geometry":{"type":"Point","coordinates":[69.3040441,41.3194558]}},{"type":"Feature","properties":{"facility_id":"ed_way_151210039","name":null,"education_category":"kindergarten","district_name":"Yunusabad district","district_assignment":"within","osm_type":"way","osm_id":151210039,"representative_point_method":"polygon_representative_point","role":"display_only"},"geometry":{"type":"Point","coordinates":[69.2656916,41.3463865]}},{"type":"Feature","properties":{"facility_id":"ed_way_151681144","name":"Школа №207","education_category":"school","district_name":"Mirzo Ulugbek district","district_assignment":"within","osm_type":"way","osm_id":151681144,"representative_point_method":"polygon_representative_point","role":"display_only"},"geometry":{"type":"Point","coordinates":[69.3660146,41.3463491]}},{"type":"Feature","properties":{"facility_id":"ed_way_151988427","name":"Музыкальная Школа","education_category":"school","district_name":"Mirzo Ulugbek district","district_assignment":"within","osm_type":"way","osm_id":151988427,"representative_point_method":"polygon_representative_point","role":"display_only"},"geometry":{"type":"Point","coordinates":[69.3249367,41.3332659]}},{"type":"Feature","properties":{"facility_id":"ed_way_152238088","name":"Детсад №362","education_category":"kindergarten","district_name":"Yakkasaray district","district_assignment":"within","osm_type":"way","osm_id":152238088,"representative_point_method":"polygon_representative_point","role":"display_only"},"geometry":{"type":"Point","coordinates":[69.2625833,41.2717421]}},{"type":"Feature","properties":{"facility_id":"ed_way_152626952","name":"انستیتوت Сервис туризма и гостиничного хозяйства","education_category":"college","district_name":"Uchtepa district","district_assignment":"within","osm_type":"way","osm_id":152626952,"representative_point_method":"polygon_representative_point","role":"display_only"},"geometry":{"type":"Point","coordinates":[69.147592,41.2972858]}},{"type":"Feature","properties":{"facility_id":"ed_way_152771959","name":"77-maktab","education_category":"school","district_name":"Yashnabad district","district_assignment":"within","osm_type":"way","osm_id":152771959,"representative_point_method":"polygon_representative_point","role":"display_only"},"geometry":{"type":"Point","coordinates":[69.3570141,41.2845134]}},{"type":"Feature","properties":{"facility_id":"ed_way_153416631","name":"Детский сад","education_category":"kindergarten","district_name":"Shaykhantakhur district","district_assignment":"within","osm_type":"way","osm_id":153416631,"representative_point_method":"polygon_representative_point","role":"display_only"},"geometry":{"type":"Point","coordinates":[69.2513853,41.3244921]}},{"type":"Feature","properties":{"facility_id":"ed_way_153657360","name":"№300 bolalar bog'chasi","education_category":"kindergarten","district_name":"Yakkasaray district","district_assignment":"within","osm_type":"way","osm_id":153657360,"representative_point_method":"polygon_representative_point","role":"display_only"},"geometry":{"type":"Point","coordinates":[69.2592938,41.2807075]}},{"type":"Feature","properties":{"facility_id":"ed_way_156420630","name":"Yuqorichirchiq tumani 33-maktab","education_category":"school","district_name":null,"district_assignment":"outside_analysis_districts","osm_type":"way","osm_id":156420630,"representative_point_method":"polygon_representative_point","role":"display_only"},"geometry":{"type":"Point","coordinates":[69.4434121,41.1875542]}},{"type":"Feature","properties":{"facility_id":"ed_way_158712327","name":"267-maktab","education_category":"school","district_name":"Sergeli district","district_assignment":"within","osm_type":"way","osm_id":158712327,"representative_point_method":"polygon_representative_point","role":"display_only"},"geometry":{"type":"Point","coordinates":[69.2245531,41.2471772]}},{"type":"Feature","properties":{"facility_id":"ed_way_160319698","name":"Turizm va biznes kasb-hunar kolleji","education_category":"college","district_name":"Yangikhayot district","district_assignment":"within","osm_type":"way","osm_id":160319698,"representative_point_method":"polygon_representative_point","role":"display_only"},"geometry":{"type":"Point","coordinates":[69.2114452,41.1914673]}},{"type":"Feature","properties":{"facility_id":"ed_way_160319699","name":"Школа №285","education_category":"school","district_name":"Yangikhayot district","district_assignment":"within","osm_type":"way","osm_id":160319699,"representative_point_method":"polygon_representative_point","role":"display_only"},"geometry":{"type":"Point","coordinates":[69.209653,41.1982171]}},{"type":"Feature","properties":{"facility_id":"ed_way_164850803","name":"Школа №170","education_category":"school","district_name":"Yashnabad district","district_assignment":"within","osm_type":"way","osm_id":164850803,"representative_point_method":"polygon_representative_point","role":"display_only"},"geometry":{"type":"Point","coordinates":[69.3184279,41.2689527]}},{"type":"Feature","properties":{"facility_id":"ed_way_164851485","name":"416","education_category":"kindergarten","district_name":"Yashnabad district","district_assignment":"within","osm_type":"way","osm_id":164851485,"representative_point_method":"polygon_representative_point","role":"display_only"},"geometry":{"type":"Point","coordinates":[69.3221108,41.2674039]}},{"type":"Feature","properties":{"facility_id":"ed_way_164886454","name":"194-maktab","education_category":"school","district_name":"Uchtepa district","district_assignment":"within","osm_type":"way","osm_id":164886454,"representative_point_method":"polygon_representative_point","role":"display_only"},"geometry":{"type":"Point","coordinates":[69.1665461,41.2821682]}},{"type":"Feature","properties":{"facility_id":"ed_way_164886496","name":"453-sonli Bolalar Bog'chasi","education_category":"kindergarten","district_name":"Uchtepa district","district_assignment":"within","osm_type":"way","osm_id":164886496,"representative_point_method":"polygon_representative_point","role":"display_only"},"geometry":{"type":"Point","coordinates":[69.1697053,41.2784462]}},{"type":"Feature","properties":{"facility_id":"ed_way_164895746","name":"Goethe Institut","education_category":"university","district_name":"Yunusabad district","district_assignment":"within","osm_type":"way","osm_id":164895746,"representative_point_method":"polygon_representative_point","role":"display_only"},"geometry":{"type":"Point","coordinates":[69.2829657,41.320554]}},{"type":"Feature","properties":{"facility_id":"ed_way_164900404","name":"№360 bolalar bog'chasi","education_category":"kindergarten","district_name":"Uchtepa district","district_assignment":"within","osm_type":"way","osm_id":164900404,"representative_point_method":"polygon_representative_point","role":"display_only"},"geometry":{"type":"Point","coordinates":[69.1665456,41.2810042]}},{"type":"Feature","properties":{"facility_id":"ed_way_164920191","name":"№328 bolalar bog'chasi","education_category":"kindergarten","district_name":"Uchtepa district","district_assignment":"within","osm_type":"way","osm_id":164920191,"representative_point_method":"polygon_representative_point","role":"display_only"},"geometry":{"type":"Point","coordinates":[69.188863,41.2821488]}},{"type":"Feature","properties":{"facility_id":"ed_way_165519643","name":"OXUS Universiteti","education_category":"university","district_name":"Yashnabad district","district_assignment":"within","osm_type":"way","osm_id":165519643,"representative_point_method":"polygon_representative_point","role":"display_only"},"geometry":{"type":"Point","coordinates":[69.3054716,41.2846565]}},{"type":"Feature","properties":{"facility_id":"ed_way_165561738","name":"206-maktab","education_category":"school","district_name":"Yashnabad district","district_assignment":"within","osm_type":"way","osm_id":165561738,"representative_point_method":"polygon_representative_point","role":"display_only"},"geometry":{"type":"Point","coordinates":[69.3405121,41.252968]}},{"type":"Feature","properties":{"facility_id":"ed_way_165561741","name":"212-maktab","education_category":"school","district_name":"Yashnabad district","district_assignment":"within","osm_type":"way","osm_id":165561741,"representative_point_method":"polygon_representative_point","role":"display_only"},"geometry":{"type":"Point","coordinates":[69.3472117,41.2535929]}},{"type":"Feature","properties":{"facility_id":"ed_way_165575333","name":"Школа №264","education_category":"school","district_name":"Sergeli district","district_assignment":"within","osm_type":"way","osm_id":165575333,"representative_point_method":"polygon_representative_point","role":"display_only"},"geometry":{"type":"Point","coordinates":[69.2501025,41.2011884]}},{"type":"Feature","properties":{"facility_id":"ed_way_165583109","name":"Akademik litsey","education_category":"college","district_name":"Shaykhantakhur district","district_assignment":"within","osm_type":"way","osm_id":165583109,"representative_point_method":"polygon_representative_point","role":"display_only"},"geometry":{"type":"Point","coordinates":[69.2549766,41.3329539]}},{"type":"Feature","properties":{"facility_id":"ed_way_166723093","name":"EMU University","education_category":"university","district_name":"Chilanzar district","district_assignment":"within","osm_type":"way","osm_id":166723093,"representative_point_method":"polygon_representative_point","role":"display_only"},"geometry":{"type":"Point","coordinates":[69.2146113,41.2886931]}},{"type":"Feature","properties":{"facility_id":"ed_way_168232172","name":"Школа №154","education_category":"school","district_name":"Mirabad district","district_assignment":"within","osm_type":"way","osm_id":168232172,"representative_point_method":"polygon_representative_point","role":"display_only"},"geometry":{"type":"Point","coordinates":[69.3013068,41.268811]}},{"type":"Feature","properties":{"facility_id":"ed_way_171504792","name":"4 maktab-internat","education_category":"school","district_name":"Chilanzar district","district_assignment":"within","osm_type":"way","osm_id":171504792,"representative_point_method":"polygon_representative_point","role":"display_only"},"geometry":{"type":"Point","coordinates":[69.2008184,41.2592292]}},{"type":"Feature","properties":{"facility_id":"ed_way_171505200","name":"217-maktab","education_category":"school","district_name":"Chilanzar district","district_assignment":"within","osm_type":"way","osm_id":171505200,"representative_point_method":"polygon_representative_point","role":"display_only"},"geometry":{"type":"Point","coordinates":[69.1749332,41.2682899]}},{"type":"Feature","properties":{"facility_id":"ed_way_171505201","name":"Samarqand davlat veterinariya meditsinasi, chorvachilik va biotexnologiyalar universiteti Toshkent filiali","education_category":"college","district_name":"Chilanzar district","district_assignment":"within","osm_type":"way","osm_id":171505201,"representative_point_method":"polygon_representative_point","role":"display_only"},"geometry":{"type":"Point","coordinates":[69.1864365,41.2631638]}},{"type":"Feature","properties":{"facility_id":"ed_way_171506028","name":null,"education_category":"school","district_name":"Chilanzar district","district_assignment":"within","osm_type":"way","osm_id":171506028,"representative_point_method":"polygon_representative_point","role":"display_only"},"geometry":{"type":"Point","coordinates":[69.1573859,41.2612778]}},{"type":"Feature","properties":{"facility_id":"ed_way_171607999","name":"Ishsizlar uchun kasb-hunar ta'limi markazi","education_category":"college","district_name":"Sergeli district","district_assignment":"within","osm_type":"way","osm_id":171607999,"representative_point_method":"polygon_representative_point","role":"display_only"},"geometry":{"type":"Point","coordinates":[69.2184256,41.2223482]}},{"type":"Feature","properties":{"facility_id":"ed_way_171608001","name":null,"education_category":"college","district_name":"Sergeli district","district_assignment":"within","osm_type":"way","osm_id":171608001,"representative_point_method":"polygon_representative_point","role":"display_only"},"geometry":{"type":"Point","coordinates":[69.213709,41.219889]}},{"type":"Feature","properties":{"facility_id":"ed_way_171980239","name":"32-maktab","education_category":"school","district_name":"Yangikhayot district","district_assignment":"within","osm_type":"way","osm_id":171980239,"representative_point_method":"polygon_representative_point","role":"display_only"},"geometry":{"type":"Point","coordinates":[69.1909883,41.2353643]}},{"type":"Feature","properties":{"facility_id":"ed_way_171990932","name":"317-maktab","education_category":"school","district_name":"Sergeli district","district_assignment":"within","osm_type":"way","osm_id":171990932,"representative_point_method":"polygon_representative_point","role":"display_only"},"geometry":{"type":"Point","coordinates":[69.2160716,41.2188347]}},{"type":"Feature","properties":{"facility_id":"ed_way_171997189","name":"419-bolalar bog'chasi","education_category":"kindergarten","district_name":"Mirzo Ulugbek district","district_assignment":"within","osm_type":"way","osm_id":171997189,"representative_point_method":"polygon_representative_point","role":"display_only"},"geometry":{"type":"Point","coordinates":[69.2880024,41.3158956]}},{"type":"Feature","properties":{"facility_id":"ed_way_172117435","name":"203-maktab","education_category":"school","district_name":"Uchtepa district","district_assignment":"within","osm_type":"way","osm_id":172117435,"representative_point_method":"polygon_representative_point","role":"display_only"},"geometry":{"type":"Point","coordinates":[69.15839,41.2707428]}},{"type":"Feature","properties":{"facility_id":"ed_way_172152973","name":"O‘zbekiston davlat jahon tillari universiteti Filologiya fakulteti","education_category":"university","district_name":"Uchtepa district","district_assignment":"within","osm_type":"way","osm_id":172152973,"representative_point_method":"polygon_representative_point","role":"display_only"},"geometry":{"type":"Point","coordinates":[69.1877701,41.308478]}},{"type":"Feature","properties":{"facility_id":"ed_way_172152974","name":"81-maktab","education_category":"school","district_name":"Uchtepa district","district_assignment":"within","osm_type":"way","osm_id":172152974,"representative_point_method":"polygon_representative_point","role":"display_only"},"geometry":{"type":"Point","coordinates":[69.1894844,41.3071588]}},{"type":"Feature","properties":{"facility_id":"ed_way_172681546","name":null,"education_category":"kindergarten","district_name":"Yakkasaray district","district_assignment":"within","osm_type":"way","osm_id":172681546,"representative_point_method":"polygon_representative_point","role":"display_only"},"geometry":{"type":"Point","coordinates":[69.2562829,41.2826917]}},{"type":"Feature","properties":{"facility_id":"ed_way_172758406","name":null,"education_category":"kindergarten","district_name":"Uchtepa district","district_assignment":"within","osm_type":"way","osm_id":172758406,"representative_point_method":"polygon_representative_point","role":"display_only"},"geometry":{"type":"Point","coordinates":[69.1794369,41.3110007]}},{"type":"Feature","properties":{"facility_id":"ed_way_173063271","name":"част.дет.сад.","education_category":"kindergarten","district_name":"Uchtepa district","district_assignment":"within","osm_type":"way","osm_id":173063271,"representative_point_method":"polygon_representative_point","role":"display_only"},"geometry":{"type":"Point","coordinates":[69.1909139,41.2749837]}},{"type":"Feature","properties":{"facility_id":"ed_way_173119554","name":"maktab","education_category":"school","district_name":"Uchtepa district","district_assignment":"within","osm_type":"way","osm_id":173119554,"representative_point_method":"polygon_representative_point","role":"display_only"},"geometry":{"type":"Point","coordinates":[69.1845133,41.3023838]}},{"type":"Feature","properties":{"facility_id":"ed_way_173225186","name":"58-maktab","education_category":"school","district_name":"Yunusabad district","district_assignment":"within","osm_type":"way","osm_id":173225186,"representative_point_method":"polygon_representative_point","role":"display_only"},"geometry":{"type":"Point","coordinates":[69.3025829,41.3549705]}},{"type":"Feature","properties":{"facility_id":"ed_way_173225585","name":"117-maktab","education_category":"school","district_name":"Yunusabad district","district_assignment":"within","osm_type":"way","osm_id":173225585,"representative_point_method":"polygon_representative_point","role":"display_only"},"geometry":{"type":"Point","coordinates":[69.2984849,41.3520307]}},{"type":"Feature","properties":{"facility_id":"ed_way_174289134","name":"Imom Buxoriy nomidagi Toshkent islom instituti","education_category":"university","district_name":"Almazar district","district_assignment":"within","osm_type":"way","osm_id":174289134,"representative_point_method":"polygon_representative_point","role":"display_only"},"geometry":{"type":"Point","coordinates":[69.2388567,41.3387688]}},{"type":"Feature","properties":{"facility_id":"ed_way_175031890","name":"Детсад №75","education_category":"kindergarten","district_name":"Shaykhantakhur district","district_assignment":"within","osm_type":"way","osm_id":175031890,"representative_point_method":"polygon_representative_point","role":"display_only"},"geometry":{"type":"Point","coordinates":[69.2100974,41.305797]}},{"type":"Feature","properties":{"facility_id":"ed_way_175194267","name":"maktab","education_category":"school","district_name":"Shaykhantakhur district","district_assignment":"within","osm_type":"way","osm_id":175194267,"representative_point_method":"polygon_representative_point","role":"display_only"},"geometry":{"type":"Point","coordinates":[69.2354724,41.3084167]}},{"type":"Feature","properties":{"facility_id":"ed_way_175198675","name":"Toshkent Xodimlarni boshqarish va mehnatni muhofaza qilish kolleji","education_category":"college","district_name":"Chilanzar district","district_assignment":"within","osm_type":"way","osm_id":175198675,"representative_point_method":"polygon_representative_point","role":"display_only"},"geometry":{"type":"Point","coordinates":[69.1993328,41.2937524]}},{"type":"Feature","properties":{"facility_id":"ed_way_175199940","name":"TTYeSI akademik litseyi","education_category":"college","district_name":"Yakkasaray district","district_assignment":"within","osm_type":"way","osm_id":175199940,"representative_point_method":"polygon_representative_point","role":"display_only"},"geometry":{"type":"Point","coordinates":[69.2494325,41.2844549]}},{"type":"Feature","properties":{"facility_id":"ed_way_175301755","name":"Школа №41","education_category":"school","district_name":"Shaykhantakhur district","district_assignment":"within","osm_type":"way","osm_id":175301755,"representative_point_method":"polygon_representative_point","role":"display_only"},"geometry":{"type":"Point","coordinates":[69.2259429,41.3255754]}},{"type":"Feature","properties":{"facility_id":"ed_way_175831976","name":"MTM-58 bog'cha","education_category":"kindergarten","district_name":"Yakkasaray district","district_assignment":"within","osm_type":"way","osm_id":175831976,"representative_point_method":"polygon_representative_point","role":"display_only"},"geometry":{"type":"Point","coordinates":[69.2395301,41.2757714]}},{"type":"Feature","properties":{"facility_id":"ed_way_175835728","name":"26-maktab","education_category":"school","district_name":"Yakkasaray district","district_assignment":"within","osm_type":"way","osm_id":175835728,"representative_point_method":"polygon_representative_point","role":"display_only"},"geometry":{"type":"Point","coordinates":[69.2347093,41.2696366]}},{"type":"Feature","properties":{"facility_id":"ed_way_176276357","name":"maktab №275","education_category":"school","district_name":"Mirzo Ulugbek district","district_assignment":"within","osm_type":"way","osm_id":176276357,"representative_point_method":"polygon_representative_point","role":"display_only"},"geometry":{"type":"Point","coordinates":[69.3553233,41.3189406]}},{"type":"Feature","properties":{"facility_id":"ed_way_176278013","name":"Школа №7","education_category":"school","district_name":"Sergeli district","district_assignment":"within","osm_type":"way","osm_id":176278013,"representative_point_method":"polygon_representative_point","role":"display_only"},"geometry":{"type":"Point","coordinates":[69.2335271,41.2129441]}},{"type":"Feature","properties":{"facility_id":"ed_way_176279146","name":"Школа №104","education_category":"school","district_name":"Sergeli district","district_assignment":"within","osm_type":"way","osm_id":176279146,"representative_point_method":"polygon_representative_point","role":"display_only"},"geometry":{"type":"Point","coordinates":[69.2409617,41.2158934]}},{"type":"Feature","properties":{"facility_id":"ed_way_177273681","name":"Kindargarten","education_category":"kindergarten","district_name":"Mirabad district","district_assignment":"within","osm_type":"way","osm_id":177273681,"representative_point_method":"polygon_representative_point","role":"display_only"},"geometry":{"type":"Point","coordinates":[69.2948296,41.2709505]}},{"type":"Feature","properties":{"facility_id":"ed_way_177276711","name":"Aviator","education_category":"kindergarten","district_name":"Sergeli district","district_assignment":"within","osm_type":"way","osm_id":177276711,"representative_point_method":"polygon_representative_point","role":"display_only"},"geometry":{"type":"Point","coordinates":[69.2838247,41.2705258]}},{"type":"Feature","properties":{"facility_id":"ed_way_178266365","name":"587","education_category":"kindergarten","district_name":"Mirzo Ulugbek district","district_assignment":"within","osm_type":"way","osm_id":178266365,"representative_point_method":"polygon_representative_point","role":"display_only"},"geometry":{"type":"Point","coordinates":[69.4650955,41.4116432]}},{"type":"Feature","properties":{"facility_id":"ed_way_178266375","name":"детсад 222","education_category":"kindergarten","district_name":"Mirzo Ulugbek district","district_assignment":"within","osm_type":"way","osm_id":178266375,"representative_point_method":"polygon_representative_point","role":"display_only"},"geometry":{"type":"Point","coordinates":[69.4522664,41.4030346]}},{"type":"Feature","properties":{"facility_id":"ed_way_178607726","name":"Oxbridge International School","education_category":"school","district_name":"Yashnabad district","district_assignment":"within","osm_type":"way","osm_id":178607726,"representative_point_method":"polygon_representative_point","role":"display_only"},"geometry":{"type":"Point","coordinates":[69.3292854,41.2561496]}},{"type":"Feature","properties":{"facility_id":"ed_way_179410473","name":"Toshkent Aviasozlik kasb-hunar kolleji","education_category":"college","district_name":"Yashnabad district","district_assignment":"within","osm_type":"way","osm_id":179410473,"representative_point_method":"polygon_representative_point","role":"display_only"},"geometry":{"type":"Point","coordinates":[69.3521637,41.2979167]}},{"type":"Feature","properties":{"facility_id":"ed_way_179562308","name":"Школа №231","education_category":"school","district_name":"Yashnabad district","district_assignment":"within","osm_type":"way","osm_id":179562308,"representative_point_method":"polygon_representative_point","role":"display_only"},"geometry":{"type":"Point","coordinates":[69.3128001,41.2772661]}},{"type":"Feature","properties":{"facility_id":"ed_way_179596231","name":"Школа №18","education_category":"school","district_name":"Mirzo Ulugbek district","district_assignment":"within","osm_type":"way","osm_id":179596231,"representative_point_method":"polygon_representative_point","role":"display_only"},"geometry":{"type":"Point","coordinates":[69.2981361,41.3174525]}},{"type":"Feature","properties":{"facility_id":"ed_way_179619517","name":"Институт Усовершенствования Врачей","education_category":"university","district_name":"Mirzo Ulugbek district","district_assignment":"within","osm_type":"way","osm_id":179619517,"representative_point_method":"polygon_representative_point","role":"display_only"},"geometry":{"type":"Point","coordinates":[69.3158825,41.3177192]}},{"type":"Feature","properties":{"facility_id":"ed_way_179747623","name":"MGIMO Toshkent filiali","education_category":"university","district_name":"Mirzo Ulugbek district","district_assignment":"within","osm_type":"way","osm_id":179747623,"representative_point_method":"polygon_representative_point","role":"display_only"},"geometry":{"type":"Point","coordinates":[69.3215302,41.3230123]}},{"type":"Feature","properties":{"facility_id":"ed_way_180524828","name":"Школа №27","education_category":"school","district_name":"Mirzo Ulugbek district","district_assignment":"within","osm_type":"way","osm_id":180524828,"representative_point_method":"polygon_representative_point","role":"display_only"},"geometry":{"type":"Point","coordinates":[69.3345541,41.3402731]}},{"type":"Feature","properties":{"facility_id":"ed_way_180527295","name":"Школа №241","education_category":"school","district_name":"Mirzo Ulugbek district","district_assignment":"within","osm_type":"way","osm_id":180527295,"representative_point_method":"polygon_representative_point","role":"display_only"},"geometry":{"type":"Point","coordinates":[69.3450584,41.3271577]}},{"type":"Feature","properties":{"facility_id":"ed_way_180655721","name":"Школа №46","education_category":"school","district_name":"Almazar district","district_assignment":"within","osm_type":"way","osm_id":180655721,"representative_point_method":"polygon_representative_point","role":"display_only"},"geometry":{"type":"Point","coordinates":[69.2187029,41.3356302]}},{"type":"Feature","properties":{"facility_id":"ed_way_180926427","name":"Kamoliddin Behzod Milliy rassomlik va dizayn instituti","education_category":"university","district_name":"Mirabad district","district_assignment":"within","osm_type":"way","osm_id":180926427,"representative_point_method":"polygon_representative_point","role":"display_only"},"geometry":{"type":"Point","coordinates":[69.2685814,41.2814841]}},{"type":"Feature","properties":{"facility_id":"ed_way_180954707","name":"118-maktab","education_category":"school","district_name":"Yakkasaray district","district_assignment":"within","osm_type":"way","osm_id":180954707,"representative_point_method":"polygon_representative_point","role":"display_only"},"geometry":{"type":"Point","coordinates":[69.2600381,41.2880852]}},{"type":"Feature","properties":{"facility_id":"ed_way_181413037","name":"гимназия при ТГЭУ","education_category":"college","district_name":"Chilanzar district","district_assignment":"within","osm_type":"way","osm_id":181413037,"representative_point_method":"polygon_representative_point","role":"display_only"},"geometry":{"type":"Point","coordinates":[69.2496004,41.3079417]}},{"type":"Feature","properties":{"facility_id":"ed_way_181734105","name":"“Toshkent irrigatsiya va qishloq xo‘jaligini mexanizatsiyalash muhandislari instituti” Milliy tadqiqot universiteti","education_category":"university","district_name":"Mirzo Ulugbek district","district_assignment":"within","osm_type":"way","osm_id":181734105,"representative_point_method":"polygon_representative_point","role":"display_only"},"geometry":{"type":"Point","coordinates":[69.2952918,41.3233649]}},{"type":"Feature","properties":{"facility_id":"ed_way_182238436","name":"Детсад №162","education_category":"kindergarten","district_name":"Mirabad district","district_assignment":"within","osm_type":"way","osm_id":182238436,"representative_point_method":"polygon_representative_point","role":"display_only"},"geometry":{"type":"Point","coordinates":[69.2693916,41.2893459]}},{"type":"Feature","properties":{"facility_id":"ed_way_182241828","name":"Xizmat ko'rsatish sanoati kolleji","education_category":"college","district_name":"Yakkasaray district","district_assignment":"within","osm_type":"way","osm_id":182241828,"representative_point_method":"polygon_representative_point","role":"display_only"},"geometry":{"type":"Point","coordinates":[69.2435693,41.2734713]}},{"type":"Feature","properties":{"facility_id":"ed_way_182247012","name":"Ташкентский профессиональный колледж милосердия","education_category":"college","district_name":"Yakkasaray district","district_assignment":"within","osm_type":"way","osm_id":182247012,"representative_point_method":"polygon_representative_point","role":"display_only"},"geometry":{"type":"Point","coordinates":[69.2641957,41.2955243]}},{"type":"Feature","properties":{"facility_id":"ed_way_182247875","name":"Узбекско-китайский институт имени Конфуция","education_category":"college","district_name":"Mirabad district","district_assignment":"within","osm_type":"way","osm_id":182247875,"representative_point_method":"polygon_representative_point","role":"display_only"},"geometry":{"type":"Point","coordinates":[69.2841453,41.297613]}},{"type":"Feature","properties":{"facility_id":"ed_way_182260896","name":"133-maktab","education_category":"school","district_name":"Almazar district","district_assignment":"within","osm_type":"way","osm_id":182260896,"representative_point_method":"polygon_representative_point","role":"display_only"},"geometry":{"type":"Point","coordinates":[69.2378366,41.3544269]}},{"type":"Feature","properties":{"facility_id":"ed_way_182851439","name":"422-bolalar bog'chasi","education_category":"kindergarten","district_name":"Mirzo Ulugbek district","district_assignment":"within","osm_type":"way","osm_id":182851439,"representative_point_method":"polygon_representative_point","role":"display_only"},"geometry":{"type":"Point","coordinates":[69.2883541,41.3170976]}},{"type":"Feature","properties":{"facility_id":"ed_way_183315723","name":"271-maktab","education_category":"school","district_name":"Yunusabad district","district_assignment":"within","osm_type":"way","osm_id":183315723,"representative_point_method":"polygon_representative_point","role":"display_only"},"geometry":{"type":"Point","coordinates":[69.2869235,41.3762112]}},{"type":"Feature","properties":{"facility_id":"ed_way_183817023","name":"8-maktab","education_category":"school","district_name":"Yangikhayot district","district_assignment":"within","osm_type":"way","osm_id":183817023,"representative_point_method":"polygon_representative_point","role":"display_only"},"geometry":{"type":"Point","coordinates":[69.2168215,41.2074001]}},{"type":"Feature","properties":{"facility_id":"ed_way_185664082","name":"Toshkent Geodeziya va Kartografiya kasb-hunar kolleji","education_category":"college","district_name":"Mirzo Ulugbek district","district_assignment":"within","osm_type":"way","osm_id":185664082,"representative_point_method":"polygon_representative_point","role":"display_only"},"geometry":{"type":"Point","coordinates":[69.3489567,41.3452279]}},{"type":"Feature","properties":{"facility_id":"ed_way_186030881","name":"232 maktab","education_category":"school","district_name":"Chilanzar district","district_assignment":"within","osm_type":"way","osm_id":186030881,"representative_point_method":"polygon_representative_point","role":"display_only"},"geometry":{"type":"Point","coordinates":[69.2116302,41.2596827]}},{"type":"Feature","properties":{"facility_id":"ed_way_186601788","name":"Toshkent moliya instituti akademik litseyi","education_category":"college","district_name":"Almazar district","district_assignment":"within","osm_type":"way","osm_id":186601788,"representative_point_method":"polygon_representative_point","role":"display_only"},"geometry":{"type":"Point","coordinates":[69.2167249,41.3741635]}},{"type":"Feature","properties":{"facility_id":"ed_way_187657585","name":"Школа №169","education_category":"school","district_name":"Shaykhantakhur district","district_assignment":"within","osm_type":"way","osm_id":187657585,"representative_point_method":"polygon_representative_point","role":"display_only"},"geometry":{"type":"Point","coordinates":[69.2002064,41.341413]}},{"type":"Feature","properties":{"facility_id":"ed_way_187924937","name":null,"education_category":"kindergarten","district_name":"Yangikhayot district","district_assignment":"within","osm_type":"way","osm_id":187924937,"representative_point_method":"polygon_representative_point","role":"display_only"},"geometry":{"type":"Point","coordinates":[69.23084,41.1959585]}},{"type":"Feature","properties":{"facility_id":"ed_way_188564891","name":"Bektemir 1- son Sport maktabi","education_category":"school","district_name":"Bektemir district","district_assignment":"within","osm_type":"way","osm_id":188564891,"representative_point_method":"polygon_representative_point","role":"display_only"},"geometry":{"type":"Point","coordinates":[69.3760337,41.2576396]}},{"type":"Feature","properties":{"facility_id":"ed_way_189800493","name":"Yuridik kolleji","education_category":"college","district_name":"Uchtepa district","district_assignment":"within","osm_type":"way","osm_id":189800493,"representative_point_method":"polygon_representative_point","role":"display_only"},"geometry":{"type":"Point","coordinates":[69.1825927,41.2777654]}},{"type":"Feature","properties":{"facility_id":"ed_way_189823313","name":"184-maktab","education_category":"school","district_name":"Chilanzar district","district_assignment":"within","osm_type":"way","osm_id":189823313,"representative_point_method":"polygon_representative_point","role":"display_only"},"geometry":{"type":"Point","coordinates":[69.2001181,41.285674]}},{"type":"Feature","properties":{"facility_id":"ed_way_189887812","name":"Академический лицей при УзГУМЯ №3","education_category":"college","district_name":"Yakkasaray district","district_assignment":"within","osm_type":"way","osm_id":189887812,"representative_point_method":"polygon_representative_point","role":"display_only"},"geometry":{"type":"Point","coordinates":[69.2397549,41.277789]}},{"type":"Feature","properties":{"facility_id":"ed_way_189907212","name":"ДЮСШ-16","education_category":"school","district_name":"Yangikhayot district","district_assignment":"within","osm_type":"way","osm_id":189907212,"representative_point_method":"polygon_representative_point","role":"display_only"},"geometry":{"type":"Point","coordinates":[69.2285261,41.2002647]}},{"type":"Feature","properties":{"facility_id":"ed_way_190288121","name":"206-Bolalar bogʻchasi","education_category":"kindergarten","district_name":"Yunusabad district","district_assignment":"within","osm_type":"way","osm_id":190288121,"representative_point_method":"polygon_representative_point","role":"display_only"},"geometry":{"type":"Point","coordinates":[69.2794749,41.3735813]}},{"type":"Feature","properties":{"facility_id":"ed_way_190298840","name":"Колледж туризма и гостиничного хозяйства","education_category":"college","district_name":"Yunusabad district","district_assignment":"within","osm_type":"way","osm_id":190298840,"representative_point_method":"polygon_representative_point","role":"display_only"},"geometry":{"type":"Point","coordinates":[69.2820594,41.3594745]}},{"type":"Feature","properties":{"facility_id":"ed_way_190310803","name":null,"education_category":"kindergarten","district_name":"Mirzo Ulugbek district","district_assignment":"within","osm_type":"way","osm_id":190310803,"representative_point_method":"polygon_representative_point","role":"display_only"},"geometry":{"type":"Point","coordinates":[69.3444295,41.3168668]}},{"type":"Feature","properties":{"facility_id":"ed_way_190375439","name":"Школа №211","education_category":"school","district_name":"Mirzo Ulugbek district","district_assignment":"within","osm_type":"way","osm_id":190375439,"representative_point_method":"polygon_representative_point","role":"display_only"},"geometry":{"type":"Point","coordinates":[69.3881728,41.3546725]}},{"type":"Feature","properties":{"facility_id":"ed_way_190375531","name":"D.I.Mendeleev nomidagi Rossiya kimyo-texnologiya universiteti Toshkent filiali","education_category":"college","district_name":"Mirzo Ulugbek district","district_assignment":"within","osm_type":"way","osm_id":190375531,"representative_point_method":"polygon_representative_point","role":"display_only"},"geometry":{"type":"Point","coordinates":[69.3926324,41.364497]}},{"type":"Feature","properties":{"facility_id":"ed_way_190379514","name":"№5 bolalar bog'chasi","education_category":"kindergarten","district_name":"Yashnabad district","district_assignment":"within","osm_type":"way","osm_id":190379514,"representative_point_method":"polygon_representative_point","role":"display_only"},"geometry":{"type":"Point","coordinates":[69.3656121,41.295185]}},{"type":"Feature","properties":{"facility_id":"ed_way_190379515","name":"222 Maktab","education_category":"school","district_name":"Mirzo Ulugbek district","district_assignment":"within","osm_type":"way","osm_id":190379515,"representative_point_method":"polygon_representative_point","role":"display_only"},"geometry":{"type":"Point","coordinates":[69.3533863,41.3236682]}},{"type":"Feature","properties":{"facility_id":"ed_way_190544203","name":"MMT 558","education_category":"kindergarten","district_name":"Yashnabad district","district_assignment":"within","osm_type":"way","osm_id":190544203,"representative_point_method":"polygon_representative_point","role":"display_only"},"geometry":{"type":"Point","coordinates":[69.3604018,41.2923791]}},{"type":"Feature","properties":{"facility_id":"ed_way_190629999","name":"O‘zbekiston Respublikasi Milliy gvardiyasi Harbiy musiqa akademik litseyi","education_category":"college","district_name":"Chilanzar district","district_assignment":"within","osm_type":"way","osm_id":190629999,"representative_point_method":"polygon_representative_point","role":"display_only"},"geometry":{"type":"Point","coordinates":[69.2027659,41.2782626]}},{"type":"Feature","properties":{"facility_id":"ed_way_191214952","name":"Полиграфический колледж","education_category":"college","district_name":"Chilanzar district","district_assignment":"within","osm_type":"way","osm_id":191214952,"representative_point_method":"polygon_representative_point","role":"display_only"},"geometry":{"type":"Point","coordinates":[69.2209025,41.2736575]}},{"type":"Feature","properties":{"facility_id":"ed_way_191370578","name":"44-maktab","education_category":"school","district_name":"Uchtepa district","district_assignment":"within","osm_type":"way","osm_id":191370578,"representative_point_method":"polygon_representative_point","role":"display_only"},"geometry":{"type":"Point","coordinates":[69.1792167,41.2862567]}},{"type":"Feature","properties":{"facility_id":"ed_way_191554585","name":"Военный лицей","education_category":"college","district_name":"Shaykhantakhur district","district_assignment":"within","osm_type":"way","osm_id":191554585,"representative_point_method":"polygon_representative_point","role":"display_only"},"geometry":{"type":"Point","coordinates":[69.228251,41.3228441]}},{"type":"Feature","properties":{"facility_id":"ed_way_194453081","name":"Детский сад №288 \"Орзу\"","education_category":"kindergarten","district_name":"Yunusabad district","district_assignment":"within","osm_type":"way","osm_id":194453081,"representative_point_method":"polygon_representative_point","role":"display_only"},"geometry":{"type":"Point","coordinates":[69.2851703,41.3812011]}},{"type":"Feature","properties":{"facility_id":"ed_way_196068828","name":"Детсад №153","education_category":"kindergarten","district_name":"Mirzo Ulugbek district","district_assignment":"within","osm_type":"way","osm_id":196068828,"representative_point_method":"polygon_representative_point","role":"display_only"},"geometry":{"type":"Point","coordinates":[69.3063981,41.3283269]}},{"type":"Feature","properties":{"facility_id":"ed_way_197893818","name":"детсад №219","education_category":"kindergarten","district_name":"Mirzo Ulugbek district","district_assignment":"within","osm_type":"way","osm_id":197893818,"representative_point_method":"polygon_representative_point","role":"display_only"},"geometry":{"type":"Point","coordinates":[69.4610679,41.4060257]}},{"type":"Feature","properties":{"facility_id":"ed_way_200532057","name":"Детский сад №60 Нихол","education_category":"kindergarten","district_name":"Mirabad district","district_assignment":"within","osm_type":"way","osm_id":200532057,"representative_point_method":"polygon_representative_point","role":"display_only"},"geometry":{"type":"Point","coordinates":[69.2771815,41.2928124]}},{"type":"Feature","properties":{"facility_id":"ed_way_201954409","name":"181-maktab","education_category":"school","district_name":"Chilanzar district","district_assignment":"within","osm_type":"way","osm_id":201954409,"representative_point_method":"polygon_representative_point","role":"display_only"},"geometry":{"type":"Point","coordinates":[69.1967241,41.2828149]}},{"type":"Feature","properties":{"facility_id":"ed_way_202284553","name":"№414 \"Botko'z\" bolalar bog'chasi","education_category":"kindergarten","district_name":"Yunusabad district","district_assignment":"within","osm_type":"way","osm_id":202284553,"representative_point_method":"polygon_representative_point","role":"display_only"},"geometry":{"type":"Point","coordinates":[69.279373,41.3236397]}},{"type":"Feature","properties":{"facility_id":"ed_way_202284555","name":"80-maktab","education_category":"school","district_name":"Yunusabad district","district_assignment":"within","osm_type":"way","osm_id":202284555,"representative_point_method":"polygon_representative_point","role":"display_only"},"geometry":{"type":"Point","coordinates":[69.2791321,41.3245864]}},{"type":"Feature","properties":{"facility_id":"ed_way_202404856","name":"Школа №71А","education_category":"school","district_name":"Mirzo Ulugbek district","district_assignment":"within","osm_type":"way","osm_id":202404856,"representative_point_method":"polygon_representative_point","role":"display_only"},"geometry":{"type":"Point","coordinates":[69.322069,41.3178075]}},{"type":"Feature","properties":{"facility_id":"ed_way_202769077","name":"maktab","education_category":"school","district_name":"Yashnabad district","district_assignment":"within","osm_type":"way","osm_id":202769077,"representative_point_method":"polygon_representative_point","role":"display_only"},"geometry":{"type":"Point","coordinates":[69.4394559,41.3345548]}},{"type":"Feature","properties":{"facility_id":"ed_way_203560294","name":"Yuqorichirchiq tumani 32-maktab","education_category":"school","district_name":null,"district_assignment":"outside_analysis_districts","osm_type":"way","osm_id":203560294,"representative_point_method":"polygon_representative_point","role":"display_only"},"geometry":{"type":"Point","coordinates":[69.4821877,41.2135366]}},{"type":"Feature","properties":{"facility_id":"ed_way_217768379","name":"Школа №274","education_category":"school","district_name":"Yunusabad district","district_assignment":"within","osm_type":"way","osm_id":217768379,"representative_point_method":"polygon_representative_point","role":"display_only"},"geometry":{"type":"Point","coordinates":[69.3240594,41.3668484]}},{"type":"Feature","properties":{"facility_id":"ed_way_217833467","name":"Yuqorichirchiq tumani 19-maktab","education_category":"school","district_name":null,"district_assignment":"outside_analysis_districts","osm_type":"way","osm_id":217833467,"representative_point_method":"polygon_representative_point","role":"display_only"},"geometry":{"type":"Point","coordinates":[69.4295481,41.2559714]}},{"type":"Feature","properties":{"facility_id":"ed_way_219010422","name":"236-maktab","education_category":"school","district_name":"Uchtepa district","district_assignment":"within","osm_type":"way","osm_id":219010422,"representative_point_method":"polygon_representative_point","role":"display_only"},"geometry":{"type":"Point","coordinates":[69.1628417,41.3225068]}},{"type":"Feature","properties":{"facility_id":"ed_way_220229251","name":"322-maktab","education_category":"school","district_name":"Sergeli district","district_assignment":"within","osm_type":"way","osm_id":220229251,"representative_point_method":"polygon_representative_point","role":"display_only"},"geometry":{"type":"Point","coordinates":[69.2108535,41.226985]}},{"type":"Feature","properties":{"facility_id":"ed_way_220476924","name":"Детский сад 297","education_category":"kindergarten","district_name":"Sergeli district","district_assignment":"within","osm_type":"way","osm_id":220476924,"representative_point_method":"polygon_representative_point","role":"display_only"},"geometry":{"type":"Point","coordinates":[69.2996071,41.2488327]}},{"type":"Feature","properties":{"facility_id":"ed_way_220476925","name":"32","education_category":"kindergarten","district_name":"Mirabad district","district_assignment":"within","osm_type":"way","osm_id":220476925,"representative_point_method":"polygon_representative_point","role":"display_only"},"geometry":{"type":"Point","coordinates":[69.3046153,41.2499908]}},{"type":"Feature","properties":{"facility_id":"ed_way_220476926","name":"489","education_category":"kindergarten","district_name":"Mirabad district","district_assignment":"within","osm_type":"way","osm_id":220476926,"representative_point_method":"polygon_representative_point","role":"display_only"},"geometry":{"type":"Point","coordinates":[69.3046275,41.251518]}},{"type":"Feature","properties":{"facility_id":"ed_way_220476927","name":"Sergeli Abu Ali ibn Sino nomidagi jamoat salomatligi texnikumi","education_category":"college","district_name":"Sergeli district","district_assignment":"within","osm_type":"way","osm_id":220476927,"representative_point_method":"polygon_representative_point","role":"display_only"},"geometry":{"type":"Point","coordinates":[69.2954552,41.2471542]}},{"type":"Feature","properties":{"facility_id":"ed_way_220476928","name":"277-maktab","education_category":"school","district_name":"Sergeli district","district_assignment":"within","osm_type":"way","osm_id":220476928,"representative_point_method":"polygon_representative_point","role":"display_only"},"geometry":{"type":"Point","coordinates":[69.2878503,41.2473057]}},{"type":"Feature","properties":{"facility_id":"ed_way_222700903","name":"Колледж Связи","education_category":"college","district_name":"Shaykhantakhur district","district_assignment":"within","osm_type":"way","osm_id":222700903,"representative_point_method":"polygon_representative_point","role":"display_only"},"geometry":{"type":"Point","coordinates":[69.2654614,41.3326306]}},{"type":"Feature","properties":{"facility_id":"ed_way_229128165","name":"57-maktab","education_category":"school","district_name":"Mirabad district","district_assignment":"within","osm_type":"way","osm_id":229128165,"representative_point_method":"polygon_representative_point","role":"display_only"},"geometry":{"type":"Point","coordinates":[69.28743,41.2780599]}},{"type":"Feature","properties":{"facility_id":"ed_way_229128346","name":"№174 bolalar bog'chasi","education_category":"kindergarten","district_name":"Mirabad district","district_assignment":"within","osm_type":"way","osm_id":229128346,"representative_point_method":"polygon_representative_point","role":"display_only"},"geometry":{"type":"Point","coordinates":[69.2888543,41.280615]}},{"type":"Feature","properties":{"facility_id":"ed_way_229243194","name":"218-maktab","education_category":"school","district_name":"Mirabad district","district_assignment":"within","osm_type":"way","osm_id":229243194,"representative_point_method":"polygon_representative_point","role":"display_only"},"geometry":{"type":"Point","coordinates":[69.3142605,41.2470687]}},{"type":"Feature","properties":{"facility_id":"ed_way_232650339","name":"112","education_category":"school","district_name":"Mirzo Ulugbek district","district_assignment":"within","osm_type":"way","osm_id":232650339,"representative_point_method":"polygon_representative_point","role":"display_only"},"geometry":{"type":"Point","coordinates":[69.3471219,41.320521]}},{"type":"Feature","properties":{"facility_id":"ed_way_237073831","name":"220-maktab","education_category":"school","district_name":"Yunusabad district","district_assignment":"within","osm_type":"way","osm_id":237073831,"representative_point_method":"polygon_representative_point","role":"display_only"},"geometry":{"type":"Point","coordinates":[69.2761265,41.3648998]}},{"type":"Feature","properties":{"facility_id":"ed_way_237768616","name":"Bog'i Sebzor","education_category":"kindergarten","district_name":"Almazar district","district_assignment":"within","osm_type":"way","osm_id":237768616,"representative_point_method":"polygon_representative_point","role":"display_only"},"geometry":{"type":"Point","coordinates":[69.2493241,41.3353602]}},{"type":"Feature","properties":{"facility_id":"ed_way_240374567","name":"Радуга","education_category":"kindergarten","district_name":"Yunusabad district","district_assignment":"within","osm_type":"way","osm_id":240374567,"representative_point_method":"polygon_representative_point","role":"display_only"},"geometry":{"type":"Point","coordinates":[69.2793359,41.3661196]}},{"type":"Feature","properties":{"facility_id":"ed_way_240458473","name":"Nizomiy nomidagi O'zMPU akademik litseyi","education_category":"college","district_name":"Yakkasaray district","district_assignment":"within","osm_type":"way","osm_id":240458473,"representative_point_method":"polygon_representative_point","role":"display_only"},"geometry":{"type":"Point","coordinates":[69.2579003,41.2932283]}},{"type":"Feature","properties":{"facility_id":"ed_way_240502362","name":"Школа №186","education_category":"school","district_name":"Shaykhantakhur district","district_assignment":"within","osm_type":"way","osm_id":240502362,"representative_point_method":"polygon_representative_point","role":"display_only"},"geometry":{"type":"Point","coordinates":[69.2032609,41.3136396]}},{"type":"Feature","properties":{"facility_id":"ed_way_240958279","name":"Школа №324","education_category":"school","district_name":"Shaykhantakhur district","district_assignment":"within","osm_type":"way","osm_id":240958279,"representative_point_method":"polygon_representative_point","role":"display_only"},"geometry":{"type":"Point","coordinates":[69.2343528,41.3178796]}},{"type":"Feature","properties":{"facility_id":"ed_way_244282398","name":"Общеобразовательная школа № 88","education_category":"school","district_name":"Yunusabad district","district_assignment":"within","osm_type":"way","osm_id":244282398,"representative_point_method":"polygon_representative_point","role":"display_only"},"geometry":{"type":"Point","coordinates":[69.3266025,41.35718]}},{"type":"Feature","properties":{"facility_id":"ed_way_244282399","name":"239","education_category":"school","district_name":"Yunusabad district","district_assignment":"within","osm_type":"way","osm_id":244282399,"representative_point_method":"polygon_representative_point","role":"display_only"},"geometry":{"type":"Point","coordinates":[69.3169135,41.3507003]}},{"type":"Feature","properties":{"facility_id":"ed_way_256808706","name":"240-maktab","education_category":"school","district_name":"Yunusabad district","district_assignment":"within","osm_type":"way","osm_id":256808706,"representative_point_method":"polygon_representative_point","role":"display_only"},"geometry":{"type":"Point","coordinates":[69.2895914,41.3699011]}},{"type":"Feature","properties":{"facility_id":"ed_way_260274422","name":"327-maktab","education_category":"school","district_name":"Yunusabad district","district_assignment":"within","osm_type":"way","osm_id":260274422,"representative_point_method":"polygon_representative_point","role":"display_only"},"geometry":{"type":"Point","coordinates":[69.2623081,41.3777298]}},{"type":"Feature","properties":{"facility_id":"ed_way_265602190","name":"188 maktab","education_category":"school","district_name":"Chilanzar district","district_assignment":"within","osm_type":"way","osm_id":265602190,"representative_point_method":"polygon_representative_point","role":"display_only"},"geometry":{"type":"Point","coordinates":[69.2117677,41.2639778]}},{"type":"Feature","properties":{"facility_id":"ed_way_266074500","name":"Qanotcha","education_category":"kindergarten","district_name":"Yunusabad district","district_assignment":"within","osm_type":"way","osm_id":266074500,"representative_point_method":"polygon_representative_point","role":"display_only"},"geometry":{"type":"Point","coordinates":[69.2813419,41.3652447]}},{"type":"Feature","properties":{"facility_id":"ed_way_272749181","name":"Oʻzbekiston davlat sanʼat va madaniyat instituti","education_category":"university","district_name":"Mirzo Ulugbek district","district_assignment":"within","osm_type":"way","osm_id":272749181,"representative_point_method":"polygon_representative_point","role":"display_only"},"geometry":{"type":"Point","coordinates":[69.3420352,41.3515594]}},{"type":"Feature","properties":{"facility_id":"ed_way_272749638","name":"Школа №187","education_category":"school","district_name":"Mirzo Ulugbek district","district_assignment":"within","osm_type":"way","osm_id":272749638,"representative_point_method":"polygon_representative_point","role":"display_only"},"geometry":{"type":"Point","coordinates":[69.3428736,41.3493067]}},{"type":"Feature","properties":{"facility_id":"ed_way_272981553","name":"190-maktab","education_category":"school","district_name":"Mirzo Ulugbek district","district_assignment":"within","osm_type":"way","osm_id":272981553,"representative_point_method":"polygon_representative_point","role":"display_only"},"geometry":{"type":"Point","coordinates":[69.3451206,41.3509054]}},{"type":"Feature","properties":{"facility_id":"ed_way_282878477","name":"Художественный колледж им. П. П. Бенькова","education_category":"college","district_name":"Shaykhantakhur district","district_assignment":"within","osm_type":"way","osm_id":282878477,"representative_point_method":"polygon_representative_point","role":"display_only"},"geometry":{"type":"Point","coordinates":[69.2406579,41.3178598]}},{"type":"Feature","properties":{"facility_id":"ed_way_282879746","name":"112-chi sonli bolalar bog`chasi","education_category":"kindergarten","district_name":"Shaykhantakhur district","district_assignment":"within","osm_type":"way","osm_id":282879746,"representative_point_method":"polygon_representative_point","role":"display_only"},"geometry":{"type":"Point","coordinates":[69.2383751,41.3174711]}},{"type":"Feature","properties":{"facility_id":"ed_way_282879747","name":"Детский сад","education_category":"kindergarten","district_name":"Shaykhantakhur district","district_assignment":"within","osm_type":"way","osm_id":282879747,"representative_point_method":"polygon_representative_point","role":"display_only"},"geometry":{"type":"Point","coordinates":[69.2381027,41.3188218]}},{"type":"Feature","properties":{"facility_id":"ed_way_282879748","name":"Детский сад","education_category":"kindergarten","district_name":"Shaykhantakhur district","district_assignment":"within","osm_type":"way","osm_id":282879748,"representative_point_method":"polygon_representative_point","role":"display_only"},"geometry":{"type":"Point","coordinates":[69.2350498,41.3191825]}},{"type":"Feature","properties":{"facility_id":"ed_way_286359715","name":"Насб Хунор","education_category":"college","district_name":"Uchtepa district","district_assignment":"within","osm_type":"way","osm_id":286359715,"representative_point_method":"polygon_representative_point","role":"display_only"},"geometry":{"type":"Point","coordinates":[69.1891844,41.2787047]}},{"type":"Feature","properties":{"facility_id":"ed_way_293259682","name":"593","education_category":"kindergarten","district_name":"Sergeli district","district_assignment":"within","osm_type":"way","osm_id":293259682,"representative_point_method":"polygon_representative_point","role":"display_only"},"geometry":{"type":"Point","coordinates":[69.2174397,41.2243076]}},{"type":"Feature","properties":{"facility_id":"ed_way_293259683","name":"598","education_category":"kindergarten","district_name":"Sergeli district","district_assignment":"within","osm_type":"way","osm_id":293259683,"representative_point_method":"polygon_representative_point","role":"display_only"},"geometry":{"type":"Point","coordinates":[69.2176833,41.2236302]}},{"type":"Feature","properties":{"facility_id":"ed_way_303743326","name":"школа №127","education_category":"school","district_name":"Yakkasaray district","district_assignment":"within","osm_type":"way","osm_id":303743326,"representative_point_method":"polygon_representative_point","role":"display_only"},"geometry":{"type":"Point","coordinates":[69.2501208,41.2686061]}},{"type":"Feature","properties":{"facility_id":"ed_way_304768344","name":"29-maktab","education_category":"school","district_name":"Sergeli district","district_assignment":"within","osm_type":"way","osm_id":304768344,"representative_point_method":"polygon_representative_point","role":"display_only"},"geometry":{"type":"Point","coordinates":[69.2554457,41.2386272]}},{"type":"Feature","properties":{"facility_id":"ed_way_308020720","name":"214","education_category":"school","district_name":"Mirabad district","district_assignment":"within","osm_type":"way","osm_id":308020720,"representative_point_method":"polygon_representative_point","role":"display_only"},"geometry":{"type":"Point","coordinates":[69.3180309,41.2569946]}},{"type":"Feature","properties":{"facility_id":"ed_way_312587509","name":"Yuqorichirchiq tumani 9-maktab","education_category":"school","district_name":null,"district_assignment":"outside_analysis_districts","osm_type":"way","osm_id":312587509,"representative_point_method":"polygon_representative_point","role":"display_only"},"geometry":{"type":"Point","coordinates":[69.473971,41.3117738]}},{"type":"Feature","properties":{"facility_id":"ed_way_318216606","name":"85","education_category":"kindergarten","district_name":"Mirabad district","district_assignment":"within","osm_type":"way","osm_id":318216606,"representative_point_method":"polygon_representative_point","role":"display_only"},"geometry":{"type":"Point","coordinates":[69.3147209,41.2461701]}},{"type":"Feature","properties":{"facility_id":"ed_way_318216607","name":"266-maktab","education_category":"school","district_name":"Sergeli district","district_assignment":"within","osm_type":"way","osm_id":318216607,"representative_point_method":"polygon_representative_point","role":"display_only"},"geometry":{"type":"Point","coordinates":[69.291335,41.2472663]}},{"type":"Feature","properties":{"facility_id":"ed_way_322633832","name":"298-chi sonli o`rta umumiy ta`lim maktabi","education_category":"school","district_name":"Almazar district","district_assignment":"within","osm_type":"way","osm_id":322633832,"representative_point_method":"polygon_representative_point","role":"display_only"},"geometry":{"type":"Point","coordinates":[69.2233569,41.3328845]}},{"type":"Feature","properties":{"facility_id":"ed_way_325740246","name":"Toshkent kimyo-texnologiya instituti akademik litseyi","education_category":"college","district_name":"Yunusabad district","district_assignment":"within","osm_type":"way","osm_id":325740246,"representative_point_method":"polygon_representative_point","role":"display_only"},"geometry":{"type":"Point","coordinates":[69.2942521,41.3636721]}},{"type":"Feature","properties":{"facility_id":"ed_way_327403377","name":"149-maktab","education_category":"school","district_name":"Yashnabad district","district_assignment":"within","osm_type":"way","osm_id":327403377,"representative_point_method":"polygon_representative_point","role":"display_only"},"geometry":{"type":"Point","coordinates":[69.3445567,41.2829962]}},{"type":"Feature","properties":{"facility_id":"ed_way_327630072","name":"341-bolalar bog'chasi","education_category":"school","district_name":"Uchtepa district","district_assignment":"within","osm_type":"way","osm_id":327630072,"representative_point_method":"polygon_representative_point","role":"display_only"},"geometry":{"type":"Point","coordinates":[69.1856942,41.2827231]}},{"type":"Feature","properties":{"facility_id":"ed_way_331473262","name":"152-maktab","education_category":"school","district_name":"Yashnabad district","district_assignment":"within","osm_type":"way","osm_id":331473262,"representative_point_method":"polygon_representative_point","role":"display_only"},"geometry":{"type":"Point","coordinates":[69.3586428,41.2990358]}},{"type":"Feature","properties":{"facility_id":"ed_way_334840244","name":"136-Bolalar Bog'chasi","education_category":"kindergarten","district_name":"Yunusabad district","district_assignment":"within","osm_type":"way","osm_id":334840244,"representative_point_method":"polygon_representative_point","role":"display_only"},"geometry":{"type":"Point","coordinates":[69.3030164,41.3730029]}},{"type":"Feature","properties":{"facility_id":"ed_way_334841450","name":null,"education_category":"kindergarten","district_name":"Yunusabad district","district_assignment":"within","osm_type":"way","osm_id":334841450,"representative_point_method":"polygon_representative_point","role":"display_only"},"geometry":{"type":"Point","coordinates":[69.3013442,41.3734524]}},{"type":"Feature","properties":{"facility_id":"ed_way_334971337","name":"147-maktab","education_category":"school","district_name":"Mirabad district","district_assignment":"within","osm_type":"way","osm_id":334971337,"representative_point_method":"polygon_representative_point","role":"display_only"},"geometry":{"type":"Point","coordinates":[69.2755426,41.2737455]}},{"type":"Feature","properties":{"facility_id":"ed_way_334986140","name":"Школа №16","education_category":"school","district_name":"Almazar district","district_assignment":"within","osm_type":"way","osm_id":334986140,"representative_point_method":"polygon_representative_point","role":"display_only"},"geometry":{"type":"Point","coordinates":[69.2381471,41.3725879]}},{"type":"Feature","properties":{"facility_id":"ed_way_334989138","name":"Toshkent ijodiy texnologiyalar markazi Tumo","education_category":"college","district_name":"Yunusabad district","district_assignment":"within","osm_type":"way","osm_id":334989138,"representative_point_method":"polygon_representative_point","role":"display_only"},"geometry":{"type":"Point","coordinates":[69.3025598,41.372027]}},{"type":"Feature","properties":{"facility_id":"ed_way_334989139","name":"12-maktab","education_category":"school","district_name":"Yunusabad district","district_assignment":"within","osm_type":"way","osm_id":334989139,"representative_point_method":"polygon_representative_point","role":"display_only"},"geometry":{"type":"Point","coordinates":[69.299701,41.3695776]}},{"type":"Feature","properties":{"facility_id":"ed_way_334989141","name":"Школа №18","education_category":"school","district_name":"Yunusabad district","district_assignment":"within","osm_type":"way","osm_id":334989141,"representative_point_method":"polygon_representative_point","role":"display_only"},"geometry":{"type":"Point","coordinates":[69.2526398,41.3917857]}},{"type":"Feature","properties":{"facility_id":"ed_way_334989142","name":"235-maktab","education_category":"school","district_name":"Yunusabad district","district_assignment":"within","osm_type":"way","osm_id":334989142,"representative_point_method":"polygon_representative_point","role":"display_only"},"geometry":{"type":"Point","coordinates":[69.2832801,41.3706404]}},{"type":"Feature","properties":{"facility_id":"ed_way_334989143","name":"246-Maktab","education_category":"school","district_name":"Yunusabad district","district_assignment":"within","osm_type":"way","osm_id":334989143,"representative_point_method":"polygon_representative_point","role":"display_only"},"geometry":{"type":"Point","coordinates":[69.297853,41.3670673]}},{"type":"Feature","properties":{"facility_id":"ed_way_334989144","name":"258-maktab","education_category":"school","district_name":"Yunusabad district","district_assignment":"within","osm_type":"way","osm_id":334989144,"representative_point_method":"polygon_representative_point","role":"display_only"},"geometry":{"type":"Point","coordinates":[69.3148449,41.3748195]}},{"type":"Feature","properties":{"facility_id":"ed_way_334989145","name":"260-maktab","education_category":"school","district_name":"Yunusabad district","district_assignment":"within","osm_type":"way","osm_id":334989145,"representative_point_method":"polygon_representative_point","role":"display_only"},"geometry":{"type":"Point","coordinates":[69.2808324,41.3728198]}},{"type":"Feature","properties":{"facility_id":"ed_way_335521002","name":"Yunusobod Abu Ali ibn Sino nomidagi jamoat salomatligi texnikumi","education_category":"college","district_name":"Yunusabad district","district_assignment":"within","osm_type":"way","osm_id":335521002,"representative_point_method":"polygon_representative_point","role":"display_only"},"geometry":{"type":"Point","coordinates":[69.3174729,41.3744625]}},{"type":"Feature","properties":{"facility_id":"ed_way_335521003","name":"257-maktab","education_category":"school","district_name":"Yunusabad district","district_assignment":"within","osm_type":"way","osm_id":335521003,"representative_point_method":"polygon_representative_point","role":"display_only"},"geometry":{"type":"Point","coordinates":[69.316379,41.3753387]}},{"type":"Feature","properties":{"facility_id":"ed_way_335525843","name":"122-maktab","education_category":"school","district_name":"Yunusabad district","district_assignment":"within","osm_type":"way","osm_id":335525843,"representative_point_method":"polygon_representative_point","role":"display_only"},"geometry":{"type":"Point","coordinates":[69.3111718,41.3654947]}},{"type":"Feature","properties":{"facility_id":"ed_way_335525844","name":"288-maktab","education_category":"school","district_name":"Yunusabad district","district_assignment":"within","osm_type":"way","osm_id":335525844,"representative_point_method":"polygon_representative_point","role":"display_only"},"geometry":{"type":"Point","coordinates":[69.3189433,41.369054]}},{"type":"Feature","properties":{"facility_id":"ed_way_335525848","name":"15-maktab","education_category":"school","district_name":"Almazar district","district_assignment":"within","osm_type":"way","osm_id":335525848,"representative_point_method":"polygon_representative_point","role":"display_only"},"geometry":{"type":"Point","coordinates":[69.2017256,41.3679675]}},{"type":"Feature","properties":{"facility_id":"ed_way_335529491","name":"Школа №305","education_category":"school","district_name":"Sergeli district","district_assignment":"within","osm_type":"way","osm_id":335529491,"representative_point_method":"polygon_representative_point","role":"display_only"},"geometry":{"type":"Point","coordinates":[69.2646221,41.2175155]}},{"type":"Feature","properties":{"facility_id":"ed_way_335699120","name":"Школа №245","education_category":"school","district_name":"Uchtepa district","district_assignment":"within","osm_type":"way","osm_id":335699120,"representative_point_method":"polygon_representative_point","role":"display_only"},"geometry":{"type":"Point","coordinates":[69.1810029,41.3109299]}},{"type":"Feature","properties":{"facility_id":"ed_way_335699710","name":"Детсад ясли №91","education_category":"kindergarten","district_name":"Uchtepa district","district_assignment":"within","osm_type":"way","osm_id":335699710,"representative_point_method":"polygon_representative_point","role":"display_only"},"geometry":{"type":"Point","coordinates":[69.1755021,41.2821384]}},{"type":"Feature","properties":{"facility_id":"ed_way_335699711","name":"116-maktab","education_category":"school","district_name":"Uchtepa district","district_assignment":"within","osm_type":"way","osm_id":335699711,"representative_point_method":"polygon_representative_point","role":"display_only"},"geometry":{"type":"Point","coordinates":[69.1638354,41.3145308]}},{"type":"Feature","properties":{"facility_id":"ed_way_335699712","name":"Школа №129","education_category":"school","district_name":"Uchtepa district","district_assignment":"within","osm_type":"way","osm_id":335699712,"representative_point_method":"polygon_representative_point","role":"display_only"},"geometry":{"type":"Point","coordinates":[69.1690231,41.3081662]}},{"type":"Feature","properties":{"facility_id":"ed_way_336037467","name":"Школа № 283","education_category":"school","district_name":"Uchtepa district","district_assignment":"within","osm_type":"way","osm_id":336037467,"representative_point_method":"polygon_representative_point","role":"display_only"},"geometry":{"type":"Point","coordinates":[69.1883108,41.280107]}},{"type":"Feature","properties":{"facility_id":"ed_way_337744999","name":"247-maktab","education_category":"school","district_name":"Yunusabad district","district_assignment":"within","osm_type":"way","osm_id":337744999,"representative_point_method":"polygon_representative_point","role":"display_only"},"geometry":{"type":"Point","coordinates":[69.3021802,41.3781271]}},{"type":"Feature","properties":{"facility_id":"ed_way_337745000","name":"86-maktab","education_category":"school","district_name":"Yunusabad district","district_assignment":"within","osm_type":"way","osm_id":337745000,"representative_point_method":"polygon_representative_point","role":"display_only"},"geometry":{"type":"Point","coordinates":[69.2682917,41.3699206]}},{"type":"Feature","properties":{"facility_id":"ed_way_337745012","name":"250-maktab","education_category":"school","district_name":"Yunusabad district","district_assignment":"within","osm_type":"way","osm_id":337745012,"representative_point_method":"polygon_representative_point","role":"display_only"},"geometry":{"type":"Point","coordinates":[69.3061237,41.370301]}},{"type":"Feature","properties":{"facility_id":"ed_way_338446089","name":"273-maktab","education_category":"school","district_name":"Yunusabad district","district_assignment":"within","osm_type":"way","osm_id":338446089,"representative_point_method":"polygon_representative_point","role":"display_only"},"geometry":{"type":"Point","coordinates":[69.3036889,41.3791626]}},{"type":"Feature","properties":{"facility_id":"ed_way_338924029","name":"Детсад №291","education_category":"kindergarten","district_name":"Chilanzar district","district_assignment":"within","osm_type":"way","osm_id":338924029,"representative_point_method":"polygon_representative_point","role":"display_only"},"geometry":{"type":"Point","coordinates":[69.2189924,41.2866818]}},{"type":"Feature","properties":{"facility_id":"ed_way_340058228","name":"Академический лицей при УзГУМЯ №2","education_category":"college","district_name":"Yakkasaray district","district_assignment":"within","osm_type":"way","osm_id":340058228,"representative_point_method":"polygon_representative_point","role":"display_only"},"geometry":{"type":"Point","coordinates":[69.2551144,41.2847116]}},{"type":"Feature","properties":{"facility_id":"ed_way_340857232","name":"Школа №87","education_category":"school","district_name":"Yunusabad district","district_assignment":"within","osm_type":"way","osm_id":340857232,"representative_point_method":"polygon_representative_point","role":"display_only"},"geometry":{"type":"Point","coordinates":[69.2835679,41.3588942]}},{"type":"Feature","properties":{"facility_id":"ed_way_341114518","name":"Детский сад-ясли №387","education_category":"kindergarten","district_name":"Uchtepa district","district_assignment":"within","osm_type":"way","osm_id":341114518,"representative_point_method":"polygon_representative_point","role":"display_only"},"geometry":{"type":"Point","coordinates":[69.173437,41.2811611]}},{"type":"Feature","properties":{"facility_id":"ed_way_341114519","name":"356","education_category":"kindergarten","district_name":"Uchtepa district","district_assignment":"within","osm_type":"way","osm_id":341114519,"representative_point_method":"polygon_representative_point","role":"display_only"},"geometry":{"type":"Point","coordinates":[69.1740227,41.280471]}},{"type":"Feature","properties":{"facility_id":"ed_way_341114520","name":"78-maktab","education_category":"school","district_name":"Uchtepa district","district_assignment":"within","osm_type":"way","osm_id":341114520,"representative_point_method":"polygon_representative_point","role":"display_only"},"geometry":{"type":"Point","coordinates":[69.1730959,41.2829651]}},{"type":"Feature","properties":{"facility_id":"ed_way_341114521","name":"199-maktab","education_category":"school","district_name":"Uchtepa district","district_assignment":"within","osm_type":"way","osm_id":341114521,"representative_point_method":"polygon_representative_point","role":"display_only"},"geometry":{"type":"Point","coordinates":[69.1748244,41.2810234]}},{"type":"Feature","properties":{"facility_id":"ed_way_341698682","name":"Школа № 121","education_category":"school","district_name":"Mirzo Ulugbek district","district_assignment":"within","osm_type":"way","osm_id":341698682,"representative_point_method":"polygon_representative_point","role":"display_only"},"geometry":{"type":"Point","coordinates":[69.3723769,41.3314277]}},{"type":"Feature","properties":{"facility_id":"ed_way_341698683","name":"Школа №248","education_category":"school","district_name":"Mirzo Ulugbek district","district_assignment":"within","osm_type":"way","osm_id":341698683,"representative_point_method":"polygon_representative_point","role":"display_only"},"geometry":{"type":"Point","coordinates":[69.3822108,41.3542356]}},{"type":"Feature","properties":{"facility_id":"ed_way_341828486","name":"Toshkent shahridagi Turin politexnika universiteti","education_category":"university","district_name":"Almazar district","district_assignment":"within","osm_type":"way","osm_id":341828486,"representative_point_method":"polygon_representative_point","role":"display_only"},"geometry":{"type":"Point","coordinates":[69.2220966,41.3520249]}},{"type":"Feature","properties":{"facility_id":"ed_way_344448723","name":"Школа №35","education_category":"school","district_name":"Mirzo Ulugbek district","district_assignment":"within","osm_type":"way","osm_id":344448723,"representative_point_method":"polygon_representative_point","role":"display_only"},"geometry":{"type":"Point","coordinates":[69.3891336,41.3627532]}},{"type":"Feature","properties":{"facility_id":"ed_way_353755974","name":"167-maktab","education_category":"school","district_name":"Shaykhantakhur district","district_assignment":"within","osm_type":"way","osm_id":353755974,"representative_point_method":"polygon_representative_point","role":"display_only"},"geometry":{"type":"Point","coordinates":[69.1988609,41.3090547]}},{"type":"Feature","properties":{"facility_id":"ed_way_364611532","name":null,"education_category":"kindergarten","district_name":"Yashnabad district","district_assignment":"within","osm_type":"way","osm_id":364611532,"representative_point_method":"polygon_representative_point","role":"display_only"},"geometry":{"type":"Point","coordinates":[69.3248536,41.2508445]}},{"type":"Feature","properties":{"facility_id":"ed_way_365487750","name":"90-maktab","education_category":"school","district_name":"Chilanzar district","district_assignment":"within","osm_type":"way","osm_id":365487750,"representative_point_method":"polygon_representative_point","role":"display_only"},"geometry":{"type":"Point","coordinates":[69.2456077,41.3100783]}},{"type":"Feature","properties":{"facility_id":"ed_way_367119279","name":"555-Bolalar bogʻchasi","education_category":"kindergarten","district_name":"Yunusabad district","district_assignment":"within","osm_type":"way","osm_id":367119279,"representative_point_method":"polygon_representative_point","role":"display_only"},"geometry":{"type":"Point","coordinates":[69.31918,41.374461]}},{"type":"Feature","properties":{"facility_id":"ed_way_368241434","name":"21-maktab","education_category":"school","district_name":"Yunusabad district","district_assignment":"within","osm_type":"way","osm_id":368241434,"representative_point_method":"polygon_representative_point","role":"display_only"},"geometry":{"type":"Point","coordinates":[69.2651192,41.3684097]}},{"type":"Feature","properties":{"facility_id":"ed_way_369783750","name":"№1 musiqa maktabi","education_category":"school","district_name":"Chilanzar district","district_assignment":"within","osm_type":"way","osm_id":369783750,"representative_point_method":"polygon_representative_point","role":"display_only"},"geometry":{"type":"Point","coordinates":[69.1693625,41.2661406]}},{"type":"Feature","properties":{"facility_id":"ed_way_371484176","name":"259-maktab","education_category":"school","district_name":"Yunusabad district","district_assignment":"within","osm_type":"way","osm_id":371484176,"representative_point_method":"polygon_representative_point","role":"display_only"},"geometry":{"type":"Point","coordinates":[69.2774388,41.3774667]}},{"type":"Feature","properties":{"facility_id":"ed_way_372055208","name":"282","education_category":"kindergarten","district_name":"Mirabad district","district_assignment":"within","osm_type":"way","osm_id":372055208,"representative_point_method":"polygon_representative_point","role":"display_only"},"geometry":{"type":"Point","coordinates":[69.3012578,41.2780891]}},{"type":"Feature","properties":{"facility_id":"ed_way_372055209","name":"345","education_category":"kindergarten","district_name":"Mirabad district","district_assignment":"within","osm_type":"way","osm_id":372055209,"representative_point_method":"polygon_representative_point","role":"display_only"},"geometry":{"type":"Point","coordinates":[69.3027981,41.2783566]}},{"type":"Feature","properties":{"facility_id":"ed_way_372055210","name":"553","education_category":"kindergarten","district_name":"Mirabad district","district_assignment":"within","osm_type":"way","osm_id":372055210,"representative_point_method":"polygon_representative_point","role":"display_only"},"geometry":{"type":"Point","coordinates":[69.3005333,41.2773759]}},{"type":"Feature","properties":{"facility_id":"ed_way_373407522","name":"195-maktab","education_category":"school","district_name":"Chilanzar district","district_assignment":"within","osm_type":"way","osm_id":373407522,"representative_point_method":"polygon_representative_point","role":"display_only"},"geometry":{"type":"Point","coordinates":[69.1980534,41.2741523]}},{"type":"Feature","properties":{"facility_id":"ed_way_375044821","name":"Diplomat International School","education_category":"college","district_name":"Yashnabad district","district_assignment":"within","osm_type":"way","osm_id":375044821,"representative_point_method":"polygon_representative_point","role":"display_only"},"geometry":{"type":"Point","coordinates":[69.3178457,41.3030161]}},{"type":"Feature","properties":{"facility_id":"ed_way_376341685","name":"22-sonli Xlebushkina nomli bolalar uyi","education_category":"school","district_name":"Chilanzar district","district_assignment":"within","osm_type":"way","osm_id":376341685,"representative_point_method":"polygon_representative_point","role":"display_only"},"geometry":{"type":"Point","coordinates":[69.2291421,41.2992471]}},{"type":"Feature","properties":{"facility_id":"ed_way_377459505","name":"Академический лицей при Ташкентском Государственном Институте Востоковедения","education_category":"college","district_name":"Almazar district","district_assignment":"within","osm_type":"way","osm_id":377459505,"representative_point_method":"polygon_representative_point","role":"display_only"},"geometry":{"type":"Point","coordinates":[69.2510755,41.3512053]}},{"type":"Feature","properties":{"facility_id":"ed_way_378250074","name":"№252 bolalar bog'chasi","education_category":"kindergarten","district_name":"Uchtepa district","district_assignment":"within","osm_type":"way","osm_id":378250074,"representative_point_method":"polygon_representative_point","role":"display_only"},"geometry":{"type":"Point","coordinates":[69.1888734,41.2914085]}},{"type":"Feature","properties":{"facility_id":"ed_way_378250075","name":"Школа №79","education_category":"school","district_name":"Chilanzar district","district_assignment":"within","osm_type":"way","osm_id":378250075,"representative_point_method":"polygon_representative_point","role":"display_only"},"geometry":{"type":"Point","coordinates":[69.2121323,41.2953616]}},{"type":"Feature","properties":{"facility_id":"ed_way_378250078","name":"Детский сад №265","education_category":"kindergarten","district_name":"Chilanzar district","district_assignment":"within","osm_type":"way","osm_id":378250078,"representative_point_method":"polygon_representative_point","role":"display_only"},"geometry":{"type":"Point","coordinates":[69.2122272,41.2963095]}},{"type":"Feature","properties":{"facility_id":"ed_way_384276372","name":"198-maktab","education_category":"school","district_name":"Yashnabad district","district_assignment":"within","osm_type":"way","osm_id":384276372,"representative_point_method":"polygon_representative_point","role":"display_only"},"geometry":{"type":"Point","coordinates":[69.3496142,41.2715313]}},{"type":"Feature","properties":{"facility_id":"ed_way_384276373","name":"230-maktab","education_category":"school","district_name":"Yashnabad district","district_assignment":"within","osm_type":"way","osm_id":384276373,"representative_point_method":"polygon_representative_point","role":"display_only"},"geometry":{"type":"Point","coordinates":[69.3553079,41.2662825]}},{"type":"Feature","properties":{"facility_id":"ed_way_384282711","name":"290","education_category":"school","district_name":"Bektemir district","district_assignment":"within","osm_type":"way","osm_id":384282711,"representative_point_method":"polygon_representative_point","role":"display_only"},"geometry":{"type":"Point","coordinates":[69.3511575,41.2340787]}},{"type":"Feature","properties":{"facility_id":"ed_way_384282714","name":"289","education_category":"school","district_name":"Bektemir district","district_assignment":"within","osm_type":"way","osm_id":384282714,"representative_point_method":"polygon_representative_point","role":"display_only"},"geometry":{"type":"Point","coordinates":[69.3390197,41.233739]}},{"type":"Feature","properties":{"facility_id":"ed_way_384283671","name":null,"education_category":"kindergarten","district_name":"Yashnabad district","district_assignment":"within","osm_type":"way","osm_id":384283671,"representative_point_method":"polygon_representative_point","role":"display_only"},"geometry":{"type":"Point","coordinates":[69.355498,41.2646626]}},{"type":"Feature","properties":{"facility_id":"ed_way_387466294","name":"Школа №45","education_category":"school","district_name":"Shaykhantakhur district","district_assignment":"within","osm_type":"way","osm_id":387466294,"representative_point_method":"polygon_representative_point","role":"display_only"},"geometry":{"type":"Point","coordinates":[69.2324658,41.3134489]}},{"type":"Feature","properties":{"facility_id":"ed_way_389828256","name":"№506 bolalar bog'chasi","education_category":"kindergarten","district_name":"Mirabad district","district_assignment":"within","osm_type":"way","osm_id":389828256,"representative_point_method":"polygon_representative_point","role":"display_only"},"geometry":{"type":"Point","coordinates":[69.2796249,41.2943103]}},{"type":"Feature","properties":{"facility_id":"ed_way_392032286","name":"28 мактаб","education_category":"school","district_name":"Almazar district","district_assignment":"within","osm_type":"way","osm_id":392032286,"representative_point_method":"polygon_representative_point","role":"display_only"},"geometry":{"type":"Point","coordinates":[69.2409735,41.3447316]}},{"type":"Feature","properties":{"facility_id":"ed_way_393306641","name":"Государственная специализированная школа профильного трудового обучения при Министерстве Народного Образования","education_category":"school","district_name":"Mirzo Ulugbek district","district_assignment":"within","osm_type":"way","osm_id":393306641,"representative_point_method":"polygon_representative_point","role":"display_only"},"geometry":{"type":"Point","coordinates":[69.3409029,41.3483001]}},{"type":"Feature","properties":{"facility_id":"ed_way_395495453","name":"123-maktab","education_category":"school","district_name":"Uchtepa district","district_assignment":"within","osm_type":"way","osm_id":395495453,"representative_point_method":"polygon_representative_point","role":"display_only"},"geometry":{"type":"Point","coordinates":[69.1572836,41.304159]}},{"type":"Feature","properties":{"facility_id":"ed_way_395495454","name":"193-maktab","education_category":"school","district_name":"Uchtepa district","district_assignment":"within","osm_type":"way","osm_id":395495454,"representative_point_method":"polygon_representative_point","role":"display_only"},"geometry":{"type":"Point","coordinates":[69.167785,41.2983572]}},{"type":"Feature","properties":{"facility_id":"ed_way_395495455","name":"школа №197","education_category":"school","district_name":"Uchtepa district","district_assignment":"within","osm_type":"way","osm_id":395495455,"representative_point_method":"polygon_representative_point","role":"display_only"},"geometry":{"type":"Point","coordinates":[69.1590147,41.2985478]}},{"type":"Feature","properties":{"facility_id":"ed_way_395529996","name":"75-martab","education_category":"school","district_name":"Uchtepa district","district_assignment":"within","osm_type":"way","osm_id":395529996,"representative_point_method":"polygon_representative_point","role":"display_only"},"geometry":{"type":"Point","coordinates":[69.1740127,41.3209753]}},{"type":"Feature","properties":{"facility_id":"ed_way_395729322","name":"62-maktab","education_category":"school","district_name":"Uchtepa district","district_assignment":"within","osm_type":"way","osm_id":395729322,"representative_point_method":"polygon_representative_point","role":"display_only"},"geometry":{"type":"Point","coordinates":[69.1905201,41.2932774]}},{"type":"Feature","properties":{"facility_id":"ed_way_395943845","name":"229-maktab","education_category":"school","district_name":"Uchtepa district","district_assignment":"within","osm_type":"way","osm_id":395943845,"representative_point_method":"polygon_representative_point","role":"display_only"},"geometry":{"type":"Point","coordinates":[69.1788151,41.2892504]}},{"type":"Feature","properties":{"facility_id":"ed_way_395945227","name":"№234 bolalar bog'chasi","education_category":"kindergarten","district_name":"Uchtepa district","district_assignment":"within","osm_type":"way","osm_id":395945227,"representative_point_method":"polygon_representative_point","role":"display_only"},"geometry":{"type":"Point","coordinates":[69.1868724,41.2952358]}},{"type":"Feature","properties":{"facility_id":"ed_way_395954644","name":"Детский сад №369","education_category":"kindergarten","district_name":"Yakkasaray district","district_assignment":"within","osm_type":"way","osm_id":395954644,"representative_point_method":"polygon_representative_point","role":"display_only"},"geometry":{"type":"Point","coordinates":[69.2534079,41.2701285]}},{"type":"Feature","properties":{"facility_id":"ed_way_399593858","name":"224-maktab","education_category":"school","district_name":"Almazar district","district_assignment":"within","osm_type":"way","osm_id":399593858,"representative_point_method":"polygon_representative_point","role":"display_only"},"geometry":{"type":"Point","coordinates":[69.2229782,41.3440173]}},{"type":"Feature","properties":{"facility_id":"ed_way_399829026","name":"Школа №228","education_category":"school","district_name":"Uchtepa district","district_assignment":"within","osm_type":"way","osm_id":399829026,"representative_point_method":"polygon_representative_point","role":"display_only"},"geometry":{"type":"Point","coordinates":[69.1815778,41.2958537]}},{"type":"Feature","properties":{"facility_id":"ed_way_402481760","name":"463","education_category":"kindergarten","district_name":"Sergeli district","district_assignment":"within","osm_type":"way","osm_id":402481760,"representative_point_method":"polygon_representative_point","role":"display_only"},"geometry":{"type":"Point","coordinates":[69.2908523,41.2457179]}},{"type":"Feature","properties":{"facility_id":"ed_way_402481761","name":"562","education_category":"kindergarten","district_name":"Sergeli district","district_assignment":"within","osm_type":"way","osm_id":402481761,"representative_point_method":"polygon_representative_point","role":"display_only"},"geometry":{"type":"Point","coordinates":[69.2887199,41.2457223]}},{"type":"Feature","properties":{"facility_id":"ed_way_403443063","name":"268-maktab","education_category":"school","district_name":"Sergeli district","district_assignment":"within","osm_type":"way","osm_id":403443063,"representative_point_method":"polygon_representative_point","role":"display_only"},"geometry":{"type":"Point","coordinates":[69.2852354,41.2474129]}},{"type":"Feature","properties":{"facility_id":"ed_way_404347373","name":"№400 bolalar bog'chasi","education_category":"kindergarten","district_name":"Chilanzar district","district_assignment":"within","osm_type":"way","osm_id":404347373,"representative_point_method":"polygon_representative_point","role":"display_only"},"geometry":{"type":"Point","coordinates":[69.1872188,41.2714917]}},{"type":"Feature","properties":{"facility_id":"ed_way_404347375","name":"101-maktab","education_category":"school","district_name":"Chilanzar district","district_assignment":"within","osm_type":"way","osm_id":404347375,"representative_point_method":"polygon_representative_point","role":"display_only"},"geometry":{"type":"Point","coordinates":[69.185209,41.2683837]}},{"type":"Feature","properties":{"facility_id":"ed_way_404347377","name":"131-maktab","education_category":"school","district_name":"Chilanzar district","district_assignment":"within","osm_type":"way","osm_id":404347377,"representative_point_method":"polygon_representative_point","role":"display_only"},"geometry":{"type":"Point","coordinates":[69.205501,41.2664663]}},{"type":"Feature","properties":{"facility_id":"ed_way_405409818","name":"312-maktab","education_category":"school","district_name":"Uchtepa district","district_assignment":"within","osm_type":"way","osm_id":405409818,"representative_point_method":"polygon_representative_point","role":"display_only"},"geometry":{"type":"Point","coordinates":[69.1445803,41.2912056]}},{"type":"Feature","properties":{"facility_id":"ed_way_405850479","name":null,"education_category":"school","district_name":"Mirabad district","district_assignment":"within","osm_type":"way","osm_id":405850479,"representative_point_method":"polygon_representative_point","role":"display_only"},"geometry":{"type":"Point","coordinates":[69.2931805,41.2771872]}},{"type":"Feature","properties":{"facility_id":"ed_way_405985711","name":"195","education_category":"kindergarten","district_name":"Mirabad district","district_assignment":"within","osm_type":"way","osm_id":405985711,"representative_point_method":"polygon_representative_point","role":"display_only"},"geometry":{"type":"Point","coordinates":[69.2944406,41.2763115]}},{"type":"Feature","properties":{"facility_id":"ed_way_406129664","name":"Школа №315","education_category":"school","district_name":"Almazar district","district_assignment":"within","osm_type":"way","osm_id":406129664,"representative_point_method":"polygon_representative_point","role":"display_only"},"geometry":{"type":"Point","coordinates":[69.2201949,41.3841503]}},{"type":"Feature","properties":{"facility_id":"ed_way_406186965","name":"Детский сад №14","education_category":"kindergarten","district_name":"Mirzo Ulugbek district","district_assignment":"within","osm_type":"way","osm_id":406186965,"representative_point_method":"polygon_representative_point","role":"display_only"},"geometry":{"type":"Point","coordinates":[69.3906052,41.3626472]}},{"type":"Feature","properties":{"facility_id":"ed_way_406186966","name":"47-Bolalar bogʻchasi","education_category":"kindergarten","district_name":"Yunusabad district","district_assignment":"within","osm_type":"way","osm_id":406186966,"representative_point_method":"polygon_representative_point","role":"display_only"},"geometry":{"type":"Point","coordinates":[69.3046438,41.3821019]}},{"type":"Feature","properties":{"facility_id":"ed_way_406186967","name":"532-Bolalar bogʻchasi","education_category":"kindergarten","district_name":"Yunusabad district","district_assignment":"within","osm_type":"way","osm_id":406186967,"representative_point_method":"polygon_representative_point","role":"display_only"},"geometry":{"type":"Point","coordinates":[69.2999213,41.3822268]}},{"type":"Feature","properties":{"facility_id":"ed_way_406588085","name":"554-Bolalar bogʻchasi","education_category":"kindergarten","district_name":"Yunusabad district","district_assignment":"within","osm_type":"way","osm_id":406588085,"representative_point_method":"polygon_representative_point","role":"display_only"},"geometry":{"type":"Point","coordinates":[69.3093006,41.3660217]}},{"type":"Feature","properties":{"facility_id":"ed_way_408515447","name":"Детский сад \"Навруз\"","education_category":"kindergarten","district_name":"Yakkasaray district","district_assignment":"within","osm_type":"way","osm_id":408515447,"representative_point_method":"polygon_representative_point","role":"display_only"},"geometry":{"type":"Point","coordinates":[69.2624594,41.3043946]}},{"type":"Feature","properties":{"facility_id":"ed_way_408557147","name":"Медициниский коллдеж","education_category":"college","district_name":"Yashnabad district","district_assignment":"within","osm_type":"way","osm_id":408557147,"representative_point_method":"polygon_representative_point","role":"display_only"},"geometry":{"type":"Point","coordinates":[69.3577397,41.3003782]}},{"type":"Feature","properties":{"facility_id":"ed_way_408809980","name":"maktab","education_category":"school","district_name":"Almazar district","district_assignment":"within","osm_type":"way","osm_id":408809980,"representative_point_method":"polygon_representative_point","role":"display_only"},"geometry":{"type":"Point","coordinates":[69.2502644,41.3408883]}},{"type":"Feature","properties":{"facility_id":"ed_way_408823198","name":"школа №106","education_category":"school","district_name":"Uchtepa district","district_assignment":"within","osm_type":"way","osm_id":408823198,"representative_point_method":"polygon_representative_point","role":"display_only"},"geometry":{"type":"Point","coordinates":[69.1876944,41.3249586]}},{"type":"Feature","properties":{"facility_id":"ed_way_409068059","name":"Детский сад №???","education_category":"kindergarten","district_name":"Yashnabad district","district_assignment":"within","osm_type":"way","osm_id":409068059,"representative_point_method":"polygon_representative_point","role":"display_only"},"geometry":{"type":"Point","coordinates":[69.3455503,41.2536143]}},{"type":"Feature","properties":{"facility_id":"ed_way_409253975","name":"Школа №103 им. А. П. Чехова","education_category":"school","district_name":"Chilanzar district","district_assignment":"within","osm_type":"way","osm_id":409253975,"representative_point_method":"polygon_representative_point","role":"display_only"},"geometry":{"type":"Point","coordinates":[69.2267609,41.2827201]}},{"type":"Feature","properties":{"facility_id":"ed_way_409967179","name":"№68 bolalar bog'chasi","education_category":"kindergarten","district_name":"Almazar district","district_assignment":"within","osm_type":"way","osm_id":409967179,"representative_point_method":"polygon_representative_point","role":"display_only"},"geometry":{"type":"Point","coordinates":[69.1815623,41.3626878]}},{"type":"Feature","properties":{"facility_id":"ed_way_409967180","name":"Школа №261","education_category":"school","district_name":"Almazar district","district_assignment":"within","osm_type":"way","osm_id":409967180,"representative_point_method":"polygon_representative_point","role":"display_only"},"geometry":{"type":"Point","coordinates":[69.1852267,41.352833]}},{"type":"Feature","properties":{"facility_id":"ed_way_410004092","name":"№106 bolalar bog'chasi","education_category":"kindergarten","district_name":"Almazar district","district_assignment":"within","osm_type":"way","osm_id":410004092,"representative_point_method":"polygon_representative_point","role":"display_only"},"geometry":{"type":"Point","coordinates":[69.1891788,41.3638834]}},{"type":"Feature","properties":{"facility_id":"ed_way_410004093","name":"№91 bolalar bog'chasi","education_category":"kindergarten","district_name":"Almazar district","district_assignment":"within","osm_type":"way","osm_id":410004093,"representative_point_method":"polygon_representative_point","role":"display_only"},"geometry":{"type":"Point","coordinates":[69.1934532,41.3617872]}},{"type":"Feature","properties":{"facility_id":"ed_way_410187579","name":"Semur'g","education_category":"kindergarten","district_name":"Yunusabad district","district_assignment":"within","osm_type":"way","osm_id":410187579,"representative_point_method":"polygon_representative_point","role":"display_only"},"geometry":{"type":"Point","coordinates":[69.2787824,41.3625764]}},{"type":"Feature","properties":{"facility_id":"ed_way_410187582","name":"Poxtaoy","education_category":"kindergarten","district_name":"Yunusabad district","district_assignment":"within","osm_type":"way","osm_id":410187582,"representative_point_method":"polygon_representative_point","role":"display_only"},"geometry":{"type":"Point","coordinates":[69.2802465,41.3632897]}},{"type":"Feature","properties":{"facility_id":"ed_way_410227880","name":"20-chi sonli o`rta umumiy ta`lim maktabi","education_category":"school","district_name":"Shaykhantakhur district","district_assignment":"within","osm_type":"way","osm_id":410227880,"representative_point_method":"polygon_representative_point","role":"display_only"},"geometry":{"type":"Point","coordinates":[69.2635979,41.3397351]}},{"type":"Feature","properties":{"facility_id":"ed_way_410457103","name":"Детский сад №318","education_category":"kindergarten","district_name":"Sergeli district","district_assignment":"within","osm_type":"way","osm_id":410457103,"representative_point_method":"polygon_representative_point","role":"display_only"},"geometry":{"type":"Point","coordinates":[69.2387269,41.2155425]}},{"type":"Feature","properties":{"facility_id":"ed_way_410457104","name":"Детский сад №538","education_category":"kindergarten","district_name":"Sergeli district","district_assignment":"within","osm_type":"way","osm_id":410457104,"representative_point_method":"polygon_representative_point","role":"display_only"},"geometry":{"type":"Point","coordinates":[69.2414512,41.217072]}},{"type":"Feature","properties":{"facility_id":"ed_way_410457105","name":"Детский сад №552","education_category":"kindergarten","district_name":"Sergeli district","district_assignment":"within","osm_type":"way","osm_id":410457105,"representative_point_method":"polygon_representative_point","role":"display_only"},"geometry":{"type":"Point","coordinates":[69.2395764,41.2151028]}},{"type":"Feature","properties":{"facility_id":"ed_way_412602136","name":"205-maktab","education_category":"school","district_name":"Mirzo Ulugbek district","district_assignment":"within","osm_type":"way","osm_id":412602136,"representative_point_method":"polygon_representative_point","role":"display_only"},"geometry":{"type":"Point","coordinates":[69.3687895,41.3575625]}},{"type":"Feature","properties":{"facility_id":"ed_way_415200177","name":"№600 Oltin baliqcha","education_category":"kindergarten","district_name":"Sergeli district","district_assignment":"within","osm_type":"way","osm_id":415200177,"representative_point_method":"polygon_representative_point","role":"display_only"},"geometry":{"type":"Point","coordinates":[69.2647031,41.2159219]}},{"type":"Feature","properties":{"facility_id":"ed_way_415728758","name":"Детский сад №567 \"MALIKA-NUR\"","education_category":"kindergarten","district_name":"Shaykhantakhur district","district_assignment":"within","osm_type":"way","osm_id":415728758,"representative_point_method":"polygon_representative_point","role":"display_only"},"geometry":{"type":"Point","coordinates":[69.2354222,41.3129194]}},{"type":"Feature","properties":{"facility_id":"ed_way_416990338","name":"Little Tots Academy","education_category":"kindergarten","district_name":"Yunusabad district","district_assignment":"within","osm_type":"way","osm_id":416990338,"representative_point_method":"polygon_representative_point","role":"display_only"},"geometry":{"type":"Point","coordinates":[69.2955285,41.3669305]}},{"type":"Feature","properties":{"facility_id":"ed_way_417170556","name":"Музыкальная школа №21","education_category":"school","district_name":"Sergeli district","district_assignment":"within","osm_type":"way","osm_id":417170556,"representative_point_method":"polygon_representative_point","role":"display_only"},"geometry":{"type":"Point","coordinates":[69.2287926,41.2150295]}},{"type":"Feature","properties":{"facility_id":"ed_way_417204015","name":"578","education_category":"kindergarten","district_name":"Bektemir district","district_assignment":"within","osm_type":"way","osm_id":417204015,"representative_point_method":"polygon_representative_point","role":"display_only"},"geometry":{"type":"Point","coordinates":[69.3743015,41.2523832]}},{"type":"Feature","properties":{"facility_id":"ed_way_417204019","name":"580","education_category":"kindergarten","district_name":"Bektemir district","district_assignment":"within","osm_type":"way","osm_id":417204019,"representative_point_method":"polygon_representative_point","role":"display_only"},"geometry":{"type":"Point","coordinates":[69.3782998,41.2542555]}},{"type":"Feature","properties":{"facility_id":"ed_way_417204024","name":"Республиканский профессиональный колледж телевидения и радио","education_category":"college","district_name":"Bektemir district","district_assignment":"within","osm_type":"way","osm_id":417204024,"representative_point_method":"polygon_representative_point","role":"display_only"},"geometry":{"type":"Point","coordinates":[69.3759496,41.2471921]}},{"type":"Feature","properties":{"facility_id":"ed_way_417204027","name":"Akademik litsey","education_category":"college","district_name":"Bektemir district","district_assignment":"within","osm_type":"way","osm_id":417204027,"representative_point_method":"polygon_representative_point","role":"display_only"},"geometry":{"type":"Point","coordinates":[69.3812363,41.2536309]}},{"type":"Feature","properties":{"facility_id":"ed_way_417204030","name":"Yuqorichirchiq tumani 23-maktab","education_category":"school","district_name":null,"district_assignment":"outside_analysis_districts","osm_type":"way","osm_id":417204030,"representative_point_method":"polygon_representative_point","role":"display_only"},"geometry":{"type":"Point","coordinates":[69.3669904,41.2248588]}},{"type":"Feature","properties":{"facility_id":"ed_way_417232942","name":"Детский сад №197","education_category":"kindergarten","district_name":"Shaykhantakhur district","district_assignment":"within","osm_type":"way","osm_id":417232942,"representative_point_method":"polygon_representative_point","role":"display_only"},"geometry":{"type":"Point","coordinates":[69.1680028,41.3347517]}},{"type":"Feature","properties":{"facility_id":"ed_way_417808560","name":"Мирзо Улугбекский Транспортный профессиональный колледж","education_category":"college","district_name":"Mirzo Ulugbek district","district_assignment":"within","osm_type":"way","osm_id":417808560,"representative_point_method":"polygon_representative_point","role":"display_only"},"geometry":{"type":"Point","coordinates":[69.3078146,41.3304069]}},{"type":"Feature","properties":{"facility_id":"ed_way_418253278","name":"51-maktab","education_category":"school","district_name":"Yunusabad district","district_assignment":"within","osm_type":"way","osm_id":418253278,"representative_point_method":"polygon_representative_point","role":"display_only"},"geometry":{"type":"Point","coordinates":[69.2876718,41.3295817]}},{"type":"Feature","properties":{"facility_id":"ed_way_418253279","name":"Юнусабадский академический лицей при Ташкентском институте ирригации и мелиорации","education_category":"school","district_name":"Yunusabad district","district_assignment":"within","osm_type":"way","osm_id":418253279,"representative_point_method":"polygon_representative_point","role":"display_only"},"geometry":{"type":"Point","coordinates":[69.2894191,41.3296005]}},{"type":"Feature","properties":{"facility_id":"ed_way_418458220","name":"585-bolalar bog'chasi","education_category":"kindergarten","district_name":"Chilanzar district","district_assignment":"within","osm_type":"way","osm_id":418458220,"representative_point_method":"polygon_representative_point","role":"display_only"},"geometry":{"type":"Point","coordinates":[69.1638459,41.2635371]}},{"type":"Feature","properties":{"facility_id":"ed_way_418886540","name":"Genesis education","education_category":"school","district_name":"Yakkasaray district","district_assignment":"within","osm_type":"way","osm_id":418886540,"representative_point_method":"polygon_representative_point","role":"display_only"},"geometry":{"type":"Point","coordinates":[69.264885,41.2738884]}},{"type":"Feature","properties":{"facility_id":"ed_way_418887411","name":"Детский сад №382","education_category":"kindergarten","district_name":"Mirzo Ulugbek district","district_assignment":"within","osm_type":"way","osm_id":418887411,"representative_point_method":"polygon_representative_point","role":"display_only"},"geometry":{"type":"Point","coordinates":[69.3851196,41.3493239]}},{"type":"Feature","properties":{"facility_id":"ed_way_418898711","name":"VOSIQ International School and Kindergarten","education_category":"kindergarten","district_name":"Chilanzar district","district_assignment":"within","osm_type":"way","osm_id":418898711,"representative_point_method":"polygon_representative_point","role":"display_only"},"geometry":{"type":"Point","coordinates":[69.2053753,41.2655691]}},{"type":"Feature","properties":{"facility_id":"ed_way_419666974","name":"Детский сад","education_category":"kindergarten","district_name":"Yashnabad district","district_assignment":"within","osm_type":"way","osm_id":419666974,"representative_point_method":"polygon_representative_point","role":"display_only"},"geometry":{"type":"Point","coordinates":[69.3467554,41.2968433]}},{"type":"Feature","properties":{"facility_id":"ed_way_419666975","name":null,"education_category":"kindergarten","district_name":"Yashnabad district","district_assignment":"within","osm_type":"way","osm_id":419666975,"representative_point_method":"polygon_representative_point","role":"display_only"},"geometry":{"type":"Point","coordinates":[69.3486541,41.2955828]}},{"type":"Feature","properties":{"facility_id":"ed_way_420245073","name":"Dip-Nihol","education_category":"kindergarten","district_name":"Shaykhantakhur district","district_assignment":"within","osm_type":"way","osm_id":420245073,"representative_point_method":"polygon_representative_point","role":"display_only"},"geometry":{"type":"Point","coordinates":[69.218415,41.3307395]}},{"type":"Feature","properties":{"facility_id":"ed_way_420245074","name":"243-Bolalar Bog'chasi","education_category":"kindergarten","district_name":"Shaykhantakhur district","district_assignment":"within","osm_type":"way","osm_id":420245074,"representative_point_method":"polygon_representative_point","role":"display_only"},"geometry":{"type":"Point","coordinates":[69.2179697,41.328808]}},{"type":"Feature","properties":{"facility_id":"ed_way_420283595","name":"Детский сад №168","education_category":"kindergarten","district_name":"Almazar district","district_assignment":"within","osm_type":"way","osm_id":420283595,"representative_point_method":"polygon_representative_point","role":"display_only"},"geometry":{"type":"Point","coordinates":[69.2252156,41.3322087]}},{"type":"Feature","properties":{"facility_id":"ed_way_420460161","name":"521","education_category":"kindergarten","district_name":"Mirabad district","district_assignment":"within","osm_type":"way","osm_id":420460161,"representative_point_method":"polygon_representative_point","role":"display_only"},"geometry":{"type":"Point","coordinates":[69.3229325,41.2445914]}},{"type":"Feature","properties":{"facility_id":"ed_way_420460162","name":"213-maktab","education_category":"school","district_name":"Mirabad district","district_assignment":"within","osm_type":"way","osm_id":420460162,"representative_point_method":"polygon_representative_point","role":"display_only"},"geometry":{"type":"Point","coordinates":[69.32476,41.2429794]}},{"type":"Feature","properties":{"facility_id":"ed_way_420487711","name":"№534 bolalar bog'chasi","education_category":"kindergarten","district_name":"Chilanzar district","district_assignment":"within","osm_type":"way","osm_id":420487711,"representative_point_method":"polygon_representative_point","role":"display_only"},"geometry":{"type":"Point","coordinates":[69.2458949,41.3090877]}},{"type":"Feature","properties":{"facility_id":"ed_way_420761799","name":"школа №109","education_category":"school","district_name":"Uchtepa district","district_assignment":"within","osm_type":"way","osm_id":420761799,"representative_point_method":"polygon_representative_point","role":"display_only"},"geometry":{"type":"Point","coordinates":[69.1708743,41.324524]}},{"type":"Feature","properties":{"facility_id":"ed_way_420997232","name":"Детский сад №358","education_category":"kindergarten","district_name":"Yakkasaray district","district_assignment":"within","osm_type":"way","osm_id":420997232,"representative_point_method":"polygon_representative_point","role":"display_only"},"geometry":{"type":"Point","coordinates":[69.2410075,41.2679201]}},{"type":"Feature","properties":{"facility_id":"ed_way_421076562","name":"Школа №316","education_category":"school","district_name":"Shaykhantakhur district","district_assignment":"within","osm_type":"way","osm_id":421076562,"representative_point_method":"polygon_representative_point","role":"display_only"},"geometry":{"type":"Point","coordinates":[69.1691072,41.3422367]}},{"type":"Feature","properties":{"facility_id":"ed_way_421269853","name":"Детский сад №46","education_category":"kindergarten","district_name":"Sergeli district","district_assignment":"within","osm_type":"way","osm_id":421269853,"representative_point_method":"polygon_representative_point","role":"display_only"},"geometry":{"type":"Point","coordinates":[69.2354019,41.2127754]}},{"type":"Feature","properties":{"facility_id":"ed_way_421270941","name":"Детский сад №236","education_category":"kindergarten","district_name":"Sergeli district","district_assignment":"within","osm_type":"way","osm_id":421270941,"representative_point_method":"polygon_representative_point","role":"display_only"},"geometry":{"type":"Point","coordinates":[69.2244563,41.2090983]}},{"type":"Feature","properties":{"facility_id":"ed_way_421270944","name":"Школа № 6","education_category":"school","district_name":"Sergeli district","district_assignment":"within","osm_type":"way","osm_id":421270944,"representative_point_method":"polygon_representative_point","role":"display_only"},"geometry":{"type":"Point","coordinates":[69.2240269,41.210076]}},{"type":"Feature","properties":{"facility_id":"ed_way_421273397","name":"Детсад №292","education_category":"kindergarten","district_name":"Sergeli district","district_assignment":"within","osm_type":"way","osm_id":421273397,"representative_point_method":"polygon_representative_point","role":"display_only"},"geometry":{"type":"Point","coordinates":[69.2273409,41.210705]}},{"type":"Feature","properties":{"facility_id":"ed_way_422331372","name":"300-maktab","education_category":"school","district_name":"Sergeli district","district_assignment":"within","osm_type":"way","osm_id":422331372,"representative_point_method":"polygon_representative_point","role":"display_only"},"geometry":{"type":"Point","coordinates":[69.2140589,41.2216997]}},{"type":"Feature","properties":{"facility_id":"ed_way_422589601","name":"100-maktab","education_category":"school","district_name":"Yakkasaray district","district_assignment":"within","osm_type":"way","osm_id":422589601,"representative_point_method":"polygon_representative_point","role":"display_only"},"geometry":{"type":"Point","coordinates":[69.2303097,41.2736723]}},{"type":"Feature","properties":{"facility_id":"ed_way_422603109","name":"Детский сад №78 \"Асалбону\"","education_category":"kindergarten","district_name":"Almazar district","district_assignment":"within","osm_type":"way","osm_id":422603109,"representative_point_method":"polygon_representative_point","role":"display_only"},"geometry":{"type":"Point","coordinates":[69.207049,41.3413993]}},{"type":"Feature","properties":{"facility_id":"ed_way_422603110","name":"Школа №243","education_category":"school","district_name":"Almazar district","district_assignment":"within","osm_type":"way","osm_id":422603110,"representative_point_method":"polygon_representative_point","role":"display_only"},"geometry":{"type":"Point","coordinates":[69.2074923,41.3422822]}},{"type":"Feature","properties":{"facility_id":"ed_way_423054192","name":"Детский сад №456","education_category":"kindergarten","district_name":"Shaykhantakhur district","district_assignment":"within","osm_type":"way","osm_id":423054192,"representative_point_method":"polygon_representative_point","role":"display_only"},"geometry":{"type":"Point","coordinates":[69.200482,41.334473]}},{"type":"Feature","properties":{"facility_id":"ed_way_423054193","name":"Детский сад №468","education_category":"kindergarten","district_name":"Shaykhantakhur district","district_assignment":"within","osm_type":"way","osm_id":423054193,"representative_point_method":"polygon_representative_point","role":"display_only"},"geometry":{"type":"Point","coordinates":[69.2050258,41.3381823]}},{"type":"Feature","properties":{"facility_id":"ed_way_423054194","name":"Школа №92","education_category":"school","district_name":"Shaykhantakhur district","district_assignment":"within","osm_type":"way","osm_id":423054194,"representative_point_method":"polygon_representative_point","role":"display_only"},"geometry":{"type":"Point","coordinates":[69.2052216,41.3337478]}},{"type":"Feature","properties":{"facility_id":"ed_way_423391856","name":"Колледж легкой промышленности","education_category":"college","district_name":"Almazar district","district_assignment":"within","osm_type":"way","osm_id":423391856,"representative_point_method":"polygon_representative_point","role":"display_only"},"geometry":{"type":"Point","coordinates":[69.2534323,41.3377713]}},{"type":"Feature","properties":{"facility_id":"ed_way_423415439","name":"Детский сад №367","education_category":"kindergarten","district_name":"Mirzo Ulugbek district","district_assignment":"within","osm_type":"way","osm_id":423415439,"representative_point_method":"polygon_representative_point","role":"display_only"},"geometry":{"type":"Point","coordinates":[69.3484767,41.3515601]}},{"type":"Feature","properties":{"facility_id":"ed_way_423415440","name":"Детский сад №437 Зайчик","education_category":"kindergarten","district_name":"Mirzo Ulugbek district","district_assignment":"within","osm_type":"way","osm_id":423415440,"representative_point_method":"polygon_representative_point","role":"display_only"},"geometry":{"type":"Point","coordinates":[69.3499065,41.3461976]}},{"type":"Feature","properties":{"facility_id":"ed_way_424996222","name":"Дестский сад № 316 \"Калдиргоч\"","education_category":"kindergarten","district_name":"Chilanzar district","district_assignment":"within","osm_type":"way","osm_id":424996222,"representative_point_method":"polygon_representative_point","role":"display_only"},"geometry":{"type":"Point","coordinates":[69.2016995,41.2792193]}},{"type":"Feature","properties":{"facility_id":"ed_way_425312209","name":"Детсад №190","education_category":"kindergarten","district_name":"Almazar district","district_assignment":"within","osm_type":"way","osm_id":425312209,"representative_point_method":"polygon_representative_point","role":"display_only"},"geometry":{"type":"Point","coordinates":[69.2493077,41.3325816]}},{"type":"Feature","properties":{"facility_id":"ed_way_425312221","name":"Gulg`unchalar Gulshani 551-chi sonli bolalar bog`chasi","education_category":"kindergarten","district_name":"Almazar district","district_assignment":"within","osm_type":"way","osm_id":425312221,"representative_point_method":"polygon_representative_point","role":"display_only"},"geometry":{"type":"Point","coordinates":[69.2486966,41.3345152]}},{"type":"Feature","properties":{"facility_id":"ed_way_425974427","name":"Sport maktabi","education_category":"school","district_name":"Mirabad district","district_assignment":"within","osm_type":"way","osm_id":425974427,"representative_point_method":"polygon_representative_point","role":"display_only"},"geometry":{"type":"Point","coordinates":[69.3108581,41.249064]}},{"type":"Feature","properties":{"facility_id":"ed_way_427981056","name":"10-chi sonli o`rta umumiy ta`lim maktabi","education_category":"school","district_name":"Shaykhantakhur district","district_assignment":"within","osm_type":"way","osm_id":427981056,"representative_point_method":"polygon_representative_point","role":"display_only"},"geometry":{"type":"Point","coordinates":[69.2628721,41.3326526]}},{"type":"Feature","properties":{"facility_id":"ed_way_428379561","name":"Oziq-ovqat sanoati kolleji","education_category":"college","district_name":"Yashnabad district","district_assignment":"within","osm_type":"way","osm_id":428379561,"representative_point_method":"polygon_representative_point","role":"display_only"},"geometry":{"type":"Point","coordinates":[69.3082103,41.3028896]}},{"type":"Feature","properties":{"facility_id":"ed_way_428379562","name":"7-musiqa maktabi","education_category":"school","district_name":"Yashnabad district","district_assignment":"within","osm_type":"way","osm_id":428379562,"representative_point_method":"polygon_representative_point","role":"display_only"},"geometry":{"type":"Point","coordinates":[69.3072645,41.3029218]}},{"type":"Feature","properties":{"facility_id":"ed_way_430856825","name":"Детсад №193","education_category":"kindergarten","district_name":"Mirzo Ulugbek district","district_assignment":"within","osm_type":"way","osm_id":430856825,"representative_point_method":"polygon_representative_point","role":"display_only"},"geometry":{"type":"Point","coordinates":[69.3539712,41.3174121]}},{"type":"Feature","properties":{"facility_id":"ed_way_430856826","name":"№519 bolalar bog'chasi","education_category":"kindergarten","district_name":"Yashnabad district","district_assignment":"within","osm_type":"way","osm_id":430856826,"representative_point_method":"polygon_representative_point","role":"display_only"},"geometry":{"type":"Point","coordinates":[69.3575312,41.2876466]}},{"type":"Feature","properties":{"facility_id":"ed_way_432174140","name":"Детский Сад №570","education_category":"kindergarten","district_name":"Bektemir district","district_assignment":"within","osm_type":"way","osm_id":432174140,"representative_point_method":"polygon_representative_point","role":"display_only"},"geometry":{"type":"Point","coordinates":[69.3283299,41.2241892]}},{"type":"Feature","properties":{"facility_id":"ed_way_432724537","name":"107","education_category":"kindergarten","district_name":"Almazar district","district_assignment":"within","osm_type":"way","osm_id":432724537,"representative_point_method":"polygon_representative_point","role":"display_only"},"geometry":{"type":"Point","coordinates":[69.200679,41.3654398]}},{"type":"Feature","properties":{"facility_id":"ed_way_432724538","name":"№299 bolalar bog'chasi","education_category":"kindergarten","district_name":"Almazar district","district_assignment":"within","osm_type":"way","osm_id":432724538,"representative_point_method":"polygon_representative_point","role":"display_only"},"geometry":{"type":"Point","coordinates":[69.2000963,41.3690095]}},{"type":"Feature","properties":{"facility_id":"ed_way_435143657","name":"№417 bolalar bog'chasi","education_category":"kindergarten","district_name":"Yunusabad district","district_assignment":"within","osm_type":"way","osm_id":435143657,"representative_point_method":"polygon_representative_point","role":"display_only"},"geometry":{"type":"Point","coordinates":[69.2804562,41.3247948]}},{"type":"Feature","properties":{"facility_id":"ed_way_435641756","name":"Детский сад №556","education_category":"kindergarten","district_name":"Mirzo Ulugbek district","district_assignment":"within","osm_type":"way","osm_id":435641756,"representative_point_method":"polygon_representative_point","role":"display_only"},"geometry":{"type":"Point","coordinates":[69.3010145,41.3261537]}},{"type":"Feature","properties":{"facility_id":"ed_way_435812246","name":"Детский сад №173","education_category":"kindergarten","district_name":"Yunusabad district","district_assignment":"within","osm_type":"way","osm_id":435812246,"representative_point_method":"polygon_representative_point","role":"display_only"},"geometry":{"type":"Point","coordinates":[69.3192439,41.3707802]}},{"type":"Feature","properties":{"facility_id":"ed_way_437402506","name":"14-maktab","education_category":"school","district_name":"Uchtepa district","district_assignment":"within","osm_type":"way","osm_id":437402506,"representative_point_method":"polygon_representative_point","role":"display_only"},"geometry":{"type":"Point","coordinates":[69.1594969,41.2910916]}},{"type":"Feature","properties":{"facility_id":"ed_way_437402507","name":"38-maktab \"Orom\"","education_category":"school","district_name":"Uchtepa district","district_assignment":"within","osm_type":"way","osm_id":437402507,"representative_point_method":"polygon_representative_point","role":"display_only"},"geometry":{"type":"Point","coordinates":[69.1746702,41.3151503]}},{"type":"Feature","properties":{"facility_id":"ed_way_437531804","name":"485-bolalar bog'chasi","education_category":"kindergarten","district_name":"Yunusabad district","district_assignment":"within","osm_type":"way","osm_id":437531804,"representative_point_method":"polygon_representative_point","role":"display_only"},"geometry":{"type":"Point","coordinates":[69.2969886,41.3706983]}},{"type":"Feature","properties":{"facility_id":"ed_way_437531805","name":"438-Bolalar bogʻchasi","education_category":"kindergarten","district_name":"Yunusabad district","district_assignment":"within","osm_type":"way","osm_id":437531805,"representative_point_method":"polygon_representative_point","role":"display_only"},"geometry":{"type":"Point","coordinates":[69.305955,41.3714641]}},{"type":"Feature","properties":{"facility_id":"ed_way_437531806","name":"524-Bolalar bogʻchasi","education_category":"kindergarten","district_name":"Yunusabad district","district_assignment":"within","osm_type":"way","osm_id":437531806,"representative_point_method":"polygon_representative_point","role":"display_only"},"geometry":{"type":"Point","coordinates":[69.2991115,41.3656865]}},{"type":"Feature","properties":{"facility_id":"ed_way_437531807","name":"501-Bolalar bogʻchasi","education_category":"kindergarten","district_name":"Yunusabad district","district_assignment":"within","osm_type":"way","osm_id":437531807,"representative_point_method":"polygon_representative_point","role":"display_only"},"geometry":{"type":"Point","coordinates":[69.2968621,41.3688293]}},{"type":"Feature","properties":{"facility_id":"ed_way_437531808","name":"500-Bolalar Bog'chasi Dyuymovochka","education_category":"kindergarten","district_name":"Yunusabad district","district_assignment":"within","osm_type":"way","osm_id":437531808,"representative_point_method":"polygon_representative_point","role":"display_only"},"geometry":{"type":"Point","coordinates":[69.3011377,41.371301]}},{"type":"Feature","properties":{"facility_id":"ed_way_437556989","name":"етский сад №564 \"Золотая рыбка\"","education_category":"kindergarten","district_name":"Sergeli district","district_assignment":"within","osm_type":"way","osm_id":437556989,"representative_point_method":"polygon_representative_point","role":"display_only"},"geometry":{"type":"Point","coordinates":[69.299846,41.2516376]}},{"type":"Feature","properties":{"facility_id":"ed_way_437556991","name":"Sergeli tuman 1-son texnikumi","education_category":"college","district_name":"Sergeli district","district_assignment":"within","osm_type":"way","osm_id":437556991,"representative_point_method":"polygon_representative_point","role":"display_only"},"geometry":{"type":"Point","coordinates":[69.2981019,41.2520054]}},{"type":"Feature","properties":{"facility_id":"ed_way_437981067","name":"Muhammad al-Xorazmiy nomidagi Toshkent Axborot Texnologiyalari Universiteti akademik litseyi","education_category":"school","district_name":"Yunusabad district","district_assignment":"within","osm_type":"way","osm_id":437981067,"representative_point_method":"polygon_representative_point","role":"display_only"},"geometry":{"type":"Point","coordinates":[69.2967509,41.3397696]}},{"type":"Feature","properties":{"facility_id":"ed_way_438274616","name":"368","education_category":"kindergarten","district_name":"Shaykhantakhur district","district_assignment":"within","osm_type":"way","osm_id":438274616,"representative_point_method":"polygon_representative_point","role":"display_only"},"geometry":{"type":"Point","coordinates":[69.2021931,41.313209]}},{"type":"Feature","properties":{"facility_id":"ed_way_439647795","name":"329-bolalar bog'chasi","education_category":"kindergarten","district_name":"Yashnabad district","district_assignment":"within","osm_type":"way","osm_id":439647795,"representative_point_method":"polygon_representative_point","role":"display_only"},"geometry":{"type":"Point","coordinates":[69.3446223,41.2871313]}},{"type":"Feature","properties":{"facility_id":"ed_way_439884119","name":"114 maktab","education_category":"school","district_name":"Chilanzar district","district_assignment":"within","osm_type":"way","osm_id":439884119,"representative_point_method":"polygon_representative_point","role":"display_only"},"geometry":{"type":"Point","coordinates":[69.193715,41.2635734]}},{"type":"Feature","properties":{"facility_id":"ed_way_439973989","name":"Детский сад №113","education_category":"kindergarten","district_name":"Mirzo Ulugbek district","district_assignment":"within","osm_type":"way","osm_id":439973989,"representative_point_method":"polygon_representative_point","role":"display_only"},"geometry":{"type":"Point","coordinates":[69.384556,41.3464077]}},{"type":"Feature","properties":{"facility_id":"ed_way_439973990","name":"217-sonli Bolalar Bogʻchasi","education_category":"kindergarten","district_name":"Uchtepa district","district_assignment":"within","osm_type":"way","osm_id":439973990,"representative_point_method":"polygon_representative_point","role":"display_only"},"geometry":{"type":"Point","coordinates":[69.1595915,41.3042361]}},{"type":"Feature","properties":{"facility_id":"ed_way_440008339","name":"Детский сад №24","education_category":"kindergarten","district_name":"Chilanzar district","district_assignment":"within","osm_type":"way","osm_id":440008339,"representative_point_method":"polygon_representative_point","role":"display_only"},"geometry":{"type":"Point","coordinates":[69.2265455,41.2925137]}},{"type":"Feature","properties":{"facility_id":"ed_way_440447136","name":"Детский сад №44 Buloqcha","education_category":"kindergarten","district_name":"Mirzo Ulugbek district","district_assignment":"within","osm_type":"way","osm_id":440447136,"representative_point_method":"polygon_representative_point","role":"display_only"},"geometry":{"type":"Point","coordinates":[69.3848625,41.3402205]}},{"type":"Feature","properties":{"facility_id":"ed_way_440960555","name":"Nihol","education_category":"kindergarten","district_name":"Yunusabad district","district_assignment":"within","osm_type":"way","osm_id":440960555,"representative_point_method":"polygon_representative_point","role":"display_only"},"geometry":{"type":"Point","coordinates":[69.2954275,41.3630675]}},{"type":"Feature","properties":{"facility_id":"ed_way_441107296","name":"Детский сад №303 Алёнушка","education_category":"kindergarten","district_name":"Yashnabad district","district_assignment":"within","osm_type":"way","osm_id":441107296,"representative_point_method":"polygon_representative_point","role":"display_only"},"geometry":{"type":"Point","coordinates":[69.3423323,41.2901302]}},{"type":"Feature","properties":{"facility_id":"ed_way_441554713","name":"Школа №179","education_category":"school","district_name":"Chilanzar district","district_assignment":"within","osm_type":"way","osm_id":441554713,"representative_point_method":"polygon_representative_point","role":"display_only"},"geometry":{"type":"Point","coordinates":[69.2080022,41.2956206]}},{"type":"Feature","properties":{"facility_id":"ed_way_441558443","name":"Hilola","education_category":"kindergarten","district_name":"Yunusabad district","district_assignment":"within","osm_type":"way","osm_id":441558443,"representative_point_method":"polygon_representative_point","role":"display_only"},"geometry":{"type":"Point","coordinates":[69.2873949,41.3610446]}},{"type":"Feature","properties":{"facility_id":"ed_way_442002277","name":"Школа №304","education_category":"school","district_name":"Yangikhayot district","district_assignment":"within","osm_type":"way","osm_id":442002277,"representative_point_method":"polygon_representative_point","role":"display_only"},"geometry":{"type":"Point","coordinates":[69.2117732,41.1947914]}},{"type":"Feature","properties":{"facility_id":"ed_way_442700818","name":"Журавлёнок","education_category":"kindergarten","district_name":"Yakkasaray district","district_assignment":"within","osm_type":"way","osm_id":442700818,"representative_point_method":"polygon_representative_point","role":"display_only"},"geometry":{"type":"Point","coordinates":[69.2541871,41.2821299]}},{"type":"Feature","properties":{"facility_id":"ed_way_443552482","name":"Детский сад №43 Tabassum","education_category":"kindergarten","district_name":"Mirzo Ulugbek district","district_assignment":"within","osm_type":"way","osm_id":443552482,"representative_point_method":"polygon_representative_point","role":"display_only"},"geometry":{"type":"Point","coordinates":[69.3888424,41.3395706]}},{"type":"Feature","properties":{"facility_id":"ed_way_443593088","name":null,"education_category":"kindergarten","district_name":"Mirzo Ulugbek district","district_assignment":"within","osm_type":"way","osm_id":443593088,"representative_point_method":"polygon_representative_point","role":"display_only"},"geometry":{"type":"Point","coordinates":[69.3603173,41.3388054]}},{"type":"Feature","properties":{"facility_id":"ed_way_443595491","name":"Специализированная школа-интернат №101","education_category":"school","district_name":"Mirzo Ulugbek district","district_assignment":"within","osm_type":"way","osm_id":443595491,"representative_point_method":"polygon_representative_point","role":"display_only"},"geometry":{"type":"Point","coordinates":[69.3524034,41.3362586]}},{"type":"Feature","properties":{"facility_id":"ed_way_443750598","name":"№304 bolalar bog'chasi","education_category":"kindergarten","district_name":"Yunusabad district","district_assignment":"within","osm_type":"way","osm_id":443750598,"representative_point_method":"polygon_representative_point","role":"display_only"},"geometry":{"type":"Point","coordinates":[69.3337282,41.3528486]}},{"type":"Feature","properties":{"facility_id":"ed_way_443750599","name":"O’zbekiston milliy pedagogika universiteti Tabiiy fanlar fakulteti","education_category":"college","district_name":"Chilanzar district","district_assignment":"within","osm_type":"way","osm_id":443750599,"representative_point_method":"polygon_representative_point","role":"display_only"},"geometry":{"type":"Point","coordinates":[69.1888015,41.2708372]}},{"type":"Feature","properties":{"facility_id":"ed_way_443750600","name":"98-maktab","education_category":"school","district_name":"Yunusabad district","district_assignment":"within","osm_type":"way","osm_id":443750600,"representative_point_method":"polygon_representative_point","role":"display_only"},"geometry":{"type":"Point","coordinates":[69.3349229,41.3535739]}},{"type":"Feature","properties":{"facility_id":"ed_way_444125202","name":"240-bolalar bog'chasi Durdona","education_category":"kindergarten","district_name":"Yashnabad district","district_assignment":"within","osm_type":"way","osm_id":444125202,"representative_point_method":"polygon_representative_point","role":"display_only"},"geometry":{"type":"Point","coordinates":[69.3393206,41.2859947]}},{"type":"Feature","properties":{"facility_id":"ed_way_444854003","name":"281-maktab","education_category":"school","district_name":"Chilanzar district","district_assignment":"within","osm_type":"way","osm_id":444854003,"representative_point_method":"polygon_representative_point","role":"display_only"},"geometry":{"type":"Point","coordinates":[69.1653763,41.2674356]}},{"type":"Feature","properties":{"facility_id":"ed_way_444857580","name":"Школа №233","education_category":"school","district_name":"Almazar district","district_assignment":"within","osm_type":"way","osm_id":444857580,"representative_point_method":"polygon_representative_point","role":"display_only"},"geometry":{"type":"Point","coordinates":[69.2335063,41.357631]}},{"type":"Feature","properties":{"facility_id":"ed_way_444998603","name":"№244 bolalar bog'chasi","education_category":"kindergarten","district_name":"Uchtepa district","district_assignment":"within","osm_type":"way","osm_id":444998603,"representative_point_method":"polygon_representative_point","role":"display_only"},"geometry":{"type":"Point","coordinates":[69.1897529,41.2967763]}},{"type":"Feature","properties":{"facility_id":"ed_way_444998604","name":"Toshkent mehmonxona xo`jaligi va servis kasb-hunar kolleji","education_category":"college","district_name":"Shaykhantakhur district","district_assignment":"within","osm_type":"way","osm_id":444998604,"representative_point_method":"polygon_representative_point","role":"display_only"},"geometry":{"type":"Point","coordinates":[69.2146467,41.3050355]}},{"type":"Feature","properties":{"facility_id":"ed_way_445028232","name":"Школа №85","education_category":"school","district_name":"Shaykhantakhur district","district_assignment":"within","osm_type":"way","osm_id":445028232,"representative_point_method":"polygon_representative_point","role":"display_only"},"geometry":{"type":"Point","coordinates":[69.2274406,41.3133563]}},{"type":"Feature","properties":{"facility_id":"ed_way_445152868","name":"№306 bolalar bog'chasi","education_category":"kindergarten","district_name":"Yashnabad district","district_assignment":"within","osm_type":"way","osm_id":445152868,"representative_point_method":"polygon_representative_point","role":"display_only"},"geometry":{"type":"Point","coordinates":[69.3532199,41.2866878]}},{"type":"Feature","properties":{"facility_id":"ed_way_445152869","name":"№86 bolalar bog'chasi","education_category":"kindergarten","district_name":"Yashnabad district","district_assignment":"within","osm_type":"way","osm_id":445152869,"representative_point_method":"polygon_representative_point","role":"display_only"},"geometry":{"type":"Point","coordinates":[69.3522944,41.2874086]}},{"type":"Feature","properties":{"facility_id":"ed_way_445314156","name":null,"education_category":"kindergarten","district_name":"Shaykhantakhur district","district_assignment":"within","osm_type":"way","osm_id":445314156,"representative_point_method":"polygon_representative_point","role":"display_only"},"geometry":{"type":"Point","coordinates":[69.235524,41.3065316]}},{"type":"Feature","properties":{"facility_id":"ed_way_445686129","name":"Детский сад №459","education_category":"kindergarten","district_name":"Yangikhayot district","district_assignment":"within","osm_type":"way","osm_id":445686129,"representative_point_method":"polygon_representative_point","role":"display_only"},"geometry":{"type":"Point","coordinates":[69.2302905,41.2050719]}},{"type":"Feature","properties":{"facility_id":"ed_way_445686130","name":"Политехнический колледж","education_category":"college","district_name":"Yangikhayot district","district_assignment":"within","osm_type":"way","osm_id":445686130,"representative_point_method":"polygon_representative_point","role":"display_only"},"geometry":{"type":"Point","coordinates":[69.2316618,41.2082339]}},{"type":"Feature","properties":{"facility_id":"ed_way_445686131","name":"логопедический сад","education_category":"kindergarten","district_name":"Yangikhayot district","district_assignment":"within","osm_type":"way","osm_id":445686131,"representative_point_method":"polygon_representative_point","role":"display_only"},"geometry":{"type":"Point","coordinates":[69.2268717,41.2037784]}},{"type":"Feature","properties":{"facility_id":"ed_way_446034934","name":"Детский сад №79","education_category":"kindergarten","district_name":"Yashnabad district","district_assignment":"within","osm_type":"way","osm_id":446034934,"representative_point_method":"polygon_representative_point","role":"display_only"},"geometry":{"type":"Point","coordinates":[69.3134888,41.2769012]}},{"type":"Feature","properties":{"facility_id":"ed_way_446106961","name":"№455 bolalar bog'chasi","education_category":"kindergarten","district_name":"Uchtepa district","district_assignment":"within","osm_type":"way","osm_id":446106961,"representative_point_method":"polygon_representative_point","role":"display_only"},"geometry":{"type":"Point","coordinates":[69.1744636,41.2924991]}},{"type":"Feature","properties":{"facility_id":"ed_way_446106962","name":"№465 bolalar bog'chasi","education_category":"kindergarten","district_name":"Uchtepa district","district_assignment":"within","osm_type":"way","osm_id":446106962,"representative_point_method":"polygon_representative_point","role":"display_only"},"geometry":{"type":"Point","coordinates":[69.1755656,41.2930986]}},{"type":"Feature","properties":{"facility_id":"ed_way_446106964","name":"238-maktab","education_category":"school","district_name":"Uchtepa district","district_assignment":"within","osm_type":"way","osm_id":446106964,"representative_point_method":"polygon_representative_point","role":"display_only"},"geometry":{"type":"Point","coordinates":[69.1723032,41.291996]}},{"type":"Feature","properties":{"facility_id":"ed_way_447190668","name":"Детский сад №504 Камалак","education_category":"kindergarten","district_name":"Mirzo Ulugbek district","district_assignment":"within","osm_type":"way","osm_id":447190668,"representative_point_method":"polygon_representative_point","role":"display_only"},"geometry":{"type":"Point","coordinates":[69.382901,41.3529809]}},{"type":"Feature","properties":{"facility_id":"ed_way_448758869","name":null,"education_category":"kindergarten","district_name":"Mirzo Ulugbek district","district_assignment":"within","osm_type":"way","osm_id":448758869,"representative_point_method":"polygon_representative_point","role":"display_only"},"geometry":{"type":"Point","coordinates":[69.3393702,41.3530813]}},{"type":"Feature","properties":{"facility_id":"ed_way_448758870","name":"Детский сад№312","education_category":"kindergarten","district_name":"Mirzo Ulugbek district","district_assignment":"within","osm_type":"way","osm_id":448758870,"representative_point_method":"polygon_representative_point","role":"display_only"},"geometry":{"type":"Point","coordinates":[69.3433912,41.3468452]}},{"type":"Feature","properties":{"facility_id":"ed_way_448812491","name":"330 bolalar bog'chasi","education_category":"kindergarten","district_name":"Shaykhantakhur district","district_assignment":"within","osm_type":"way","osm_id":448812491,"representative_point_method":"polygon_representative_point","role":"display_only"},"geometry":{"type":"Point","coordinates":[69.2150421,41.302719]}},{"type":"Feature","properties":{"facility_id":"ed_way_449369590","name":null,"education_category":"kindergarten","district_name":"Uchtepa district","district_assignment":"within","osm_type":"way","osm_id":449369590,"representative_point_method":"polygon_representative_point","role":"display_only"},"geometry":{"type":"Point","coordinates":[69.1576052,41.2979857]}},{"type":"Feature","properties":{"facility_id":"ed_way_449485677","name":"Школа №105","education_category":"school","district_name":"Yunusabad district","district_assignment":"within","osm_type":"way","osm_id":449485677,"representative_point_method":"polygon_representative_point","role":"display_only"},"geometry":{"type":"Point","coordinates":[69.3010182,41.3438074]}},{"type":"Feature","properties":{"facility_id":"ed_way_449532400","name":"156-Bolalar bogʻchasi","education_category":"kindergarten","district_name":"Yunusabad district","district_assignment":"within","osm_type":"way","osm_id":449532400,"representative_point_method":"polygon_representative_point","role":"display_only"},"geometry":{"type":"Point","coordinates":[69.298852,41.3768921]}},{"type":"Feature","properties":{"facility_id":"ed_way_449532401","name":"97-Bolalar bogʻchasi","education_category":"kindergarten","district_name":"Yunusabad district","district_assignment":"within","osm_type":"way","osm_id":449532401,"representative_point_method":"polygon_representative_point","role":"display_only"},"geometry":{"type":"Point","coordinates":[69.3004148,41.3770129]}},{"type":"Feature","properties":{"facility_id":"ed_way_449654156","name":"Детский сад №499","education_category":"kindergarten","district_name":"Yunusabad district","district_assignment":"within","osm_type":"way","osm_id":449654156,"representative_point_method":"polygon_representative_point","role":"display_only"},"geometry":{"type":"Point","coordinates":[69.3167461,41.368544]}},{"type":"Feature","properties":{"facility_id":"ed_way_450766217","name":"Школа №141","education_category":"school","district_name":"Shaykhantakhur district","district_assignment":"within","osm_type":"way","osm_id":450766217,"representative_point_method":"polygon_representative_point","role":"display_only"},"geometry":{"type":"Point","coordinates":[69.2091051,41.315815]}},{"type":"Feature","properties":{"facility_id":"ed_way_452247768","name":"146 Мтм","education_category":"kindergarten","district_name":"Almazar district","district_assignment":"within","osm_type":"way","osm_id":452247768,"representative_point_method":"polygon_representative_point","role":"display_only"},"geometry":{"type":"Point","coordinates":[69.2118309,41.3678908]}},{"type":"Feature","properties":{"facility_id":"ed_way_452247769","name":"478--bolalar bog'chasi","education_category":"kindergarten","district_name":"Almazar district","district_assignment":"within","osm_type":"way","osm_id":452247769,"representative_point_method":"polygon_representative_point","role":"display_only"},"geometry":{"type":"Point","coordinates":[69.2070303,41.3657932]}},{"type":"Feature","properties":{"facility_id":"ed_way_452247770","name":"520-bolalar bog'chasi","education_category":"kindergarten","district_name":"Almazar district","district_assignment":"within","osm_type":"way","osm_id":452247770,"representative_point_method":"polygon_representative_point","role":"display_only"},"geometry":{"type":"Point","coordinates":[69.2090798,41.3659378]}},{"type":"Feature","properties":{"facility_id":"ed_way_452250925","name":"484-Bolalar bogʻchasi","education_category":"kindergarten","district_name":"Yunusabad district","district_assignment":"within","osm_type":"way","osm_id":452250925,"representative_point_method":"polygon_representative_point","role":"display_only"},"geometry":{"type":"Point","coordinates":[69.2830395,41.3695555]}},{"type":"Feature","properties":{"facility_id":"ed_way_453501806","name":"Детский сад №277","education_category":"kindergarten","district_name":"Almazar district","district_assignment":"within","osm_type":"way","osm_id":453501806,"representative_point_method":"polygon_representative_point","role":"display_only"},"geometry":{"type":"Point","coordinates":[69.192271,41.3569285]}},{"type":"Feature","properties":{"facility_id":"ed_way_453893892","name":"№204 bolalar bog'chasi","education_category":"kindergarten","district_name":"Chilanzar district","district_assignment":"within","osm_type":"way","osm_id":453893892,"representative_point_method":"polygon_representative_point","role":"display_only"},"geometry":{"type":"Point","coordinates":[69.1546629,41.2593291]}},{"type":"Feature","properties":{"facility_id":"ed_way_455010076","name":"23-maktab","education_category":"school","district_name":"Yashnabad district","district_assignment":"within","osm_type":"way","osm_id":455010076,"representative_point_method":"polygon_representative_point","role":"display_only"},"geometry":{"type":"Point","coordinates":[69.367232,41.2822409]}},{"type":"Feature","properties":{"facility_id":"ed_way_456718527","name":"232","education_category":"kindergarten","district_name":"Mirzo Ulugbek district","district_assignment":"within","osm_type":"way","osm_id":456718527,"representative_point_method":"polygon_representative_point","role":"display_only"},"geometry":{"type":"Point","coordinates":[69.3756256,41.3379137]}},{"type":"Feature","properties":{"facility_id":"ed_way_456771687","name":"270","education_category":"kindergarten","district_name":"Mirzo Ulugbek district","district_assignment":"within","osm_type":"way","osm_id":456771687,"representative_point_method":"polygon_representative_point","role":"display_only"},"geometry":{"type":"Point","coordinates":[69.3611142,41.330737]}},{"type":"Feature","properties":{"facility_id":"ed_way_457847399","name":"Ташкентский гидрометеорологический профессиональный колледж","education_category":"college","district_name":"Shaykhantakhur district","district_assignment":"within","osm_type":"way","osm_id":457847399,"representative_point_method":"polygon_representative_point","role":"display_only"},"geometry":{"type":"Point","coordinates":[69.2608602,41.3378943]}},{"type":"Feature","properties":{"facility_id":"ed_way_458038980","name":"№426 bolalar bog'chasi","education_category":"kindergarten","district_name":"Mirzo Ulugbek district","district_assignment":"within","osm_type":"way","osm_id":458038980,"representative_point_method":"polygon_representative_point","role":"display_only"},"geometry":{"type":"Point","coordinates":[69.2907033,41.3126215]}},{"type":"Feature","properties":{"facility_id":"ed_way_458975358","name":"№12 bolalar bog'chasi","education_category":"kindergarten","district_name":"Yakkasaray district","district_assignment":"within","osm_type":"way","osm_id":458975358,"representative_point_method":"polygon_representative_point","role":"display_only"},"geometry":{"type":"Point","coordinates":[69.2667525,41.297774]}},{"type":"Feature","properties":{"facility_id":"ed_way_459136111","name":"404-bolalar bog'chasi","education_category":"kindergarten","district_name":"Uchtepa district","district_assignment":"within","osm_type":"way","osm_id":459136111,"representative_point_method":"polygon_representative_point","role":"display_only"},"geometry":{"type":"Point","coordinates":[69.1758253,41.2751632]}},{"type":"Feature","properties":{"facility_id":"ed_way_459136112","name":"Детский сад №397","education_category":"kindergarten","district_name":"Uchtepa district","district_assignment":"within","osm_type":"way","osm_id":459136112,"representative_point_method":"polygon_representative_point","role":"display_only"},"geometry":{"type":"Point","coordinates":[69.1796189,41.2762141]}},{"type":"Feature","properties":{"facility_id":"ed_way_459739923","name":"486-Bolalar bogʻchasi","education_category":"kindergarten","district_name":"Yunusabad district","district_assignment":"within","osm_type":"way","osm_id":459739923,"representative_point_method":"polygon_representative_point","role":"display_only"},"geometry":{"type":"Point","coordinates":[69.2641821,41.3680005]}},{"type":"Feature","properties":{"facility_id":"ed_way_459739924","name":"511-Bolalar bogʻchasi","education_category":"kindergarten","district_name":"Yunusabad district","district_assignment":"within","osm_type":"way","osm_id":459739924,"representative_point_method":"polygon_representative_point","role":"display_only"},"geometry":{"type":"Point","coordinates":[69.2633482,41.3689418]}},{"type":"Feature","properties":{"facility_id":"ed_way_459759632","name":"502-Bolalar bogʻchasi","education_category":"kindergarten","district_name":"Yunusabad district","district_assignment":"within","osm_type":"way","osm_id":459759632,"representative_point_method":"polygon_representative_point","role":"display_only"},"geometry":{"type":"Point","coordinates":[69.2703052,41.3723605]}},{"type":"Feature","properties":{"facility_id":"ed_way_459759633","name":"506-Bolalar bogʻchasi","education_category":"kindergarten","district_name":"Yunusabad district","district_assignment":"within","osm_type":"way","osm_id":459759633,"representative_point_method":"polygon_representative_point","role":"display_only"},"geometry":{"type":"Point","coordinates":[69.2680606,41.3710513]}},{"type":"Feature","properties":{"facility_id":"ed_way_460494170","name":"221-maktab","education_category":"school","district_name":"Mirzo Ulugbek district","district_assignment":"within","osm_type":"way","osm_id":460494170,"representative_point_method":"polygon_representative_point","role":"display_only"},"geometry":{"type":"Point","coordinates":[69.3644046,41.3569595]}},{"type":"Feature","properties":{"facility_id":"ed_way_460494171","name":"223-maktab","education_category":"school","district_name":"Mirzo Ulugbek district","district_assignment":"within","osm_type":"way","osm_id":460494171,"representative_point_method":"polygon_representative_point","role":"display_only"},"geometry":{"type":"Point","coordinates":[69.3644688,41.3588228]}},{"type":"Feature","properties":{"facility_id":"ed_way_460494172","name":"№378 bolalar bog'chasi","education_category":"kindergarten","district_name":"Mirzo Ulugbek district","district_assignment":"within","osm_type":"way","osm_id":460494172,"representative_point_method":"polygon_representative_point","role":"display_only"},"geometry":{"type":"Point","coordinates":[69.3650486,41.3598626]}},{"type":"Feature","properties":{"facility_id":"ed_way_461346113","name":"Kamalak","education_category":"kindergarten","district_name":"Yunusabad district","district_assignment":"within","osm_type":"way","osm_id":461346113,"representative_point_method":"polygon_representative_point","role":"display_only"},"geometry":{"type":"Point","coordinates":[69.2934082,41.3623341]}},{"type":"Feature","properties":{"facility_id":"ed_way_461921665","name":"Toshkent davlat sharqshunoslik instituti akademik litseyi","education_category":"school","district_name":"Yunusabad district","district_assignment":"within","osm_type":"way","osm_id":461921665,"representative_point_method":"polygon_representative_point","role":"display_only"},"geometry":{"type":"Point","coordinates":[69.2703921,41.371229]}},{"type":"Feature","properties":{"facility_id":"ed_way_464046402","name":"maktab","education_category":"school","district_name":"Mirzo Ulugbek district","district_assignment":"within","osm_type":"way","osm_id":464046402,"representative_point_method":"polygon_representative_point","role":"display_only"},"geometry":{"type":"Point","coordinates":[69.3736002,41.3379648]}},{"type":"Feature","properties":{"facility_id":"ed_way_464046405","name":"Школа интернат №105","education_category":"school","district_name":"Mirzo Ulugbek district","district_assignment":"within","osm_type":"way","osm_id":464046405,"representative_point_method":"polygon_representative_point","role":"display_only"},"geometry":{"type":"Point","coordinates":[69.3718241,41.3404817]}},{"type":"Feature","properties":{"facility_id":"ed_way_464705471","name":"Детский сад №19","education_category":"kindergarten","district_name":"Uchtepa district","district_assignment":"within","osm_type":"way","osm_id":464705471,"representative_point_method":"polygon_representative_point","role":"display_only"},"geometry":{"type":"Point","coordinates":[69.1740776,41.3224069]}},{"type":"Feature","properties":{"facility_id":"ed_way_464869391","name":"Детский сад №458","education_category":"kindergarten","district_name":"Almazar district","district_assignment":"within","osm_type":"way","osm_id":464869391,"representative_point_method":"polygon_representative_point","role":"display_only"},"geometry":{"type":"Point","coordinates":[69.2217098,41.357294]}},{"type":"Feature","properties":{"facility_id":"ed_way_464869392","name":"Детский сад №476 \"Полвонжон\"","education_category":"kindergarten","district_name":"Almazar district","district_assignment":"within","osm_type":"way","osm_id":464869392,"representative_point_method":"polygon_representative_point","role":"display_only"},"geometry":{"type":"Point","coordinates":[69.2220187,41.3581494]}},{"type":"Feature","properties":{"facility_id":"ed_way_464869393","name":"Детский сад №472","education_category":"kindergarten","district_name":"Almazar district","district_assignment":"within","osm_type":"way","osm_id":464869393,"representative_point_method":"polygon_representative_point","role":"display_only"},"geometry":{"type":"Point","coordinates":[69.2193673,41.3584025]}},{"type":"Feature","properties":{"facility_id":"ed_way_466584126","name":"№4 musiqa maktabi","education_category":"school","district_name":"Mirabad district","district_assignment":"within","osm_type":"way","osm_id":466584126,"representative_point_method":"polygon_representative_point","role":"display_only"},"geometry":{"type":"Point","coordinates":[69.2749318,41.2720942]}},{"type":"Feature","properties":{"facility_id":"ed_way_466891944","name":"Сергелийский Финансовый колледж","education_category":"college","district_name":"Sergeli district","district_assignment":"within","osm_type":"way","osm_id":466891944,"representative_point_method":"polygon_representative_point","role":"display_only"},"geometry":{"type":"Point","coordinates":[69.2319709,41.2114422]}},{"type":"Feature","properties":{"facility_id":"ed_way_470206217","name":"Детский сад МТМ-221 Карамелька","education_category":"kindergarten","district_name":"Yunusabad district","district_assignment":"within","osm_type":"way","osm_id":470206217,"representative_point_method":"polygon_representative_point","role":"display_only"},"geometry":{"type":"Point","coordinates":[69.2834826,41.3800471]}},{"type":"Feature","properties":{"facility_id":"ed_way_473265990","name":"Toshkent axborot texnologiyalari universiteti (TATU) qoshidagi 1-akademik litsey","education_category":"college","district_name":"Mirzo Ulugbek district","district_assignment":"within","osm_type":"way","osm_id":473265990,"representative_point_method":"polygon_representative_point","role":"display_only"},"geometry":{"type":"Point","coordinates":[69.3526416,41.3477248]}},{"type":"Feature","properties":{"facility_id":"ed_way_476213814","name":"Toshkent Avtomobil va Yo'llari KHK \"2-BINO\"","education_category":"college","district_name":"Chilanzar district","district_assignment":"within","osm_type":"way","osm_id":476213814,"representative_point_method":"polygon_representative_point","role":"display_only"},"geometry":{"type":"Point","coordinates":[69.2239726,41.2963422]}},{"type":"Feature","properties":{"facility_id":"ed_way_476213818","name":"Toshkent avtomobil yo'llar kolleji","education_category":"college","district_name":"Chilanzar district","district_assignment":"within","osm_type":"way","osm_id":476213818,"representative_point_method":"polygon_representative_point","role":"display_only"},"geometry":{"type":"Point","coordinates":[69.2140773,41.2997103]}},{"type":"Feature","properties":{"facility_id":"ed_way_476217529","name":"№378 Sog`lomjon","education_category":"kindergarten","district_name":"Mirzo Ulugbek district","district_assignment":"within","osm_type":"way","osm_id":476217529,"representative_point_method":"polygon_representative_point","role":"display_only"},"geometry":{"type":"Point","coordinates":[69.3610272,41.3520798]}},{"type":"Feature","properties":{"facility_id":"ed_way_477861252","name":"Детский сад №272","education_category":"kindergarten","district_name":"Yashnabad district","district_assignment":"within","osm_type":"way","osm_id":477861252,"representative_point_method":"polygon_representative_point","role":"display_only"},"geometry":{"type":"Point","coordinates":[69.3349339,41.2914325]}},{"type":"Feature","properties":{"facility_id":"ed_way_480203533","name":"2-Respublika Abu Ali ibn Sino nomidagi jamoat salomatligi texnikumi","education_category":"college","district_name":"Shaykhantakhur district","district_assignment":"within","osm_type":"way","osm_id":480203533,"representative_point_method":"polygon_representative_point","role":"display_only"},"geometry":{"type":"Point","coordinates":[69.2655548,41.3419139]}},{"type":"Feature","properties":{"facility_id":"ed_way_480234162","name":null,"education_category":"kindergarten","district_name":"Mirabad district","district_assignment":"within","osm_type":"way","osm_id":480234162,"representative_point_method":"polygon_representative_point","role":"display_only"},"geometry":{"type":"Point","coordinates":[69.2717399,41.3046762]}},{"type":"Feature","properties":{"facility_id":"ed_way_480983751","name":"№407 bolalar bog'chasi","education_category":"kindergarten","district_name":"Chilanzar district","district_assignment":"within","osm_type":"way","osm_id":480983751,"representative_point_method":"polygon_representative_point","role":"display_only"},"geometry":{"type":"Point","coordinates":[69.1971512,41.2730216]}},{"type":"Feature","properties":{"facility_id":"ed_way_483203357","name":"Mehnat va ijtimoiy munosabatlar akademiyasi","education_category":"college","district_name":"Yashnabad district","district_assignment":"within","osm_type":"way","osm_id":483203357,"representative_point_method":"polygon_representative_point","role":"display_only"},"geometry":{"type":"Point","coordinates":[69.4113737,41.3327788]}},{"type":"Feature","properties":{"facility_id":"ed_way_484232586","name":"406 bolalar bog'chasi","education_category":"kindergarten","district_name":"Chilanzar district","district_assignment":"within","osm_type":"way","osm_id":484232586,"representative_point_method":"polygon_representative_point","role":"display_only"},"geometry":{"type":"Point","coordinates":[69.1986845,41.2713518]}},{"type":"Feature","properties":{"facility_id":"ed_way_484232587","name":"Детский сад №520","education_category":"kindergarten","district_name":"Mirzo Ulugbek district","district_assignment":"within","osm_type":"way","osm_id":484232587,"representative_point_method":"polygon_representative_point","role":"display_only"},"geometry":{"type":"Point","coordinates":[69.3680859,41.3319985]}},{"type":"Feature","properties":{"facility_id":"ed_way_484232588","name":"Детский сад №525","education_category":"kindergarten","district_name":"Mirzo Ulugbek district","district_assignment":"within","osm_type":"way","osm_id":484232588,"representative_point_method":"polygon_representative_point","role":"display_only"},"geometry":{"type":"Point","coordinates":[69.3707065,41.3324457]}},{"type":"Feature","properties":{"facility_id":"ed_way_484485509","name":"kindergarten territory","education_category":"kindergarten","district_name":"Yunusabad district","district_assignment":"within","osm_type":"way","osm_id":484485509,"representative_point_method":"polygon_representative_point","role":"display_only"},"geometry":{"type":"Point","coordinates":[69.2593055,41.3847993]}},{"type":"Feature","properties":{"facility_id":"ed_way_484941294","name":"3-й академический лицей","education_category":"college","district_name":"Mirzo Ulugbek district","district_assignment":"within","osm_type":"way","osm_id":484941294,"representative_point_method":"polygon_representative_point","role":"display_only"},"geometry":{"type":"Point","coordinates":[69.3501626,41.3166861]}},{"type":"Feature","properties":{"facility_id":"ed_way_486025619","name":"Детский сад №415","education_category":"kindergarten","district_name":"Yunusabad district","district_assignment":"within","osm_type":"way","osm_id":486025619,"representative_point_method":"polygon_representative_point","role":"display_only"},"geometry":{"type":"Point","coordinates":[69.274733,41.3195326]}},{"type":"Feature","properties":{"facility_id":"ed_way_486025622","name":"424-bolalar bog'chasi","education_category":"kindergarten","district_name":"Yunusabad district","district_assignment":"within","osm_type":"way","osm_id":486025622,"representative_point_method":"polygon_representative_point","role":"display_only"},"geometry":{"type":"Point","coordinates":[69.2792347,41.319635]}},{"type":"Feature","properties":{"facility_id":"ed_way_486329588","name":"399- bolalar bog'chasi","education_category":"kindergarten","district_name":"Uchtepa district","district_assignment":"within","osm_type":"way","osm_id":486329588,"representative_point_method":"polygon_representative_point","role":"display_only"},"geometry":{"type":"Point","coordinates":[69.174661,41.2872056]}},{"type":"Feature","properties":{"facility_id":"ed_way_488402249","name":"43-maktab","education_category":"school","district_name":"Yunusabad district","district_assignment":"within","osm_type":"way","osm_id":488402249,"representative_point_method":"polygon_representative_point","role":"display_only"},"geometry":{"type":"Point","coordinates":[69.2878909,41.32583]}},{"type":"Feature","properties":{"facility_id":"ed_way_488402253","name":"Toshkent moliya instituti","education_category":"university","district_name":"Yunusabad district","district_assignment":"within","osm_type":"way","osm_id":488402253,"representative_point_method":"polygon_representative_point","role":"display_only"},"geometry":{"type":"Point","coordinates":[69.2841156,41.3242736]}},{"type":"Feature","properties":{"facility_id":"ed_way_490653327","name":"TMA qoshidagi akademik litsey","education_category":"school","district_name":"Almazar district","district_assignment":"within","osm_type":"way","osm_id":490653327,"representative_point_method":"polygon_representative_point","role":"display_only"},"geometry":{"type":"Point","coordinates":[69.1740018,41.3567197]}},{"type":"Feature","properties":{"facility_id":"ed_way_495198955","name":"479-Bolalar bogʻchasi","education_category":"kindergarten","district_name":"Yunusabad district","district_assignment":"within","osm_type":"way","osm_id":495198955,"representative_point_method":"polygon_representative_point","role":"display_only"},"geometry":{"type":"Point","coordinates":[69.2904571,41.3719227]}},{"type":"Feature","properties":{"facility_id":"ed_way_495198957","name":"253-Bolalar bogʻchasi","education_category":"kindergarten","district_name":"Yunusabad district","district_assignment":"within","osm_type":"way","osm_id":495198957,"representative_point_method":"polygon_representative_point","role":"display_only"},"geometry":{"type":"Point","coordinates":[69.2899378,41.3710023]}},{"type":"Feature","properties":{"facility_id":"ed_way_495198959","name":"202 Boychechak","education_category":"kindergarten","district_name":"Yunusabad district","district_assignment":"within","osm_type":"way","osm_id":495198959,"representative_point_method":"polygon_representative_point","role":"display_only"},"geometry":{"type":"Point","coordinates":[69.2920661,41.3706357]}},{"type":"Feature","properties":{"facility_id":"ed_way_495198961","name":"74-Bolalar bogʻchasi","education_category":"kindergarten","district_name":"Yunusabad district","district_assignment":"within","osm_type":"way","osm_id":495198961,"representative_point_method":"polygon_representative_point","role":"display_only"},"geometry":{"type":"Point","coordinates":[69.2901104,41.3683097]}},{"type":"Feature","properties":{"facility_id":"ed_way_502125665","name":"143-bolalar bog'chasi","education_category":"kindergarten","district_name":"Yashnabad district","district_assignment":"within","osm_type":"way","osm_id":502125665,"representative_point_method":"polygon_representative_point","role":"display_only"},"geometry":{"type":"Point","coordinates":[69.3409736,41.2813738]}},{"type":"Feature","properties":{"facility_id":"ed_way_502806854","name":"O'rtachirchiq tumani 54-maktab","education_category":"school","district_name":null,"district_assignment":"outside_analysis_districts","osm_type":"way","osm_id":502806854,"representative_point_method":"polygon_representative_point","role":"display_only"},"geometry":{"type":"Point","coordinates":[69.3288815,41.1881404]}},{"type":"Feature","properties":{"facility_id":"ed_way_504136845","name":"19-maktab","education_category":"school","district_name":"Shaykhantakhur district","district_assignment":"within","osm_type":"way","osm_id":504136845,"representative_point_method":"polygon_representative_point","role":"display_only"},"geometry":{"type":"Point","coordinates":[69.2577945,41.3269824]}},{"type":"Feature","properties":{"facility_id":"ed_way_504697591","name":null,"education_category":"kindergarten","district_name":"Uchtepa district","district_assignment":"within","osm_type":"way","osm_id":504697591,"representative_point_method":"polygon_representative_point","role":"display_only"},"geometry":{"type":"Point","coordinates":[69.1614477,41.3095547]}},{"type":"Feature","properties":{"facility_id":"ed_way_506019974","name":"284-sonli bolalar bog'chasi","education_category":"kindergarten","district_name":"Chilanzar district","district_assignment":"within","osm_type":"way","osm_id":506019974,"representative_point_method":"polygon_representative_point","role":"display_only"},"geometry":{"type":"Point","coordinates":[69.202902,41.2925764]}},{"type":"Feature","properties":{"facility_id":"ed_way_506087613","name":"Детский сад №181","education_category":"kindergarten","district_name":"Almazar district","district_assignment":"within","osm_type":"way","osm_id":506087613,"representative_point_method":"polygon_representative_point","role":"display_only"},"geometry":{"type":"Point","coordinates":[69.2019756,41.3620399]}},{"type":"Feature","properties":{"facility_id":"ed_way_506359314","name":"Сomron","education_category":"kindergarten","district_name":"Uchtepa district","district_assignment":"within","osm_type":"way","osm_id":506359314,"representative_point_method":"polygon_representative_point","role":"display_only"},"geometry":{"type":"Point","coordinates":[69.1442313,41.2878372]}},{"type":"Feature","properties":{"facility_id":"ed_way_509746108","name":"Akademik litsey (181-maktab)","education_category":"college","district_name":"Chilanzar district","district_assignment":"within","osm_type":"way","osm_id":509746108,"representative_point_method":"polygon_representative_point","role":"display_only"},"geometry":{"type":"Point","coordinates":[69.1969266,41.2893581]}},{"type":"Feature","properties":{"facility_id":"ed_way_509746109","name":"№289 bolalar bog'chasi","education_category":"kindergarten","district_name":"Chilanzar district","district_assignment":"within","osm_type":"way","osm_id":509746109,"representative_point_method":"polygon_representative_point","role":"display_only"},"geometry":{"type":"Point","coordinates":[69.198566,41.2889568]}},{"type":"Feature","properties":{"facility_id":"ed_way_510249748","name":"Детский сад №588","education_category":"kindergarten","district_name":"Shaykhantakhur district","district_assignment":"within","osm_type":"way","osm_id":510249748,"representative_point_method":"polygon_representative_point","role":"display_only"},"geometry":{"type":"Point","coordinates":[69.172477,41.3383982]}},{"type":"Feature","properties":{"facility_id":"ed_way_510249751","name":"Детский сад №229","education_category":"kindergarten","district_name":"Shaykhantakhur district","district_assignment":"within","osm_type":"way","osm_id":510249751,"representative_point_method":"polygon_representative_point","role":"display_only"},"geometry":{"type":"Point","coordinates":[69.1791702,41.337777]}},{"type":"Feature","properties":{"facility_id":"ed_way_510369859","name":"185-maktab","education_category":"school","district_name":"Almazar district","district_assignment":"within","osm_type":"way","osm_id":510369859,"representative_point_method":"polygon_representative_point","role":"display_only"},"geometry":{"type":"Point","coordinates":[69.2325839,41.3532364]}},{"type":"Feature","properties":{"facility_id":"ed_way_511067130","name":"Детский сад-ясли №409","education_category":"kindergarten","district_name":"Uchtepa district","district_assignment":"within","osm_type":"way","osm_id":511067130,"representative_point_method":"polygon_representative_point","role":"display_only"},"geometry":{"type":"Point","coordinates":[69.1768688,41.2816632]}},{"type":"Feature","properties":{"facility_id":"ed_way_514105139","name":"Детский сад №65","education_category":"kindergarten","district_name":"Almazar district","district_assignment":"within","osm_type":"way","osm_id":514105139,"representative_point_method":"polygon_representative_point","role":"display_only"},"geometry":{"type":"Point","coordinates":[69.2018886,41.366667]}},{"type":"Feature","properties":{"facility_id":"ed_way_514105141","name":"Детский сад №449","education_category":"kindergarten","district_name":"Almazar district","district_assignment":"within","osm_type":"way","osm_id":514105141,"representative_point_method":"polygon_representative_point","role":"display_only"},"geometry":{"type":"Point","coordinates":[69.2382662,41.3658074]}},{"type":"Feature","properties":{"facility_id":"ed_way_514336973","name":"Детский сад №225 \"Quyoshcha\"","education_category":"kindergarten","district_name":"Chilanzar district","district_assignment":"within","osm_type":"way","osm_id":514336973,"representative_point_method":"polygon_representative_point","role":"display_only"},"geometry":{"type":"Point","coordinates":[69.2226413,41.2775857]}},{"type":"Feature","properties":{"facility_id":"ed_way_515419168","name":"Детский сад №134","education_category":"kindergarten","district_name":"Mirzo Ulugbek district","district_assignment":"within","osm_type":"way","osm_id":515419168,"representative_point_method":"polygon_representative_point","role":"display_only"},"geometry":{"type":"Point","coordinates":[69.3717049,41.3376715]}},{"type":"Feature","properties":{"facility_id":"ed_way_518483579","name":"Детский сад №266","education_category":"kindergarten","district_name":"Chilanzar district","district_assignment":"within","osm_type":"way","osm_id":518483579,"representative_point_method":"polygon_representative_point","role":"display_only"},"geometry":{"type":"Point","coordinates":[69.1893702,41.2618784]}},{"type":"Feature","properties":{"facility_id":"ed_way_518483580","name":"Детский сад №496","education_category":"kindergarten","district_name":"Chilanzar district","district_assignment":"within","osm_type":"way","osm_id":518483580,"representative_point_method":"polygon_representative_point","role":"display_only"},"geometry":{"type":"Point","coordinates":[69.1961545,41.2648057]}},{"type":"Feature","properties":{"facility_id":"ed_way_518865257","name":"Shayxontohur Tibbiyot Kolleji","education_category":"college","district_name":"Shaykhantakhur district","district_assignment":"within","osm_type":"way","osm_id":518865257,"representative_point_method":"polygon_representative_point","role":"display_only"},"geometry":{"type":"Point","coordinates":[69.2112711,41.3260358]}},{"type":"Feature","properties":{"facility_id":"ed_way_520761151","name":"Детский сад №527","education_category":"kindergarten","district_name":"Shaykhantakhur district","district_assignment":"within","osm_type":"way","osm_id":520761151,"representative_point_method":"polygon_representative_point","role":"display_only"},"geometry":{"type":"Point","coordinates":[69.2664899,41.3311054]}},{"type":"Feature","properties":{"facility_id":"ed_way_521748977","name":"59-maktab","education_category":"school","district_name":"Shaykhantakhur district","district_assignment":"within","osm_type":"way","osm_id":521748977,"representative_point_method":"polygon_representative_point","role":"display_only"},"geometry":{"type":"Point","coordinates":[69.2476463,41.3229072]}},{"type":"Feature","properties":{"facility_id":"ed_way_521915887","name":"Toshkent arxitektura va qurilish kasb-hunar kolleji","education_category":"college","district_name":"Mirabad district","district_assignment":"within","osm_type":"way","osm_id":521915887,"representative_point_method":"polygon_representative_point","role":"display_only"},"geometry":{"type":"Point","coordinates":[69.2964379,41.2747744]}},{"type":"Feature","properties":{"facility_id":"ed_way_523270591","name":"150-Maktab","education_category":"school","district_name":"Yunusabad district","district_assignment":"within","osm_type":"way","osm_id":523270591,"representative_point_method":"polygon_representative_point","role":"display_only"},"geometry":{"type":"Point","coordinates":[69.2663588,41.3493048]}},{"type":"Feature","properties":{"facility_id":"ed_way_525607576","name":null,"education_category":"kindergarten","district_name":"Bektemir district","district_assignment":"within","osm_type":"way","osm_id":525607576,"representative_point_method":"polygon_representative_point","role":"display_only"},"geometry":{"type":"Point","coordinates":[69.331719,41.2305678]}},{"type":"Feature","properties":{"facility_id":"ed_way_527047906","name":"Детский сад №83 \"Подснежник\"","education_category":"kindergarten","district_name":"Mirzo Ulugbek district","district_assignment":"within","osm_type":"way","osm_id":527047906,"representative_point_method":"polygon_representative_point","role":"display_only"},"geometry":{"type":"Point","coordinates":[69.3867818,41.3457456]}},{"type":"Feature","properties":{"facility_id":"ed_way_527788109","name":"Детский сад №332","education_category":"kindergarten","district_name":"Mirzo Ulugbek district","district_assignment":"within","osm_type":"way","osm_id":527788109,"representative_point_method":"polygon_representative_point","role":"display_only"},"geometry":{"type":"Point","coordinates":[69.3269358,41.3299004]}},{"type":"Feature","properties":{"facility_id":"ed_way_528345143","name":"151-sonli Bolalar Bog'chasi","education_category":"kindergarten","district_name":"Yashnabad district","district_assignment":"within","osm_type":"way","osm_id":528345143,"representative_point_method":"polygon_representative_point","role":"display_only"},"geometry":{"type":"Point","coordinates":[69.3456255,41.2817098]}},{"type":"Feature","properties":{"facility_id":"ed_way_528375303","name":"Yashnobod kompyuter texnologiyalari kasb-hunar kolleji","education_category":"college","district_name":"Yashnabad district","district_assignment":"within","osm_type":"way","osm_id":528375303,"representative_point_method":"polygon_representative_point","role":"display_only"},"geometry":{"type":"Point","coordinates":[69.3266762,41.2667326]}},{"type":"Feature","properties":{"facility_id":"ed_way_529124198","name":"308-son Maktabgacha Bolalar Bog'chasi","education_category":"kindergarten","district_name":"Yashnabad district","district_assignment":"within","osm_type":"way","osm_id":529124198,"representative_point_method":"polygon_representative_point","role":"display_only"},"geometry":{"type":"Point","coordinates":[69.3161116,41.2681573]}},{"type":"Feature","properties":{"facility_id":"ed_way_537228258","name":"Toshkent viloyati yuridik texnikumi","education_category":"college","district_name":null,"district_assignment":"outside_analysis_districts","osm_type":"way","osm_id":537228258,"representative_point_method":"polygon_representative_point","role":"display_only"},"geometry":{"type":"Point","coordinates":[69.4606119,41.300697]}},{"type":"Feature","properties":{"facility_id":"ed_way_543832168","name":"11-Maktab","education_category":"school","district_name":"Almazar district","district_assignment":"within","osm_type":"way","osm_id":543832168,"representative_point_method":"polygon_representative_point","role":"display_only"},"geometry":{"type":"Point","coordinates":[69.2325908,41.3398224]}},{"type":"Feature","properties":{"facility_id":"ed_way_546028022","name":null,"education_category":"kindergarten","district_name":"Yunusabad district","district_assignment":"within","osm_type":"way","osm_id":546028022,"representative_point_method":"polygon_representative_point","role":"display_only"},"geometry":{"type":"Point","coordinates":[69.2993145,41.3435903]}},{"type":"Feature","properties":{"facility_id":"ed_way_548563564","name":"LOLA","education_category":"kindergarten","district_name":"Uchtepa district","district_assignment":"within","osm_type":"way","osm_id":548563564,"representative_point_method":"polygon_representative_point","role":"display_only"},"geometry":{"type":"Point","coordinates":[69.1894736,41.2866971]}},{"type":"Feature","properties":{"facility_id":"ed_way_548879724","name":"Спец факультет ТУИТ","education_category":"university","district_name":"Yunusabad district","district_assignment":"within","osm_type":"way","osm_id":548879724,"representative_point_method":"polygon_representative_point","role":"display_only"},"geometry":{"type":"Point","coordinates":[69.2732347,41.3750766]}},{"type":"Feature","properties":{"facility_id":"ed_way_553817678","name":"Школа №39","education_category":"school","district_name":"Shaykhantakhur district","district_assignment":"within","osm_type":"way","osm_id":553817678,"representative_point_method":"polygon_representative_point","role":"display_only"},"geometry":{"type":"Point","coordinates":[69.1991052,41.3351398]}},{"type":"Feature","properties":{"facility_id":"ed_way_556014356","name":"Детский сад №","education_category":"kindergarten","district_name":"Shaykhantakhur district","district_assignment":"within","osm_type":"way","osm_id":556014356,"representative_point_method":"polygon_representative_point","role":"display_only"},"geometry":{"type":"Point","coordinates":[69.1861078,41.329285]}},{"type":"Feature","properties":{"facility_id":"ed_way_556077867","name":"№440 bolalar bog'chasi","education_category":"kindergarten","district_name":"Mirabad district","district_assignment":"within","osm_type":"way","osm_id":556077867,"representative_point_method":"polygon_representative_point","role":"display_only"},"geometry":{"type":"Point","coordinates":[69.2694476,41.2977632]}},{"type":"Feature","properties":{"facility_id":"ed_way_557853775","name":"Детсад 154 \"Oftobcha\"","education_category":"kindergarten","district_name":"Yunusabad district","district_assignment":"within","osm_type":"way","osm_id":557853775,"representative_point_method":"polygon_representative_point","role":"display_only"},"geometry":{"type":"Point","coordinates":[69.2780559,41.3295147]}},{"type":"Feature","properties":{"facility_id":"ed_way_562708950","name":null,"education_category":"school","district_name":"Yakkasaray district","district_assignment":"within","osm_type":"way","osm_id":562708950,"representative_point_method":"polygon_representative_point","role":"display_only"},"geometry":{"type":"Point","coordinates":[69.2653657,41.299176]}},{"type":"Feature","properties":{"facility_id":"ed_way_565458832","name":"№461 bolalar bog'chasi","education_category":"kindergarten","district_name":"Shaykhantakhur district","district_assignment":"within","osm_type":"way","osm_id":565458832,"representative_point_method":"polygon_representative_point","role":"display_only"},"geometry":{"type":"Point","coordinates":[69.2496953,41.3256049]}},{"type":"Feature","properties":{"facility_id":"ed_way_565646564","name":"№368 bolalar bog'chasi","education_category":"kindergarten","district_name":"Chilanzar district","district_assignment":"within","osm_type":"way","osm_id":565646564,"representative_point_method":"polygon_representative_point","role":"display_only"},"geometry":{"type":"Point","coordinates":[69.2004443,41.2737301]}},{"type":"Feature","properties":{"facility_id":"ed_way_566189626","name":"518","education_category":"kindergarten","district_name":"Sergeli district","district_assignment":"within","osm_type":"way","osm_id":566189626,"representative_point_method":"polygon_representative_point","role":"display_only"},"geometry":{"type":"Point","coordinates":[69.2526387,41.2021151]}},{"type":"Feature","properties":{"facility_id":"ed_way_566924035","name":"Детский сад №383","education_category":"kindergarten","district_name":"Mirzo Ulugbek district","district_assignment":"within","osm_type":"way","osm_id":566924035,"representative_point_method":"polygon_representative_point","role":"display_only"},"geometry":{"type":"Point","coordinates":[69.3575512,41.319823]}},{"type":"Feature","properties":{"facility_id":"ed_way_566924046","name":"433 -DMTM \"Quyoshcha\"","education_category":"kindergarten","district_name":"Mirzo Ulugbek district","district_assignment":"within","osm_type":"way","osm_id":566924046,"representative_point_method":"polygon_representative_point","role":"display_only"},"geometry":{"type":"Point","coordinates":[69.3545929,41.3239562]}},{"type":"Feature","properties":{"facility_id":"ed_way_568768017","name":"314 maktab","education_category":"school","district_name":"Shaykhantakhur district","district_assignment":"within","osm_type":"way","osm_id":568768017,"representative_point_method":"polygon_representative_point","role":"display_only"},"geometry":{"type":"Point","coordinates":[69.1756243,41.3459541]}},{"type":"Feature","properties":{"facility_id":"ed_way_568768018","name":"Yulduzcha","education_category":"kindergarten","district_name":"Yunusabad district","district_assignment":"within","osm_type":"way","osm_id":568768018,"representative_point_method":"polygon_representative_point","role":"display_only"},"geometry":{"type":"Point","coordinates":[69.2766631,41.3530367]}},{"type":"Feature","properties":{"facility_id":"ed_way_579488759","name":"148","education_category":"kindergarten","district_name":"Mirzo Ulugbek district","district_assignment":"within","osm_type":"way","osm_id":579488759,"representative_point_method":"polygon_representative_point","role":"display_only"},"geometry":{"type":"Point","coordinates":[69.3746763,41.3351571]}},{"type":"Feature","properties":{"facility_id":"ed_way_581603405","name":"Специализированная школа №130","education_category":"school","district_name":"Mirzo Ulugbek district","district_assignment":"within","osm_type":"way","osm_id":581603405,"representative_point_method":"polygon_representative_point","role":"display_only"},"geometry":{"type":"Point","coordinates":[69.3395832,41.3084696]}},{"type":"Feature","properties":{"facility_id":"ed_way_585821076","name":"Детский сад N 2","education_category":"kindergarten","district_name":"Mirzo Ulugbek district","district_assignment":"within","osm_type":"way","osm_id":585821076,"representative_point_method":"polygon_representative_point","role":"display_only"},"geometry":{"type":"Point","coordinates":[69.3892575,41.3569449]}},{"type":"Feature","properties":{"facility_id":"ed_way_586285339","name":null,"education_category":"kindergarten","district_name":"Yangikhayot district","district_assignment":"within","osm_type":"way","osm_id":586285339,"representative_point_method":"polygon_representative_point","role":"display_only"},"geometry":{"type":"Point","coordinates":[69.2262502,41.1963699]}},{"type":"Feature","properties":{"facility_id":"ed_way_586326407","name":"305-MTT «Ziyo»","education_category":"kindergarten","district_name":"Yangikhayot district","district_assignment":"within","osm_type":"way","osm_id":586326407,"representative_point_method":"polygon_representative_point","role":"display_only"},"geometry":{"type":"Point","coordinates":[69.2165377,41.2084402]}},{"type":"Feature","properties":{"facility_id":"ed_way_589224999","name":"1-Respublika Abu Ali ibn Sino nomidagi Jamoat salomatligi texnikumi","education_category":"college","district_name":"Chilanzar district","district_assignment":"within","osm_type":"way","osm_id":589224999,"representative_point_method":"polygon_representative_point","role":"display_only"},"geometry":{"type":"Point","coordinates":[69.2231912,41.2891476]}},{"type":"Feature","properties":{"facility_id":"ed_way_589237211","name":null,"education_category":"kindergarten","district_name":"Chilanzar district","district_assignment":"within","osm_type":"way","osm_id":589237211,"representative_point_method":"polygon_representative_point","role":"display_only"},"geometry":{"type":"Point","coordinates":[69.2222336,41.2884679]}},{"type":"Feature","properties":{"facility_id":"ed_way_590019678","name":"Детский сад №140","education_category":"kindergarten","district_name":"Shaykhantakhur district","district_assignment":"within","osm_type":"way","osm_id":590019678,"representative_point_method":"polygon_representative_point","role":"display_only"},"geometry":{"type":"Point","coordinates":[69.2274846,41.3255699]}},{"type":"Feature","properties":{"facility_id":"ed_way_591218284","name":"155 Maktab","education_category":"school","district_name":"Yashnabad district","district_assignment":"within","osm_type":"way","osm_id":591218284,"representative_point_method":"polygon_representative_point","role":"display_only"},"geometry":{"type":"Point","coordinates":[69.3274309,41.2848843]}},{"type":"Feature","properties":{"facility_id":"ed_way_591566386","name":null,"education_category":"kindergarten","district_name":"Yakkasaray district","district_assignment":"within","osm_type":"way","osm_id":591566386,"representative_point_method":"polygon_representative_point","role":"display_only"},"geometry":{"type":"Point","coordinates":[69.2468226,41.2829103]}},{"type":"Feature","properties":{"facility_id":"ed_way_595287367","name":"Детский сад №546","education_category":"kindergarten","district_name":"Mirzo Ulugbek district","district_assignment":"within","osm_type":"way","osm_id":595287367,"representative_point_method":"polygon_representative_point","role":"display_only"},"geometry":{"type":"Point","coordinates":[69.3735615,41.3325198]}},{"type":"Feature","properties":{"facility_id":"ed_way_597589020","name":"Детский сад №446","education_category":"kindergarten","district_name":"Mirzo Ulugbek district","district_assignment":"within","osm_type":"way","osm_id":597589020,"representative_point_method":"polygon_representative_point","role":"display_only"},"geometry":{"type":"Point","coordinates":[69.3657101,41.356354]}},{"type":"Feature","properties":{"facility_id":"ed_way_597589021","name":"№471 bolalar bog'chasi","education_category":"kindergarten","district_name":"Mirzo Ulugbek district","district_assignment":"within","osm_type":"way","osm_id":597589021,"representative_point_method":"polygon_representative_point","role":"display_only"},"geometry":{"type":"Point","coordinates":[69.3668862,41.3555372]}},{"type":"Feature","properties":{"facility_id":"ed_way_597589022","name":"№274 bolalar bog'chasi","education_category":"kindergarten","district_name":"Mirzo Ulugbek district","district_assignment":"within","osm_type":"way","osm_id":597589022,"representative_point_method":"polygon_representative_point","role":"display_only"},"geometry":{"type":"Point","coordinates":[69.3624457,41.356346]}},{"type":"Feature","properties":{"facility_id":"ed_way_598014113","name":"24-chi sonli o`rta umumiy ta`lim maktabi","education_category":"school","district_name":"Almazar district","district_assignment":"within","osm_type":"way","osm_id":598014113,"representative_point_method":"polygon_representative_point","role":"display_only"},"geometry":{"type":"Point","coordinates":[69.2328329,41.3356425]}},{"type":"Feature","properties":{"facility_id":"ed_way_598274817","name":"Toshkent arxitektura-qurilish universiteti akedemik litseyi","education_category":"school","district_name":"Almazar district","district_assignment":"within","osm_type":"way","osm_id":598274817,"representative_point_method":"polygon_representative_point","role":"display_only"},"geometry":{"type":"Point","coordinates":[69.2540527,41.3511259]}},{"type":"Feature","properties":{"facility_id":"ed_way_602971722","name":"Toshkent radiotexnika va avtomatika kasb-hunar kolleji","education_category":"college","district_name":"Chilanzar district","district_assignment":"within","osm_type":"way","osm_id":602971722,"representative_point_method":"polygon_representative_point","role":"display_only"},"geometry":{"type":"Point","coordinates":[69.1848033,41.2634373]}},{"type":"Feature","properties":{"facility_id":"ed_way_602971723","name":"202 maktab","education_category":"school","district_name":"Chilanzar district","district_assignment":"within","osm_type":"way","osm_id":602971723,"representative_point_method":"polygon_representative_point","role":"display_only"},"geometry":{"type":"Point","coordinates":[69.1829171,41.263439]}},{"type":"Feature","properties":{"facility_id":"ed_way_606783229","name":"O‘zbekiston jurnalistika va ommaviy kommunikatsiyalar universiteti","education_category":"college","district_name":"Yunusabad district","district_assignment":"within","osm_type":"way","osm_id":606783229,"representative_point_method":"polygon_representative_point","role":"display_only"},"geometry":{"type":"Point","coordinates":[69.277733,41.32451]}},{"type":"Feature","properties":{"facility_id":"ed_way_607370353","name":"Детский сад №597","education_category":"kindergarten","district_name":"Mirzo Ulugbek district","district_assignment":"within","osm_type":"way","osm_id":607370353,"representative_point_method":"polygon_representative_point","role":"display_only"},"geometry":{"type":"Point","coordinates":[69.323636,41.3172606]}},{"type":"Feature","properties":{"facility_id":"ed_way_611141790","name":"Школа №40","education_category":"school","district_name":"Shaykhantakhur district","district_assignment":"within","osm_type":"way","osm_id":611141790,"representative_point_method":"polygon_representative_point","role":"display_only"},"geometry":{"type":"Point","coordinates":[69.2069713,41.3235182]}},{"type":"Feature","properties":{"facility_id":"ed_way_613707365","name":"Специальная школа №66","education_category":"school","district_name":"Chilanzar district","district_assignment":"within","osm_type":"way","osm_id":613707365,"representative_point_method":"polygon_representative_point","role":"display_only"},"geometry":{"type":"Point","coordinates":[69.2284899,41.2854899]}},{"type":"Feature","properties":{"facility_id":"ed_way_615473904","name":"Детский сад №177 \"Ок куш\"","education_category":"kindergarten","district_name":"Chilanzar district","district_assignment":"within","osm_type":"way","osm_id":615473904,"representative_point_method":"polygon_representative_point","role":"display_only"},"geometry":{"type":"Point","coordinates":[69.2286791,41.2832196]}},{"type":"Feature","properties":{"facility_id":"ed_way_624714408","name":"Частный детский сад Умняшки","education_category":"kindergarten","district_name":"Yunusabad district","district_assignment":"within","osm_type":"way","osm_id":624714408,"representative_point_method":"polygon_representative_point","role":"display_only"},"geometry":{"type":"Point","coordinates":[69.2602615,41.3813632]}},{"type":"Feature","properties":{"facility_id":"ed_way_626312705","name":null,"education_category":"kindergarten","district_name":"Shaykhantakhur district","district_assignment":"within","osm_type":"way","osm_id":626312705,"representative_point_method":"polygon_representative_point","role":"display_only"},"geometry":{"type":"Point","coordinates":[69.1757807,41.3432646]}},{"type":"Feature","properties":{"facility_id":"ed_way_628550463","name":"maktab-70","education_category":"school","district_name":"Yunusabad district","district_assignment":"within","osm_type":"way","osm_id":628550463,"representative_point_method":"polygon_representative_point","role":"display_only"},"geometry":{"type":"Point","coordinates":[69.2860573,41.3358367]}},{"type":"Feature","properties":{"facility_id":"ed_way_628775059","name":"№350 bolalar bog'chasi","education_category":"kindergarten","district_name":"Chilanzar district","district_assignment":"within","osm_type":"way","osm_id":628775059,"representative_point_method":"polygon_representative_point","role":"display_only"},"geometry":{"type":"Point","coordinates":[69.1993182,41.2754269]}},{"type":"Feature","properties":{"facility_id":"ed_way_629982574","name":"№84 bolalar bog'chasi","education_category":"kindergarten","district_name":"Shaykhantakhur district","district_assignment":"within","osm_type":"way","osm_id":629982574,"representative_point_method":"polygon_representative_point","role":"display_only"},"geometry":{"type":"Point","coordinates":[69.2479752,41.3246233]}},{"type":"Feature","properties":{"facility_id":"ed_way_639939774","name":"Heaven land","education_category":"kindergarten","district_name":"Almazar district","district_assignment":"within","osm_type":"way","osm_id":639939774,"representative_point_method":"polygon_representative_point","role":"display_only"},"geometry":{"type":"Point","coordinates":[69.2143087,41.3377371]}},{"type":"Feature","properties":{"facility_id":"ed_way_656421682","name":"52-maktab","education_category":"school","district_name":"Bektemir district","district_assignment":"within","osm_type":"way","osm_id":656421682,"representative_point_method":"polygon_representative_point","role":"display_only"},"geometry":{"type":"Point","coordinates":[69.3398079,41.2137282]}},{"type":"Feature","properties":{"facility_id":"ed_way_658049003","name":null,"education_category":"kindergarten","district_name":"Shaykhantakhur district","district_assignment":"within","osm_type":"way","osm_id":658049003,"representative_point_method":"polygon_representative_point","role":"display_only"},"geometry":{"type":"Point","coordinates":[69.2144031,41.305716]}},{"type":"Feature","properties":{"facility_id":"ed_way_660680926","name":"\"Orom\" nomli 5-MTM","education_category":"kindergarten","district_name":"Uchtepa district","district_assignment":"within","osm_type":"way","osm_id":660680926,"representative_point_method":"polygon_representative_point","role":"display_only"},"geometry":{"type":"Point","coordinates":[69.1754964,41.3143173]}},{"type":"Feature","properties":{"facility_id":"ed_way_662915882","name":"191 maktab","education_category":"school","district_name":"Almazar district","district_assignment":"within","osm_type":"way","osm_id":662915882,"representative_point_method":"polygon_representative_point","role":"display_only"},"geometry":{"type":"Point","coordinates":[69.220733,41.3595163]}},{"type":"Feature","properties":{"facility_id":"ed_way_664580539","name":"Детский сад №608","education_category":"kindergarten","district_name":"Uchtepa district","district_assignment":"within","osm_type":"way","osm_id":664580539,"representative_point_method":"polygon_representative_point","role":"display_only"},"geometry":{"type":"Point","coordinates":[69.1829906,41.3163832]}},{"type":"Feature","properties":{"facility_id":"ed_way_664583689","name":"Музыкалная школа №28","education_category":"school","district_name":"Uchtepa district","district_assignment":"within","osm_type":"way","osm_id":664583689,"representative_point_method":"polygon_representative_point","role":"display_only"},"geometry":{"type":"Point","coordinates":[69.1817107,41.3168999]}},{"type":"Feature","properties":{"facility_id":"ed_way_664583690","name":"4-maktab","education_category":"school","district_name":"Uchtepa district","district_assignment":"within","osm_type":"way","osm_id":664583690,"representative_point_method":"polygon_representative_point","role":"display_only"},"geometry":{"type":"Point","coordinates":[69.1820477,41.3165703]}},{"type":"Feature","properties":{"facility_id":"ed_way_673139465","name":"Детский сад №484","education_category":"kindergarten","district_name":"Shaykhantakhur district","district_assignment":"within","osm_type":"way","osm_id":673139465,"representative_point_method":"polygon_representative_point","role":"display_only"},"geometry":{"type":"Point","coordinates":[69.2518205,41.3284837]}},{"type":"Feature","properties":{"facility_id":"ed_way_673139466","name":"№484 bolalar bog'chasi","education_category":"kindergarten","district_name":"Shaykhantakhur district","district_assignment":"within","osm_type":"way","osm_id":673139466,"representative_point_method":"polygon_representative_point","role":"display_only"},"geometry":{"type":"Point","coordinates":[69.2511069,41.3244459]}},{"type":"Feature","properties":{"facility_id":"ed_way_677863781","name":"частный детский сад","education_category":"kindergarten","district_name":"Mirzo Ulugbek district","district_assignment":"within","osm_type":"way","osm_id":677863781,"representative_point_method":"polygon_representative_point","role":"display_only"},"geometry":{"type":"Point","coordinates":[69.3023631,41.3261244]}},{"type":"Feature","properties":{"facility_id":"ed_way_685593539","name":"Школа №13","education_category":"school","district_name":"Shaykhantakhur district","district_assignment":"within","osm_type":"way","osm_id":685593539,"representative_point_method":"polygon_representative_point","role":"display_only"},"geometry":{"type":"Point","coordinates":[69.2205248,41.3094519]}},{"type":"Feature","properties":{"facility_id":"ed_way_686581620","name":"Детский сад №450","education_category":"kindergarten","district_name":"Uchtepa district","district_assignment":"within","osm_type":"way","osm_id":686581620,"representative_point_method":"polygon_representative_point","role":"display_only"},"geometry":{"type":"Point","coordinates":[69.161143,41.3215433]}},{"type":"Feature","properties":{"facility_id":"ed_way_691001183","name":"№28","education_category":"kindergarten","district_name":"Almazar district","district_assignment":"within","osm_type":"way","osm_id":691001183,"representative_point_method":"polygon_representative_point","role":"display_only"},"geometry":{"type":"Point","coordinates":[69.2501772,41.3359325]}},{"type":"Feature","properties":{"facility_id":"ed_way_693708860","name":"Школа №168","education_category":"school","district_name":"Chilanzar district","district_assignment":"within","osm_type":"way","osm_id":693708860,"representative_point_method":"polygon_representative_point","role":"display_only"},"geometry":{"type":"Point","coordinates":[69.2241637,41.2873583]}},{"type":"Feature","properties":{"facility_id":"ed_way_695530838","name":"TMC Institute Campus","education_category":"university","district_name":"Yakkasaray district","district_assignment":"within","osm_type":"way","osm_id":695530838,"representative_point_method":"polygon_representative_point","role":"display_only"},"geometry":{"type":"Point","coordinates":[69.2355053,41.2823566]}},{"type":"Feature","properties":{"facility_id":"ed_way_696154495","name":"55-Maktab","education_category":"school","district_name":"Sergeli district","district_assignment":"within","osm_type":"way","osm_id":696154495,"representative_point_method":"polygon_representative_point","role":"display_only"},"geometry":{"type":"Point","coordinates":[69.2090415,41.2289036]}},{"type":"Feature","properties":{"facility_id":"ed_way_696154496","name":"18-bolalar bog'chasi “Kamalak”","education_category":"kindergarten","district_name":"Sergeli district","district_assignment":"within","osm_type":"way","osm_id":696154496,"representative_point_method":"polygon_representative_point","role":"display_only"},"geometry":{"type":"Point","coordinates":[69.2082637,41.2297569]}},{"type":"Feature","properties":{"facility_id":"ed_way_698150963","name":"№389 bolalar bog'chasi","education_category":"kindergarten","district_name":"Mirabad district","district_assignment":"within","osm_type":"way","osm_id":698150963,"representative_point_method":"polygon_representative_point","role":"display_only"},"geometry":{"type":"Point","coordinates":[69.2717411,41.3046762]}},{"type":"Feature","properties":{"facility_id":"ed_way_700264687","name":"Детский сад №493","education_category":"kindergarten","district_name":"Mirzo Ulugbek district","district_assignment":"within","osm_type":"way","osm_id":700264687,"representative_point_method":"polygon_representative_point","role":"display_only"},"geometry":{"type":"Point","coordinates":[69.3202752,41.317671]}},{"type":"Feature","properties":{"facility_id":"ed_way_700264688","name":"Детский сад № 121","education_category":"kindergarten","district_name":"Yangikhayot district","district_assignment":"within","osm_type":"way","osm_id":700264688,"representative_point_method":"polygon_representative_point","role":"display_only"},"geometry":{"type":"Point","coordinates":[69.2149715,41.1944943]}},{"type":"Feature","properties":{"facility_id":"ed_way_703382094","name":"Quyoshcha","education_category":"kindergarten","district_name":"Bektemir district","district_assignment":"within","osm_type":"way","osm_id":703382094,"representative_point_method":"polygon_representative_point","role":"display_only"},"geometry":{"type":"Point","coordinates":[69.3517295,41.2350367]}},{"type":"Feature","properties":{"facility_id":"ed_way_706920081","name":"Детский сад №342","education_category":"kindergarten","district_name":"Shaykhantakhur district","district_assignment":"within","osm_type":"way","osm_id":706920081,"representative_point_method":"polygon_representative_point","role":"display_only"},"geometry":{"type":"Point","coordinates":[69.1974195,41.34217]}},{"type":"Feature","properties":{"facility_id":"ed_way_710700748","name":"25 maktab","education_category":"school","district_name":"Sergeli district","district_assignment":"within","osm_type":"way","osm_id":710700748,"representative_point_method":"polygon_representative_point","role":"display_only"},"geometry":{"type":"Point","coordinates":[69.2909741,41.2239682]}},{"type":"Feature","properties":{"facility_id":"ed_way_711034680","name":null,"education_category":"school","district_name":"Shaykhantakhur district","district_assignment":"within","osm_type":"way","osm_id":711034680,"representative_point_method":"polygon_representative_point","role":"display_only"},"geometry":{"type":"Point","coordinates":[69.167604,41.3419787]}},{"type":"Feature","properties":{"facility_id":"ed_way_711034681","name":null,"education_category":"school","district_name":"Shaykhantakhur district","district_assignment":"within","osm_type":"way","osm_id":711034681,"representative_point_method":"polygon_representative_point","role":"display_only"},"geometry":{"type":"Point","coordinates":[69.1675973,41.342321]}},{"type":"Feature","properties":{"facility_id":"ed_way_712978439","name":"35 MMT","education_category":"kindergarten","district_name":null,"district_assignment":"outside_analysis_districts","osm_type":"way","osm_id":712978439,"representative_point_method":"polygon_representative_point","role":"display_only"},"geometry":{"type":"Point","coordinates":[69.3195802,41.1859129]}},{"type":"Feature","properties":{"facility_id":"ed_way_717038593","name":"111-Bolalar Bog'chasi","education_category":"kindergarten","district_name":"Shaykhantakhur district","district_assignment":"within","osm_type":"way","osm_id":717038593,"representative_point_method":"polygon_representative_point","role":"display_only"},"geometry":{"type":"Point","coordinates":[69.2001149,41.3259905]}},{"type":"Feature","properties":{"facility_id":"ed_way_717038594","name":"71-Bolalar Bog'chasi","education_category":"kindergarten","district_name":"Shaykhantakhur district","district_assignment":"within","osm_type":"way","osm_id":717038594,"representative_point_method":"polygon_representative_point","role":"display_only"},"geometry":{"type":"Point","coordinates":[69.2008227,41.3254958]}},{"type":"Feature","properties":{"facility_id":"ed_way_718780632","name":"100 школа интернат","education_category":"school","district_name":"Almazar district","district_assignment":"within","osm_type":"way","osm_id":718780632,"representative_point_method":"polygon_representative_point","role":"display_only"},"geometry":{"type":"Point","coordinates":[69.2171681,41.3452499]}},{"type":"Feature","properties":{"facility_id":"ed_way_720877100","name":"Maple Bear Canadian School","education_category":"school","district_name":"Yashnabad district","district_assignment":"within","osm_type":"way","osm_id":720877100,"representative_point_method":"polygon_representative_point","role":"display_only"},"geometry":{"type":"Point","coordinates":[69.3815879,41.3312557]}},{"type":"Feature","properties":{"facility_id":"ed_way_722238247","name":"№530 bolalar bog'chasi","education_category":"kindergarten","district_name":"Yakkasaray district","district_assignment":"within","osm_type":"way","osm_id":722238247,"representative_point_method":"polygon_representative_point","role":"display_only"},"geometry":{"type":"Point","coordinates":[69.2477096,41.2874984]}},{"type":"Feature","properties":{"facility_id":"ed_way_722268301","name":null,"education_category":"kindergarten","district_name":"Chilanzar district","district_assignment":"within","osm_type":"way","osm_id":722268301,"representative_point_method":"polygon_representative_point","role":"display_only"},"geometry":{"type":"Point","coordinates":[69.1968229,41.2837467]}},{"type":"Feature","properties":{"facility_id":"ed_way_722498348","name":"детсад №432","education_category":"kindergarten","district_name":"Almazar district","district_assignment":"within","osm_type":"way","osm_id":722498348,"representative_point_method":"polygon_representative_point","role":"display_only"},"geometry":{"type":"Point","coordinates":[69.2285311,41.3569641]}},{"type":"Feature","properties":{"facility_id":"ed_way_722498349","name":"детсад №441","education_category":"kindergarten","district_name":"Almazar district","district_assignment":"within","osm_type":"way","osm_id":722498349,"representative_point_method":"polygon_representative_point","role":"display_only"},"geometry":{"type":"Point","coordinates":[69.2306936,41.3567422]}},{"type":"Feature","properties":{"facility_id":"ed_way_724287499","name":"297-maktab","education_category":"school","district_name":"Uchtepa district","district_assignment":"within","osm_type":"way","osm_id":724287499,"representative_point_method":"polygon_representative_point","role":"display_only"},"geometry":{"type":"Point","coordinates":[69.1384408,41.2821039]}},{"type":"Feature","properties":{"facility_id":"ed_way_725746912","name":"330-maktab","education_category":"school","district_name":"Yangikhayot district","district_assignment":"within","osm_type":"way","osm_id":725746912,"representative_point_method":"polygon_representative_point","role":"display_only"},"geometry":{"type":"Point","coordinates":[69.2031203,41.2239321]}},{"type":"Feature","properties":{"facility_id":"ed_way_734430750","name":"Детский сад №182 \"Кувнок Жилга\"","education_category":"kindergarten","district_name":"Almazar district","district_assignment":"within","osm_type":"way","osm_id":734430750,"representative_point_method":"polygon_representative_point","role":"display_only"},"geometry":{"type":"Point","coordinates":[69.2210472,41.3686577]}},{"type":"Feature","properties":{"facility_id":"ed_way_740716525","name":"290 bolalar bog'chasi","education_category":"kindergarten","district_name":"Mirabad district","district_assignment":"within","osm_type":"way","osm_id":740716525,"representative_point_method":"polygon_representative_point","role":"display_only"},"geometry":{"type":"Point","coordinates":[69.3048233,41.272333]}},{"type":"Feature","properties":{"facility_id":"ed_way_740957375","name":null,"education_category":"kindergarten","district_name":"Bektemir district","district_assignment":"within","osm_type":"way","osm_id":740957375,"representative_point_method":"polygon_representative_point","role":"display_only"},"geometry":{"type":"Point","coordinates":[69.3481168,41.2383325]}},{"type":"Feature","properties":{"facility_id":"ed_way_744561308","name":"63-maktab","education_category":"school","district_name":"Yunusabad district","district_assignment":"within","osm_type":"way","osm_id":744561308,"representative_point_method":"polygon_representative_point","role":"display_only"},"geometry":{"type":"Point","coordinates":[69.2862563,41.3519893]}},{"type":"Feature","properties":{"facility_id":"ed_way_776293418","name":"Детсад №289 \"Табассум\"","education_category":"kindergarten","district_name":"Chilanzar district","district_assignment":"within","osm_type":"way","osm_id":776293418,"representative_point_method":"polygon_representative_point","role":"display_only"},"geometry":{"type":"Point","coordinates":[69.2006616,41.2863728]}},{"type":"Feature","properties":{"facility_id":"ed_way_783158059","name":"Босс Бэби","education_category":"kindergarten","district_name":"Sergeli district","district_assignment":"within","osm_type":"way","osm_id":783158059,"representative_point_method":"polygon_representative_point","role":"display_only"},"geometry":{"type":"Point","coordinates":[69.2353423,41.2143992]}},{"type":"Feature","properties":{"facility_id":"ed_way_798103074","name":"115 maktab","education_category":"school","district_name":"Shaykhantakhur district","district_assignment":"within","osm_type":"way","osm_id":798103074,"representative_point_method":"polygon_representative_point","role":"display_only"},"geometry":{"type":"Point","coordinates":[69.2612595,41.3268359]}},{"type":"Feature","properties":{"facility_id":"ed_way_805982827","name":"Yuqorichirchiq tumani 25-maktab","education_category":"school","district_name":null,"district_assignment":"outside_analysis_districts","osm_type":"way","osm_id":805982827,"representative_point_method":"polygon_representative_point","role":"display_only"},"geometry":{"type":"Point","coordinates":[69.4970361,41.2337337]}},{"type":"Feature","properties":{"facility_id":"ed_way_808003716","name":"Westminster International School of Tashkent","education_category":"school","district_name":"Mirzo Ulugbek district","district_assignment":"within","osm_type":"way","osm_id":808003716,"representative_point_method":"polygon_representative_point","role":"display_only"},"geometry":{"type":"Point","coordinates":[69.3174464,41.337016]}},{"type":"Feature","properties":{"facility_id":"ed_way_814051378","name":null,"education_category":"kindergarten","district_name":"Sergeli district","district_assignment":"within","osm_type":"way","osm_id":814051378,"representative_point_method":"polygon_representative_point","role":"display_only"},"geometry":{"type":"Point","coordinates":[69.2652387,41.2153515]}},{"type":"Feature","properties":{"facility_id":"ed_way_823757922","name":"TANZILAND bolalar bog'chasi","education_category":"kindergarten","district_name":"Mirzo Ulugbek district","district_assignment":"within","osm_type":"way","osm_id":823757922,"representative_point_method":"polygon_representative_point","role":"display_only"},"geometry":{"type":"Point","coordinates":[69.3119513,41.32273]}},{"type":"Feature","properties":{"facility_id":"ed_way_825345705","name":"maktab 337","education_category":"school","district_name":"Bektemir district","district_assignment":"within","osm_type":"way","osm_id":825345705,"representative_point_method":"polygon_representative_point","role":"display_only"},"geometry":{"type":"Point","coordinates":[69.3045048,41.2159064]}},{"type":"Feature","properties":{"facility_id":"ed_way_833543628","name":null,"education_category":"kindergarten","district_name":"Yashnabad district","district_assignment":"within","osm_type":"way","osm_id":833543628,"representative_point_method":"polygon_representative_point","role":"display_only"},"geometry":{"type":"Point","coordinates":[69.353906,41.2842379]}},{"type":"Feature","properties":{"facility_id":"ed_way_833551221","name":null,"education_category":"kindergarten","district_name":"Yashnabad district","district_assignment":"within","osm_type":"way","osm_id":833551221,"representative_point_method":"polygon_representative_point","role":"display_only"},"geometry":{"type":"Point","coordinates":[69.3544368,41.2833193]}},{"type":"Feature","properties":{"facility_id":"ed_way_834603241","name":null,"education_category":"kindergarten","district_name":"Shaykhantakhur district","district_assignment":"within","osm_type":"way","osm_id":834603241,"representative_point_method":"polygon_representative_point","role":"display_only"},"geometry":{"type":"Point","coordinates":[69.2642538,41.3425572]}},{"type":"Feature","properties":{"facility_id":"ed_way_863500133","name":"38 maktab","education_category":"school","district_name":"Yashnabad district","district_assignment":"within","osm_type":"way","osm_id":863500133,"representative_point_method":"polygon_representative_point","role":"display_only"},"geometry":{"type":"Point","coordinates":[69.4396494,41.333928]}},{"type":"Feature","properties":{"facility_id":"ed_way_863721403","name":"1-maktab","education_category":"school","district_name":"Almazar district","district_assignment":"within","osm_type":"way","osm_id":863721403,"representative_point_method":"polygon_representative_point","role":"display_only"},"geometry":{"type":"Point","coordinates":[69.2297702,41.329781]}},{"type":"Feature","properties":{"facility_id":"ed_way_886118706","name":"Botir Zokirov nomidagi Milliy estrada san'ati instituti","education_category":"university","district_name":"Shaykhantakhur district","district_assignment":"within","osm_type":"way","osm_id":886118706,"representative_point_method":"polygon_representative_point","role":"display_only"},"geometry":{"type":"Point","coordinates":[69.2570167,41.3147002]}},{"type":"Feature","properties":{"facility_id":"ed_way_890008492","name":"329-maktab","education_category":"school","district_name":"Yangikhayot district","district_assignment":"within","osm_type":"way","osm_id":890008492,"representative_point_method":"polygon_representative_point","role":"display_only"},"geometry":{"type":"Point","coordinates":[69.2036287,41.2227051]}},{"type":"Feature","properties":{"facility_id":"ed_way_891209944","name":"«Baxtli bolalik» 44-MTT","education_category":"kindergarten","district_name":"Yangikhayot district","district_assignment":"within","osm_type":"way","osm_id":891209944,"representative_point_method":"polygon_representative_point","role":"display_only"},"geometry":{"type":"Point","coordinates":[69.2012889,41.2214625]}},{"type":"Feature","properties":{"facility_id":"ed_way_894828828","name":"Школа-интернат им. Мирзо Улугбека","education_category":"school","district_name":"Yunusabad district","district_assignment":"within","osm_type":"way","osm_id":894828828,"representative_point_method":"polygon_representative_point","role":"display_only"},"geometry":{"type":"Point","coordinates":[69.2941486,41.3293045]}},{"type":"Feature","properties":{"facility_id":"ed_way_914898930","name":"262 bolalar bog'chasi","education_category":"kindergarten","district_name":"Chilanzar district","district_assignment":"within","osm_type":"way","osm_id":914898930,"representative_point_method":"polygon_representative_point","role":"display_only"},"geometry":{"type":"Point","coordinates":[69.1884764,41.269674]}},{"type":"Feature","properties":{"facility_id":"ed_way_915518595","name":"Toshkent shahridagi prezident maktabi","education_category":"school","district_name":"Mirzo Ulugbek district","district_assignment":"within","osm_type":"way","osm_id":915518595,"representative_point_method":"polygon_representative_point","role":"display_only"},"geometry":{"type":"Point","coordinates":[69.3422259,41.3380722]}},{"type":"Feature","properties":{"facility_id":"ed_way_930507172","name":"Sog`lomjon (детский сад №250)","education_category":"kindergarten","district_name":"Yakkasaray district","district_assignment":"within","osm_type":"way","osm_id":930507172,"representative_point_method":"polygon_representative_point","role":"display_only"},"geometry":{"type":"Point","coordinates":[69.2607423,41.3013795]}},{"type":"Feature","properties":{"facility_id":"ed_way_963615708","name":null,"education_category":"kindergarten","district_name":"Yakkasaray district","district_assignment":"within","osm_type":"way","osm_id":963615708,"representative_point_method":"polygon_representative_point","role":"display_only"},"geometry":{"type":"Point","coordinates":[69.2646347,41.2967788]}},{"type":"Feature","properties":{"facility_id":"ed_way_964568091","name":"96-Maktab","education_category":"school","district_name":"Yunusabad district","district_assignment":"within","osm_type":"way","osm_id":964568091,"representative_point_method":"polygon_representative_point","role":"display_only"},"geometry":{"type":"Point","coordinates":[69.2753739,41.3490233]}},{"type":"Feature","properties":{"facility_id":"ed_way_973051181","name":"Sehrli Kamalak","education_category":"kindergarten","district_name":"Almazar district","district_assignment":"within","osm_type":"way","osm_id":973051181,"representative_point_method":"polygon_representative_point","role":"display_only"},"geometry":{"type":"Point","coordinates":[69.2550319,41.3476749]}},{"type":"Feature","properties":{"facility_id":"ed_way_983835059","name":"Quyosh bog'chasi","education_category":"kindergarten","district_name":"Yunusabad district","district_assignment":"within","osm_type":"way","osm_id":983835059,"representative_point_method":"polygon_representative_point","role":"display_only"},"geometry":{"type":"Point","coordinates":[69.2763832,41.3478136]}},{"type":"Feature","properties":{"facility_id":"ed_way_987646473","name":"Bolalar bog'chasi","education_category":"kindergarten","district_name":"Bektemir district","district_assignment":"within","osm_type":"way","osm_id":987646473,"representative_point_method":"polygon_representative_point","role":"display_only"},"geometry":{"type":"Point","coordinates":[69.3042867,41.2142922]}},{"type":"Feature","properties":{"facility_id":"ed_way_989735684","name":"Детский сад №215 \"Клубничка\"","education_category":"kindergarten","district_name":"Chilanzar district","district_assignment":"within","osm_type":"way","osm_id":989735684,"representative_point_method":"polygon_representative_point","role":"display_only"},"geometry":{"type":"Point","coordinates":[69.2245271,41.279671]}},{"type":"Feature","properties":{"facility_id":"ed_way_989735685","name":"Детский сад №261","education_category":"kindergarten","district_name":"Chilanzar district","district_assignment":"within","osm_type":"way","osm_id":989735685,"representative_point_method":"polygon_representative_point","role":"display_only"},"geometry":{"type":"Point","coordinates":[69.2211001,41.2801161]}},{"type":"Feature","properties":{"facility_id":"ed_way_996855006","name":"Toshkent imtihon markazi","education_category":"school","district_name":"Yangikhayot district","district_assignment":"within","osm_type":"way","osm_id":996855006,"representative_point_method":"polygon_representative_point","role":"display_only"},"geometry":{"type":"Point","coordinates":[69.2436292,41.2063206]}},{"type":"Feature","properties":{"facility_id":"ed_way_997330827","name":"331-maktab","education_category":"school","district_name":"Yangikhayot district","district_assignment":"within","osm_type":"way","osm_id":997330827,"representative_point_method":"polygon_representative_point","role":"display_only"},"geometry":{"type":"Point","coordinates":[69.1986655,41.2110885]}},{"type":"Feature","properties":{"facility_id":"ed_way_999048795","name":"Toshkent Kimyo xalqaro universiteti","education_category":"university","district_name":"Yakkasaray district","district_assignment":"within","osm_type":"way","osm_id":999048795,"representative_point_method":"polygon_representative_point","role":"display_only"},"geometry":{"type":"Point","coordinates":[69.2208092,41.258069]}},{"type":"Feature","properties":{"facility_id":"ed_way_1008853646","name":"Toshkent Amaliy Fanlar Universiteti","education_category":"university","district_name":"Mirabad district","district_assignment":"within","osm_type":"way","osm_id":1008853646,"representative_point_method":"polygon_representative_point","role":"display_only"},"geometry":{"type":"Point","coordinates":[69.3230559,41.2503514]}},{"type":"Feature","properties":{"facility_id":"ed_way_1031957069","name":"Central Asian University","education_category":"university","district_name":"Yashnabad district","district_assignment":"within","osm_type":"way","osm_id":1031957069,"representative_point_method":"polygon_representative_point","role":"display_only"},"geometry":{"type":"Point","coordinates":[69.4278325,41.32764]}},{"type":"Feature","properties":{"facility_id":"ed_way_1039511418","name":"Profi School","education_category":"school","district_name":"Mirabad district","district_assignment":"within","osm_type":"way","osm_id":1039511418,"representative_point_method":"polygon_representative_point","role":"display_only"},"geometry":{"type":"Point","coordinates":[69.2975952,41.284315]}},{"type":"Feature","properties":{"facility_id":"ed_way_1049882732","name":"Остров детства","education_category":"kindergarten","district_name":"Mirzo Ulugbek district","district_assignment":"within","osm_type":"way","osm_id":1049882732,"representative_point_method":"polygon_representative_point","role":"display_only"},"geometry":{"type":"Point","coordinates":[69.3419502,41.3329189]}},{"type":"Feature","properties":{"facility_id":"ed_way_1054674517","name":"42-sonli umumta'lim maktabi","education_category":"school","district_name":"Almazar district","district_assignment":"within","osm_type":"way","osm_id":1054674517,"representative_point_method":"polygon_representative_point","role":"display_only"},"geometry":{"type":"Point","coordinates":[69.2434078,41.3263534]}},{"type":"Feature","properties":{"facility_id":"ed_way_1054674522","name":"Abdulla Qodiriy nomidagi ijod maktabi","education_category":"school","district_name":"Almazar district","district_assignment":"within","osm_type":"way","osm_id":1054674522,"representative_point_method":"polygon_representative_point","role":"display_only"},"geometry":{"type":"Point","coordinates":[69.2422932,41.3300057]}},{"type":"Feature","properties":{"facility_id":"ed_way_1054961276","name":"Qori Niyoziy nomidagi pedagogika ilmiy-tadqiqot instituti","education_category":"university","district_name":"Chilanzar district","district_assignment":"within","osm_type":"way","osm_id":1054961276,"representative_point_method":"polygon_representative_point","role":"display_only"},"geometry":{"type":"Point","coordinates":[69.246761,41.3024351]}},{"type":"Feature","properties":{"facility_id":"ed_way_1056268205","name":"Invento xalqaro maktabi","education_category":"school","district_name":"Shaykhantakhur district","district_assignment":"within","osm_type":"way","osm_id":1056268205,"representative_point_method":"polygon_representative_point","role":"display_only"},"geometry":{"type":"Point","coordinates":[69.2435788,41.3193727]}},{"type":"Feature","properties":{"facility_id":"ed_way_1071184143","name":"Alisher Navoiy nomidagi Toshkent davlat o'zbek tili va adabiyoti universiteti","education_category":"university","district_name":"Yakkasaray district","district_assignment":"within","osm_type":"way","osm_id":1071184143,"representative_point_method":"polygon_representative_point","role":"display_only"},"geometry":{"type":"Point","coordinates":[69.254231,41.2934641]}},{"type":"Feature","properties":{"facility_id":"ed_way_1083856395","name":"23-maktab","education_category":"school","district_name":"Sergeli district","district_assignment":"within","osm_type":"way","osm_id":1083856395,"representative_point_method":"polygon_representative_point","role":"display_only"},"geometry":{"type":"Point","coordinates":[69.2299037,41.2360417]}},{"type":"Feature","properties":{"facility_id":"ed_way_1083906846","name":"26-maktab","education_category":"school","district_name":"Sergeli district","district_assignment":"within","osm_type":"way","osm_id":1083906846,"representative_point_method":"polygon_representative_point","role":"display_only"},"geometry":{"type":"Point","coordinates":[69.2801834,41.2290458]}},{"type":"Feature","properties":{"facility_id":"ed_way_1084068824","name":"41-maktab","education_category":"school","district_name":"Yangikhayot district","district_assignment":"within","osm_type":"way","osm_id":1084068824,"representative_point_method":"polygon_representative_point","role":"display_only"},"geometry":{"type":"Point","coordinates":[69.1853298,41.2082426]}},{"type":"Feature","properties":{"facility_id":"ed_way_1084342006","name":"Yuqorichirchiq tumani 2-maktab","education_category":"school","district_name":null,"district_assignment":"outside_analysis_districts","osm_type":"way","osm_id":1084342006,"representative_point_method":"polygon_representative_point","role":"display_only"},"geometry":{"type":"Point","coordinates":[69.4544687,41.2321458]}},{"type":"Feature","properties":{"facility_id":"ed_way_1084345515","name":"Yuqorichirchiq tumani 8-maktab","education_category":"school","district_name":null,"district_assignment":"outside_analysis_districts","osm_type":"way","osm_id":1084345515,"representative_point_method":"polygon_representative_point","role":"display_only"},"geometry":{"type":"Point","coordinates":[69.5032627,41.2098376]}},{"type":"Feature","properties":{"facility_id":"ed_way_1084346259","name":"Yuqorichirchiq tumani 12-maktab","education_category":"school","district_name":null,"district_assignment":"outside_analysis_districts","osm_type":"way","osm_id":1084346259,"representative_point_method":"polygon_representative_point","role":"display_only"},"geometry":{"type":"Point","coordinates":[69.5102244,41.27587]}},{"type":"Feature","properties":{"facility_id":"ed_way_1084346325","name":"Yuqorichirchiq tumani 13-maktab","education_category":"school","district_name":null,"district_assignment":"outside_analysis_districts","osm_type":"way","osm_id":1084346325,"representative_point_method":"polygon_representative_point","role":"display_only"},"geometry":{"type":"Point","coordinates":[69.4062236,41.2244514]}},{"type":"Feature","properties":{"facility_id":"ed_way_1084346339","name":"Yuqorichirchiq tumani 15-maktab","education_category":"school","district_name":null,"district_assignment":"outside_analysis_districts","osm_type":"way","osm_id":1084346339,"representative_point_method":"polygon_representative_point","role":"display_only"},"geometry":{"type":"Point","coordinates":[69.4712727,41.1882184]}},{"type":"Feature","properties":{"facility_id":"ed_way_1084346428","name":"Yuqorichirchiq tumani 16-maktab","education_category":"school","district_name":null,"district_assignment":"outside_analysis_districts","osm_type":"way","osm_id":1084346428,"representative_point_method":"polygon_representative_point","role":"display_only"},"geometry":{"type":"Point","coordinates":[69.4792595,41.2436704]}},{"type":"Feature","properties":{"facility_id":"ed_way_1084346734","name":"Yuqorichirchiq tumani 18-maktab","education_category":"school","district_name":null,"district_assignment":"outside_analysis_districts","osm_type":"way","osm_id":1084346734,"representative_point_method":"polygon_representative_point","role":"display_only"},"geometry":{"type":"Point","coordinates":[69.4474132,41.2776093]}},{"type":"Feature","properties":{"facility_id":"ed_way_1084347074","name":"Yuqorichirchiq tumani 20-maktab","education_category":"school","district_name":null,"district_assignment":"outside_analysis_districts","osm_type":"way","osm_id":1084347074,"representative_point_method":"polygon_representative_point","role":"display_only"},"geometry":{"type":"Point","coordinates":[69.4030581,41.2539127]}},{"type":"Feature","properties":{"facility_id":"ed_way_1084347282","name":"Yuqorichirchiq tumani 21-maktab","education_category":"school","district_name":null,"district_assignment":"outside_analysis_districts","osm_type":"way","osm_id":1084347282,"representative_point_method":"polygon_representative_point","role":"display_only"},"geometry":{"type":"Point","coordinates":[69.4159322,41.1971214]}},{"type":"Feature","properties":{"facility_id":"ed_way_1084347433","name":"Yuqorichirchiq tumani 24-maktab","education_category":"school","district_name":null,"district_assignment":"outside_analysis_districts","osm_type":"way","osm_id":1084347433,"representative_point_method":"polygon_representative_point","role":"display_only"},"geometry":{"type":"Point","coordinates":[69.3563786,41.1836026]}},{"type":"Feature","properties":{"facility_id":"ed_way_1085844410","name":"343-maktab","education_category":"school","district_name":"Yashnabad district","district_assignment":"within","osm_type":"way","osm_id":1085844410,"representative_point_method":"polygon_representative_point","role":"display_only"},"geometry":{"type":"Point","coordinates":[69.406602,41.3330998]}},{"type":"Feature","properties":{"facility_id":"ed_way_1085858593","name":"37-maktab","education_category":"school","district_name":"Yashnabad district","district_assignment":"within","osm_type":"way","osm_id":1085858593,"representative_point_method":"polygon_representative_point","role":"display_only"},"geometry":{"type":"Point","coordinates":[69.3907781,41.2900214]}},{"type":"Feature","properties":{"facility_id":"ed_way_1087793954","name":"O'rtachirchiq tumani 38-maktab","education_category":"school","district_name":null,"district_assignment":"outside_analysis_districts","osm_type":"way","osm_id":1087793954,"representative_point_method":"polygon_representative_point","role":"display_only"},"geometry":{"type":"Point","coordinates":[69.3175907,41.1864474]}},{"type":"Feature","properties":{"facility_id":"ed_way_1087794687","name":"45-maktab","education_category":"school","district_name":"Yangikhayot district","district_assignment":"within","osm_type":"way","osm_id":1087794687,"representative_point_method":"polygon_representative_point","role":"display_only"},"geometry":{"type":"Point","coordinates":[69.2962823,41.18123]}},{"type":"Feature","properties":{"facility_id":"ed_way_1090739246","name":"9-maktab","education_category":"school","district_name":"Bektemir district","district_assignment":"within","osm_type":"way","osm_id":1090739246,"representative_point_method":"polygon_representative_point","role":"display_only"},"geometry":{"type":"Point","coordinates":[69.3237144,41.2159878]}},{"type":"Feature","properties":{"facility_id":"ed_way_1104739917","name":"Детский сад #100","education_category":"kindergarten","district_name":"Yakkasaray district","district_assignment":"within","osm_type":"way","osm_id":1104739917,"representative_point_method":"polygon_representative_point","role":"display_only"},"geometry":{"type":"Point","coordinates":[69.2576418,41.2833118]}},{"type":"Feature","properties":{"facility_id":"ed_way_1135409460","name":null,"education_category":"kindergarten","district_name":"Almazar district","district_assignment":"within","osm_type":"way","osm_id":1135409460,"representative_point_method":"polygon_representative_point","role":"display_only"},"geometry":{"type":"Point","coordinates":[69.2307455,41.3447623]}},{"type":"Feature","properties":{"facility_id":"ed_way_1138671891","name":"102-chi sonli bolalar bog`chasi","education_category":"kindergarten","district_name":"Almazar district","district_assignment":"within","osm_type":"way","osm_id":1138671891,"representative_point_method":"polygon_representative_point","role":"display_only"},"geometry":{"type":"Point","coordinates":[69.2320594,41.3347281]}},{"type":"Feature","properties":{"facility_id":"ed_way_1146441238","name":"88-chi sonli bolalar bog`chasi","education_category":"kindergarten","district_name":"Almazar district","district_assignment":"within","osm_type":"way","osm_id":1146441238,"representative_point_method":"polygon_representative_point","role":"display_only"},"geometry":{"type":"Point","coordinates":[69.2248297,41.3353371]}},{"type":"Feature","properties":{"facility_id":"ed_way_1150864578","name":"65-chi sonli bolalar bog`chasi","education_category":"kindergarten","district_name":"Almazar district","district_assignment":"within","osm_type":"way","osm_id":1150864578,"representative_point_method":"polygon_representative_point","role":"display_only"},"geometry":{"type":"Point","coordinates":[69.1980663,41.3692451]}},{"type":"Feature","properties":{"facility_id":"ed_way_1154762660","name":"TDIU Akademik litseyi","education_category":"school","district_name":"Chilanzar district","district_assignment":"within","osm_type":"way","osm_id":1154762660,"representative_point_method":"polygon_representative_point","role":"display_only"},"geometry":{"type":"Point","coordinates":[69.2473024,41.3072018]}},{"type":"Feature","properties":{"facility_id":"ed_way_1159656749","name":"363-chi sonli bolalar bog`chasi","education_category":"kindergarten","district_name":"Chilanzar district","district_assignment":"within","osm_type":"way","osm_id":1159656749,"representative_point_method":"polygon_representative_point","role":"display_only"},"geometry":{"type":"Point","coordinates":[69.1992398,41.2842283]}},{"type":"Feature","properties":{"facility_id":"ed_way_1160417219","name":"536-chi sonli bolalar bog`chasi","education_category":"kindergarten","district_name":"Chilanzar district","district_assignment":"within","osm_type":"way","osm_id":1160417219,"representative_point_method":"polygon_representative_point","role":"display_only"},"geometry":{"type":"Point","coordinates":[69.1824501,41.2696917]}},{"type":"Feature","properties":{"facility_id":"ed_way_1166114071","name":"270-chi sonli o`rta umumiy ta`lim maktabi","education_category":"school","district_name":"Chilanzar district","district_assignment":"within","osm_type":"way","osm_id":1166114071,"representative_point_method":"polygon_representative_point","role":"display_only"},"geometry":{"type":"Point","coordinates":[69.1717572,41.2374733]}},{"type":"Feature","properties":{"facility_id":"ed_way_1176273883","name":"167-chi sonli bolalar bog`chasi","education_category":"kindergarten","district_name":"Chilanzar district","district_assignment":"within","osm_type":"way","osm_id":1176273883,"representative_point_method":"polygon_representative_point","role":"display_only"},"geometry":{"type":"Point","coordinates":[69.2070803,41.2588451]}},{"type":"Feature","properties":{"facility_id":"ed_way_1180065031","name":"439-chi sonli bolalar bog`chasi","education_category":"kindergarten","district_name":"Chilanzar district","district_assignment":"within","osm_type":"way","osm_id":1180065031,"representative_point_method":"polygon_representative_point","role":"display_only"},"geometry":{"type":"Point","coordinates":[69.2019004,41.2611433]}},{"type":"Feature","properties":{"facility_id":"ed_way_1184436491","name":"37 Sonli bolalar bog`chasi","education_category":"kindergarten","district_name":"Chilanzar district","district_assignment":"within","osm_type":"way","osm_id":1184436491,"representative_point_method":"polygon_representative_point","role":"display_only"},"geometry":{"type":"Point","coordinates":[69.2112959,41.2555888]}},{"type":"Feature","properties":{"facility_id":"ed_way_1189818538","name":"Clever Junior","education_category":"kindergarten","district_name":"Chilanzar district","district_assignment":"within","osm_type":"way","osm_id":1189818538,"representative_point_method":"polygon_representative_point","role":"display_only"},"geometry":{"type":"Point","coordinates":[69.2306535,41.2903712]}},{"type":"Feature","properties":{"facility_id":"ed_way_1196778089","name":"Oriental Private School","education_category":"school","district_name":"Shaykhantakhur district","district_assignment":"within","osm_type":"way","osm_id":1196778089,"representative_point_method":"polygon_representative_point","role":"display_only"},"geometry":{"type":"Point","coordinates":[69.2649398,41.3390139]}},{"type":"Feature","properties":{"facility_id":"ed_way_1196790677","name":null,"education_category":"kindergarten","district_name":null,"district_assignment":"outside_analysis_districts","osm_type":"way","osm_id":1196790677,"representative_point_method":"polygon_representative_point","role":"display_only"},"geometry":{"type":"Point","coordinates":[69.3267617,41.1805653]}},{"type":"Feature","properties":{"facility_id":"ed_way_1198042179","name":null,"education_category":"kindergarten","district_name":"Bektemir district","district_assignment":"within","osm_type":"way","osm_id":1198042179,"representative_point_method":"polygon_representative_point","role":"display_only"},"geometry":{"type":"Point","coordinates":[69.3723581,41.2482471]}},{"type":"Feature","properties":{"facility_id":"ed_way_1210854847","name":"Школа №332","education_category":"school","district_name":"Yangikhayot district","district_assignment":"within","osm_type":"way","osm_id":1210854847,"representative_point_method":"polygon_representative_point","role":"display_only"},"geometry":{"type":"Point","coordinates":[69.1954473,41.2125755]}},{"type":"Feature","properties":{"facility_id":"ed_way_1210854848","name":"49-bolalar bog'chasi","education_category":"kindergarten","district_name":"Yangikhayot district","district_assignment":"within","osm_type":"way","osm_id":1210854848,"representative_point_method":"polygon_representative_point","role":"display_only"},"geometry":{"type":"Point","coordinates":[69.1995228,41.2128298]}},{"type":"Feature","properties":{"facility_id":"ed_way_1210854849","name":"-bolalar bog'chasi","education_category":"kindergarten","district_name":"Yangikhayot district","district_assignment":"within","osm_type":"way","osm_id":1210854849,"representative_point_method":"polygon_representative_point","role":"display_only"},"geometry":{"type":"Point","coordinates":[69.1972614,41.2149565]}},{"type":"Feature","properties":{"facility_id":"ed_way_1211520834","name":"21-chi sonli bolalar bog`chasi","education_category":"kindergarten","district_name":"Shaykhantakhur district","district_assignment":"within","osm_type":"way","osm_id":1211520834,"representative_point_method":"polygon_representative_point","role":"display_only"},"geometry":{"type":"Point","coordinates":[69.2541753,41.332851]}},{"type":"Feature","properties":{"facility_id":"ed_way_1212686630","name":"Школа №303","education_category":"school","district_name":"Yangikhayot district","district_assignment":"within","osm_type":"way","osm_id":1212686630,"representative_point_method":"polygon_representative_point","role":"display_only"},"geometry":{"type":"Point","coordinates":[69.1833532,41.2236218]}},{"type":"Feature","properties":{"facility_id":"ed_way_1215885914","name":"Школа №243","education_category":"school","district_name":"Almazar district","district_assignment":"within","osm_type":"way","osm_id":1215885914,"representative_point_method":"polygon_representative_point","role":"display_only"},"geometry":{"type":"Point","coordinates":[69.2104799,41.3698438]}},{"type":"Feature","properties":{"facility_id":"ed_way_1215886061","name":"Школа №196","education_category":"school","district_name":"Almazar district","district_assignment":"within","osm_type":"way","osm_id":1215886061,"representative_point_method":"polygon_representative_point","role":"display_only"},"geometry":{"type":"Point","coordinates":[69.2191339,41.3600398]}},{"type":"Feature","properties":{"facility_id":"ed_way_1218026860","name":"412-chi sonli bolalar bog`chasi","education_category":"kindergarten","district_name":"Shaykhantakhur district","district_assignment":"within","osm_type":"way","osm_id":1218026860,"representative_point_method":"polygon_representative_point","role":"display_only"},"geometry":{"type":"Point","coordinates":[69.2591387,41.3267479]}},{"type":"Feature","properties":{"facility_id":"ed_way_1218041213","name":"Школа №183","education_category":"school","district_name":"Chilanzar district","district_assignment":"within","osm_type":"way","osm_id":1218041213,"representative_point_method":"polygon_representative_point","role":"display_only"},"geometry":{"type":"Point","coordinates":[69.2037551,41.2921663]}},{"type":"Feature","properties":{"facility_id":"ed_way_1218448790","name":null,"education_category":"school","district_name":"Shaykhantakhur district","district_assignment":"within","osm_type":"way","osm_id":1218448790,"representative_point_method":"polygon_representative_point","role":"display_only"},"geometry":{"type":"Point","coordinates":[69.2569266,41.3289575]}},{"type":"Feature","properties":{"facility_id":"ed_way_1221934340","name":"Школа №189","education_category":"school","district_name":"Uchtepa district","district_assignment":"within","osm_type":"way","osm_id":1221934340,"representative_point_method":"polygon_representative_point","role":"display_only"},"geometry":{"type":"Point","coordinates":[69.1874932,41.2803653]}},{"type":"Feature","properties":{"facility_id":"ed_way_1243661408","name":"Tashkent Perfect University","education_category":"university","district_name":"Almazar district","district_assignment":"within","osm_type":"way","osm_id":1243661408,"representative_point_method":"polygon_representative_point","role":"display_only"},"geometry":{"type":"Point","coordinates":[69.2400992,41.3292039]}},{"type":"Feature","properties":{"facility_id":"ed_way_1245549200","name":"497-chi sonli bolalar bog`chasi","education_category":"kindergarten","district_name":"Shaykhantakhur district","district_assignment":"within","osm_type":"way","osm_id":1245549200,"representative_point_method":"polygon_representative_point","role":"display_only"},"geometry":{"type":"Point","coordinates":[69.2303551,41.3193536]}},{"type":"Feature","properties":{"facility_id":"ed_way_1291765530","name":"237-sonli Bolalar Bog'chasi","education_category":"kindergarten","district_name":"Yashnabad district","district_assignment":"within","osm_type":"way","osm_id":1291765530,"representative_point_method":"polygon_representative_point","role":"display_only"},"geometry":{"type":"Point","coordinates":[69.3429838,41.283085]}},{"type":"Feature","properties":{"facility_id":"ed_way_1291765532","name":"165-sonli Bolalar Bog'chasi","education_category":"kindergarten","district_name":"Yashnabad district","district_assignment":"within","osm_type":"way","osm_id":1291765532,"representative_point_method":"polygon_representative_point","role":"display_only"},"geometry":{"type":"Point","coordinates":[69.345385,41.2841668]}},{"type":"Feature","properties":{"facility_id":"ed_way_1309207210","name":"British Managment University","education_category":"university","district_name":"Yashnabad district","district_assignment":"within","osm_type":"way","osm_id":1309207210,"representative_point_method":"polygon_representative_point","role":"display_only"},"geometry":{"type":"Point","coordinates":[69.3803693,41.3296435]}},{"type":"Feature","properties":{"facility_id":"ed_way_1312468407","name":"Olmazor ixtisoslashtirilgan maktab","education_category":"school","district_name":"Almazar district","district_assignment":"within","osm_type":"way","osm_id":1312468407,"representative_point_method":"polygon_representative_point","role":"display_only"},"geometry":{"type":"Point","coordinates":[69.2482415,41.335166]}},{"type":"Feature","properties":{"facility_id":"ed_way_1323491687","name":"Bucheon University in Tashkent (IT kampus)","education_category":"college","district_name":"Mirzo Ulugbek district","district_assignment":"within","osm_type":"way","osm_id":1323491687,"representative_point_method":"polygon_representative_point","role":"display_only"},"geometry":{"type":"Point","coordinates":[69.2830171,41.3130831]}},{"type":"Feature","properties":{"facility_id":"ed_way_1323491688","name":"50-maktab","education_category":"school","district_name":"Mirzo Ulugbek district","district_assignment":"within","osm_type":"way","osm_id":1323491688,"representative_point_method":"polygon_representative_point","role":"display_only"},"geometry":{"type":"Point","coordinates":[69.2826359,41.313834]}},{"type":"Feature","properties":{"facility_id":"ed_way_1328792950","name":"Sarbon universiteti","education_category":"university","district_name":"Almazar district","district_assignment":"within","osm_type":"way","osm_id":1328792950,"representative_point_method":"polygon_representative_point","role":"display_only"},"geometry":{"type":"Point","coordinates":[69.2264255,41.3603811]}},{"type":"Feature","properties":{"facility_id":"ed_way_1353460152","name":"Детский сад №1","education_category":"kindergarten","district_name":"Yakkasaray district","district_assignment":"within","osm_type":"way","osm_id":1353460152,"representative_point_method":"polygon_representative_point","role":"display_only"},"geometry":{"type":"Point","coordinates":[69.2624974,41.2912635]}},{"type":"Feature","properties":{"facility_id":"ed_way_1356014790","name":"Детский сад №323","education_category":"kindergarten","district_name":"Yakkasaray district","district_assignment":"within","osm_type":"way","osm_id":1356014790,"representative_point_method":"polygon_representative_point","role":"display_only"},"geometry":{"type":"Point","coordinates":[69.2583111,41.3045415]}},{"type":"Feature","properties":{"facility_id":"ed_way_1372724459","name":"Детсад №475 \"Севинч\"","education_category":"kindergarten","district_name":"Chilanzar district","district_assignment":"within","osm_type":"way","osm_id":1372724459,"representative_point_method":"polygon_representative_point","role":"display_only"},"geometry":{"type":"Point","coordinates":[69.2059692,41.2837623]}},{"type":"Feature","properties":{"facility_id":"ed_way_1376324530","name":"102-maktab","education_category":"school","district_name":"Shaykhantakhur district","district_assignment":"within","osm_type":"way","osm_id":1376324530,"representative_point_method":"polygon_representative_point","role":"display_only"},"geometry":{"type":"Point","coordinates":[69.2203275,41.3295823]}},{"type":"Feature","properties":{"facility_id":"ed_way_1376531428","name":"Детский сад №27","education_category":"kindergarten","district_name":"Shaykhantakhur district","district_assignment":"within","osm_type":"way","osm_id":1376531428,"representative_point_method":"polygon_representative_point","role":"display_only"},"geometry":{"type":"Point","coordinates":[69.2192236,41.3278529]}},{"type":"Feature","properties":{"facility_id":"ed_way_1376854583","name":"Детский сад №293","education_category":"kindergarten","district_name":"Shaykhantakhur district","district_assignment":"within","osm_type":"way","osm_id":1376854583,"representative_point_method":"polygon_representative_point","role":"display_only"},"geometry":{"type":"Point","coordinates":[69.2061653,41.3346595]}},{"type":"Feature","properties":{"facility_id":"ed_way_1377023154","name":"98-bolalar Bog'chasi","education_category":"kindergarten","district_name":"Mirzo Ulugbek district","district_assignment":"within","osm_type":"way","osm_id":1377023154,"representative_point_method":"polygon_representative_point","role":"display_only"},"geometry":{"type":"Point","coordinates":[69.3916156,41.3576068]}},{"type":"Feature","properties":{"facility_id":"ed_way_1378047001","name":"Детский сад №286 \"Навруз\"","education_category":"kindergarten","district_name":"Chilanzar district","district_assignment":"within","osm_type":"way","osm_id":1378047001,"representative_point_method":"polygon_representative_point","role":"display_only"},"geometry":{"type":"Point","coordinates":[69.2083541,41.2965454]}},{"type":"Feature","properties":{"facility_id":"ed_way_1378047002","name":"Детский сад №287 \"Куёш Жажжилари\"","education_category":"kindergarten","district_name":"Chilanzar district","district_assignment":"within","osm_type":"way","osm_id":1378047002,"representative_point_method":"polygon_representative_point","role":"display_only"},"geometry":{"type":"Point","coordinates":[69.2075087,41.2964948]}},{"type":"Feature","properties":{"facility_id":"ed_way_1382050809","name":"Школа №2","education_category":"school","district_name":"Yangikhayot district","district_assignment":"within","osm_type":"way","osm_id":1382050809,"representative_point_method":"polygon_representative_point","role":"display_only"},"geometry":{"type":"Point","coordinates":[69.2224224,41.2000467]}},{"type":"Feature","properties":{"facility_id":"ed_way_1382050819","name":"Школа №3","education_category":"school","district_name":"Yangikhayot district","district_assignment":"within","osm_type":"way","osm_id":1382050819,"representative_point_method":"polygon_representative_point","role":"display_only"},"geometry":{"type":"Point","coordinates":[69.2178638,41.1982668]}},{"type":"Feature","properties":{"facility_id":"ed_way_1390844688","name":"48-bolalar bog'chasi","education_category":"kindergarten","district_name":"Yangikhayot district","district_assignment":"within","osm_type":"way","osm_id":1390844688,"representative_point_method":"polygon_representative_point","role":"display_only"},"geometry":{"type":"Point","coordinates":[69.1933504,41.2103101]}},{"type":"Feature","properties":{"facility_id":"ed_way_1390844689","name":"123-bolalar bog'chasi","education_category":"kindergarten","district_name":"Yangikhayot district","district_assignment":"within","osm_type":"way","osm_id":1390844689,"representative_point_method":"polygon_representative_point","role":"display_only"},"geometry":{"type":"Point","coordinates":[69.1972232,41.2101098]}},{"type":"Feature","properties":{"facility_id":"ed_way_1391022801","name":"356-maktab","education_category":"school","district_name":"Yangikhayot district","district_assignment":"within","osm_type":"way","osm_id":1391022801,"representative_point_method":"polygon_representative_point","role":"display_only"},"geometry":{"type":"Point","coordinates":[69.1889212,41.218701]}},{"type":"Feature","properties":{"facility_id":"ed_way_1391022802","name":null,"education_category":"kindergarten","district_name":"Yangikhayot district","district_assignment":"within","osm_type":"way","osm_id":1391022802,"representative_point_method":"polygon_representative_point","role":"display_only"},"geometry":{"type":"Point","coordinates":[69.1884126,41.2180929]}},{"type":"Feature","properties":{"facility_id":"ed_way_1391082975","name":"50-bolalar bog'chasi","education_category":"kindergarten","district_name":"Yangikhayot district","district_assignment":"within","osm_type":"way","osm_id":1391082975,"representative_point_method":"polygon_representative_point","role":"display_only"},"geometry":{"type":"Point","coordinates":[69.2021524,41.2257458]}},{"type":"Feature","properties":{"facility_id":"ed_way_1394063063","name":null,"education_category":"kindergarten","district_name":"Chilanzar district","district_assignment":"within","osm_type":"way","osm_id":1394063063,"representative_point_method":"polygon_representative_point","role":"display_only"},"geometry":{"type":"Point","coordinates":[69.1585268,41.2633068]}},{"type":"Feature","properties":{"facility_id":"ed_way_1395144123","name":"469-sonli Davlat maktabgacha ta'lim tashkiloti \"Nihol\"","education_category":"kindergarten","district_name":"Uchtepa district","district_assignment":"within","osm_type":"way","osm_id":1395144123,"representative_point_method":"polygon_representative_point","role":"display_only"},"geometry":{"type":"Point","coordinates":[69.1579544,41.3058303]}},{"type":"Feature","properties":{"facility_id":"ed_way_1396579412","name":"Toshkent qurilish va milliy hunarmandchilik kasb-hunar kolleji","education_category":"college","district_name":"Almazar district","district_assignment":"within","osm_type":"way","osm_id":1396579412,"representative_point_method":"polygon_representative_point","role":"display_only"},"geometry":{"type":"Point","coordinates":[69.2233179,41.3466701]}},{"type":"Feature","properties":{"facility_id":"ed_way_1431163772","name":"33","education_category":"kindergarten","district_name":"Mirabad district","district_assignment":"within","osm_type":"way","osm_id":1431163772,"representative_point_method":"polygon_representative_point","role":"display_only"},"geometry":{"type":"Point","coordinates":[69.2962942,41.2876978]}},{"type":"Feature","properties":{"facility_id":"ed_way_1434498803","name":"237-sonli Bolalar Bog'chasi","education_category":"kindergarten","district_name":"Yakkasaray district","district_assignment":"within","osm_type":"way","osm_id":1434498803,"representative_point_method":"polygon_representative_point","role":"display_only"},"geometry":{"type":"Point","coordinates":[69.2292404,41.2722088]}},{"type":"Feature","properties":{"facility_id":"ed_way_1434498809","name":"335-sonli Bolalar Bog'chasi","education_category":"kindergarten","district_name":"Yakkasaray district","district_assignment":"within","osm_type":"way","osm_id":1434498809,"representative_point_method":"polygon_representative_point","role":"display_only"},"geometry":{"type":"Point","coordinates":[69.2312039,41.2730111]}},{"type":"Feature","properties":{"facility_id":"ed_way_1435035518","name":"Toshkent arxitektura-qurilish universiteti","education_category":"university","district_name":"Yunusabad district","district_assignment":"within","osm_type":"way","osm_id":1435035518,"representative_point_method":"polygon_representative_point","role":"display_only"},"geometry":{"type":"Point","coordinates":[69.3055444,41.3605073]}},{"type":"Feature","properties":{"facility_id":"ed_way_1442196988","name":"309-sonli bolalar bog'chasi","education_category":"kindergarten","district_name":"Chilanzar district","district_assignment":"within","osm_type":"way","osm_id":1442196988,"representative_point_method":"polygon_representative_point","role":"display_only"},"geometry":{"type":"Point","coordinates":[69.2049442,41.2913187]}},{"type":"Feature","properties":{"facility_id":"ed_way_1448157745","name":"358-maktab","education_category":"school","district_name":"Bektemir district","district_assignment":"within","osm_type":"way","osm_id":1448157745,"representative_point_method":"polygon_representative_point","role":"display_only"},"geometry":{"type":"Point","coordinates":[69.366322,41.2409564]}},{"type":"Feature","properties":{"facility_id":"ed_way_1448446940","name":"231-Bolalar Bog'chasi","education_category":"kindergarten","district_name":"Shaykhantakhur district","district_assignment":"within","osm_type":"way","osm_id":1448446940,"representative_point_method":"polygon_representative_point","role":"display_only"},"geometry":{"type":"Point","coordinates":[69.2162225,41.3291491]}},{"type":"Feature","properties":{"facility_id":"ed_way_1451208448","name":"Yuqorichirchiq tumani 14-maktab","education_category":"school","district_name":null,"district_assignment":"outside_analysis_districts","osm_type":"way","osm_id":1451208448,"representative_point_method":"polygon_representative_point","role":"display_only"},"geometry":{"type":"Point","coordinates":[69.520432,41.2752224]}},{"type":"Feature","properties":{"facility_id":"ed_way_1451212386","name":"Yuqorichirchiq pedagogika kolleji","education_category":"college","district_name":null,"district_assignment":"outside_analysis_districts","osm_type":"way","osm_id":1451212386,"representative_point_method":"polygon_representative_point","role":"display_only"},"geometry":{"type":"Point","coordinates":[69.5071111,41.2242836]}},{"type":"Feature","properties":{"facility_id":"ed_way_1451213416","name":"Yuqorichirchiq tumani 37-maktab","education_category":"school","district_name":null,"district_assignment":"outside_analysis_districts","osm_type":"way","osm_id":1451213416,"representative_point_method":"polygon_representative_point","role":"display_only"},"geometry":{"type":"Point","coordinates":[69.4273153,41.2873489]}},{"type":"Feature","properties":{"facility_id":"ed_way_1451373502","name":"Sholichilik ilmiy-tadqiqot instituti","education_category":"college","district_name":null,"district_assignment":"outside_analysis_districts","osm_type":"way","osm_id":1451373502,"representative_point_method":"polygon_representative_point","role":"display_only"},"geometry":{"type":"Point","coordinates":[69.3322047,41.188917]}},{"type":"Feature","properties":{"facility_id":"ed_way_1473222992","name":"Детский сад №203 Kichkintoy","education_category":"kindergarten","district_name":"Yashnabad district","district_assignment":"within","osm_type":"way","osm_id":1473222992,"representative_point_method":"polygon_representative_point","role":"display_only"},"geometry":{"type":"Point","coordinates":[69.3341719,41.2954104]}},{"type":"Feature","properties":{"facility_id":"ed_way_1473355916","name":"589-sonli Davlat maktabgacha ta'lim tashkiloti, Nafosat","education_category":"kindergarten","district_name":"Sergeli district","district_assignment":"within","osm_type":"way","osm_id":1473355916,"representative_point_method":"polygon_representative_point","role":"display_only"},"geometry":{"type":"Point","coordinates":[69.218697,41.2197917]}},{"type":"Feature","properties":{"facility_id":"ed_way_1473355917","name":null,"education_category":"school","district_name":"Sergeli district","district_assignment":"within","osm_type":"way","osm_id":1473355917,"representative_point_method":"polygon_representative_point","role":"display_only"},"geometry":{"type":"Point","coordinates":[69.216622,41.2218996]}},{"type":"Feature","properties":{"facility_id":"ed_way_1473954555","name":null,"education_category":"kindergarten","district_name":"Yunusabad district","district_assignment":"within","osm_type":"way","osm_id":1473954555,"representative_point_method":"polygon_representative_point","role":"display_only"},"geometry":{"type":"Point","coordinates":[69.2748729,41.3750918]}},{"type":"Feature","properties":{"facility_id":"ed_way_1474122336","name":"451-sonli maktabgacha ta'lim tashkiloti","education_category":"kindergarten","district_name":"Mirzo Ulugbek district","district_assignment":"within","osm_type":"way","osm_id":1474122336,"representative_point_method":"polygon_representative_point","role":"display_only"},"geometry":{"type":"Point","coordinates":[69.3315492,41.3283926]}},{"type":"Feature","properties":{"facility_id":"ed_way_1482469749","name":"401- bolalar bog'chasi","education_category":"kindergarten","district_name":"Uchtepa district","district_assignment":"within","osm_type":"way","osm_id":1482469749,"representative_point_method":"polygon_representative_point","role":"display_only"},"geometry":{"type":"Point","coordinates":[69.1763677,41.2894675]}},{"type":"Feature","properties":{"facility_id":"ed_way_1482469750","name":"20 - bolalar bog'chasi","education_category":"kindergarten","district_name":"Uchtepa district","district_assignment":"within","osm_type":"way","osm_id":1482469750,"representative_point_method":"polygon_representative_point","role":"display_only"},"geometry":{"type":"Point","coordinates":[69.1770025,41.2899825]}},{"type":"Feature","properties":{"facility_id":"ed_way_1491947619","name":"97-maktab","education_category":"school","district_name":"Yunusabad district","district_assignment":"within","osm_type":"way","osm_id":1491947619,"representative_point_method":"polygon_representative_point","role":"display_only"},"geometry":{"type":"Point","coordinates":[69.3049376,41.3790642]}},{"type":"Feature","properties":{"facility_id":"ed_way_1501491817","name":"Mirzo Ulug'bek nomdagi O'zbekiston milliy universiteti (O'zMU)","education_category":"university","district_name":"Almazar district","district_assignment":"within","osm_type":"way","osm_id":1501491817,"representative_point_method":"polygon_representative_point","role":"display_only"},"geometry":{"type":"Point","coordinates":[69.2042716,41.3504825]}},{"type":"Feature","properties":{"facility_id":"ed_way_1501506144","name":"Islom Karimov nomidagi Toshkent davlat texnika universiteti (TDTU)","education_category":"university","district_name":"Almazar district","district_assignment":"within","osm_type":"way","osm_id":1501506144,"representative_point_method":"polygon_representative_point","role":"display_only"},"geometry":{"type":"Point","coordinates":[69.2051584,41.3532453]}},{"type":"Feature","properties":{"facility_id":"ed_way_1505268876","name":"Chilonzor Abu Ali ibn Sino nomidagi jamoat salomatligi texnikumi","education_category":"college","district_name":"Chilanzar district","district_assignment":"within","osm_type":"way","osm_id":1505268876,"representative_point_method":"polygon_representative_point","role":"display_only"},"geometry":{"type":"Point","coordinates":[69.2149524,41.2697657]}},{"type":"Feature","properties":{"facility_id":"ed_way_1507392179","name":"Geologiya fanlari universiteti va Universita di Pisa in Tashkent","education_category":"university","district_name":"Mirzo Ulugbek district","district_assignment":"within","osm_type":"way","osm_id":1507392179,"representative_point_method":"polygon_representative_point","role":"display_only"},"geometry":{"type":"Point","coordinates":[69.3403061,41.3413252]}},{"type":"Feature","properties":{"facility_id":"ed_way_1507996313","name":"I.M.Gubkin nomidagi (MTU) Rossiya davlat neft va gaz universitetining Toshkent shahridagi filiali","education_category":"university","district_name":"Mirzo Ulugbek district","district_assignment":"within","osm_type":"way","osm_id":1507996313,"representative_point_method":"polygon_representative_point","role":"display_only"},"geometry":{"type":"Point","coordinates":[69.3421658,41.3354922]}},{"type":"Feature","properties":{"facility_id":"ed_way_1507997488","name":"TTPU akademik litseyi","education_category":"school","district_name":"Almazar district","district_assignment":"within","osm_type":"way","osm_id":1507997488,"representative_point_method":"polygon_representative_point","role":"display_only"},"geometry":{"type":"Point","coordinates":[69.2248327,41.3514153]}},{"type":"Feature","properties":{"facility_id":"ed_way_1507999905","name":"Toshkent shahridagi Inha universiteti","education_category":"university","district_name":"Mirzo Ulugbek district","district_assignment":"within","osm_type":"way","osm_id":1507999905,"representative_point_method":"polygon_representative_point","role":"display_only"},"geometry":{"type":"Point","coordinates":[69.3346376,41.3382117]}},{"type":"Feature","properties":{"facility_id":"ed_way_1508240410","name":"Webster University in Tashkent","education_category":"university","district_name":"Shaykhantakhur district","district_assignment":"within","osm_type":"way","osm_id":1508240410,"representative_point_method":"polygon_representative_point","role":"display_only"},"geometry":{"type":"Point","coordinates":[69.2616034,41.3200482]}},{"type":"Feature","properties":{"facility_id":"ed_way_1509364258","name":"Oxbridge International School","education_category":"school","district_name":"Mirzo Ulugbek district","district_assignment":"within","osm_type":"way","osm_id":1509364258,"representative_point_method":"polygon_representative_point","role":"display_only"},"geometry":{"type":"Point","coordinates":[69.3734791,41.356573]}},{"type":"Feature","properties":{"facility_id":"ed_way_1509370462","name":"HUMO School Academy","education_category":"school","district_name":"Yakkasaray district","district_assignment":"within","osm_type":"way","osm_id":1509370462,"representative_point_method":"polygon_representative_point","role":"display_only"},"geometry":{"type":"Point","coordinates":[69.2305872,41.2659642]}},{"type":"Feature","properties":{"facility_id":"ed_way_1509383153","name":"The British School of Tashkent - new campus","education_category":"school","district_name":"Mirzo Ulugbek district","district_assignment":"within","osm_type":"way","osm_id":1509383153,"representative_point_method":"polygon_representative_point","role":"display_only"},"geometry":{"type":"Point","coordinates":[69.3182258,41.3264302]}},{"type":"Feature","properties":{"facility_id":"ed_way_1509396910","name":"Goldstars International School","education_category":"school","district_name":"Almazar district","district_assignment":"within","osm_type":"way","osm_id":1509396910,"representative_point_method":"polygon_representative_point","role":"display_only"},"geometry":{"type":"Point","coordinates":[69.2326831,41.3432399]}},{"type":"Feature","properties":{"facility_id":"ed_way_1509653095","name":"Fortuna Education","education_category":"school","district_name":"Yakkasaray district","district_assignment":"within","osm_type":"way","osm_id":1509653095,"representative_point_method":"polygon_representative_point","role":"display_only"},"geometry":{"type":"Point","coordinates":[69.2554008,41.2992513]}},{"type":"Feature","properties":{"facility_id":"ed_way_1509658140","name":"Asian Development School","education_category":"school","district_name":"Uchtepa district","district_assignment":"within","osm_type":"way","osm_id":1509658140,"representative_point_method":"polygon_representative_point","role":"display_only"},"geometry":{"type":"Point","coordinates":[69.152871,41.2645713]}},{"type":"Feature","properties":{"facility_id":"ed_way_1509892751","name":"Lumos School - Chilonzor campus","education_category":"school","district_name":"Chilanzar district","district_assignment":"within","osm_type":"way","osm_id":1509892751,"representative_point_method":"polygon_representative_point","role":"display_only"},"geometry":{"type":"Point","coordinates":[69.1951892,41.2733376]}},{"type":"Feature","properties":{"facility_id":"ed_way_1509916332","name":"Sharjah International School","education_category":"school","district_name":"Yunusabad district","district_assignment":"within","osm_type":"way","osm_id":1509916332,"representative_point_method":"polygon_representative_point","role":"display_only"},"geometry":{"type":"Point","coordinates":[69.2626279,41.36484]}},{"type":"Feature","properties":{"facility_id":"ed_way_1510142939","name":"Global Elite School","education_category":"school","district_name":"Uchtepa district","district_assignment":"within","osm_type":"way","osm_id":1510142939,"representative_point_method":"polygon_representative_point","role":"display_only"},"geometry":{"type":"Point","coordinates":[69.1869022,41.2930973]}},{"type":"Feature","properties":{"facility_id":"ed_way_1540244847","name":null,"education_category":"school","district_name":"Mirzo Ulugbek district","district_assignment":"within","osm_type":"way","osm_id":1540244847,"representative_point_method":"polygon_representative_point","role":"display_only"},"geometry":{"type":"Point","coordinates":[69.3281502,41.3251511]}},{"type":"Feature","properties":{"facility_id":"ed_way_1543952497","name":"12-sonli bolalar musiqa va san‘at maktabi","education_category":"school","district_name":"Mirabad district","district_assignment":"within","osm_type":"way","osm_id":1543952497,"representative_point_method":"polygon_representative_point","role":"display_only"},"geometry":{"type":"Point","coordinates":[69.3218378,41.2483812]}},{"type":"Feature","properties":{"facility_id":"ed_way_1550636525","name":"Дет сад № 604 (Турон Нури)","education_category":"kindergarten","district_name":"Uchtepa district","district_assignment":"within","osm_type":"way","osm_id":1550636525,"representative_point_method":"polygon_representative_point","role":"display_only"},"geometry":{"type":"Point","coordinates":[69.1550399,41.2686494]}},{"type":"Feature","properties":{"facility_id":"ed_way_1550636526","name":"Детcкий сад №592","education_category":"kindergarten","district_name":"Uchtepa district","district_assignment":"within","osm_type":"way","osm_id":1550636526,"representative_point_method":"polygon_representative_point","role":"display_only"},"geometry":{"type":"Point","coordinates":[69.1564435,41.2657724]}},{"type":"Feature","properties":{"facility_id":"ed_way_1551984517","name":"School 21 - Reqamli Texnologiyalar Maktabi","education_category":"school","district_name":"Mirzo Ulugbek district","district_assignment":"within","osm_type":"way","osm_id":1551984517,"representative_point_method":"polygon_representative_point","role":"display_only"},"geometry":{"type":"Point","coordinates":[69.3360191,41.3383812]}},{"type":"Feature","properties":{"facility_id":"ed_way_1553434803","name":"89-maktab","education_category":"school","district_name":"Yakkasaray district","district_assignment":"within","osm_type":"way","osm_id":1553434803,"representative_point_method":"polygon_representative_point","role":"display_only"},"geometry":{"type":"Point","coordinates":[69.2517724,41.2855859]}},{"type":"Feature","properties":{"facility_id":"ed_way_1553443498","name":"135-maktab","education_category":"school","district_name":"Yakkasaray district","district_assignment":"within","osm_type":"way","osm_id":1553443498,"representative_point_method":"polygon_representative_point","role":"display_only"},"geometry":{"type":"Point","coordinates":[69.2474424,41.2888783]}},{"type":"Feature","properties":{"facility_id":"ed_way_1553443500","name":"Ulugʻbek nomidagi Toshkent xalqaro maktabi","education_category":"school","district_name":"Yakkasaray district","district_assignment":"within","osm_type":"way","osm_id":1553443500,"representative_point_method":"polygon_representative_point","role":"display_only"},"geometry":{"type":"Point","coordinates":[69.2450413,41.2882369]}},{"type":"Feature","properties":{"facility_id":"ed_way_1558923454","name":"73-maktab","education_category":"school","district_name":"Yakkasaray district","district_assignment":"within","osm_type":"way","osm_id":1558923454,"representative_point_method":"polygon_representative_point","role":"display_only"},"geometry":{"type":"Point","coordinates":[69.2491528,41.294263]}}]}
