{"type":"FeatureCollection","features":[{"type":"Feature","properties":{"facility_id":"hc_node_564648022","name":"Семейная поликлиника №36","facility_category":"clinic","district_name":"Chilanzar district","district_assignment":"within","osm_type":"node","osm_id":564648022,"representative_point_method":"osm_node","role":"display_only"},"geometry":{"type":"Point","coordinates":[69.2226639,41.293804]}},{"type":"Feature","properties":{"facility_id":"hc_node_1176832050","name":null,"facility_category":"hospital","district_name":null,"district_assignment":"outside_analysis_districts","osm_type":"node","osm_id":1176832050,"representative_point_method":"osm_node","role":"display_only"},"geometry":{"type":"Point","coordinates":[69.441436,41.1819333]}},{"type":"Feature","properties":{"facility_id":"hc_node_1179003660","name":"Vega Med","facility_category":"hospital","district_name":"Yashnabad district","district_assignment":"within","osm_type":"node","osm_id":1179003660,"representative_point_method":"osm_node","role":"display_only"},"geometry":{"type":"Point","coordinates":[69.3067455,41.3066623]}},{"type":"Feature","properties":{"facility_id":"hc_node_1430019299","name":"Shox Med Centre","facility_category":"hospital","district_name":"Mirabad district","district_assignment":"within","osm_type":"node","osm_id":1430019299,"representative_point_method":"osm_node","role":"display_only"},"geometry":{"type":"Point","coordinates":[69.2796366,41.2922393]}},{"type":"Feature","properties":{"facility_id":"hc_node_1532589929","name":"Поликлиника №20","facility_category":"clinic","district_name":"Almazar district","district_assignment":"within","osm_type":"node","osm_id":1532589929,"representative_point_method":"osm_node","role":"display_only"},"geometry":{"type":"Point","coordinates":[69.2378497,41.358432]}},{"type":"Feature","properties":{"facility_id":"hc_node_1768289405","name":"Dr. Summit","facility_category":"hospital","district_name":"Mirzo Ulugbek district","district_assignment":"within","osm_type":"node","osm_id":1768289405,"representative_point_method":"osm_node","role":"display_only"},"geometry":{"type":"Point","coordinates":[69.2857305,41.3173473]}},{"type":"Feature","properties":{"facility_id":"hc_node_1770376144","name":"17-поликлиника","facility_category":"clinic","district_name":"Almazar district","district_assignment":"within","osm_type":"node","osm_id":1770376144,"representative_point_method":"osm_node","role":"display_only"},"geometry":{"type":"Point","coordinates":[69.2286131,41.3431916]}},{"type":"Feature","properties":{"facility_id":"hc_node_1770559123","name":"14 семейная поликлиника","facility_category":"clinic","district_name":"Almazar district","district_assignment":"within","osm_type":"node","osm_id":1770559123,"representative_point_method":"osm_node","role":"display_only"},"geometry":{"type":"Point","coordinates":[69.2343459,41.3294937]}},{"type":"Feature","properties":{"facility_id":"hc_node_1824099256","name":"Поликлиника №43","facility_category":"clinic","district_name":"Shaykhantakhur district","district_assignment":"within","osm_type":"node","osm_id":1824099256,"representative_point_method":"osm_node","role":"display_only"},"geometry":{"type":"Point","coordinates":[69.2081285,41.3012565]}},{"type":"Feature","properties":{"facility_id":"hc_node_1830368952","name":"Семейная поликлиника №24","facility_category":"clinic","district_name":"Uchtepa district","district_assignment":"within","osm_type":"node","osm_id":1830368952,"representative_point_method":"osm_node","role":"display_only"},"geometry":{"type":"Point","coordinates":[69.1917765,41.2808515]}},{"type":"Feature","properties":{"facility_id":"hc_node_1830590597","name":"BRAVO PHARMA","facility_category":"hospital","district_name":"Mirabad district","district_assignment":"within","osm_type":"node","osm_id":1830590597,"representative_point_method":"osm_node","role":"display_only"},"geometry":{"type":"Point","coordinates":[69.2696745,41.3008737]}},{"type":"Feature","properties":{"facility_id":"hc_node_1838606109","name":"1-son Oilaviy Poliklinika","facility_category":"clinic","district_name":"Mirabad district","district_assignment":"within","osm_type":"node","osm_id":1838606109,"representative_point_method":"osm_node","role":"display_only"},"geometry":{"type":"Point","coordinates":[69.279884,41.298575]}},{"type":"Feature","properties":{"facility_id":"hc_node_1839625065","name":"Детская городская клиническая больница №3","facility_category":"hospital","district_name":"Uchtepa district","district_assignment":"within","osm_type":"node","osm_id":1839625065,"representative_point_method":"osm_node","role":"display_only"},"geometry":{"type":"Point","coordinates":[69.1617323,41.3146969]}},{"type":"Feature","properties":{"facility_id":"hc_node_2442288054","name":"Sebzor Med - Себзор Мед","facility_category":"hospital","district_name":"Almazar district","district_assignment":"within","osm_type":"node","osm_id":2442288054,"representative_point_method":"osm_node","role":"display_only"},"geometry":{"type":"Point","coordinates":[69.2486832,41.3305099]}},{"type":"Feature","properties":{"facility_id":"hc_node_3002076224","name":"ВТЭК Ташкентской области","facility_category":"clinic","district_name":"Yakkasaray district","district_assignment":"within","osm_type":"node","osm_id":3002076224,"representative_point_method":"osm_node","role":"display_only"},"geometry":{"type":"Point","coordinates":[69.2231016,41.2623121]}},{"type":"Feature","properties":{"facility_id":"hc_node_3332003797","name":"Медецинский центр Алексея Назарова","facility_category":"clinic","district_name":"Mirzo Ulugbek district","district_assignment":"within","osm_type":"node","osm_id":3332003797,"representative_point_method":"osm_node","role":"display_only"},"geometry":{"type":"Point","coordinates":[69.3068573,41.3310754]}},{"type":"Feature","properties":{"facility_id":"hc_node_3428151251","name":"Sifat va Farog'at","facility_category":"clinic","district_name":"Mirzo Ulugbek district","district_assignment":"within","osm_type":"node","osm_id":3428151251,"representative_point_method":"osm_node","role":"display_only"},"geometry":{"type":"Point","coordinates":[69.2915153,41.3113989]}},{"type":"Feature","properties":{"facility_id":"hc_node_3661835105","name":"Семейная поликлиника № 60","facility_category":"clinic","district_name":"Yakkasaray district","district_assignment":"within","osm_type":"node","osm_id":3661835105,"representative_point_method":"osm_node","role":"display_only"},"geometry":{"type":"Point","coordinates":[69.2592394,41.2912309]}},{"type":"Feature","properties":{"facility_id":"hc_node_3809481575","name":"DOKTOR-SERVIS","facility_category":"clinic","district_name":"Chilanzar district","district_assignment":"within","osm_type":"node","osm_id":3809481575,"representative_point_method":"osm_node","role":"display_only"},"geometry":{"type":"Point","coordinates":[69.2139513,41.2984107]}},{"type":"Feature","properties":{"facility_id":"hc_node_3983763663","name":"Поликлиника №22","facility_category":"clinic","district_name":"Uchtepa district","district_assignment":"within","osm_type":"node","osm_id":3983763663,"representative_point_method":"osm_node","role":"display_only"},"geometry":{"type":"Point","coordinates":[69.1649711,41.315824]}},{"type":"Feature","properties":{"facility_id":"hc_node_4112048691","name":"STAR MED SERVICE","facility_category":"hospital","district_name":"Almazar district","district_assignment":"within","osm_type":"node","osm_id":4112048691,"representative_point_method":"osm_node","role":"display_only"},"geometry":{"type":"Point","coordinates":[69.2253569,41.3699212]}},{"type":"Feature","properties":{"facility_id":"hc_node_4187625599","name":"MEDIK — AS","facility_category":"clinic","district_name":"Shaykhantakhur district","district_assignment":"within","osm_type":"node","osm_id":4187625599,"representative_point_method":"osm_node","role":"display_only"},"geometry":{"type":"Point","coordinates":[69.2646033,41.3193301]}},{"type":"Feature","properties":{"facility_id":"hc_node_4191395630","name":"G'uncha Med Servis","facility_category":"clinic","district_name":"Almazar district","district_assignment":"within","osm_type":"node","osm_id":4191395630,"representative_point_method":"osm_node","role":"display_only"},"geometry":{"type":"Point","coordinates":[69.2241441,41.330202]}},{"type":"Feature","properties":{"facility_id":"hc_node_4215037335","name":"Oilaviy poliklinikasi №57","facility_category":"clinic","district_name":"Yakkasaray district","district_assignment":"within","osm_type":"node","osm_id":4215037335,"representative_point_method":"osm_node","role":"display_only"},"geometry":{"type":"Point","coordinates":[69.2503635,41.2933986]}},{"type":"Feature","properties":{"facility_id":"hc_node_4281399590","name":"МедЦентр NBF","facility_category":"clinic","district_name":"Uchtepa district","district_assignment":"within","osm_type":"node","osm_id":4281399590,"representative_point_method":"osm_node","role":"display_only"},"geometry":{"type":"Point","coordinates":[69.1725,41.2878327]}},{"type":"Feature","properties":{"facility_id":"hc_node_4314037040","name":"АВИЦЕНА ДИАГНОСТИКА","facility_category":"hospital","district_name":"Chilanzar district","district_assignment":"within","osm_type":"node","osm_id":4314037040,"representative_point_method":"osm_node","role":"display_only"},"geometry":{"type":"Point","coordinates":[69.2508608,41.3055672]}},{"type":"Feature","properties":{"facility_id":"hc_node_4315248092","name":"Айболит","facility_category":"clinic","district_name":"Almazar district","district_assignment":"within","osm_type":"node","osm_id":4315248092,"representative_point_method":"osm_node","role":"display_only"},"geometry":{"type":"Point","coordinates":[69.2278318,41.3277029]}},{"type":"Feature","properties":{"facility_id":"hc_node_4317471432","name":"Shifo-Dono","facility_category":"hospital","district_name":"Yunusabad district","district_assignment":"within","osm_type":"node","osm_id":4317471432,"representative_point_method":"osm_node","role":"display_only"},"geometry":{"type":"Point","coordinates":[69.2836098,41.36304]}},{"type":"Feature","properties":{"facility_id":"hc_node_4317471445","name":"\"Layon\" Центр Здоровья Женщин","facility_category":"clinic","district_name":"Yunusabad district","district_assignment":"within","osm_type":"node","osm_id":4317471445,"representative_point_method":"osm_node","role":"display_only"},"geometry":{"type":"Point","coordinates":[69.2841983,41.3631861]}},{"type":"Feature","properties":{"facility_id":"hc_node_4317471449","name":"Sihat Koz","facility_category":"clinic","district_name":"Yunusabad district","district_assignment":"within","osm_type":"node","osm_id":4317471449,"representative_point_method":"osm_node","role":"display_only"},"geometry":{"type":"Point","coordinates":[69.2848424,41.3635054]}},{"type":"Feature","properties":{"facility_id":"hc_node_4325766391","name":"Ihlos-doctor","facility_category":"clinic","district_name":"Yunusabad district","district_assignment":"within","osm_type":"node","osm_id":4325766391,"representative_point_method":"osm_node","role":"display_only"},"geometry":{"type":"Point","coordinates":[69.3182749,41.3718404]}},{"type":"Feature","properties":{"facility_id":"hc_node_4405623318","name":"Darmon Servis","facility_category":"clinic","district_name":"Chilanzar district","district_assignment":"within","osm_type":"node","osm_id":4405623318,"representative_point_method":"osm_node","role":"display_only"},"geometry":{"type":"Point","coordinates":[69.2022218,41.2882307]}},{"type":"Feature","properties":{"facility_id":"hc_node_4405623798","name":"Хижамазулук","facility_category":"clinic","district_name":"Uchtepa district","district_assignment":"within","osm_type":"node","osm_id":4405623798,"representative_point_method":"osm_node","role":"display_only"},"geometry":{"type":"Point","coordinates":[69.1883461,41.2889613]}},{"type":"Feature","properties":{"facility_id":"hc_node_4405632499","name":"Поликлиника","facility_category":"clinic","district_name":"Uchtepa district","district_assignment":"within","osm_type":"node","osm_id":4405632499,"representative_point_method":"osm_node","role":"display_only"},"geometry":{"type":"Point","coordinates":[69.1843995,41.2870729]}},{"type":"Feature","properties":{"facility_id":"hc_node_4405632599","name":"Neurofax-B private clinic","facility_category":"clinic","district_name":"Uchtepa district","district_assignment":"within","osm_type":"node","osm_id":4405632599,"representative_point_method":"osm_node","role":"display_only"},"geometry":{"type":"Point","coordinates":[69.189554,41.2898032]}},{"type":"Feature","properties":{"facility_id":"hc_node_4417419199","name":"Медцентр Nurshah","facility_category":"clinic","district_name":"Yunusabad district","district_assignment":"within","osm_type":"node","osm_id":4417419199,"representative_point_method":"osm_node","role":"display_only"},"geometry":{"type":"Point","coordinates":[69.3105426,41.3744056]}},{"type":"Feature","properties":{"facility_id":"hc_node_4418444290","name":"OZODA SHIFO MED SERVIS","facility_category":"clinic","district_name":"Sergeli district","district_assignment":"within","osm_type":"node","osm_id":4418444290,"representative_point_method":"osm_node","role":"display_only"},"geometry":{"type":"Point","coordinates":[69.2167394,41.2162805]}},{"type":"Feature","properties":{"facility_id":"hc_node_4419005694","name":"Дерматолог Саидкасим Арифов Медицинская косметология","facility_category":"clinic","district_name":"Chilanzar district","district_assignment":"within","osm_type":"node","osm_id":4419005694,"representative_point_method":"osm_node","role":"display_only"},"geometry":{"type":"Point","coordinates":[69.1988482,41.298094]}},{"type":"Feature","properties":{"facility_id":"hc_node_4423486689","name":"Республиканская кожно-венерологическая клиническая больница","facility_category":"hospital","district_name":"Mirabad district","district_assignment":"within","osm_type":"node","osm_id":4423486689,"representative_point_method":"osm_node","role":"display_only"},"geometry":{"type":"Point","coordinates":[69.2895284,41.2961883]}},{"type":"Feature","properties":{"facility_id":"hc_node_4423874789","name":"ATLANT","facility_category":"clinic","district_name":"Yunusabad district","district_assignment":"within","osm_type":"node","osm_id":4423874789,"representative_point_method":"osm_node","role":"display_only"},"geometry":{"type":"Point","coordinates":[69.2953924,41.3779816]}},{"type":"Feature","properties":{"facility_id":"hc_node_4432073616","name":"1 отделение неврологии","facility_category":"hospital","district_name":"Yashnabad district","district_assignment":"within","osm_type":"node","osm_id":4432073616,"representative_point_method":"osm_node","role":"display_only"},"geometry":{"type":"Point","coordinates":[69.3032263,41.3103896]}},{"type":"Feature","properties":{"facility_id":"hc_node_4432075815","name":"Отделение реабилитации неврологии и сердечно-сосудистых заболеваний","facility_category":"hospital","district_name":"Yashnabad district","district_assignment":"within","osm_type":"node","osm_id":4432075815,"representative_point_method":"osm_node","role":"display_only"},"geometry":{"type":"Point","coordinates":[69.3041832,41.310283]}},{"type":"Feature","properties":{"facility_id":"hc_node_4432080207","name":"Отделение детской хирургии","facility_category":"hospital","district_name":"Yashnabad district","district_assignment":"within","osm_type":"node","osm_id":4432080207,"representative_point_method":"osm_node","role":"display_only"},"geometry":{"type":"Point","coordinates":[69.3051601,41.3099688]}},{"type":"Feature","properties":{"facility_id":"hc_node_4432088808","name":"Стоматологическая поликлиника","facility_category":"clinic","district_name":"Yashnabad district","district_assignment":"within","osm_type":"node","osm_id":4432088808,"representative_point_method":"osm_node","role":"display_only"},"geometry":{"type":"Point","coordinates":[69.3042841,41.3103728]}},{"type":"Feature","properties":{"facility_id":"hc_node_4432088810","name":"Центр репродуктивного здоровья населения","facility_category":"hospital","district_name":"Yashnabad district","district_assignment":"within","osm_type":"node","osm_id":4432088810,"representative_point_method":"osm_node","role":"display_only"},"geometry":{"type":"Point","coordinates":[69.301741,41.3115219]}},{"type":"Feature","properties":{"facility_id":"hc_node_4432091690","name":"2 отделение общей терапии и эндокринологии","facility_category":"clinic","district_name":"Yashnabad district","district_assignment":"within","osm_type":"node","osm_id":4432091690,"representative_point_method":"osm_node","role":"display_only"},"geometry":{"type":"Point","coordinates":[69.3032725,41.3114459]}},{"type":"Feature","properties":{"facility_id":"hc_node_4432340791","name":"Служба СЭС Железной дороги","facility_category":"clinic","district_name":"Mirabad district","district_assignment":"within","osm_type":"node","osm_id":4432340791,"representative_point_method":"osm_node","role":"display_only"},"geometry":{"type":"Point","coordinates":[69.2882294,41.2959948]}},{"type":"Feature","properties":{"facility_id":"hc_node_4432422428","name":"Дармон нури","facility_category":"clinic","district_name":"Almazar district","district_assignment":"within","osm_type":"node","osm_id":4432422428,"representative_point_method":"osm_node","role":"display_only"},"geometry":{"type":"Point","coordinates":[69.2311899,41.3399752]}},{"type":"Feature","properties":{"facility_id":"hc_node_4433650692","name":"Alfa-Diagnostic","facility_category":"clinic","district_name":"Yashnabad district","district_assignment":"within","osm_type":"node","osm_id":4433650692,"representative_point_method":"osm_node","role":"display_only"},"geometry":{"type":"Point","coordinates":[69.3410158,41.2941478]}},{"type":"Feature","properties":{"facility_id":"hc_node_4434207191","name":"Частная Клиника","facility_category":"clinic","district_name":"Uchtepa district","district_assignment":"within","osm_type":"node","osm_id":4434207191,"representative_point_method":"osm_node","role":"display_only"},"geometry":{"type":"Point","coordinates":[69.177678,41.2886847]}},{"type":"Feature","properties":{"facility_id":"hc_node_4436525195","name":"Нор тиббиот","facility_category":"hospital","district_name":"Chilanzar district","district_assignment":"within","osm_type":"node","osm_id":4436525195,"representative_point_method":"osm_node","role":"display_only"},"geometry":{"type":"Point","coordinates":[69.2058695,41.2804154]}},{"type":"Feature","properties":{"facility_id":"hc_node_4444124301","name":"Platinum Orto-Laborotoriya","facility_category":"clinic","district_name":"Almazar district","district_assignment":"within","osm_type":"node","osm_id":4444124301,"representative_point_method":"osm_node","role":"display_only"},"geometry":{"type":"Point","coordinates":[69.2200019,41.3506498]}},{"type":"Feature","properties":{"facility_id":"hc_node_4446415189","name":"Comfort","facility_category":"clinic","district_name":"Sergeli district","district_assignment":"within","osm_type":"node","osm_id":4446415189,"representative_point_method":"osm_node","role":"display_only"},"geometry":{"type":"Point","coordinates":[69.2256166,41.2166089]}},{"type":"Feature","properties":{"facility_id":"hc_node_4454588789","name":"Сельский врачебный пункт Геофизика","facility_category":"clinic","district_name":"Mirzo Ulugbek district","district_assignment":"within","osm_type":"node","osm_id":4454588789,"representative_point_method":"osm_node","role":"display_only"},"geometry":{"type":"Point","coordinates":[69.3906172,41.3380599]}},{"type":"Feature","properties":{"facility_id":"hc_node_4461263896","name":"Сориз","facility_category":"clinic","district_name":"Mirzo Ulugbek district","district_assignment":"within","osm_type":"node","osm_id":4461263896,"representative_point_method":"osm_node","role":"display_only"},"geometry":{"type":"Point","coordinates":[69.2931127,41.3136032]}},{"type":"Feature","properties":{"facility_id":"hc_node_4465899491","name":"Умид ва Ишонч","facility_category":"clinic","district_name":"Shaykhantakhur district","district_assignment":"within","osm_type":"node","osm_id":4465899491,"representative_point_method":"osm_node","role":"display_only"},"geometry":{"type":"Point","coordinates":[69.2381841,41.3113352]}},{"type":"Feature","properties":{"facility_id":"hc_node_4479094594","name":"Vitros Diagnostics","facility_category":"clinic","district_name":"Yunusabad district","district_assignment":"within","osm_type":"node","osm_id":4479094594,"representative_point_method":"osm_node","role":"display_only"},"geometry":{"type":"Point","coordinates":[69.2916391,41.3330001]}},{"type":"Feature","properties":{"facility_id":"hc_node_4493216201","name":"Жэксофт МДЦ","facility_category":"hospital","district_name":"Uchtepa district","district_assignment":"within","osm_type":"node","osm_id":4493216201,"representative_point_method":"osm_node","role":"display_only"},"geometry":{"type":"Point","coordinates":[69.1734267,41.2943938]}},{"type":"Feature","properties":{"facility_id":"hc_node_4508166889","name":"Medion","facility_category":"clinic","district_name":"Shaykhantakhur district","district_assignment":"within","osm_type":"node","osm_id":4508166889,"representative_point_method":"osm_node","role":"display_only"},"geometry":{"type":"Point","coordinates":[69.2575757,41.3292615]}},{"type":"Feature","properties":{"facility_id":"hc_node_4522869248","name":"Medlook","facility_category":"clinic","district_name":"Yunusabad district","district_assignment":"within","osm_type":"node","osm_id":4522869248,"representative_point_method":"osm_node","role":"display_only"},"geometry":{"type":"Point","coordinates":[69.2867811,41.362917]}},{"type":"Feature","properties":{"facility_id":"hc_node_4565255589","name":"ProfiMed","facility_category":"clinic","district_name":"Yakkasaray district","district_assignment":"within","osm_type":"node","osm_id":4565255589,"representative_point_method":"osm_node","role":"display_only"},"geometry":{"type":"Point","coordinates":[69.2669387,41.3004206]}},{"type":"Feature","properties":{"facility_id":"hc_node_4570443189","name":"Медсанчасть от Узбекэнерго","facility_category":"hospital","district_name":"Mirzo Ulugbek district","district_assignment":"within","osm_type":"node","osm_id":4570443189,"representative_point_method":"osm_node","role":"display_only"},"geometry":{"type":"Point","coordinates":[69.3245786,41.3346658]}},{"type":"Feature","properties":{"facility_id":"hc_node_4578830895","name":"Военный госпиталь","facility_category":"hospital","district_name":"Yunusabad district","district_assignment":"within","osm_type":"node","osm_id":4578830895,"representative_point_method":"osm_node","role":"display_only"},"geometry":{"type":"Point","coordinates":[69.2998166,41.3614415]}},{"type":"Feature","properties":{"facility_id":"hc_node_4623344494","name":"ТАШКЕНТСКИЙ ГОРОДСКОЙ ЦЕНТР ПО БОРЬБЕ СО СПИДОМ","facility_category":"clinic","district_name":"Shaykhantakhur district","district_assignment":"within","osm_type":"node","osm_id":4623344494,"representative_point_method":"osm_node","role":"display_only"},"geometry":{"type":"Point","coordinates":[69.2156107,41.3211106]}},{"type":"Feature","properties":{"facility_id":"hc_node_4665329394","name":null,"facility_category":"clinic","district_name":"Shaykhantakhur district","district_assignment":"within","osm_type":"node","osm_id":4665329394,"representative_point_method":"osm_node","role":"display_only"},"geometry":{"type":"Point","coordinates":[69.2243531,41.3278772]}},{"type":"Feature","properties":{"facility_id":"hc_node_4714604791","name":"27-Семейная поликлиника","facility_category":"clinic","district_name":"Yashnabad district","district_assignment":"within","osm_type":"node","osm_id":4714604791,"representative_point_method":"osm_node","role":"display_only"},"geometry":{"type":"Point","coordinates":[69.3234757,41.2698378]}},{"type":"Feature","properties":{"facility_id":"hc_node_4720158190","name":"Госпиталь пограничных войск","facility_category":"hospital","district_name":"Yunusabad district","district_assignment":"within","osm_type":"node","osm_id":4720158190,"representative_point_method":"osm_node","role":"display_only"},"geometry":{"type":"Point","coordinates":[69.2976811,41.3616549]}},{"type":"Feature","properties":{"facility_id":"hc_node_4720197789","name":"Районный ВТЭК","facility_category":"clinic","district_name":"Shaykhantakhur district","district_assignment":"within","osm_type":"node","osm_id":4720197789,"representative_point_method":"osm_node","role":"display_only"},"geometry":{"type":"Point","coordinates":[69.2095043,41.304085]}},{"type":"Feature","properties":{"facility_id":"hc_node_4747264923","name":"Шифо нур куз","facility_category":"clinic","district_name":"Almazar district","district_assignment":"within","osm_type":"node","osm_id":4747264923,"representative_point_method":"osm_node","role":"display_only"},"geometry":{"type":"Point","coordinates":[69.2256835,41.3292513]}},{"type":"Feature","properties":{"facility_id":"hc_node_4750078222","name":"Давр Мед Сервис","facility_category":"clinic","district_name":"Chilanzar district","district_assignment":"within","osm_type":"node","osm_id":4750078222,"representative_point_method":"osm_node","role":"display_only"},"geometry":{"type":"Point","coordinates":[69.2153036,41.275131]}},{"type":"Feature","properties":{"facility_id":"hc_node_4751126224","name":"Nur Med","facility_category":"hospital","district_name":"Chilanzar district","district_assignment":"within","osm_type":"node","osm_id":4751126224,"representative_point_method":"osm_node","role":"display_only"},"geometry":{"type":"Point","coordinates":[69.2009879,41.2697393]}},{"type":"Feature","properties":{"facility_id":"hc_node_4774099522","name":"Клиника при ЖАР","facility_category":"clinic","district_name":"Shaykhantakhur district","district_assignment":"within","osm_type":"node","osm_id":4774099522,"representative_point_method":"osm_node","role":"display_only"},"geometry":{"type":"Point","coordinates":[69.2313602,41.3214204]}},{"type":"Feature","properties":{"facility_id":"hc_node_4774118830","name":"Глазная областная поликлиника","facility_category":"clinic","district_name":"Mirzo Ulugbek district","district_assignment":"within","osm_type":"node","osm_id":4774118830,"representative_point_method":"osm_node","role":"display_only"},"geometry":{"type":"Point","coordinates":[69.3492161,41.3310755]}},{"type":"Feature","properties":{"facility_id":"hc_node_4829015721","name":"Комбустология-Токсикология","facility_category":"hospital","district_name":"Chilanzar district","district_assignment":"within","osm_type":"node","osm_id":4829015721,"representative_point_method":"osm_node","role":"display_only"},"geometry":{"type":"Point","coordinates":[69.2150085,41.2688422]}},{"type":"Feature","properties":{"facility_id":"hc_node_4831208921","name":"Станция Переливания Крови Железной дороги","facility_category":"clinic","district_name":"Mirabad district","district_assignment":"within","osm_type":"node","osm_id":4831208921,"representative_point_method":"osm_node","role":"display_only"},"geometry":{"type":"Point","coordinates":[69.2884628,41.2961481]}},{"type":"Feature","properties":{"facility_id":"hc_node_4855018421","name":null,"facility_category":"clinic","district_name":"Shaykhantakhur district","district_assignment":"within","osm_type":"node","osm_id":4855018421,"representative_point_method":"osm_node","role":"display_only"},"geometry":{"type":"Point","coordinates":[69.2531412,41.327025]}},{"type":"Feature","properties":{"facility_id":"hc_node_4877156622","name":"Асрор тиб сервис","facility_category":"clinic","district_name":"Yakkasaray district","district_assignment":"within","osm_type":"node","osm_id":4877156622,"representative_point_method":"osm_node","role":"display_only"},"geometry":{"type":"Point","coordinates":[69.2600411,41.2758412]}},{"type":"Feature","properties":{"facility_id":"hc_node_4901015421","name":"Шифо Нур","facility_category":"clinic","district_name":"Yunusabad district","district_assignment":"within","osm_type":"node","osm_id":4901015421,"representative_point_method":"osm_node","role":"display_only"},"geometry":{"type":"Point","coordinates":[69.2751261,41.3640086]}},{"type":"Feature","properties":{"facility_id":"hc_node_4914067256","name":"Lab Expert","facility_category":"clinic","district_name":"Chilanzar district","district_assignment":"within","osm_type":"node","osm_id":4914067256,"representative_point_method":"osm_node","role":"display_only"},"geometry":{"type":"Point","coordinates":[69.2111057,41.2693657]}},{"type":"Feature","properties":{"facility_id":"hc_node_4935390521","name":"ООО Микдор","facility_category":"clinic","district_name":"Yunusabad district","district_assignment":"within","osm_type":"node","osm_id":4935390521,"representative_point_method":"osm_node","role":"display_only"},"geometry":{"type":"Point","coordinates":[69.2846,41.3680922]}},{"type":"Feature","properties":{"facility_id":"hc_node_4956642421","name":"Маш табиб","facility_category":"clinic","district_name":"Uchtepa district","district_assignment":"within","osm_type":"node","osm_id":4956642421,"representative_point_method":"osm_node","role":"display_only"},"geometry":{"type":"Point","coordinates":[69.1681819,41.3004064]}},{"type":"Feature","properties":{"facility_id":"hc_node_4977179122","name":"Babymed","facility_category":"clinic","district_name":"Uchtepa district","district_assignment":"within","osm_type":"node","osm_id":4977179122,"representative_point_method":"osm_node","role":"display_only"},"geometry":{"type":"Point","coordinates":[69.1822238,41.3220438]}},{"type":"Feature","properties":{"facility_id":"hc_node_4985152127","name":"Кожно-венерологический диспансер","facility_category":"hospital","district_name":"Yunusabad district","district_assignment":"within","osm_type":"node","osm_id":4985152127,"representative_point_method":"osm_node","role":"display_only"},"geometry":{"type":"Point","coordinates":[69.3113053,41.3675218]}},{"type":"Feature","properties":{"facility_id":"hc_node_4985944527","name":null,"facility_category":"hospital","district_name":"Uchtepa district","district_assignment":"within","osm_type":"node","osm_id":4985944527,"representative_point_method":"osm_node","role":"display_only"},"geometry":{"type":"Point","coordinates":[69.1876586,41.286731]}},{"type":"Feature","properties":{"facility_id":"hc_node_5020581154","name":"Дармон диагнозтика","facility_category":"clinic","district_name":"Uchtepa district","district_assignment":"within","osm_type":"node","osm_id":5020581154,"representative_point_method":"osm_node","role":"display_only"},"geometry":{"type":"Point","coordinates":[69.1847195,41.2859238]}},{"type":"Feature","properties":{"facility_id":"hc_node_5052374921","name":"Андромед Хорев медицинский центр","facility_category":"clinic","district_name":"Yashnabad district","district_assignment":"within","osm_type":"node","osm_id":5052374921,"representative_point_method":"osm_node","role":"display_only"},"geometry":{"type":"Point","coordinates":[69.2988661,41.3082638]}},{"type":"Feature","properties":{"facility_id":"hc_node_5054318021","name":"Кингдом оф дреамс. Узбекистан.","facility_category":"hospital","district_name":"Chilanzar district","district_assignment":"within","osm_type":"node","osm_id":5054318021,"representative_point_method":"osm_node","role":"display_only"},"geometry":{"type":"Point","coordinates":[69.2082068,41.271606]}},{"type":"Feature","properties":{"facility_id":"hc_node_5063236022","name":"Диасон медицинский центр","facility_category":"hospital","district_name":"Almazar district","district_assignment":"within","osm_type":"node","osm_id":5063236022,"representative_point_method":"osm_node","role":"display_only"},"geometry":{"type":"Point","coordinates":[69.2458081,41.3511327]}},{"type":"Feature","properties":{"facility_id":"hc_node_5121747521","name":"Здоровье Всем","facility_category":"clinic","district_name":"Yakkasaray district","district_assignment":"within","osm_type":"node","osm_id":5121747521,"representative_point_method":"osm_node","role":"display_only"},"geometry":{"type":"Point","coordinates":[69.2345508,41.2701142]}},{"type":"Feature","properties":{"facility_id":"hc_node_5148281522","name":"GloryMed","facility_category":"clinic","district_name":"Mirzo Ulugbek district","district_assignment":"within","osm_type":"node","osm_id":5148281522,"representative_point_method":"osm_node","role":"display_only"},"geometry":{"type":"Point","coordinates":[69.3673327,41.360456]}},{"type":"Feature","properties":{"facility_id":"hc_node_5199353021","name":"Nazar \"Глазная Клиника\"","facility_category":"clinic","district_name":"Yunusabad district","district_assignment":"within","osm_type":"node","osm_id":5199353021,"representative_point_method":"osm_node","role":"display_only"},"geometry":{"type":"Point","coordinates":[69.3092496,41.3695032]}},{"type":"Feature","properties":{"facility_id":"hc_node_5206333021","name":"Диер мед","facility_category":"hospital","district_name":"Mirabad district","district_assignment":"within","osm_type":"node","osm_id":5206333021,"representative_point_method":"osm_node","role":"display_only"},"geometry":{"type":"Point","coordinates":[69.2710819,41.2999548]}},{"type":"Feature","properties":{"facility_id":"hc_node_5245509721","name":"Medlans \"Медицинский центр\"","facility_category":"hospital","district_name":"Chilanzar district","district_assignment":"within","osm_type":"node","osm_id":5245509721,"representative_point_method":"osm_node","role":"display_only"},"geometry":{"type":"Point","coordinates":[69.2440898,41.3109948]}},{"type":"Feature","properties":{"facility_id":"hc_node_5249927922","name":"Нейромед сервис","facility_category":"clinic","district_name":"Mirzo Ulugbek district","district_assignment":"within","osm_type":"node","osm_id":5249927922,"representative_point_method":"osm_node","role":"display_only"},"geometry":{"type":"Point","coordinates":[69.3657852,41.3466052]}},{"type":"Feature","properties":{"facility_id":"hc_node_5250377621","name":"Нейро мед сервис","facility_category":"clinic","district_name":"Mirzo Ulugbek district","district_assignment":"within","osm_type":"node","osm_id":5250377621,"representative_point_method":"osm_node","role":"display_only"},"geometry":{"type":"Point","coordinates":[69.3536164,41.335397]}},{"type":"Feature","properties":{"facility_id":"hc_node_5253453637","name":"Клиника Доктора Овчарова","facility_category":"clinic","district_name":"Yunusabad district","district_assignment":"within","osm_type":"node","osm_id":5253453637,"representative_point_method":"osm_node","role":"display_only"},"geometry":{"type":"Point","coordinates":[69.2790668,41.3212017]}},{"type":"Feature","properties":{"facility_id":"hc_node_5268208526","name":"Частное поликлиника Medik-AS","facility_category":"clinic","district_name":"Mirzo Ulugbek district","district_assignment":"within","osm_type":"node","osm_id":5268208526,"representative_point_method":"osm_node","role":"display_only"},"geometry":{"type":"Point","coordinates":[69.3447535,41.3445096]}},{"type":"Feature","properties":{"facility_id":"hc_node_5285176521","name":"medik-as","facility_category":"hospital","district_name":"Mirzo Ulugbek district","district_assignment":"within","osm_type":"node","osm_id":5285176521,"representative_point_method":"osm_node","role":"display_only"},"geometry":{"type":"Point","coordinates":[69.3447724,41.3445098]}},{"type":"Feature","properties":{"facility_id":"hc_node_5286913824","name":null,"facility_category":"clinic","district_name":"Mirabad district","district_assignment":"within","osm_type":"node","osm_id":5286913824,"representative_point_method":"osm_node","role":"display_only"},"geometry":{"type":"Point","coordinates":[69.2744497,41.2924701]}},{"type":"Feature","properties":{"facility_id":"hc_node_5287204821","name":"медицинский центр Akfa Medline","facility_category":"hospital","district_name":"Almazar district","district_assignment":"within","osm_type":"node","osm_id":5287204821,"representative_point_method":"osm_node","role":"display_only"},"geometry":{"type":"Point","coordinates":[69.2088283,41.3430057]}},{"type":"Feature","properties":{"facility_id":"hc_node_5300397527","name":"\"Stomaworld\" stomatologiya klinikasi","facility_category":"clinic","district_name":"Yunusabad district","district_assignment":"within","osm_type":"node","osm_id":5300397527,"representative_point_method":"osm_node","role":"display_only"},"geometry":{"type":"Point","coordinates":[69.2960853,41.3647301]}},{"type":"Feature","properties":{"facility_id":"hc_node_5301565221","name":"MEDIK AS","facility_category":"clinic","district_name":"Mirzo Ulugbek district","district_assignment":"within","osm_type":"node","osm_id":5301565221,"representative_point_method":"osm_node","role":"display_only"},"geometry":{"type":"Point","coordinates":[69.3447712,41.3444759]}},{"type":"Feature","properties":{"facility_id":"hc_node_5301565223","name":"Nogironlarni reabilatitsia markazi","facility_category":"hospital","district_name":"Mirzo Ulugbek district","district_assignment":"within","osm_type":"node","osm_id":5301565223,"representative_point_method":"osm_node","role":"display_only"},"geometry":{"type":"Point","coordinates":[69.3058004,41.3345593]}},{"type":"Feature","properties":{"facility_id":"hc_node_5302738922","name":"Toshkent shaxar Davlat sanitariya-epidemiologiya nazorati markazi","facility_category":"hospital","district_name":"Almazar district","district_assignment":"within","osm_type":"node","osm_id":5302738922,"representative_point_method":"osm_node","role":"display_only"},"geometry":{"type":"Point","coordinates":[69.2419199,41.3571367]}},{"type":"Feature","properties":{"facility_id":"hc_node_5307790422","name":"Медикал центр","facility_category":"clinic","district_name":"Chilanzar district","district_assignment":"within","osm_type":"node","osm_id":5307790422,"representative_point_method":"osm_node","role":"display_only"},"geometry":{"type":"Point","coordinates":[69.1919072,41.2692885]}},{"type":"Feature","properties":{"facility_id":"hc_node_5346316321","name":"Глазная клиника","facility_category":"hospital","district_name":"Shaykhantakhur district","district_assignment":"within","osm_type":"node","osm_id":5346316321,"representative_point_method":"osm_node","role":"display_only"},"geometry":{"type":"Point","coordinates":[69.2171633,41.3232994]}},{"type":"Feature","properties":{"facility_id":"hc_node_5353933321","name":"\"Vedanta Medical\" глазная клиника","facility_category":"hospital","district_name":"Shaykhantakhur district","district_assignment":"within","osm_type":"node","osm_id":5353933321,"representative_point_method":"osm_node","role":"display_only"},"geometry":{"type":"Point","coordinates":[69.2162152,41.3226324]}},{"type":"Feature","properties":{"facility_id":"hc_node_5356933321","name":"Biogen Med","facility_category":"clinic","district_name":"Yunusabad district","district_assignment":"within","osm_type":"node","osm_id":5356933321,"representative_point_method":"osm_node","role":"display_only"},"geometry":{"type":"Point","coordinates":[69.3079346,41.368469]}},{"type":"Feature","properties":{"facility_id":"hc_node_5374163921","name":"Центр медицинской диагностики","facility_category":"clinic","district_name":"Chilanzar district","district_assignment":"within","osm_type":"node","osm_id":5374163921,"representative_point_method":"osm_node","role":"display_only"},"geometry":{"type":"Point","coordinates":[69.2112187,41.2824998]}},{"type":"Feature","properties":{"facility_id":"hc_node_5374272724","name":"Горздрав","facility_category":"clinic","district_name":"Yashnabad district","district_assignment":"within","osm_type":"node","osm_id":5374272724,"representative_point_method":"osm_node","role":"display_only"},"geometry":{"type":"Point","coordinates":[69.304809,41.3056704]}},{"type":"Feature","properties":{"facility_id":"hc_node_5377055122","name":"Nora Medical","facility_category":"hospital","district_name":"Mirzo Ulugbek district","district_assignment":"within","osm_type":"node","osm_id":5377055122,"representative_point_method":"osm_node","role":"display_only"},"geometry":{"type":"Point","coordinates":[69.348358,41.3466224]}},{"type":"Feature","properties":{"facility_id":"hc_node_5414322521","name":"Acibadem","facility_category":"clinic","district_name":"Mirzo Ulugbek district","district_assignment":"within","osm_type":"node","osm_id":5414322521,"representative_point_method":"osm_node","role":"display_only"},"geometry":{"type":"Point","coordinates":[69.2905891,41.3152225]}},{"type":"Feature","properties":{"facility_id":"hc_node_5456904822","name":"Metrika центр развития ребёнка","facility_category":"clinic","district_name":"Yashnabad district","district_assignment":"within","osm_type":"node","osm_id":5456904822,"representative_point_method":"osm_node","role":"display_only"},"geometry":{"type":"Point","coordinates":[69.2915814,41.3045684]}},{"type":"Feature","properties":{"facility_id":"hc_node_5508957421","name":"НевроСервис","facility_category":"clinic","district_name":"Uchtepa district","district_assignment":"within","osm_type":"node","osm_id":5508957421,"representative_point_method":"osm_node","role":"display_only"},"geometry":{"type":"Point","coordinates":[69.17824,41.3123481]}},{"type":"Feature","properties":{"facility_id":"hc_node_5508957422","name":"НевроСервис","facility_category":"clinic","district_name":"Yangikhayot district","district_assignment":"within","osm_type":"node","osm_id":5508957422,"representative_point_method":"osm_node","role":"display_only"},"geometry":{"type":"Point","coordinates":[69.224659,41.2022952]}},{"type":"Feature","properties":{"facility_id":"hc_node_5526630125","name":"Metromed","facility_category":"clinic","district_name":"Yakkasaray district","district_assignment":"within","osm_type":"node","osm_id":5526630125,"representative_point_method":"osm_node","role":"display_only"},"geometry":{"type":"Point","coordinates":[69.2281851,41.2674691]}},{"type":"Feature","properties":{"facility_id":"hc_node_5535452521","name":"Мед.Центр “ALLMED”","facility_category":"clinic","district_name":"Mirzo Ulugbek district","district_assignment":"within","osm_type":"node","osm_id":5535452521,"representative_point_method":"osm_node","role":"display_only"},"geometry":{"type":"Point","coordinates":[69.3389793,41.328212]}},{"type":"Feature","properties":{"facility_id":"hc_node_5573322121","name":"Институт Грудная Хирургия","facility_category":"hospital","district_name":"Chilanzar district","district_assignment":"within","osm_type":"node","osm_id":5573322121,"representative_point_method":"osm_node","role":"display_only"},"geometry":{"type":"Point","coordinates":[69.2098814,41.273959]}},{"type":"Feature","properties":{"facility_id":"hc_node_5586230421","name":"Karavan farm shifo","facility_category":"hospital","district_name":"Uchtepa district","district_assignment":"within","osm_type":"node","osm_id":5586230421,"representative_point_method":"osm_node","role":"display_only"},"geometry":{"type":"Point","coordinates":[69.1731366,41.2882912]}},{"type":"Feature","properties":{"facility_id":"hc_node_5605796128","name":"Областная дерматология","facility_category":"hospital","district_name":"Chilanzar district","district_assignment":"within","osm_type":"node","osm_id":5605796128,"representative_point_method":"osm_node","role":"display_only"},"geometry":{"type":"Point","coordinates":[69.2013067,41.294725]}},{"type":"Feature","properties":{"facility_id":"hc_node_5620263126","name":"НИИ Эпидемиологии и инфекционных заболеваний","facility_category":"clinic","district_name":"Uchtepa district","district_assignment":"within","osm_type":"node","osm_id":5620263126,"representative_point_method":"osm_node","role":"display_only"},"geometry":{"type":"Point","coordinates":[69.1875881,41.3106938]}},{"type":"Feature","properties":{"facility_id":"hc_node_5634415661","name":"Астма клиника \"Лёгкое дыхание\"","facility_category":"clinic","district_name":"Mirzo Ulugbek district","district_assignment":"within","osm_type":"node","osm_id":5634415661,"representative_point_method":"osm_node","role":"display_only"},"geometry":{"type":"Point","coordinates":[69.3387306,41.3390993]}},{"type":"Feature","properties":{"facility_id":"hc_node_5649426971","name":"Корпус 1","facility_category":"hospital","district_name":"Almazar district","district_assignment":"within","osm_type":"node","osm_id":5649426971,"representative_point_method":"osm_node","role":"display_only"},"geometry":{"type":"Point","coordinates":[69.1714856,41.3498014]}},{"type":"Feature","properties":{"facility_id":"hc_node_5649426972","name":"Корпус 3","facility_category":"hospital","district_name":"Almazar district","district_assignment":"within","osm_type":"node","osm_id":5649426972,"representative_point_method":"osm_node","role":"display_only"},"geometry":{"type":"Point","coordinates":[69.1724573,41.3503447]}},{"type":"Feature","properties":{"facility_id":"hc_node_5649426973","name":"Корпус 2","facility_category":"hospital","district_name":"Almazar district","district_assignment":"within","osm_type":"node","osm_id":5649426973,"representative_point_method":"osm_node","role":"display_only"},"geometry":{"type":"Point","coordinates":[69.1730651,41.3501036]}},{"type":"Feature","properties":{"facility_id":"hc_node_5649426974","name":"Корпус 4","facility_category":"hospital","district_name":"Almazar district","district_assignment":"within","osm_type":"node","osm_id":5649426974,"representative_point_method":"osm_node","role":"display_only"},"geometry":{"type":"Point","coordinates":[69.1718518,41.3503852]}},{"type":"Feature","properties":{"facility_id":"hc_node_5649426975","name":"Корпус 5","facility_category":"hospital","district_name":"Almazar district","district_assignment":"within","osm_type":"node","osm_id":5649426975,"representative_point_method":"osm_node","role":"display_only"},"geometry":{"type":"Point","coordinates":[69.1730892,41.3506248]}},{"type":"Feature","properties":{"facility_id":"hc_node_5649426976","name":"Корпус 6","facility_category":"hospital","district_name":"Almazar district","district_assignment":"within","osm_type":"node","osm_id":5649426976,"representative_point_method":"osm_node","role":"display_only"},"geometry":{"type":"Point","coordinates":[69.1716719,41.3509116]}},{"type":"Feature","properties":{"facility_id":"hc_node_5649426977","name":"Корпус 7","facility_category":"hospital","district_name":"Almazar district","district_assignment":"within","osm_type":"node","osm_id":5649426977,"representative_point_method":"osm_node","role":"display_only"},"geometry":{"type":"Point","coordinates":[69.171846,41.351325]}},{"type":"Feature","properties":{"facility_id":"hc_node_5649426978","name":"Корпус 8","facility_category":"hospital","district_name":"Almazar district","district_assignment":"within","osm_type":"node","osm_id":5649426978,"representative_point_method":"osm_node","role":"display_only"},"geometry":{"type":"Point","coordinates":[69.1720493,41.3517575]}},{"type":"Feature","properties":{"facility_id":"hc_node_5649426979","name":"Корпус 9","facility_category":"hospital","district_name":"Almazar district","district_assignment":"within","osm_type":"node","osm_id":5649426979,"representative_point_method":"osm_node","role":"display_only"},"geometry":{"type":"Point","coordinates":[69.1720801,41.3527873]}},{"type":"Feature","properties":{"facility_id":"hc_node_5649426980","name":"Корпус 11","facility_category":"hospital","district_name":"Almazar district","district_assignment":"within","osm_type":"node","osm_id":5649426980,"representative_point_method":"osm_node","role":"display_only"},"geometry":{"type":"Point","coordinates":[69.1712626,41.3533558]}},{"type":"Feature","properties":{"facility_id":"hc_node_5649426981","name":"Корпус 12","facility_category":"hospital","district_name":"Almazar district","district_assignment":"within","osm_type":"node","osm_id":5649426981,"representative_point_method":"osm_node","role":"display_only"},"geometry":{"type":"Point","coordinates":[69.1712626,41.353927]}},{"type":"Feature","properties":{"facility_id":"hc_node_5649426982","name":"Корпус 14","facility_category":"hospital","district_name":"Almazar district","district_assignment":"within","osm_type":"node","osm_id":5649426982,"representative_point_method":"osm_node","role":"display_only"},"geometry":{"type":"Point","coordinates":[69.1726535,41.354283]}},{"type":"Feature","properties":{"facility_id":"hc_node_5649426983","name":"Корпус 10","facility_category":"hospital","district_name":"Almazar district","district_assignment":"within","osm_type":"node","osm_id":5649426983,"representative_point_method":"osm_node","role":"display_only"},"geometry":{"type":"Point","coordinates":[69.171825,41.3533601]}},{"type":"Feature","properties":{"facility_id":"hc_node_5671733721","name":"Частная клиника Medical care service","facility_category":"clinic","district_name":"Almazar district","district_assignment":"within","osm_type":"node","osm_id":5671733721,"representative_point_method":"osm_node","role":"display_only"},"geometry":{"type":"Point","coordinates":[69.2343988,41.3487656]}},{"type":"Feature","properties":{"facility_id":"hc_node_5683235226","name":"Варикоз даволаш шифоханаси “Phlenolife”","facility_category":"clinic","district_name":"Yunusabad district","district_assignment":"within","osm_type":"node","osm_id":5683235226,"representative_point_method":"osm_node","role":"display_only"},"geometry":{"type":"Point","coordinates":[69.2920619,41.3308397]}},{"type":"Feature","properties":{"facility_id":"hc_node_5702712723","name":"Акфамэдлайн","facility_category":"hospital","district_name":"Almazar district","district_assignment":"within","osm_type":"node","osm_id":5702712723,"representative_point_method":"osm_node","role":"display_only"},"geometry":{"type":"Point","coordinates":[69.2088801,41.3430159]}},{"type":"Feature","properties":{"facility_id":"hc_node_5722758026","name":"Круглосуточный ЛОР 24/7 - Biogen Med","facility_category":"clinic","district_name":"Yunusabad district","district_assignment":"within","osm_type":"node","osm_id":5722758026,"representative_point_method":"osm_node","role":"display_only"},"geometry":{"type":"Point","coordinates":[69.307896,41.3683929]}},{"type":"Feature","properties":{"facility_id":"hc_node_5831717485","name":"ГЛАЗ КЛИНИКА СТЕЛЛАРИС","facility_category":"hospital","district_name":"Yashnabad district","district_assignment":"within","osm_type":"node","osm_id":5831717485,"representative_point_method":"osm_node","role":"display_only"},"geometry":{"type":"Point","coordinates":[69.2883785,41.3029698]}},{"type":"Feature","properties":{"facility_id":"hc_node_5834092466","name":"Vita-Stimul","facility_category":"clinic","district_name":"Chilanzar district","district_assignment":"within","osm_type":"node","osm_id":5834092466,"representative_point_method":"osm_node","role":"display_only"},"geometry":{"type":"Point","coordinates":[69.1913303,41.2698963]}},{"type":"Feature","properties":{"facility_id":"hc_node_5838541292","name":"Поликлиника N48","facility_category":"clinic","district_name":"Shaykhantakhur district","district_assignment":"within","osm_type":"node","osm_id":5838541292,"representative_point_method":"osm_node","role":"display_only"},"geometry":{"type":"Point","coordinates":[69.2540504,41.3235429]}},{"type":"Feature","properties":{"facility_id":"hc_node_5839360786","name":"Avisa med service","facility_category":"clinic","district_name":"Mirabad district","district_assignment":"within","osm_type":"node","osm_id":5839360786,"representative_point_method":"osm_node","role":"display_only"},"geometry":{"type":"Point","coordinates":[69.3094486,41.2740263]}},{"type":"Feature","properties":{"facility_id":"hc_node_5839368585","name":"Avicenna medical service","facility_category":"clinic","district_name":"Shaykhantakhur district","district_assignment":"within","osm_type":"node","osm_id":5839368585,"representative_point_method":"osm_node","role":"display_only"},"geometry":{"type":"Point","coordinates":[69.2348064,41.3162656]}},{"type":"Feature","properties":{"facility_id":"hc_node_5839378085","name":"BP-MED","facility_category":"clinic","district_name":"Almazar district","district_assignment":"within","osm_type":"node","osm_id":5839378085,"representative_point_method":"osm_node","role":"display_only"},"geometry":{"type":"Point","coordinates":[69.2569514,41.344153]}},{"type":"Feature","properties":{"facility_id":"hc_node_5878394585","name":"Сельский врачебный пункт Джамбул","facility_category":"clinic","district_name":"Yashnabad district","district_assignment":"within","osm_type":"node","osm_id":5878394585,"representative_point_method":"osm_node","role":"display_only"},"geometry":{"type":"Point","coordinates":[69.4027036,41.3039368]}},{"type":"Feature","properties":{"facility_id":"hc_node_5915047685","name":null,"facility_category":"clinic","district_name":"Shaykhantakhur district","district_assignment":"within","osm_type":"node","osm_id":5915047685,"representative_point_method":"osm_node","role":"display_only"},"geometry":{"type":"Point","coordinates":[69.216282,41.3223498]}},{"type":"Feature","properties":{"facility_id":"hc_node_5974125786","name":"Med Fay Tem","facility_category":"clinic","district_name":"Yunusabad district","district_assignment":"within","osm_type":"node","osm_id":5974125786,"representative_point_method":"osm_node","role":"display_only"},"geometry":{"type":"Point","coordinates":[69.2822901,41.3609153]}},{"type":"Feature","properties":{"facility_id":"hc_node_6044689885","name":"Clinic Pro","facility_category":"hospital","district_name":"Mirzo Ulugbek district","district_assignment":"within","osm_type":"node","osm_id":6044689885,"representative_point_method":"osm_node","role":"display_only"},"geometry":{"type":"Point","coordinates":[69.3195629,41.3193316]}},{"type":"Feature","properties":{"facility_id":"hc_node_6065399323","name":"Sihat Oila Medical clinic","facility_category":"clinic","district_name":"Yunusabad district","district_assignment":"within","osm_type":"node","osm_id":6065399323,"representative_point_method":"osm_node","role":"display_only"},"geometry":{"type":"Point","coordinates":[69.2722439,41.3579944]}},{"type":"Feature","properties":{"facility_id":"hc_node_6085796985","name":"Siz Ona Bo’lasiz","facility_category":"clinic","district_name":"Mirzo Ulugbek district","district_assignment":"within","osm_type":"node","osm_id":6085796985,"representative_point_method":"osm_node","role":"display_only"},"geometry":{"type":"Point","coordinates":[69.3223426,41.3368818]}},{"type":"Feature","properties":{"facility_id":"hc_node_6090044786","name":"МАТЬ И ДИТЯ","facility_category":"hospital","district_name":"Mirzo Ulugbek district","district_assignment":"within","osm_type":"node","osm_id":6090044786,"representative_point_method":"osm_node","role":"display_only"},"geometry":{"type":"Point","coordinates":[69.3688709,41.3497606]}},{"type":"Feature","properties":{"facility_id":"hc_node_6112503071","name":"Центр Мать и Дитя","facility_category":"hospital","district_name":"Uchtepa district","district_assignment":"within","osm_type":"node","osm_id":6112503071,"representative_point_method":"osm_node","role":"display_only"},"geometry":{"type":"Point","coordinates":[69.1618673,41.3148153]}},{"type":"Feature","properties":{"facility_id":"hc_node_6115570088","name":"Филиал СП14","facility_category":"hospital","district_name":"Almazar district","district_assignment":"within","osm_type":"node","osm_id":6115570088,"representative_point_method":"osm_node","role":"display_only"},"geometry":{"type":"Point","coordinates":[69.2221117,41.3309884]}},{"type":"Feature","properties":{"facility_id":"hc_node_6128227089","name":"Шифо нур","facility_category":"clinic","district_name":"Almazar district","district_assignment":"within","osm_type":"node","osm_id":6128227089,"representative_point_method":"osm_node","role":"display_only"},"geometry":{"type":"Point","coordinates":[69.2278822,41.3276757]}},{"type":"Feature","properties":{"facility_id":"hc_node_6128230585","name":"СП43 филиал","facility_category":"hospital","district_name":"Shaykhantakhur district","district_assignment":"within","osm_type":"node","osm_id":6128230585,"representative_point_method":"osm_node","role":"display_only"},"geometry":{"type":"Point","coordinates":[69.2380728,41.3111266]}},{"type":"Feature","properties":{"facility_id":"hc_node_6128252787","name":"Доктор Малик","facility_category":"clinic","district_name":"Shaykhantakhur district","district_assignment":"within","osm_type":"node","osm_id":6128252787,"representative_point_method":"osm_node","role":"display_only"},"geometry":{"type":"Point","coordinates":[69.2329272,41.3199511]}},{"type":"Feature","properties":{"facility_id":"hc_node_6134583888","name":"Ас-мед","facility_category":"hospital","district_name":"Almazar district","district_assignment":"within","osm_type":"node","osm_id":6134583888,"representative_point_method":"osm_node","role":"display_only"},"geometry":{"type":"Point","coordinates":[69.2556965,41.337484]}},{"type":"Feature","properties":{"facility_id":"hc_node_6137474786","name":"Частная клиника Кардиосервис","facility_category":"hospital","district_name":"Chilanzar district","district_assignment":"within","osm_type":"node","osm_id":6137474786,"representative_point_method":"osm_node","role":"display_only"},"geometry":{"type":"Point","coordinates":[69.2187196,41.2662692]}},{"type":"Feature","properties":{"facility_id":"hc_node_6137477386","name":"Частная клиника Вита стимул","facility_category":"hospital","district_name":"Chilanzar district","district_assignment":"within","osm_type":"node","osm_id":6137477386,"representative_point_method":"osm_node","role":"display_only"},"geometry":{"type":"Point","coordinates":[69.1897437,41.2670586]}},{"type":"Feature","properties":{"facility_id":"hc_node_6216741291","name":"АСАД КНР","facility_category":"clinic","district_name":"Yunusabad district","district_assignment":"within","osm_type":"node","osm_id":6216741291,"representative_point_method":"osm_node","role":"display_only"},"geometry":{"type":"Point","coordinates":[69.261257,41.3740038]}},{"type":"Feature","properties":{"facility_id":"hc_node_6326886292","name":"Детская городская клиническая больница №3,бывшая\"Мать и дитя\"","facility_category":"hospital","district_name":"Uchtepa district","district_assignment":"within","osm_type":"node","osm_id":6326886292,"representative_point_method":"osm_node","role":"display_only"},"geometry":{"type":"Point","coordinates":[69.1651755,41.3159159]}},{"type":"Feature","properties":{"facility_id":"hc_node_6349356286","name":"Ezgu Niyat","facility_category":"hospital","district_name":"Shaykhantakhur district","district_assignment":"within","osm_type":"node","osm_id":6349356286,"representative_point_method":"osm_node","role":"display_only"},"geometry":{"type":"Point","coordinates":[69.2553398,41.3161117]}},{"type":"Feature","properties":{"facility_id":"hc_node_6369863385","name":"Respublika Ixtisoslashtirilgan Nefrologiya va Transplantatsiya Ilmiy Amaliy Markazi","facility_category":"hospital","district_name":"Yunusabad district","district_assignment":"within","osm_type":"node","osm_id":6369863385,"representative_point_method":"osm_node","role":"display_only"},"geometry":{"type":"Point","coordinates":[69.2981685,41.3610841]}},{"type":"Feature","properties":{"facility_id":"hc_node_6388651586","name":"Aesthetic centre","facility_category":"hospital","district_name":"Almazar district","district_assignment":"within","osm_type":"node","osm_id":6388651586,"representative_point_method":"osm_node","role":"display_only"},"geometry":{"type":"Point","coordinates":[69.2086551,41.343513]}},{"type":"Feature","properties":{"facility_id":"hc_node_6398247785","name":"NMS","facility_category":"hospital","district_name":"Yunusabad district","district_assignment":"within","osm_type":"node","osm_id":6398247785,"representative_point_method":"osm_node","role":"display_only"},"geometry":{"type":"Point","coordinates":[69.3184832,41.3803222]}},{"type":"Feature","properties":{"facility_id":"hc_node_6517801485","name":"Мед Лайн","facility_category":"clinic","district_name":"Yunusabad district","district_assignment":"within","osm_type":"node","osm_id":6517801485,"representative_point_method":"osm_node","role":"display_only"},"geometry":{"type":"Point","coordinates":[69.2967522,41.3625411]}},{"type":"Feature","properties":{"facility_id":"hc_node_6531445688","name":"Узок Умр","facility_category":"clinic","district_name":"Yakkasaray district","district_assignment":"within","osm_type":"node","osm_id":6531445688,"representative_point_method":"osm_node","role":"display_only"},"geometry":{"type":"Point","coordinates":[69.2487215,41.2815166]}},{"type":"Feature","properties":{"facility_id":"hc_node_6640800386","name":"Медицинский центр “Status+ Medical”","facility_category":"clinic","district_name":"Mirzo Ulugbek district","district_assignment":"within","osm_type":"node","osm_id":6640800386,"representative_point_method":"osm_node","role":"display_only"},"geometry":{"type":"Point","coordinates":[69.2953836,41.3190162]}},{"type":"Feature","properties":{"facility_id":"hc_node_6662238194","name":"Мед Осмотр","facility_category":"clinic","district_name":"Shaykhantakhur district","district_assignment":"within","osm_type":"node","osm_id":6662238194,"representative_point_method":"osm_node","role":"display_only"},"geometry":{"type":"Point","coordinates":[69.2475926,41.323976]}},{"type":"Feature","properties":{"facility_id":"hc_node_6782024585","name":"\"Baxtli hayot\" tibbiyot markazi","facility_category":"clinic","district_name":"Yunusabad district","district_assignment":"within","osm_type":"node","osm_id":6782024585,"representative_point_method":"osm_node","role":"display_only"},"geometry":{"type":"Point","coordinates":[69.3136164,41.3772663]}},{"type":"Feature","properties":{"facility_id":"hc_node_6802720286","name":"Клиники24","facility_category":"clinic","district_name":"Yashnabad district","district_assignment":"within","osm_type":"node","osm_id":6802720286,"representative_point_method":"osm_node","role":"display_only"},"geometry":{"type":"Point","coordinates":[69.2891163,41.3036194]}},{"type":"Feature","properties":{"facility_id":"hc_node_6896775285","name":"Офтоб медлайн","facility_category":"hospital","district_name":"Almazar district","district_assignment":"within","osm_type":"node","osm_id":6896775285,"representative_point_method":"osm_node","role":"display_only"},"geometry":{"type":"Point","coordinates":[69.2551686,41.3371943]}},{"type":"Feature","properties":{"facility_id":"hc_node_6901982185","name":"Институт Пульмонологии","facility_category":"hospital","district_name":"Shaykhantakhur district","district_assignment":"within","osm_type":"node","osm_id":6901982185,"representative_point_method":"osm_node","role":"display_only"},"geometry":{"type":"Point","coordinates":[69.1971237,41.3043295]}},{"type":"Feature","properties":{"facility_id":"hc_node_6958252485","name":"ГОСПИТАЛЬ МВД ПСИХОСОМАТИКА","facility_category":"clinic","district_name":"Almazar district","district_assignment":"within","osm_type":"node","osm_id":6958252485,"representative_point_method":"osm_node","role":"display_only"},"geometry":{"type":"Point","coordinates":[69.2066011,41.3621953]}},{"type":"Feature","properties":{"facility_id":"hc_node_7051073285","name":"Клиника доктора Максудовой","facility_category":"clinic","district_name":"Mirzo Ulugbek district","district_assignment":"within","osm_type":"node","osm_id":7051073285,"representative_point_method":"osm_node","role":"display_only"},"geometry":{"type":"Point","coordinates":[69.3675675,41.3477054]}},{"type":"Feature","properties":{"facility_id":"hc_node_7364832848","name":"Perfect Face","facility_category":"clinic","district_name":"Chilanzar district","district_assignment":"within","osm_type":"node","osm_id":7364832848,"representative_point_method":"osm_node","role":"display_only"},"geometry":{"type":"Point","coordinates":[69.2191926,41.277593]}},{"type":"Feature","properties":{"facility_id":"hc_node_7709077686","name":"Анколайф","facility_category":"hospital","district_name":"Shaykhantakhur district","district_assignment":"within","osm_type":"node","osm_id":7709077686,"representative_point_method":"osm_node","role":"display_only"},"geometry":{"type":"Point","coordinates":[69.2362979,41.3170294]}},{"type":"Feature","properties":{"facility_id":"hc_node_7775691415","name":"ЛОР Norbutayev","facility_category":"clinic","district_name":"Yashnabad district","district_assignment":"within","osm_type":"node","osm_id":7775691415,"representative_point_method":"osm_node","role":"display_only"},"geometry":{"type":"Point","coordinates":[69.3534215,41.2886137]}},{"type":"Feature","properties":{"facility_id":"hc_node_7797762725","name":null,"facility_category":"hospital","district_name":"Shaykhantakhur district","district_assignment":"within","osm_type":"node","osm_id":7797762725,"representative_point_method":"osm_node","role":"display_only"},"geometry":{"type":"Point","coordinates":[69.243212,41.3163274]}},{"type":"Feature","properties":{"facility_id":"hc_node_7824089085","name":"ЛОР 24/7","facility_category":"clinic","district_name":"Yunusabad district","district_assignment":"within","osm_type":"node","osm_id":7824089085,"representative_point_method":"osm_node","role":"display_only"},"geometry":{"type":"Point","coordinates":[69.2864071,41.3685543]}},{"type":"Feature","properties":{"facility_id":"hc_node_7842210585","name":null,"facility_category":"clinic","district_name":"Mirzo Ulugbek district","district_assignment":"within","osm_type":"node","osm_id":7842210585,"representative_point_method":"osm_node","role":"display_only"},"geometry":{"type":"Point","coordinates":[69.3359598,41.3105866]}},{"type":"Feature","properties":{"facility_id":"hc_node_8123233230","name":"Invivo clinic","facility_category":"clinic","district_name":"Almazar district","district_assignment":"within","osm_type":"node","osm_id":8123233230,"representative_point_method":"osm_node","role":"display_only"},"geometry":{"type":"Point","coordinates":[69.1711464,41.348545]}},{"type":"Feature","properties":{"facility_id":"hc_node_8123238858","name":"Said farm service","facility_category":"clinic","district_name":"Almazar district","district_assignment":"within","osm_type":"node","osm_id":8123238858,"representative_point_method":"osm_node","role":"display_only"},"geometry":{"type":"Point","coordinates":[69.2258429,41.3609076]}},{"type":"Feature","properties":{"facility_id":"hc_node_8130193217","name":"Сифат Медицинский центр","facility_category":"clinic","district_name":"Mirzo Ulugbek district","district_assignment":"within","osm_type":"node","osm_id":8130193217,"representative_point_method":"osm_node","role":"display_only"},"geometry":{"type":"Point","coordinates":[69.3426853,41.3201173]}},{"type":"Feature","properties":{"facility_id":"hc_node_8185909917","name":"Центр медицинской реабилитации \"Прогноз\"","facility_category":"hospital","district_name":"Yunusabad district","district_assignment":"within","osm_type":"node","osm_id":8185909917,"representative_point_method":"osm_node","role":"display_only"},"geometry":{"type":"Point","coordinates":[69.291532,41.3224317]}},{"type":"Feature","properties":{"facility_id":"hc_node_8253909122","name":"COVID Test Centre","facility_category":"clinic","district_name":"Yunusabad district","district_assignment":"within","osm_type":"node","osm_id":8253909122,"representative_point_method":"osm_node","role":"display_only"},"geometry":{"type":"Point","coordinates":[69.285286,41.3177906]}},{"type":"Feature","properties":{"facility_id":"hc_node_8383872018","name":"Levelmed","facility_category":"clinic","district_name":"Shaykhantakhur district","district_assignment":"within","osm_type":"node","osm_id":8383872018,"representative_point_method":"osm_node","role":"display_only"},"geometry":{"type":"Point","coordinates":[69.2579291,41.3203343]}},{"type":"Feature","properties":{"facility_id":"hc_node_8776358924","name":"Республиканский кардиологический центр","facility_category":"hospital","district_name":"Mirzo Ulugbek district","district_assignment":"within","osm_type":"node","osm_id":8776358924,"representative_point_method":"osm_node","role":"display_only"},"geometry":{"type":"Point","coordinates":[69.3003243,41.3241039]}},{"type":"Feature","properties":{"facility_id":"hc_node_8842033717","name":"Клиника ДАВОМЕД","facility_category":"hospital","district_name":"Almazar district","district_assignment":"within","osm_type":"node","osm_id":8842033717,"representative_point_method":"osm_node","role":"display_only"},"geometry":{"type":"Point","coordinates":[69.2249285,41.361219]}},{"type":"Feature","properties":{"facility_id":"hc_node_8973125217","name":"Отделение недоношенных детей","facility_category":"hospital","district_name":"Yunusabad district","district_assignment":"within","osm_type":"node","osm_id":8973125217,"representative_point_method":"osm_node","role":"display_only"},"geometry":{"type":"Point","coordinates":[69.2979044,41.3606389]}},{"type":"Feature","properties":{"facility_id":"hc_node_9040127918","name":null,"facility_category":"clinic","district_name":"Chilanzar district","district_assignment":"within","osm_type":"node","osm_id":9040127918,"representative_point_method":"osm_node","role":"display_only"},"geometry":{"type":"Point","coordinates":[69.2113389,41.2824442]}},{"type":"Feature","properties":{"facility_id":"hc_node_9105353221","name":"Центр Понсети","facility_category":"hospital","district_name":"Yunusabad district","district_assignment":"within","osm_type":"node","osm_id":9105353221,"representative_point_method":"osm_node","role":"display_only"},"geometry":{"type":"Point","coordinates":[69.2695515,41.367153]}},{"type":"Feature","properties":{"facility_id":"hc_node_9238743417","name":"Hippocrates Hospital","facility_category":"hospital","district_name":"Almazar district","district_assignment":"within","osm_type":"node","osm_id":9238743417,"representative_point_method":"osm_node","role":"display_only"},"geometry":{"type":"Point","coordinates":[69.1789377,41.3503178]}},{"type":"Feature","properties":{"facility_id":"hc_node_9608020317","name":"Кардиолайф","facility_category":"hospital","district_name":"Mirzo Ulugbek district","district_assignment":"within","osm_type":"node","osm_id":9608020317,"representative_point_method":"osm_node","role":"display_only"},"geometry":{"type":"Point","coordinates":[69.3862444,41.3517691]}},{"type":"Feature","properties":{"facility_id":"hc_node_9652445069","name":"Ecomed","facility_category":"clinic","district_name":"Mirzo Ulugbek district","district_assignment":"within","osm_type":"node","osm_id":9652445069,"representative_point_method":"osm_node","role":"display_only"},"geometry":{"type":"Point","coordinates":[69.3571434,41.3548703]}},{"type":"Feature","properties":{"facility_id":"hc_node_9797805117","name":"НИМ Педиатрии","facility_category":"hospital","district_name":"Almazar district","district_assignment":"within","osm_type":"node","osm_id":9797805117,"representative_point_method":"osm_node","role":"display_only"},"geometry":{"type":"Point","coordinates":[69.2009246,41.3607228]}},{"type":"Feature","properties":{"facility_id":"hc_node_9803478818","name":"Zaytun Med Tib","facility_category":"clinic","district_name":"Almazar district","district_assignment":"within","osm_type":"node","osm_id":9803478818,"representative_point_method":"osm_node","role":"display_only"},"geometry":{"type":"Point","coordinates":[69.255029,41.3401789]}},{"type":"Feature","properties":{"facility_id":"hc_node_9982615221","name":"Приёмный покой","facility_category":"hospital","district_name":"Mirabad district","district_assignment":"within","osm_type":"node","osm_id":9982615221,"representative_point_method":"osm_node","role":"display_only"},"geometry":{"type":"Point","coordinates":[69.2841551,41.3021972]}},{"type":"Feature","properties":{"facility_id":"hc_node_10117236917","name":"Бутик Косметологи «Бэль Эстетик»","facility_category":"clinic","district_name":"Mirabad district","district_assignment":"within","osm_type":"node","osm_id":10117236917,"representative_point_method":"osm_node","role":"display_only"},"geometry":{"type":"Point","coordinates":[69.2700528,41.2883175]}},{"type":"Feature","properties":{"facility_id":"hc_node_10182120517","name":"Диалаб медицинский диагностический центр","facility_category":"clinic","district_name":"Almazar district","district_assignment":"within","osm_type":"node","osm_id":10182120517,"representative_point_method":"osm_node","role":"display_only"},"geometry":{"type":"Point","coordinates":[69.2165383,41.3538121]}},{"type":"Feature","properties":{"facility_id":"hc_node_10211433924","name":"Eurosun Healthcare","facility_category":"clinic","district_name":"Shaykhantakhur district","district_assignment":"within","osm_type":"node","osm_id":10211433924,"representative_point_method":"osm_node","role":"display_only"},"geometry":{"type":"Point","coordinates":[69.2639895,41.3208457]}},{"type":"Feature","properties":{"facility_id":"hc_node_10264468873","name":"Z Hospital","facility_category":"hospital","district_name":"Almazar district","district_assignment":"within","osm_type":"node","osm_id":10264468873,"representative_point_method":"osm_node","role":"display_only"},"geometry":{"type":"Point","coordinates":[69.1778297,41.3561322]}},{"type":"Feature","properties":{"facility_id":"hc_node_10272787255","name":"Z Hospital","facility_category":"hospital","district_name":"Almazar district","district_assignment":"within","osm_type":"node","osm_id":10272787255,"representative_point_method":"osm_node","role":"display_only"},"geometry":{"type":"Point","coordinates":[69.1766596,41.3595275]}},{"type":"Feature","properties":{"facility_id":"hc_node_10272787312","name":"Республиканский специализированный научно-практичный медицинский центр урологии","facility_category":"hospital","district_name":"Almazar district","district_assignment":"within","osm_type":"node","osm_id":10272787312,"representative_point_method":"osm_node","role":"display_only"},"geometry":{"type":"Point","coordinates":[69.1763002,41.3556469]}},{"type":"Feature","properties":{"facility_id":"hc_node_10273032669","name":"Davlat xavfsizlik xizmati markaziy harbiy gospitali","facility_category":"hospital","district_name":"Almazar district","district_assignment":"within","osm_type":"node","osm_id":10273032669,"representative_point_method":"osm_node","role":"display_only"},"geometry":{"type":"Point","coordinates":[69.2114612,41.3631885]}},{"type":"Feature","properties":{"facility_id":"hc_node_10280063703","name":"Surunkali Somatik kasalliklar","facility_category":"clinic","district_name":"Almazar district","district_assignment":"within","osm_type":"node","osm_id":10280063703,"representative_point_method":"osm_node","role":"display_only"},"geometry":{"type":"Point","coordinates":[69.215466,41.370764]}},{"type":"Feature","properties":{"facility_id":"hc_node_10316772922","name":"Поликлиника","facility_category":"clinic","district_name":"Almazar district","district_assignment":"within","osm_type":"node","osm_id":10316772922,"representative_point_method":"osm_node","role":"display_only"},"geometry":{"type":"Point","coordinates":[69.2601172,41.3427931]}},{"type":"Feature","properties":{"facility_id":"hc_node_10542425595","name":"Doctor D","facility_category":"clinic","district_name":"Almazar district","district_assignment":"within","osm_type":"node","osm_id":10542425595,"representative_point_method":"osm_node","role":"display_only"},"geometry":{"type":"Point","coordinates":[69.2570703,41.3410501]}},{"type":"Feature","properties":{"facility_id":"hc_node_10567011891","name":"19-chi sonli oilaviy poliklinika","facility_category":"clinic","district_name":"Almazar district","district_assignment":"within","osm_type":"node","osm_id":10567011891,"representative_point_method":"osm_node","role":"display_only"},"geometry":{"type":"Point","coordinates":[69.2426044,41.3386565]}},{"type":"Feature","properties":{"facility_id":"hc_node_10692811557","name":"Alliance Medical Clinic","facility_category":"clinic","district_name":"Almazar district","district_assignment":"within","osm_type":"node","osm_id":10692811557,"representative_point_method":"osm_node","role":"display_only"},"geometry":{"type":"Point","coordinates":[69.2151464,41.362713]}},{"type":"Feature","properties":{"facility_id":"hc_node_10693308233","name":"Beauty therapy clinic","facility_category":"clinic","district_name":"Yakkasaray district","district_assignment":"within","osm_type":"node","osm_id":10693308233,"representative_point_method":"osm_node","role":"display_only"},"geometry":{"type":"Point","coordinates":[69.2566661,41.2876538]}},{"type":"Feature","properties":{"facility_id":"hc_node_10704026639","name":"Sebzor-Med Davo","facility_category":"clinic","district_name":"Almazar district","district_assignment":"within","osm_type":"node","osm_id":10704026639,"representative_point_method":"osm_node","role":"display_only"},"geometry":{"type":"Point","coordinates":[69.2271723,41.3571756]}},{"type":"Feature","properties":{"facility_id":"hc_node_10723165686","name":"Dignus clinic","facility_category":"hospital","district_name":"Mirzo Ulugbek district","district_assignment":"within","osm_type":"node","osm_id":10723165686,"representative_point_method":"osm_node","role":"display_only"},"geometry":{"type":"Point","coordinates":[69.318352,41.3193145]}},{"type":"Feature","properties":{"facility_id":"hc_node_10740639380","name":"5-chi sonli shahar yuqumli kasalliklar shifoxonasi","facility_category":"clinic","district_name":"Chilanzar district","district_assignment":"within","osm_type":"node","osm_id":10740639380,"representative_point_method":"osm_node","role":"display_only"},"geometry":{"type":"Point","coordinates":[69.2491341,41.3068098]}},{"type":"Feature","properties":{"facility_id":"hc_node_10761374605","name":null,"facility_category":"clinic","district_name":"Yunusabad district","district_assignment":"within","osm_type":"node","osm_id":10761374605,"representative_point_method":"osm_node","role":"display_only"},"geometry":{"type":"Point","coordinates":[69.2984725,41.3830328]}},{"type":"Feature","properties":{"facility_id":"hc_node_10770887559","name":"Nur Med","facility_category":"clinic","district_name":"Chilanzar district","district_assignment":"within","osm_type":"node","osm_id":10770887559,"representative_point_method":"osm_node","role":"display_only"},"geometry":{"type":"Point","coordinates":[69.2005219,41.2994186]}},{"type":"Feature","properties":{"facility_id":"hc_node_10786526105","name":"Cardio Star Plus","facility_category":"hospital","district_name":"Chilanzar district","district_assignment":"within","osm_type":"node","osm_id":10786526105,"representative_point_method":"osm_node","role":"display_only"},"geometry":{"type":"Point","coordinates":[69.2076951,41.2588415]}},{"type":"Feature","properties":{"facility_id":"hc_node_10816188248","name":"LORMAMA","facility_category":"clinic","district_name":"Yashnabad district","district_assignment":"within","osm_type":"node","osm_id":10816188248,"representative_point_method":"osm_node","role":"display_only"},"geometry":{"type":"Point","coordinates":[69.3223367,41.304901]}},{"type":"Feature","properties":{"facility_id":"hc_node_10917405505","name":null,"facility_category":"clinic","district_name":"Almazar district","district_assignment":"within","osm_type":"node","osm_id":10917405505,"representative_point_method":"osm_node","role":"display_only"},"geometry":{"type":"Point","coordinates":[69.259083,41.3429847]}},{"type":"Feature","properties":{"facility_id":"hc_node_10939124294","name":"Respublika ayollarni reabilitatsiya qilish va moslashtirish markazi","facility_category":"hospital","district_name":"Chilanzar district","district_assignment":"within","osm_type":"node","osm_id":10939124294,"representative_point_method":"osm_node","role":"display_only"},"geometry":{"type":"Point","coordinates":[69.2128067,41.2656279]}},{"type":"Feature","properties":{"facility_id":"hc_node_10939740132","name":"Doctor Nodirabegim","facility_category":"hospital","district_name":"Chilanzar district","district_assignment":"within","osm_type":"node","osm_id":10939740132,"representative_point_method":"osm_node","role":"display_only"},"geometry":{"type":"Point","coordinates":[69.2104903,41.2684028]}},{"type":"Feature","properties":{"facility_id":"hc_node_10939740165","name":"Feniks","facility_category":"hospital","district_name":"Chilanzar district","district_assignment":"within","osm_type":"node","osm_id":10939740165,"representative_point_method":"osm_node","role":"display_only"},"geometry":{"type":"Point","coordinates":[69.2101889,41.2679599]}},{"type":"Feature","properties":{"facility_id":"hc_node_10992907342","name":"Citymed Turk EKU Markazi","facility_category":"hospital","district_name":"Shaykhantakhur district","district_assignment":"within","osm_type":"node","osm_id":10992907342,"representative_point_method":"osm_node","role":"display_only"},"geometry":{"type":"Point","coordinates":[69.1887475,41.3496421]}},{"type":"Feature","properties":{"facility_id":"hc_node_11090819533","name":"Doctor-M","facility_category":"clinic","district_name":"Shaykhantakhur district","district_assignment":"within","osm_type":"node","osm_id":11090819533,"representative_point_method":"osm_node","role":"display_only"},"geometry":{"type":"Point","coordinates":[69.263311,41.3431611]}},{"type":"Feature","properties":{"facility_id":"hc_node_11090819545","name":"President Medical","facility_category":"clinic","district_name":"Shaykhantakhur district","district_assignment":"within","osm_type":"node","osm_id":11090819545,"representative_point_method":"osm_node","role":"display_only"},"geometry":{"type":"Point","coordinates":[69.2628502,41.3434848]}},{"type":"Feature","properties":{"facility_id":"hc_node_11112421905","name":"Лаборатория ИнтерМед Частная клиника","facility_category":"clinic","district_name":"Yunusabad district","district_assignment":"within","osm_type":"node","osm_id":11112421905,"representative_point_method":"osm_node","role":"display_only"},"geometry":{"type":"Point","coordinates":[69.2908678,41.3508562]}},{"type":"Feature","properties":{"facility_id":"hc_node_11286853169","name":"Клиника современной флебологии Phlebolife","facility_category":"clinic","district_name":"Almazar district","district_assignment":"within","osm_type":"node","osm_id":11286853169,"representative_point_method":"osm_node","role":"display_only"},"geometry":{"type":"Point","coordinates":[69.1787881,41.3530476]}},{"type":"Feature","properties":{"facility_id":"hc_node_11303820841","name":"Yashfina","facility_category":"clinic","district_name":"Chilanzar district","district_assignment":"within","osm_type":"node","osm_id":11303820841,"representative_point_method":"osm_node","role":"display_only"},"geometry":{"type":"Point","coordinates":[69.189861,41.2652578]}},{"type":"Feature","properties":{"facility_id":"hc_node_11335630670","name":"Medion Innovation","facility_category":"hospital","district_name":"Shaykhantakhur district","district_assignment":"within","osm_type":"node","osm_id":11335630670,"representative_point_method":"osm_node","role":"display_only"},"geometry":{"type":"Point","coordinates":[69.2492493,41.3266417]}},{"type":"Feature","properties":{"facility_id":"hc_node_11510956134","name":"Клиника доктор Хасан","facility_category":"clinic","district_name":"Shaykhantakhur district","district_assignment":"within","osm_type":"node","osm_id":11510956134,"representative_point_method":"osm_node","role":"display_only"},"geometry":{"type":"Point","coordinates":[69.1901055,41.3378187]}},{"type":"Feature","properties":{"facility_id":"hc_node_11545864616","name":"Клиника доктора Максудовой","facility_category":"clinic","district_name":"Mirzo Ulugbek district","district_assignment":"within","osm_type":"node","osm_id":11545864616,"representative_point_method":"osm_node","role":"display_only"},"geometry":{"type":"Point","coordinates":[69.2921394,41.3194745]}},{"type":"Feature","properties":{"facility_id":"hc_node_11672285975","name":"SHOX MED Педиатрия","facility_category":"hospital","district_name":"Yunusabad district","district_assignment":"within","osm_type":"node","osm_id":11672285975,"representative_point_method":"osm_node","role":"display_only"},"geometry":{"type":"Point","coordinates":[69.2896766,41.3586944]}},{"type":"Feature","properties":{"facility_id":"hc_node_11828398807","name":"Soriz","facility_category":"clinic","district_name":"Yashnabad district","district_assignment":"within","osm_type":"node","osm_id":11828398807,"representative_point_method":"osm_node","role":"display_only"},"geometry":{"type":"Point","coordinates":[69.2951703,41.3063309]}},{"type":"Feature","properties":{"facility_id":"hc_node_11901038969","name":null,"facility_category":"clinic","district_name":"Yashnabad district","district_assignment":"within","osm_type":"node","osm_id":11901038969,"representative_point_method":"osm_node","role":"display_only"},"geometry":{"type":"Point","coordinates":[69.3460758,41.2909707]}},{"type":"Feature","properties":{"facility_id":"hc_node_11919761690","name":"Genotexnologiya","facility_category":"clinic","district_name":"Shaykhantakhur district","district_assignment":"within","osm_type":"node","osm_id":11919761690,"representative_point_method":"osm_node","role":"display_only"},"geometry":{"type":"Point","coordinates":[69.216376,41.321804]}},{"type":"Feature","properties":{"facility_id":"hc_node_12180259206","name":"Станция неотложной помощи 103","facility_category":"hospital","district_name":"Yashnabad district","district_assignment":"within","osm_type":"node","osm_id":12180259206,"representative_point_method":"osm_node","role":"display_only"},"geometry":{"type":"Point","coordinates":[69.2903832,41.3041808]}},{"type":"Feature","properties":{"facility_id":"hc_node_12383093001","name":"EBM Clinic","facility_category":"clinic","district_name":"Yakkasaray district","district_assignment":"within","osm_type":"node","osm_id":12383093001,"representative_point_method":"osm_node","role":"display_only"},"geometry":{"type":"Point","coordinates":[69.2500348,41.2940709]}},{"type":"Feature","properties":{"facility_id":"hc_node_12399549354","name":"Израильский медицинский центр репродуктивной медицины и семейного здоровья","facility_category":"hospital","district_name":"Mirzo Ulugbek district","district_assignment":"within","osm_type":"node","osm_id":12399549354,"representative_point_method":"osm_node","role":"display_only"},"geometry":{"type":"Point","coordinates":[69.3018517,41.3182934]}},{"type":"Feature","properties":{"facility_id":"hc_node_12581764254","name":"Lab Medical","facility_category":"clinic","district_name":"Uchtepa district","district_assignment":"within","osm_type":"node","osm_id":12581764254,"representative_point_method":"osm_node","role":"display_only"},"geometry":{"type":"Point","coordinates":[69.1933576,41.3264281]}},{"type":"Feature","properties":{"facility_id":"hc_node_12599951287","name":"Clinic of EMU","facility_category":"clinic","district_name":"Yakkasaray district","district_assignment":"within","osm_type":"node","osm_id":12599951287,"representative_point_method":"osm_node","role":"display_only"},"geometry":{"type":"Point","coordinates":[69.2491624,41.2786345]}},{"type":"Feature","properties":{"facility_id":"hc_node_12599981672","name":"Clinic of EMU","facility_category":"clinic","district_name":"Shaykhantakhur district","district_assignment":"within","osm_type":"node","osm_id":12599981672,"representative_point_method":"osm_node","role":"display_only"},"geometry":{"type":"Point","coordinates":[69.2084219,41.3013117]}},{"type":"Feature","properties":{"facility_id":"hc_node_12653700850","name":"Shox Hospital","facility_category":"clinic","district_name":"Yakkasaray district","district_assignment":"within","osm_type":"node","osm_id":12653700850,"representative_point_method":"osm_node","role":"display_only"},"geometry":{"type":"Point","coordinates":[69.2631867,41.2693158]}},{"type":"Feature","properties":{"facility_id":"hc_node_12690603324","name":"Mental Med Service","facility_category":"clinic","district_name":"Shaykhantakhur district","district_assignment":"within","osm_type":"node","osm_id":12690603324,"representative_point_method":"osm_node","role":"display_only"},"geometry":{"type":"Point","coordinates":[69.2623898,41.3277115]}},{"type":"Feature","properties":{"facility_id":"hc_node_12696174152","name":"Frank Medic","facility_category":"clinic","district_name":"Mirzo Ulugbek district","district_assignment":"within","osm_type":"node","osm_id":12696174152,"representative_point_method":"osm_node","role":"display_only"},"geometry":{"type":"Point","coordinates":[69.3746294,41.331032]}},{"type":"Feature","properties":{"facility_id":"hc_node_12732020127","name":"Хасанов Абдурахман ЛОР клиника","facility_category":"hospital","district_name":"Chilanzar district","district_assignment":"within","osm_type":"node","osm_id":12732020127,"representative_point_method":"osm_node","role":"display_only"},"geometry":{"type":"Point","coordinates":[69.1994316,41.269886]}},{"type":"Feature","properties":{"facility_id":"hc_node_12802212534","name":"Bavaria reha Tashkent","facility_category":"hospital","district_name":"Shaykhantakhur district","district_assignment":"within","osm_type":"node","osm_id":12802212534,"representative_point_method":"osm_node","role":"display_only"},"geometry":{"type":"Point","coordinates":[69.2456877,41.3189237]}},{"type":"Feature","properties":{"facility_id":"hc_node_12811580695","name":"Семейная поликлиника № 6","facility_category":"clinic","district_name":"Mirzo Ulugbek district","district_assignment":"within","osm_type":"node","osm_id":12811580695,"representative_point_method":"osm_node","role":"display_only"},"geometry":{"type":"Point","coordinates":[69.3850184,41.3539196]}},{"type":"Feature","properties":{"facility_id":"hc_node_12879788714","name":"Respublika patologik anatomiya markazi","facility_category":"hospital","district_name":"Almazar district","district_assignment":"within","osm_type":"node","osm_id":12879788714,"representative_point_method":"osm_node","role":"display_only"},"geometry":{"type":"Point","coordinates":[69.1717749,41.357647]}},{"type":"Feature","properties":{"facility_id":"hc_node_12879788715","name":"Xalqaro molekulyar allergologiya markazi","facility_category":"hospital","district_name":"Almazar district","district_assignment":"within","osm_type":"node","osm_id":12879788715,"representative_point_method":"osm_node","role":"display_only"},"geometry":{"type":"Point","coordinates":[69.1726518,41.3569672]}},{"type":"Feature","properties":{"facility_id":"hc_node_12879788716","name":"Respublika onkologiya va radiologiya markazi","facility_category":"hospital","district_name":"Almazar district","district_assignment":"within","osm_type":"node","osm_id":12879788716,"representative_point_method":"osm_node","role":"display_only"},"geometry":{"type":"Point","coordinates":[69.1709881,41.3563038]}},{"type":"Feature","properties":{"facility_id":"hc_node_12941458163","name":"YANGI HAYOT","facility_category":"clinic","district_name":"Almazar district","district_assignment":"within","osm_type":"node","osm_id":12941458163,"representative_point_method":"osm_node","role":"display_only"},"geometry":{"type":"Point","coordinates":[69.2251975,41.355211]}},{"type":"Feature","properties":{"facility_id":"hc_node_12993422881","name":"5-sonli bolalar yuqumli kasalliklar shifoxonasi","facility_category":"hospital","district_name":"Uchtepa district","district_assignment":"within","osm_type":"node","osm_id":12993422881,"representative_point_method":"osm_node","role":"display_only"},"geometry":{"type":"Point","coordinates":[69.1850458,41.3049066]}},{"type":"Feature","properties":{"facility_id":"hc_node_13000125327","name":"Medas medical center","facility_category":"clinic","district_name":"Yunusabad district","district_assignment":"within","osm_type":"node","osm_id":13000125327,"representative_point_method":"osm_node","role":"display_only"},"geometry":{"type":"Point","coordinates":[69.287174,41.3539572]}},{"type":"Feature","properties":{"facility_id":"hc_node_13042472487","name":"Poliklinika","facility_category":"clinic","district_name":"Mirzo Ulugbek district","district_assignment":"within","osm_type":"node","osm_id":13042472487,"representative_point_method":"osm_node","role":"display_only"},"geometry":{"type":"Point","coordinates":[69.3437882,41.3394311]}},{"type":"Feature","properties":{"facility_id":"hc_node_13136358243","name":null,"facility_category":"clinic","district_name":"Yakkasaray district","district_assignment":"within","osm_type":"node","osm_id":13136358243,"representative_point_method":"osm_node","role":"display_only"},"geometry":{"type":"Point","coordinates":[69.2489175,41.2899971]}},{"type":"Feature","properties":{"facility_id":"hc_node_13152536701","name":"MedInfo","facility_category":"clinic","district_name":"Yunusabad district","district_assignment":"within","osm_type":"node","osm_id":13152536701,"representative_point_method":"osm_node","role":"display_only"},"geometry":{"type":"Point","coordinates":[69.2975208,41.3365518]}},{"type":"Feature","properties":{"facility_id":"hc_node_13154436339","name":"19 - Oilaviy Poliklinika","facility_category":"clinic","district_name":"Almazar district","district_assignment":"within","osm_type":"node","osm_id":13154436339,"representative_point_method":"osm_node","role":"display_only"},"geometry":{"type":"Point","coordinates":[69.2530779,41.3355131]}},{"type":"Feature","properties":{"facility_id":"hc_node_13204468458","name":"Neurolife","facility_category":"clinic","district_name":"Yunusabad district","district_assignment":"within","osm_type":"node","osm_id":13204468458,"representative_point_method":"osm_node","role":"display_only"},"geometry":{"type":"Point","coordinates":[69.3110041,41.3549352]}},{"type":"Feature","properties":{"facility_id":"hc_node_13308273273","name":"Shams medical clinic","facility_category":"clinic","district_name":"Mirabad district","district_assignment":"within","osm_type":"node","osm_id":13308273273,"representative_point_method":"osm_node","role":"display_only"},"geometry":{"type":"Point","coordinates":[69.3117219,41.2526678]}},{"type":"Feature","properties":{"facility_id":"hc_node_13422274001","name":"29 Oilaviy Poliklinika filial","facility_category":"clinic","district_name":"Yashnabad district","district_assignment":"within","osm_type":"node","osm_id":13422274001,"representative_point_method":"osm_node","role":"display_only"},"geometry":{"type":"Point","coordinates":[69.3406283,41.2575552]}},{"type":"Feature","properties":{"facility_id":"hc_node_13524820431","name":null,"facility_category":"clinic","district_name":"Almazar district","district_assignment":"within","osm_type":"node","osm_id":13524820431,"representative_point_method":"osm_node","role":"display_only"},"geometry":{"type":"Point","coordinates":[69.1955861,41.3598629]}},{"type":"Feature","properties":{"facility_id":"hc_node_13534842068","name":"Поликлиника ГУВД","facility_category":"clinic","district_name":"Yakkasaray district","district_assignment":"within","osm_type":"node","osm_id":13534842068,"representative_point_method":"osm_node","role":"display_only"},"geometry":{"type":"Point","coordinates":[69.2598918,41.280294]}},{"type":"Feature","properties":{"facility_id":"hc_node_13543936737","name":"Поликлиника №","facility_category":"clinic","district_name":"Bektemir district","district_assignment":"within","osm_type":"node","osm_id":13543936737,"representative_point_method":"osm_node","role":"display_only"},"geometry":{"type":"Point","coordinates":[69.3743825,41.2500267]}},{"type":"Feature","properties":{"facility_id":"hc_node_13568211539","name":"Orion Med City","facility_category":"clinic","district_name":"Mirabad district","district_assignment":"within","osm_type":"node","osm_id":13568211539,"representative_point_method":"osm_node","role":"display_only"},"geometry":{"type":"Point","coordinates":[69.2954188,41.2819205]}},{"type":"Feature","properties":{"facility_id":"hc_node_13570831580","name":"№29 Oilaviy Poliklinika","facility_category":"clinic","district_name":"Yashnabad district","district_assignment":"within","osm_type":"node","osm_id":13570831580,"representative_point_method":"osm_node","role":"display_only"},"geometry":{"type":"Point","coordinates":[69.3277628,41.24476]}},{"type":"Feature","properties":{"facility_id":"hc_node_13609130845","name":"РМО Алмазарского района","facility_category":"clinic","district_name":"Almazar district","district_assignment":"within","osm_type":"node","osm_id":13609130845,"representative_point_method":"osm_node","role":"display_only"},"geometry":{"type":"Point","coordinates":[69.2516852,41.3337008]}},{"type":"Feature","properties":{"facility_id":"hc_node_13659746192","name":"33-chi sonli oilaviy poliklinika","facility_category":"clinic","district_name":"Chilanzar district","district_assignment":"within","osm_type":"node","osm_id":13659746192,"representative_point_method":"osm_node","role":"display_only"},"geometry":{"type":"Point","coordinates":[69.1726325,41.2387853]}},{"type":"Feature","properties":{"facility_id":"hc_node_13666879627","name":"OMEGA EYE","facility_category":"clinic","district_name":"Mirabad district","district_assignment":"within","osm_type":"node","osm_id":13666879627,"representative_point_method":"osm_node","role":"display_only"},"geometry":{"type":"Point","coordinates":[69.296391,41.2730428]}},{"type":"Feature","properties":{"facility_id":"hc_node_13695369412","name":"de factum","facility_category":"clinic","district_name":"Yunusabad district","district_assignment":"within","osm_type":"node","osm_id":13695369412,"representative_point_method":"osm_node","role":"display_only"},"geometry":{"type":"Point","coordinates":[69.2799885,41.3283369]}},{"type":"Feature","properties":{"facility_id":"hc_relation_1869584","name":"Центральный госпиталь МВД","facility_category":"hospital","district_name":"Almazar district","district_assignment":"within","osm_type":"relation","osm_id":1869584,"representative_point_method":"polygon_representative_point","role":"display_only"},"geometry":{"type":"Point","coordinates":[69.2060641,41.3612392]}},{"type":"Feature","properties":{"facility_id":"hc_relation_1913447","name":"№15 Oilaviy tibbiyot paliklinika","facility_category":"clinic","district_name":"Almazar district","district_assignment":"within","osm_type":"relation","osm_id":1913447,"representative_point_method":"polygon_representative_point","role":"display_only"},"geometry":{"type":"Point","coordinates":[69.212703,41.3632702]}},{"type":"Feature","properties":{"facility_id":"hc_relation_1933817","name":"52-oilaviy poliklinika","facility_category":"clinic","district_name":"Yunusabad district","district_assignment":"within","osm_type":"relation","osm_id":1933817,"representative_point_method":"polygon_representative_point","role":"display_only"},"geometry":{"type":"Point","coordinates":[69.2723402,41.3707]}},{"type":"Feature","properties":{"facility_id":"hc_relation_2292359","name":"Tashkent City Oncological Dispenser","facility_category":"hospital","district_name":"Chilanzar district","district_assignment":"within","osm_type":"relation","osm_id":2292359,"representative_point_method":"polygon_representative_point","role":"display_only"},"geometry":{"type":"Point","coordinates":[69.1958369,41.3000903]}},{"type":"Feature","properties":{"facility_id":"hc_relation_2295575","name":"Республиканская Клиническая Больница №1","facility_category":"hospital","district_name":"Mirabad district","district_assignment":"within","osm_type":"relation","osm_id":2295575,"representative_point_method":"polygon_representative_point","role":"display_only"},"geometry":{"type":"Point","coordinates":[69.2842434,41.3017324]}},{"type":"Feature","properties":{"facility_id":"hc_relation_2337601","name":"Клиническая больница неотложной медицинской помощи г. Ташкена","facility_category":"hospital","district_name":"Uchtepa district","district_assignment":"within","osm_type":"relation","osm_id":2337601,"representative_point_method":"polygon_representative_point","role":"display_only"},"geometry":{"type":"Point","coordinates":[69.1910384,41.2988314]}},{"type":"Feature","properties":{"facility_id":"hc_relation_5623372","name":"Parents Holiday","facility_category":"hospital","district_name":"Almazar district","district_assignment":"within","osm_type":"relation","osm_id":5623372,"representative_point_method":"polygon_representative_point","role":"display_only"},"geometry":{"type":"Point","coordinates":[69.2456596,41.3512777]}},{"type":"Feature","properties":{"facility_id":"hc_relation_6204010","name":"Ташкентский областной филиал РНЦЭМП","facility_category":"hospital","district_name":"Sergeli district","district_assignment":"within","osm_type":"relation","osm_id":6204010,"representative_point_method":"polygon_representative_point","role":"display_only"},"geometry":{"type":"Point","coordinates":[69.3104553,41.2330783]}},{"type":"Feature","properties":{"facility_id":"hc_relation_6298388","name":"Психиатрическая больница Чукурсай","facility_category":"hospital","district_name":"Almazar district","district_assignment":"within","osm_type":"relation","osm_id":6298388,"representative_point_method":"polygon_representative_point","role":"display_only"},"geometry":{"type":"Point","coordinates":[69.2367615,41.3768096]}},{"type":"Feature","properties":{"facility_id":"hc_relation_6504563","name":"Третья клиника ТашМИ","facility_category":"hospital","district_name":"Yashnabad district","district_assignment":"within","osm_type":"relation","osm_id":6504563,"representative_point_method":"polygon_representative_point","role":"display_only"},"geometry":{"type":"Point","coordinates":[69.3023885,41.3103177]}},{"type":"Feature","properties":{"facility_id":"hc_relation_6619085","name":"Республиканский Специализированный Центр Микрохирургии Глаза","facility_category":"hospital","district_name":"Uchtepa district","district_assignment":"within","osm_type":"relation","osm_id":6619085,"representative_point_method":"polygon_representative_point","role":"display_only"},"geometry":{"type":"Point","coordinates":[69.1929204,41.2988206]}},{"type":"Feature","properties":{"facility_id":"hc_relation_7299488","name":"Центр переливания крови","facility_category":"hospital","district_name":"Yakkasaray district","district_assignment":"within","osm_type":"relation","osm_id":7299488,"representative_point_method":"polygon_representative_point","role":"display_only"},"geometry":{"type":"Point","coordinates":[69.2286233,41.2645468]}},{"type":"Feature","properties":{"facility_id":"hc_relation_7389864","name":"Научно–исследовательский институт травматологии","facility_category":"hospital","district_name":"Yashnabad district","district_assignment":"within","osm_type":"relation","osm_id":7389864,"representative_point_method":"polygon_representative_point","role":"display_only"},"geometry":{"type":"Point","coordinates":[69.2941062,41.30653]}},{"type":"Feature","properties":{"facility_id":"hc_relation_8199341","name":"Городская клиническая больница №6","facility_category":"hospital","district_name":"Bektemir district","district_assignment":"within","osm_type":"relation","osm_id":8199341,"representative_point_method":"polygon_representative_point","role":"display_only"},"geometry":{"type":"Point","coordinates":[69.3289267,41.2330894]}},{"type":"Feature","properties":{"facility_id":"hc_relation_8343612","name":"Akfa Medline","facility_category":"clinic","district_name":"Almazar district","district_assignment":"within","osm_type":"relation","osm_id":8343612,"representative_point_method":"polygon_representative_point","role":"display_only"},"geometry":{"type":"Point","coordinates":[69.2088489,41.3428743]}},{"type":"Feature","properties":{"facility_id":"hc_relation_8721741","name":"Shahar Klinik Kasalxonasi № 1","facility_category":"hospital","district_name":"Shaykhantakhur district","district_assignment":"within","osm_type":"relation","osm_id":8721741,"representative_point_method":"polygon_representative_point","role":"display_only"},"geometry":{"type":"Point","coordinates":[69.2199142,41.3210849]}},{"type":"Feature","properties":{"facility_id":"hc_relation_8721742","name":"Toshkent Shahar Perinatal Markazi","facility_category":"hospital","district_name":"Shaykhantakhur district","district_assignment":"within","osm_type":"relation","osm_id":8721742,"representative_point_method":"polygon_representative_point","role":"display_only"},"geometry":{"type":"Point","coordinates":[69.2174212,41.3210337]}},{"type":"Feature","properties":{"facility_id":"hc_relation_8842788","name":"Семейная поликлиника №45","facility_category":"clinic","district_name":"Shaykhantakhur district","district_assignment":"within","osm_type":"relation","osm_id":8842788,"representative_point_method":"polygon_representative_point","role":"display_only"},"geometry":{"type":"Point","coordinates":[69.1991902,41.3397291]}},{"type":"Feature","properties":{"facility_id":"hc_relation_9283159","name":"2-jarrohlik bolalar shifoxonasi","facility_category":"hospital","district_name":"Mirzo Ulugbek district","district_assignment":"within","osm_type":"relation","osm_id":9283159,"representative_point_method":"polygon_representative_point","role":"display_only"},"geometry":{"type":"Point","coordinates":[69.336841,41.3307569]}},{"type":"Feature","properties":{"facility_id":"hc_relation_9332807","name":"6-son tug‘uruqxona","facility_category":"hospital","district_name":"Yashnabad district","district_assignment":"within","osm_type":"relation","osm_id":9332807,"representative_point_method":"polygon_representative_point","role":"display_only"},"geometry":{"type":"Point","coordinates":[69.286647,41.3082314]}},{"type":"Feature","properties":{"facility_id":"hc_relation_9507433","name":"Семейная поликлиника №41","facility_category":"clinic","district_name":"Shaykhantakhur district","district_assignment":"within","osm_type":"relation","osm_id":9507433,"representative_point_method":"polygon_representative_point","role":"display_only"},"geometry":{"type":"Point","coordinates":[69.1842068,41.3301923]}},{"type":"Feature","properties":{"facility_id":"hc_relation_9576370","name":"Virusologiya ilmiy-tekshirish instituti","facility_category":"hospital","district_name":"Yunusabad district","district_assignment":"within","osm_type":"relation","osm_id":9576370,"representative_point_method":"polygon_representative_point","role":"display_only"},"geometry":{"type":"Point","coordinates":[69.3002237,41.3599892]}},{"type":"Feature","properties":{"facility_id":"hc_relation_9576371","name":"Детская больница №1","facility_category":"hospital","district_name":"Yunusabad district","district_assignment":"within","osm_type":"relation","osm_id":9576371,"representative_point_method":"polygon_representative_point","role":"display_only"},"geometry":{"type":"Point","coordinates":[69.2972377,41.3602407]}},{"type":"Feature","properties":{"facility_id":"hc_relation_11552836","name":"Mudofaa vazirligi Markaziy gospital","facility_category":"hospital","district_name":"Mirzo Ulugbek district","district_assignment":"within","osm_type":"relation","osm_id":11552836,"representative_point_method":"polygon_representative_point","role":"display_only"},"geometry":{"type":"Point","coordinates":[69.3294526,41.3400029]}},{"type":"Feature","properties":{"facility_id":"hc_way_31962773","name":"клиника имени М.М. Федоровича","facility_category":"hospital","district_name":"Mirabad district","district_assignment":"within","osm_type":"way","osm_id":31962773,"representative_point_method":"polygon_representative_point","role":"display_only"},"geometry":{"type":"Point","coordinates":[69.2831733,41.3008859]}},{"type":"Feature","properties":{"facility_id":"hc_way_31963034","name":"Центральная поликлиника Мирабадского района","facility_category":"clinic","district_name":"Mirabad district","district_assignment":"within","osm_type":"way","osm_id":31963034,"representative_point_method":"polygon_representative_point","role":"display_only"},"geometry":{"type":"Point","coordinates":[69.2715028,41.3034854]}},{"type":"Feature","properties":{"facility_id":"hc_way_31972517","name":"Санэпидем станция","facility_category":"hospital","district_name":"Yashnabad district","district_assignment":"within","osm_type":"way","osm_id":31972517,"representative_point_method":"polygon_representative_point","role":"display_only"},"geometry":{"type":"Point","coordinates":[69.2902716,41.3047373]}},{"type":"Feature","properties":{"facility_id":"hc_way_31972518","name":"1-я Центральная поликлиника","facility_category":"hospital","district_name":"Yashnabad district","district_assignment":"within","osm_type":"way","osm_id":31972518,"representative_point_method":"polygon_representative_point","role":"display_only"},"geometry":{"type":"Point","coordinates":[69.2893929,41.3041116]}},{"type":"Feature","properties":{"facility_id":"hc_way_32040055","name":"Поликлиника МВД","facility_category":"clinic","district_name":"Mirabad district","district_assignment":"within","osm_type":"way","osm_id":32040055,"representative_point_method":"polygon_representative_point","role":"display_only"},"geometry":{"type":"Point","coordinates":[69.28649,41.3004574]}},{"type":"Feature","properties":{"facility_id":"hc_way_32720921","name":"Клиническая Больница №7 (бывшая №17)","facility_category":"hospital","district_name":"Yunusabad district","district_assignment":"within","osm_type":"way","osm_id":32720921,"representative_point_method":"polygon_representative_point","role":"display_only"},"geometry":{"type":"Point","coordinates":[69.2748511,41.3573875]}},{"type":"Feature","properties":{"facility_id":"hc_way_32808146","name":"Медикосоциальный центр Фонда \"Соглом авлод учун\"","facility_category":"hospital","district_name":"Yunusabad district","district_assignment":"within","osm_type":"way","osm_id":32808146,"representative_point_method":"polygon_representative_point","role":"display_only"},"geometry":{"type":"Point","coordinates":[69.2769408,41.3304254]}},{"type":"Feature","properties":{"facility_id":"hc_way_33042156","name":"Семейная поликлиника №9","facility_category":"clinic","district_name":"Mirzo Ulugbek district","district_assignment":"within","osm_type":"way","osm_id":33042156,"representative_point_method":"polygon_representative_point","role":"display_only"},"geometry":{"type":"Point","coordinates":[69.3106857,41.3291649]}},{"type":"Feature","properties":{"facility_id":"hc_way_33202540","name":"Семейная Поликлиника #4 (бывшая N20)","facility_category":"clinic","district_name":"Mirzo Ulugbek district","district_assignment":"within","osm_type":"way","osm_id":33202540,"representative_point_method":"polygon_representative_point","role":"display_only"},"geometry":{"type":"Point","coordinates":[69.3259546,41.3310771]}},{"type":"Feature","properties":{"facility_id":"hc_way_33203734","name":"Детская больница №5","facility_category":"hospital","district_name":"Mirzo Ulugbek district","district_assignment":"within","osm_type":"way","osm_id":33203734,"representative_point_method":"polygon_representative_point","role":"display_only"},"geometry":{"type":"Point","coordinates":[69.3340402,41.3391554]}},{"type":"Feature","properties":{"facility_id":"hc_way_44349272","name":"Соматическая больница Ташкентской области","facility_category":"hospital","district_name":"Chilanzar district","district_assignment":"within","osm_type":"way","osm_id":44349272,"representative_point_method":"polygon_representative_point","role":"display_only"},"geometry":{"type":"Point","coordinates":[69.217693,41.2888679]}},{"type":"Feature","properties":{"facility_id":"hc_way_81524094","name":"Поликлиника №2","facility_category":"clinic","district_name":"Mirabad district","district_assignment":"within","osm_type":"way","osm_id":81524094,"representative_point_method":"polygon_representative_point","role":"display_only"},"geometry":{"type":"Point","coordinates":[69.3123948,41.2517338]}},{"type":"Feature","properties":{"facility_id":"hc_way_82171730","name":"Сеймейная поликлиника №12","facility_category":"clinic","district_name":"Sergeli district","district_assignment":"within","osm_type":"way","osm_id":82171730,"representative_point_method":"polygon_representative_point","role":"display_only"},"geometry":{"type":"Point","coordinates":[69.2996135,41.245682]}},{"type":"Feature","properties":{"facility_id":"hc_way_84749585","name":"ЦМПР при РМО Яшнабад","facility_category":"clinic","district_name":"Yashnabad district","district_assignment":"within","osm_type":"way","osm_id":84749585,"representative_point_method":"polygon_representative_point","role":"display_only"},"geometry":{"type":"Point","coordinates":[69.3050203,41.3055501]}},{"type":"Feature","properties":{"facility_id":"hc_way_85105781","name":"Поликлиника ГАО ТАПОиЧ","facility_category":"hospital","district_name":"Yashnabad district","district_assignment":"within","osm_type":"way","osm_id":85105781,"representative_point_method":"polygon_representative_point","role":"display_only"},"geometry":{"type":"Point","coordinates":[69.3466312,41.2881089]}},{"type":"Feature","properties":{"facility_id":"hc_way_87245257","name":"Детская Инфекционная больница №2","facility_category":"hospital","district_name":"Yashnabad district","district_assignment":"within","osm_type":"way","osm_id":87245257,"representative_point_method":"polygon_representative_point","role":"display_only"},"geometry":{"type":"Point","coordinates":[69.3256764,41.2702403]}},{"type":"Feature","properties":{"facility_id":"hc_way_87486078","name":"Детский Консультативно-Диагностический Центр","facility_category":"clinic","district_name":"Yashnabad district","district_assignment":"within","osm_type":"way","osm_id":87486078,"representative_point_method":"polygon_representative_point","role":"display_only"},"geometry":{"type":"Point","coordinates":[69.3044676,41.3059224]}},{"type":"Feature","properties":{"facility_id":"hc_way_87658715","name":"Respublika ixtisoslashtirilgan akusherlik va ginekologiya ilmiy-amaliy tibbiyot markazi","facility_category":"hospital","district_name":"Mirzo Ulugbek district","district_assignment":"within","osm_type":"way","osm_id":87658715,"representative_point_method":"polygon_representative_point","role":"display_only"},"geometry":{"type":"Point","coordinates":[69.359481,41.3560496]}},{"type":"Feature","properties":{"facility_id":"hc_way_89925571","name":"Железнодорожная Поликлиника","facility_category":"clinic","district_name":"Mirabad district","district_assignment":"within","osm_type":"way","osm_id":89925571,"representative_point_method":"polygon_representative_point","role":"display_only"},"geometry":{"type":"Point","coordinates":[69.2845817,41.2864129]}},{"type":"Feature","properties":{"facility_id":"hc_way_95933958","name":"Respublika shoshilinch tibbiy yordam ilmiy markazi (№16)","facility_category":"hospital","district_name":"Chilanzar district","district_assignment":"within","osm_type":"way","osm_id":95933958,"representative_point_method":"polygon_representative_point","role":"display_only"},"geometry":{"type":"Point","coordinates":[69.2174786,41.2689612]}},{"type":"Feature","properties":{"facility_id":"hc_way_98672290","name":"Children's Hospital of Railway Stock Company of Uzbekistan","facility_category":"hospital","district_name":"Mirabad district","district_assignment":"within","osm_type":"way","osm_id":98672290,"representative_point_method":"polygon_representative_point","role":"display_only"},"geometry":{"type":"Point","coordinates":[69.2932523,41.2690737]}},{"type":"Feature","properties":{"facility_id":"hc_way_98680387","name":"Tashkent International Clinic","facility_category":"hospital","district_name":"Mirabad district","district_assignment":"within","osm_type":"way","osm_id":98680387,"representative_point_method":"polygon_representative_point","role":"display_only"},"geometry":{"type":"Point","coordinates":[69.2941366,41.2719422]}},{"type":"Feature","properties":{"facility_id":"hc_way_98809129","name":"Больница ГАЖК \"Узбекистон Темир Йуллари\"","facility_category":"hospital","district_name":"Yashnabad district","district_assignment":"within","osm_type":"way","osm_id":98809129,"representative_point_method":"polygon_representative_point","role":"display_only"},"geometry":{"type":"Point","coordinates":[69.3040147,41.3009016]}},{"type":"Feature","properties":{"facility_id":"hc_way_98828774","name":"Родильный комплекс №4","facility_category":"hospital","district_name":"Mirabad district","district_assignment":"within","osm_type":"way","osm_id":98828774,"representative_point_method":"polygon_representative_point","role":"display_only"},"geometry":{"type":"Point","coordinates":[69.2884463,41.2851323]}},{"type":"Feature","properties":{"facility_id":"hc_way_98828782","name":"Shahar psixiatriya klinikasi","facility_category":"hospital","district_name":"Mirabad district","district_assignment":"within","osm_type":"way","osm_id":98828782,"representative_point_method":"polygon_representative_point","role":"display_only"},"geometry":{"type":"Point","coordinates":[69.2862138,41.2844751]}},{"type":"Feature","properties":{"facility_id":"hc_way_101302639","name":"Семейная поликлиника №12","facility_category":"clinic","district_name":"Yunusabad district","district_assignment":"within","osm_type":"way","osm_id":101302639,"representative_point_method":"polygon_representative_point","role":"display_only"},"geometry":{"type":"Point","coordinates":[69.3115035,41.3708609]}},{"type":"Feature","properties":{"facility_id":"hc_way_102381397","name":"Республиканский центр грудной хиругии им, В. Вахидова","facility_category":"hospital","district_name":"Chilanzar district","district_assignment":"within","osm_type":"way","osm_id":102381397,"representative_point_method":"polygon_representative_point","role":"display_only"},"geometry":{"type":"Point","coordinates":[69.2105061,41.2731758]}},{"type":"Feature","properties":{"facility_id":"hc_way_102535432","name":"Respublika onkologiya markazi","facility_category":"hospital","district_name":"Shaykhantakhur district","district_assignment":"within","osm_type":"way","osm_id":102535432,"representative_point_method":"polygon_representative_point","role":"display_only"},"geometry":{"type":"Point","coordinates":[69.2019814,41.3455596]}},{"type":"Feature","properties":{"facility_id":"hc_way_102535433","name":null,"facility_category":"hospital","district_name":"Shaykhantakhur district","district_assignment":"within","osm_type":"way","osm_id":102535433,"representative_point_method":"polygon_representative_point","role":"display_only"},"geometry":{"type":"Point","coordinates":[69.2021009,41.3458815]}},{"type":"Feature","properties":{"facility_id":"hc_way_102548980","name":"НИИ дерматологии и венерологии","facility_category":"hospital","district_name":"Almazar district","district_assignment":"within","osm_type":"way","osm_id":102548980,"representative_point_method":"polygon_representative_point","role":"display_only"},"geometry":{"type":"Point","coordinates":[69.16905,41.3494733]}},{"type":"Feature","properties":{"facility_id":"hc_way_102776348","name":"MDS service","facility_category":"hospital","district_name":"Yashnabad district","district_assignment":"within","osm_type":"way","osm_id":102776348,"representative_point_method":"polygon_representative_point","role":"display_only"},"geometry":{"type":"Point","coordinates":[69.317477,41.309125]}},{"type":"Feature","properties":{"facility_id":"hc_way_102931996","name":null,"facility_category":"clinic","district_name":"Shaykhantakhur district","district_assignment":"within","osm_type":"way","osm_id":102931996,"representative_point_method":"polygon_representative_point","role":"display_only"},"geometry":{"type":"Point","coordinates":[69.1689906,41.3430122]}},{"type":"Feature","properties":{"facility_id":"hc_way_103251532","name":"Medion","facility_category":"clinic","district_name":"Shaykhantakhur district","district_assignment":"within","osm_type":"way","osm_id":103251532,"representative_point_method":"polygon_representative_point","role":"display_only"},"geometry":{"type":"Point","coordinates":[69.1842127,41.3274665]}},{"type":"Feature","properties":{"facility_id":"hc_way_104128361","name":"Ayol Care","facility_category":"clinic","district_name":"Yashnabad district","district_assignment":"within","osm_type":"way","osm_id":104128361,"representative_point_method":"polygon_representative_point","role":"display_only"},"geometry":{"type":"Point","coordinates":[69.3036585,41.3075449]}},{"type":"Feature","properties":{"facility_id":"hc_way_105716288","name":"Ftiziatriya va pulmonologiya tibbiyot markazi","facility_category":"hospital","district_name":"Shaykhantakhur district","district_assignment":"within","osm_type":"way","osm_id":105716288,"representative_point_method":"polygon_representative_point","role":"display_only"},"geometry":{"type":"Point","coordinates":[69.1969195,41.3048389]}},{"type":"Feature","properties":{"facility_id":"hc_way_105820896","name":"Отделение хирургии","facility_category":"hospital","district_name":"Yashnabad district","district_assignment":"within","osm_type":"way","osm_id":105820896,"representative_point_method":"polygon_representative_point","role":"display_only"},"geometry":{"type":"Point","coordinates":[69.3017261,41.310609]}},{"type":"Feature","properties":{"facility_id":"hc_way_106370366","name":"№2 shahar kasalxonasi","facility_category":"hospital","district_name":"Sergeli district","district_assignment":"within","osm_type":"way","osm_id":106370366,"representative_point_method":"polygon_representative_point","role":"display_only"},"geometry":{"type":"Point","coordinates":[69.2840741,41.2683298]}},{"type":"Feature","properties":{"facility_id":"hc_way_106615656","name":"Республиканский Специализированный Научно-практический Медицинский Центр Кардиологии","facility_category":"hospital","district_name":"Mirzo Ulugbek district","district_assignment":"within","osm_type":"way","osm_id":106615656,"representative_point_method":"polygon_representative_point","role":"display_only"},"geometry":{"type":"Point","coordinates":[69.3000648,41.3241764]}},{"type":"Feature","properties":{"facility_id":"hc_way_107191727","name":"Nuroniy klinik shifoxonasi","facility_category":"hospital","district_name":"Yashnabad district","district_assignment":"within","osm_type":"way","osm_id":107191727,"representative_point_method":"polygon_representative_point","role":"display_only"},"geometry":{"type":"Point","coordinates":[69.3197502,41.2890351]}},{"type":"Feature","properties":{"facility_id":"hc_way_107420934","name":"Дом здоровья. Doktor Xonnazarov, Nevrologiya, Kardiologiya, Terapiya Markazi","facility_category":"hospital","district_name":"Yashnabad district","district_assignment":"within","osm_type":"way","osm_id":107420934,"representative_point_method":"polygon_representative_point","role":"display_only"},"geometry":{"type":"Point","coordinates":[69.3514295,41.2843436]}},{"type":"Feature","properties":{"facility_id":"hc_way_107430620","name":"Туберкулёзный диспансер Хамзинского района","facility_category":"hospital","district_name":"Yashnabad district","district_assignment":"within","osm_type":"way","osm_id":107430620,"representative_point_method":"polygon_representative_point","role":"display_only"},"geometry":{"type":"Point","coordinates":[69.3157607,41.292046]}},{"type":"Feature","properties":{"facility_id":"hc_way_107849014","name":"Star Med Center","facility_category":"clinic","district_name":"Chilanzar district","district_assignment":"within","osm_type":"way","osm_id":107849014,"representative_point_method":"polygon_representative_point","role":"display_only"},"geometry":{"type":"Point","coordinates":[69.2126762,41.2861846]}},{"type":"Feature","properties":{"facility_id":"hc_way_110761623","name":"Городская инфекционная больница N2","facility_category":"hospital","district_name":"Yashnabad district","district_assignment":"within","osm_type":"way","osm_id":110761623,"representative_point_method":"polygon_representative_point","role":"display_only"},"geometry":{"type":"Point","coordinates":[69.345342,41.2974657]}},{"type":"Feature","properties":{"facility_id":"hc_way_110851234","name":"Республиканский центр по борьбе со СПИДом","facility_category":"clinic","district_name":"Chilanzar district","district_assignment":"within","osm_type":"way","osm_id":110851234,"representative_point_method":"polygon_representative_point","role":"display_only"},"geometry":{"type":"Point","coordinates":[69.2015799,41.2759341]}},{"type":"Feature","properties":{"facility_id":"hc_way_115742427","name":"Туберкулезный диспансер №1","facility_category":"hospital","district_name":"Mirzo Ulugbek district","district_assignment":"within","osm_type":"way","osm_id":115742427,"representative_point_method":"polygon_representative_point","role":"display_only"},"geometry":{"type":"Point","coordinates":[69.3880146,41.3457447]}},{"type":"Feature","properties":{"facility_id":"hc_way_118437791","name":"Семейная поликлиника №35","facility_category":"clinic","district_name":"Chilanzar district","district_assignment":"within","osm_type":"way","osm_id":118437791,"representative_point_method":"polygon_representative_point","role":"display_only"},"geometry":{"type":"Point","coordinates":[69.1763043,41.2705874]}},{"type":"Feature","properties":{"facility_id":"hc_way_121410885","name":"Наркологическая больница","facility_category":"hospital","district_name":"Yangikhayot district","district_assignment":"within","osm_type":"way","osm_id":121410885,"representative_point_method":"polygon_representative_point","role":"display_only"},"geometry":{"type":"Point","coordinates":[69.2284698,41.203562]}},{"type":"Feature","properties":{"facility_id":"hc_way_121410889","name":"Городской КВД","facility_category":"hospital","district_name":"Yangikhayot district","district_assignment":"within","osm_type":"way","osm_id":121410889,"representative_point_method":"polygon_representative_point","role":"display_only"},"geometry":{"type":"Point","coordinates":[69.2264725,41.2026454]}},{"type":"Feature","properties":{"facility_id":"hc_way_123068545","name":"8 chi oilaviy poliklinika","facility_category":"clinic","district_name":"Mirzo Ulugbek district","district_assignment":"within","osm_type":"way","osm_id":123068545,"representative_point_method":"polygon_representative_point","role":"display_only"},"geometry":{"type":"Point","coordinates":[69.3658593,41.3310481]}},{"type":"Feature","properties":{"facility_id":"hc_way_124176139","name":"Центральная диагностическая поликлиника","facility_category":"hospital","district_name":"Mirzo Ulugbek district","district_assignment":"within","osm_type":"way","osm_id":124176139,"representative_point_method":"polygon_representative_point","role":"display_only"},"geometry":{"type":"Point","coordinates":[69.3857091,41.354349]}},{"type":"Feature","properties":{"facility_id":"hc_way_132726264","name":"3 chi tug'ruqxona","facility_category":"hospital","district_name":"Almazar district","district_assignment":"within","osm_type":"way","osm_id":132726264,"representative_point_method":"polygon_representative_point","role":"display_only"},"geometry":{"type":"Point","coordinates":[69.2612623,41.3438279]}},{"type":"Feature","properties":{"facility_id":"hc_way_134104365","name":"MediMax","facility_category":"clinic","district_name":"Mirzo Ulugbek district","district_assignment":"within","osm_type":"way","osm_id":134104365,"representative_point_method":"polygon_representative_point","role":"display_only"},"geometry":{"type":"Point","coordinates":[69.3888297,41.3500945]}},{"type":"Feature","properties":{"facility_id":"hc_way_136052871","name":"Estimed","facility_category":"clinic","district_name":"Chilanzar district","district_assignment":"within","osm_type":"way","osm_id":136052871,"representative_point_method":"polygon_representative_point","role":"display_only"},"geometry":{"type":"Point","coordinates":[69.2242452,41.2850017]}},{"type":"Feature","properties":{"facility_id":"hc_way_136160798","name":"Родильный дом №2","facility_category":"hospital","district_name":"Almazar district","district_assignment":"within","osm_type":"way","osm_id":136160798,"representative_point_method":"polygon_representative_point","role":"display_only"},"geometry":{"type":"Point","coordinates":[69.2421761,41.3466499]}},{"type":"Feature","properties":{"facility_id":"hc_way_136473973","name":"Семейная поликлиника 34","facility_category":"clinic","district_name":"Chilanzar district","district_assignment":"within","osm_type":"way","osm_id":136473973,"representative_point_method":"polygon_representative_point","role":"display_only"},"geometry":{"type":"Point","coordinates":[69.2228222,41.2800594]}},{"type":"Feature","properties":{"facility_id":"hc_way_136496731","name":"3-son shahar klinik shifoxonasi","facility_category":"hospital","district_name":"Mirabad district","district_assignment":"within","osm_type":"way","osm_id":136496731,"representative_point_method":"polygon_representative_point","role":"display_only"},"geometry":{"type":"Point","coordinates":[69.3068113,41.2724167]}},{"type":"Feature","properties":{"facility_id":"hc_way_141318149","name":"Цетнтральный военный госпиталь СГБ","facility_category":"hospital","district_name":"Almazar district","district_assignment":"within","osm_type":"way","osm_id":141318149,"representative_point_method":"polygon_representative_point","role":"display_only"},"geometry":{"type":"Point","coordinates":[69.2119169,41.3628566]}},{"type":"Feature","properties":{"facility_id":"hc_way_143350648","name":"Toshkent Davlat Pedyatriya Instituti","facility_category":"hospital","district_name":"Yunusabad district","district_assignment":"within","osm_type":"way","osm_id":143350648,"representative_point_method":"polygon_representative_point","role":"display_only"},"geometry":{"type":"Point","coordinates":[69.3376263,41.3551729]}},{"type":"Feature","properties":{"facility_id":"hc_way_143446100","name":"41-oilaviy poliklinika","facility_category":"clinic","district_name":"Shaykhantakhur district","district_assignment":"within","osm_type":"way","osm_id":143446100,"representative_point_method":"polygon_representative_point","role":"display_only"},"geometry":{"type":"Point","coordinates":[69.2620368,41.3390969]}},{"type":"Feature","properties":{"facility_id":"hc_way_143446112","name":"Семашко","facility_category":"hospital","district_name":"Yunusabad district","district_assignment":"within","osm_type":"way","osm_id":143446112,"representative_point_method":"polygon_representative_point","role":"display_only"},"geometry":{"type":"Point","coordinates":[69.2790962,41.3372288]}},{"type":"Feature","properties":{"facility_id":"hc_way_144058844","name":"Поликлиника №44","facility_category":"clinic","district_name":"Shaykhantakhur district","district_assignment":"within","osm_type":"way","osm_id":144058844,"representative_point_method":"polygon_representative_point","role":"display_only"},"geometry":{"type":"Point","coordinates":[69.2178416,41.3264707]}},{"type":"Feature","properties":{"facility_id":"hc_way_145294135","name":"Городской психоневрологический диспансер №1","facility_category":"hospital","district_name":"Yakkasaray district","district_assignment":"within","osm_type":"way","osm_id":145294135,"representative_point_method":"polygon_representative_point","role":"display_only"},"geometry":{"type":"Point","coordinates":[69.2364876,41.2854591]}},{"type":"Feature","properties":{"facility_id":"hc_way_147464980","name":null,"facility_category":"hospital","district_name":"Mirabad district","district_assignment":"within","osm_type":"way","osm_id":147464980,"representative_point_method":"polygon_representative_point","role":"display_only"},"geometry":{"type":"Point","coordinates":[69.277653,41.2882849]}},{"type":"Feature","properties":{"facility_id":"hc_way_149358564","name":"Respublika ko'z kasalliklari shifoxonasi","facility_category":"hospital","district_name":"Almazar district","district_assignment":"within","osm_type":"way","osm_id":149358564,"representative_point_method":"polygon_representative_point","role":"display_only"},"geometry":{"type":"Point","coordinates":[69.2176789,41.354789]}},{"type":"Feature","properties":{"facility_id":"hc_way_149526538","name":"Pediatriya instituti","facility_category":"hospital","district_name":"Almazar district","district_assignment":"within","osm_type":"way","osm_id":149526538,"representative_point_method":"polygon_representative_point","role":"display_only"},"geometry":{"type":"Point","coordinates":[69.1998801,41.3585303]}},{"type":"Feature","properties":{"facility_id":"hc_way_149535645","name":"Туберкулёзный диспансер","facility_category":"hospital","district_name":"Almazar district","district_assignment":"within","osm_type":"way","osm_id":149535645,"representative_point_method":"polygon_representative_point","role":"display_only"},"geometry":{"type":"Point","coordinates":[69.2356663,41.3495925]}},{"type":"Feature","properties":{"facility_id":"hc_way_151712914","name":null,"facility_category":"clinic","district_name":"Mirzo Ulugbek district","district_assignment":"within","osm_type":"way","osm_id":151712914,"representative_point_method":"polygon_representative_point","role":"display_only"},"geometry":{"type":"Point","coordinates":[69.358732,41.3562106]}},{"type":"Feature","properties":{"facility_id":"hc_way_156960977","name":"Центральная клиническая больница №2","facility_category":"hospital","district_name":"Mirzo Ulugbek district","district_assignment":"within","osm_type":"way","osm_id":156960977,"representative_point_method":"polygon_representative_point","role":"display_only"},"geometry":{"type":"Point","coordinates":[69.3354514,41.3234132]}},{"type":"Feature","properties":{"facility_id":"hc_way_163078178","name":"5-sonli Yuqumli kasalliklar shifoxonasi","facility_category":"hospital","district_name":"Chilanzar district","district_assignment":"within","osm_type":"way","osm_id":163078178,"representative_point_method":"polygon_representative_point","role":"display_only"},"geometry":{"type":"Point","coordinates":[69.2494284,41.3068843]}},{"type":"Feature","properties":{"facility_id":"hc_way_165499766","name":null,"facility_category":"clinic","district_name":"Almazar district","district_assignment":"within","osm_type":"way","osm_id":165499766,"representative_point_method":"polygon_representative_point","role":"display_only"},"geometry":{"type":"Point","coordinates":[69.2259262,41.360921]}},{"type":"Feature","properties":{"facility_id":"hc_way_165720274","name":"Клиника Lor Medical Service","facility_category":"hospital","district_name":"Yunusabad district","district_assignment":"within","osm_type":"way","osm_id":165720274,"representative_point_method":"polygon_representative_point","role":"display_only"},"geometry":{"type":"Point","coordinates":[69.2792227,41.3284338]}},{"type":"Feature","properties":{"facility_id":"hc_way_166723093","name":"НИИ Гематологии и кровепереливания","facility_category":"hospital","district_name":"Chilanzar district","district_assignment":"within","osm_type":"way","osm_id":166723093,"representative_point_method":"polygon_representative_point","role":"display_only"},"geometry":{"type":"Point","coordinates":[69.2146149,41.2886931]}},{"type":"Feature","properties":{"facility_id":"hc_way_171005012","name":"Областной Психиатрической Диспансер","facility_category":"hospital","district_name":"Yangikhayot district","district_assignment":"within","osm_type":"way","osm_id":171005012,"representative_point_method":"polygon_representative_point","role":"display_only"},"geometry":{"type":"Point","coordinates":[69.2333477,41.2032045]}},{"type":"Feature","properties":{"facility_id":"hc_way_171182034","name":"Cardio Med","facility_category":"clinic","district_name":"Chilanzar district","district_assignment":"within","osm_type":"way","osm_id":171182034,"representative_point_method":"polygon_representative_point","role":"display_only"},"geometry":{"type":"Point","coordinates":[69.1989574,41.2634563]}},{"type":"Feature","properties":{"facility_id":"hc_way_172681541","name":"Республиканский Центр социальной адаптации детей","facility_category":"hospital","district_name":"Yakkasaray district","district_assignment":"within","osm_type":"way","osm_id":172681541,"representative_point_method":"polygon_representative_point","role":"display_only"},"geometry":{"type":"Point","coordinates":[69.2589536,41.2822196]}},{"type":"Feature","properties":{"facility_id":"hc_way_173166205","name":"Центральная многопрофильная поликлиника при РМО Яккасарай","facility_category":"hospital","district_name":"Yakkasaray district","district_assignment":"within","osm_type":"way","osm_id":173166205,"representative_point_method":"polygon_representative_point","role":"display_only"},"geometry":{"type":"Point","coordinates":[69.2427182,41.2773998]}},{"type":"Feature","properties":{"facility_id":"hc_way_174750330","name":"Инфекционная больница №1","facility_category":"hospital","district_name":"Almazar district","district_assignment":"within","osm_type":"way","osm_id":174750330,"representative_point_method":"polygon_representative_point","role":"display_only"},"geometry":{"type":"Point","coordinates":[69.2598961,41.3445549]}},{"type":"Feature","properties":{"facility_id":"hc_way_174750343","name":"Областной онкологический диспансер","facility_category":"hospital","district_name":"Almazar district","district_assignment":"within","osm_type":"way","osm_id":174750343,"representative_point_method":"polygon_representative_point","role":"display_only"},"geometry":{"type":"Point","coordinates":[69.2600912,41.3421678]}},{"type":"Feature","properties":{"facility_id":"hc_way_175060525","name":"Поликлиника №32","facility_category":"clinic","district_name":"Yashnabad district","district_assignment":"within","osm_type":"way","osm_id":175060525,"representative_point_method":"polygon_representative_point","role":"display_only"},"geometry":{"type":"Point","coordinates":[69.3167433,41.2878647]}},{"type":"Feature","properties":{"facility_id":"hc_way_176011654","name":"Respublika neyroxirurgiya ilmiy markazi","facility_category":"hospital","district_name":"Mirzo Ulugbek district","district_assignment":"within","osm_type":"way","osm_id":176011654,"representative_point_method":"polygon_representative_point","role":"display_only"},"geometry":{"type":"Point","coordinates":[69.3827458,41.342394]}},{"type":"Feature","properties":{"facility_id":"hc_way_179769890","name":"Научно-исследовательский институт санитарии, гигиены и профессиональных заболеваний","facility_category":"hospital","district_name":"Mirzo Ulugbek district","district_assignment":"within","osm_type":"way","osm_id":179769890,"representative_point_method":"polygon_representative_point","role":"display_only"},"geometry":{"type":"Point","coordinates":[69.3441942,41.3217676]}},{"type":"Feature","properties":{"facility_id":"hc_way_183313202","name":"ProfMedService","facility_category":"clinic","district_name":"Yunusabad district","district_assignment":"within","osm_type":"way","osm_id":183313202,"representative_point_method":"polygon_representative_point","role":"display_only"},"geometry":{"type":"Point","coordinates":[69.2876548,41.3539309]}},{"type":"Feature","properties":{"facility_id":"hc_way_190307527","name":"Akademik Y.X.To'raqulov Nomidagi Respublika Ixtisoslashtirilgan Endokrinologiya Ilmiy-Aamaliy Tibbiyot Markazi","facility_category":"hospital","district_name":"Mirzo Ulugbek district","district_assignment":"within","osm_type":"way","osm_id":190307527,"representative_point_method":"polygon_representative_point","role":"display_only"},"geometry":{"type":"Point","coordinates":[69.3425511,41.3403103]}},{"type":"Feature","properties":{"facility_id":"hc_way_190375436","name":"Городская Клиническая больница №5","facility_category":"hospital","district_name":"Mirzo Ulugbek district","district_assignment":"within","osm_type":"way","osm_id":190375436,"representative_point_method":"polygon_representative_point","role":"display_only"},"geometry":{"type":"Point","coordinates":[69.3712918,41.350685]}},{"type":"Feature","properties":{"facility_id":"hc_way_190375437","name":"Детский костнотуберкулёзный санаторий","facility_category":"hospital","district_name":"Mirzo Ulugbek district","district_assignment":"within","osm_type":"way","osm_id":190375437,"representative_point_method":"polygon_representative_point","role":"display_only"},"geometry":{"type":"Point","coordinates":[69.3770342,41.3529771]}},{"type":"Feature","properties":{"facility_id":"hc_way_190479502","name":"РКБ №1 отделение Гемодиализа","facility_category":"hospital","district_name":"Mirabad district","district_assignment":"within","osm_type":"way","osm_id":190479502,"representative_point_method":"polygon_representative_point","role":"display_only"},"geometry":{"type":"Point","coordinates":[69.2834673,41.301743]}},{"type":"Feature","properties":{"facility_id":"hc_way_194514009","name":null,"facility_category":"hospital","district_name":"Uchtepa district","district_assignment":"within","osm_type":"way","osm_id":194514009,"representative_point_method":"polygon_representative_point","role":"display_only"},"geometry":{"type":"Point","coordinates":[69.1908306,41.277821]}},{"type":"Feature","properties":{"facility_id":"hc_way_203700938","name":"Таш.обл.эндокринный диспансер","facility_category":"hospital","district_name":null,"district_assignment":"outside_analysis_districts","osm_type":"way","osm_id":203700938,"representative_point_method":"polygon_representative_point","role":"display_only"},"geometry":{"type":"Point","coordinates":[69.4401296,41.2545282]}},{"type":"Feature","properties":{"facility_id":"hc_way_203700939","name":null,"facility_category":"hospital","district_name":null,"district_assignment":"outside_analysis_districts","osm_type":"way","osm_id":203700939,"representative_point_method":"polygon_representative_point","role":"display_only"},"geometry":{"type":"Point","coordinates":[69.4398202,41.1886499]}},{"type":"Feature","properties":{"facility_id":"hc_way_288587676","name":"Диспансер кожно-венерологический №8","facility_category":"hospital","district_name":"Yashnabad district","district_assignment":"within","osm_type":"way","osm_id":288587676,"representative_point_method":"polygon_representative_point","role":"display_only"},"geometry":{"type":"Point","coordinates":[69.3196047,41.2702298]}},{"type":"Feature","properties":{"facility_id":"hc_way_292160081","name":"New Life Medical","facility_category":"clinic","district_name":"Almazar district","district_assignment":"within","osm_type":"way","osm_id":292160081,"representative_point_method":"polygon_representative_point","role":"display_only"},"geometry":{"type":"Point","coordinates":[69.2046382,41.3463447]}},{"type":"Feature","properties":{"facility_id":"hc_way_308005156","name":"Medilux medical","facility_category":"clinic","district_name":"Almazar district","district_assignment":"within","osm_type":"way","osm_id":308005156,"representative_point_method":"polygon_representative_point","role":"display_only"},"geometry":{"type":"Point","coordinates":[69.172422,41.3485864]}},{"type":"Feature","properties":{"facility_id":"hc_way_348129836","name":null,"facility_category":"clinic","district_name":"Yakkasaray district","district_assignment":"within","osm_type":"way","osm_id":348129836,"representative_point_method":"polygon_representative_point","role":"display_only"},"geometry":{"type":"Point","coordinates":[69.241551,41.280974]}},{"type":"Feature","properties":{"facility_id":"hc_way_349826845","name":null,"facility_category":"hospital","district_name":"Mirzo Ulugbek district","district_assignment":"within","osm_type":"way","osm_id":349826845,"representative_point_method":"polygon_representative_point","role":"display_only"},"geometry":{"type":"Point","coordinates":[69.3590976,41.336947]}},{"type":"Feature","properties":{"facility_id":"hc_way_375889886","name":"частная клиника","facility_category":"hospital","district_name":"Uchtepa district","district_assignment":"within","osm_type":"way","osm_id":375889886,"representative_point_method":"polygon_representative_point","role":"display_only"},"geometry":{"type":"Point","coordinates":[69.165248,41.2780413]}},{"type":"Feature","properties":{"facility_id":"hc_way_404213883","name":"Городской Туберкулезный Диспансер","facility_category":"hospital","district_name":"Chilanzar district","district_assignment":"within","osm_type":"way","osm_id":404213883,"representative_point_method":"polygon_representative_point","role":"display_only"},"geometry":{"type":"Point","coordinates":[69.2083518,41.2977513]}},{"type":"Feature","properties":{"facility_id":"hc_way_406552830","name":"Bolalar Milliy Tibbiyot Markazi","facility_category":"hospital","district_name":"Yashnabad district","district_assignment":"within","osm_type":"way","osm_id":406552830,"representative_point_method":"polygon_representative_point","role":"display_only"},"geometry":{"type":"Point","coordinates":[69.3389615,41.3042152]}},{"type":"Feature","properties":{"facility_id":"hc_way_408159158","name":"Поликлиника 51","facility_category":"clinic","district_name":"Yunusabad district","district_assignment":"within","osm_type":"way","osm_id":408159158,"representative_point_method":"polygon_representative_point","role":"display_only"},"geometry":{"type":"Point","coordinates":[69.2860169,41.3532126]}},{"type":"Feature","properties":{"facility_id":"hc_way_420245072","name":"Детская городская клиника №4","facility_category":"hospital","district_name":"Shaykhantakhur district","district_assignment":"within","osm_type":"way","osm_id":420245072,"representative_point_method":"polygon_representative_point","role":"display_only"},"geometry":{"type":"Point","coordinates":[69.2212598,41.3265359]}},{"type":"Feature","properties":{"facility_id":"hc_way_451706582","name":"Кўксарой","facility_category":"clinic","district_name":"Almazar district","district_assignment":"within","osm_type":"way","osm_id":451706582,"representative_point_method":"polygon_representative_point","role":"display_only"},"geometry":{"type":"Point","coordinates":[69.1749608,41.3489591]}},{"type":"Feature","properties":{"facility_id":"hc_way_457847400","name":"Городская Детская Инфекционная Больница №4","facility_category":"hospital","district_name":"Shaykhantakhur district","district_assignment":"within","osm_type":"way","osm_id":457847400,"representative_point_method":"polygon_representative_point","role":"display_only"},"geometry":{"type":"Point","coordinates":[69.2606987,41.3389549]}},{"type":"Feature","properties":{"facility_id":"hc_way_469499483","name":"Toshkent shahar o'smirlar dispanseri qoshidagi maslahat - tashxis","facility_category":"hospital","district_name":"Yunusabad district","district_assignment":"within","osm_type":"way","osm_id":469499483,"representative_point_method":"polygon_representative_point","role":"display_only"},"geometry":{"type":"Point","coordinates":[69.281608,41.3317192]}},{"type":"Feature","properties":{"facility_id":"hc_way_479720489","name":"ASAD KNR","facility_category":"clinic","district_name":"Yunusabad district","district_assignment":"within","osm_type":"way","osm_id":479720489,"representative_point_method":"polygon_representative_point","role":"display_only"},"geometry":{"type":"Point","coordinates":[69.2611379,41.373961]}},{"type":"Feature","properties":{"facility_id":"hc_way_499869153","name":"Детская Психоневрологическая больница им У. К. Курбанова","facility_category":"hospital","district_name":"Mirzo Ulugbek district","district_assignment":"within","osm_type":"way","osm_id":499869153,"representative_point_method":"polygon_representative_point","role":"display_only"},"geometry":{"type":"Point","coordinates":[69.3174055,41.3220964]}},{"type":"Feature","properties":{"facility_id":"hc_way_507254910","name":null,"facility_category":"clinic","district_name":"Yunusabad district","district_assignment":"within","osm_type":"way","osm_id":507254910,"representative_point_method":"polygon_representative_point","role":"display_only"},"geometry":{"type":"Point","coordinates":[69.2908652,41.3288548]}},{"type":"Feature","properties":{"facility_id":"hc_way_507285890","name":"Инфекционная больница №3","facility_category":"hospital","district_name":"Yakkasaray district","district_assignment":"within","osm_type":"way","osm_id":507285890,"representative_point_method":"polygon_representative_point","role":"display_only"},"geometry":{"type":"Point","coordinates":[69.2408437,41.2667215]}},{"type":"Feature","properties":{"facility_id":"hc_way_512761159","name":"Межрайонный 2-кожновенерологический Диспансер","facility_category":"hospital","district_name":"Chilanzar district","district_assignment":"within","osm_type":"way","osm_id":512761159,"representative_point_method":"polygon_representative_point","role":"display_only"},"geometry":{"type":"Point","coordinates":[69.207903,41.2975647]}},{"type":"Feature","properties":{"facility_id":"hc_way_514120548","name":"Центральная многопрофильная поликлиника при РМО Чиланзар (Райздрав)","facility_category":"clinic","district_name":"Chilanzar district","district_assignment":"within","osm_type":"way","osm_id":514120548,"representative_point_method":"polygon_representative_point","role":"display_only"},"geometry":{"type":"Point","coordinates":[69.2153405,41.286704]}},{"type":"Feature","properties":{"facility_id":"hc_way_531424120","name":"Специализированная инфекционная больница","facility_category":"hospital","district_name":"Chilanzar district","district_assignment":"within","osm_type":"way","osm_id":531424120,"representative_point_method":"polygon_representative_point","role":"display_only"},"geometry":{"type":"Point","coordinates":[69.2102214,41.287033]}},{"type":"Feature","properties":{"facility_id":"hc_way_538971017","name":null,"facility_category":"clinic","district_name":"Yashnabad district","district_assignment":"within","osm_type":"way","osm_id":538971017,"representative_point_method":"polygon_representative_point","role":"display_only"},"geometry":{"type":"Point","coordinates":[69.3058963,41.3113379]}},{"type":"Feature","properties":{"facility_id":"hc_way_539418171","name":"Семейная поликлиника №3","facility_category":"clinic","district_name":"Mirabad district","district_assignment":"within","osm_type":"way","osm_id":539418171,"representative_point_method":"polygon_representative_point","role":"display_only"},"geometry":{"type":"Point","coordinates":[69.2981316,41.2819341]}},{"type":"Feature","properties":{"facility_id":"hc_way_551192254","name":"Doctor Hasan Klinikasi","facility_category":"clinic","district_name":"Shaykhantakhur district","district_assignment":"within","osm_type":"way","osm_id":551192254,"representative_point_method":"polygon_representative_point","role":"display_only"},"geometry":{"type":"Point","coordinates":[69.1900738,41.337836]}},{"type":"Feature","properties":{"facility_id":"hc_way_564069608","name":"Tug'uruqxona 1","facility_category":"hospital","district_name":"Yangikhayot district","district_assignment":"within","osm_type":"way","osm_id":564069608,"representative_point_method":"polygon_representative_point","role":"display_only"},"geometry":{"type":"Point","coordinates":[69.2130537,41.195865]}},{"type":"Feature","properties":{"facility_id":"hc_way_568887763","name":null,"facility_category":"hospital","district_name":null,"district_assignment":"outside_analysis_districts","osm_type":"way","osm_id":568887763,"representative_point_method":"polygon_representative_point","role":"display_only"},"geometry":{"type":"Point","coordinates":[69.3281975,41.1789507]}},{"type":"Feature","properties":{"facility_id":"hc_way_592032053","name":"Respublika ihtisoslashtirilgan urologiya markazi","facility_category":"hospital","district_name":"Almazar district","district_assignment":"within","osm_type":"way","osm_id":592032053,"representative_point_method":"polygon_representative_point","role":"display_only"},"geometry":{"type":"Point","coordinates":[69.1766791,41.3552395]}},{"type":"Feature","properties":{"facility_id":"hc_way_593974999","name":"Brain Servis неврологическая клиника","facility_category":"clinic","district_name":"Yunusabad district","district_assignment":"within","osm_type":"way","osm_id":593974999,"representative_point_method":"polygon_representative_point","role":"display_only"},"geometry":{"type":"Point","coordinates":[69.2871298,41.336315]}},{"type":"Feature","properties":{"facility_id":"hc_way_596181014","name":"Eramed","facility_category":"hospital","district_name":"Yashnabad district","district_assignment":"within","osm_type":"way","osm_id":596181014,"representative_point_method":"polygon_representative_point","role":"display_only"},"geometry":{"type":"Point","coordinates":[69.3110331,41.3050783]}},{"type":"Feature","properties":{"facility_id":"hc_way_606293262","name":null,"facility_category":"clinic","district_name":"Almazar district","district_assignment":"within","osm_type":"way","osm_id":606293262,"representative_point_method":"polygon_representative_point","role":"display_only"},"geometry":{"type":"Point","coordinates":[69.2251907,41.355181]}},{"type":"Feature","properties":{"facility_id":"hc_way_613661066","name":"Gatling Med частная клиника","facility_category":"clinic","district_name":"Chilanzar district","district_assignment":"within","osm_type":"way","osm_id":613661066,"representative_point_method":"polygon_representative_point","role":"display_only"},"geometry":{"type":"Point","coordinates":[69.2283534,41.2862037]}},{"type":"Feature","properties":{"facility_id":"hc_way_653858354","name":null,"facility_category":"hospital","district_name":"Yashnabad district","district_assignment":"within","osm_type":"way","osm_id":653858354,"representative_point_method":"polygon_representative_point","role":"display_only"},"geometry":{"type":"Point","coordinates":[69.3111318,41.3050063]}},{"type":"Feature","properties":{"facility_id":"hc_way_657618794","name":"Med centre","facility_category":"clinic","district_name":"Shaykhantakhur district","district_assignment":"within","osm_type":"way","osm_id":657618794,"representative_point_method":"polygon_representative_point","role":"display_only"},"geometry":{"type":"Point","coordinates":[69.2162859,41.306049]}},{"type":"Feature","properties":{"facility_id":"hc_way_663781191","name":null,"facility_category":"clinic","district_name":"Yunusabad district","district_assignment":"within","osm_type":"way","osm_id":663781191,"representative_point_method":"polygon_representative_point","role":"display_only"},"geometry":{"type":"Point","coordinates":[69.259267,41.3849842]}},{"type":"Feature","properties":{"facility_id":"hc_way_672472023","name":"Доктор Октам","facility_category":"clinic","district_name":"Shaykhantakhur district","district_assignment":"within","osm_type":"way","osm_id":672472023,"representative_point_method":"polygon_representative_point","role":"display_only"},"geometry":{"type":"Point","coordinates":[69.1953932,41.3426251]}},{"type":"Feature","properties":{"facility_id":"hc_way_697109601","name":"Med-Tashmi","facility_category":"clinic","district_name":"Almazar district","district_assignment":"within","osm_type":"way","osm_id":697109601,"representative_point_method":"polygon_representative_point","role":"display_only"},"geometry":{"type":"Point","coordinates":[69.1767535,41.356955]}},{"type":"Feature","properties":{"facility_id":"hc_way_711034682","name":null,"facility_category":"clinic","district_name":"Shaykhantakhur district","district_assignment":"within","osm_type":"way","osm_id":711034682,"representative_point_method":"polygon_representative_point","role":"display_only"},"geometry":{"type":"Point","coordinates":[69.168994,41.3429873]}},{"type":"Feature","properties":{"facility_id":"hc_way_713924491","name":"9-sonli tug‘ruqxona (sobiq 10-sonli tug‘ruqxona)","facility_category":"hospital","district_name":"Uchtepa district","district_assignment":"within","osm_type":"way","osm_id":713924491,"representative_point_method":"polygon_representative_point","role":"display_only"},"geometry":{"type":"Point","coordinates":[69.1602695,41.3137351]}},{"type":"Feature","properties":{"facility_id":"hc_way_740586629","name":"3-sonli bolalar shahar klinik shifoxonasi","facility_category":"hospital","district_name":"Uchtepa district","district_assignment":"within","osm_type":"way","osm_id":740586629,"representative_point_method":"polygon_representative_point","role":"display_only"},"geometry":{"type":"Point","coordinates":[69.1617793,41.314331]}},{"type":"Feature","properties":{"facility_id":"hc_way_744561313","name":null,"facility_category":"hospital","district_name":"Yunusabad district","district_assignment":"within","osm_type":"way","osm_id":744561313,"representative_point_method":"polygon_representative_point","role":"display_only"},"geometry":{"type":"Point","coordinates":[69.2859854,41.3532476]}},{"type":"Feature","properties":{"facility_id":"hc_way_773583817","name":"Uni Medical Care","facility_category":"clinic","district_name":"Almazar district","district_assignment":"within","osm_type":"way","osm_id":773583817,"representative_point_method":"polygon_representative_point","role":"display_only"},"geometry":{"type":"Point","coordinates":[69.2002786,41.3482938]}},{"type":"Feature","properties":{"facility_id":"hc_way_845815802","name":null,"facility_category":"hospital","district_name":"Almazar district","district_assignment":"within","osm_type":"way","osm_id":845815802,"representative_point_method":"polygon_representative_point","role":"display_only"},"geometry":{"type":"Point","coordinates":[69.1712399,41.35621]}},{"type":"Feature","properties":{"facility_id":"hc_way_891209979","name":"My Med","facility_category":"clinic","district_name":"Yangikhayot district","district_assignment":"within","osm_type":"way","osm_id":891209979,"representative_point_method":"polygon_representative_point","role":"display_only"},"geometry":{"type":"Point","coordinates":[69.2045118,41.2226346]}},{"type":"Feature","properties":{"facility_id":"hc_way_953016285","name":"Doctor Lotos","facility_category":"clinic","district_name":"Yashnabad district","district_assignment":"within","osm_type":"way","osm_id":953016285,"representative_point_method":"polygon_representative_point","role":"display_only"},"geometry":{"type":"Point","coordinates":[69.3274029,41.3107454]}},{"type":"Feature","properties":{"facility_id":"hc_way_956059660","name":"IX Med","facility_category":"clinic","district_name":"Mirzo Ulugbek district","district_assignment":"within","osm_type":"way","osm_id":956059660,"representative_point_method":"polygon_representative_point","role":"display_only"},"geometry":{"type":"Point","coordinates":[69.322301,41.3369792]}},{"type":"Feature","properties":{"facility_id":"hc_way_987644502","name":"Pediatric Hematology and Oncology Clinic and Immunology Center","facility_category":"hospital","district_name":"Chilanzar district","district_assignment":"within","osm_type":"way","osm_id":987644502,"representative_point_method":"polygon_representative_point","role":"display_only"},"geometry":{"type":"Point","coordinates":[69.2273928,41.2786015]}},{"type":"Feature","properties":{"facility_id":"hc_way_987644503","name":"Republican Specialized Scientific and Practical Medical Center of Hematology","facility_category":"hospital","district_name":"Chilanzar district","district_assignment":"within","osm_type":"way","osm_id":987644503,"representative_point_method":"polygon_representative_point","role":"display_only"},"geometry":{"type":"Point","coordinates":[69.2260709,41.2770398]}},{"type":"Feature","properties":{"facility_id":"hc_way_1066986901","name":null,"facility_category":"hospital","district_name":"Yashnabad district","district_assignment":"within","osm_type":"way","osm_id":1066986901,"representative_point_method":"polygon_representative_point","role":"display_only"},"geometry":{"type":"Point","coordinates":[69.3165764,41.288004]}},{"type":"Feature","properties":{"facility_id":"hc_way_1067551524","name":"Shayxontohur tuman davlat sanitariya epidemiologiya nazorat markazi","facility_category":"hospital","district_name":"Shaykhantakhur district","district_assignment":"within","osm_type":"way","osm_id":1067551524,"representative_point_method":"polygon_representative_point","role":"display_only"},"geometry":{"type":"Point","coordinates":[69.251071,41.3239265]}},{"type":"Feature","properties":{"facility_id":"hc_way_1093932558","name":"2 - sonli Respublika Klinik Shifoxonasi","facility_category":"hospital","district_name":"Mirzo Ulugbek district","district_assignment":"within","osm_type":"way","osm_id":1093932558,"representative_point_method":"polygon_representative_point","role":"display_only"},"geometry":{"type":"Point","coordinates":[69.4484952,41.4031832]}},{"type":"Feature","properties":{"facility_id":"hc_way_1130605575","name":"Медсанчасть Аэропорта \"Ташкент\"","facility_category":"clinic","district_name":"Sergeli district","district_assignment":"within","osm_type":"way","osm_id":1130605575,"representative_point_method":"polygon_representative_point","role":"display_only"},"geometry":{"type":"Point","coordinates":[69.283164,41.2683333]}},{"type":"Feature","properties":{"facility_id":"hc_way_1158966324","name":"Поликлиника №37","facility_category":"clinic","district_name":"Chilanzar district","district_assignment":"within","osm_type":"way","osm_id":1158966324,"representative_point_method":"polygon_representative_point","role":"display_only"},"geometry":{"type":"Point","coordinates":[69.2112498,41.2942086]}},{"type":"Feature","properties":{"facility_id":"hc_way_1458725332","name":"Womens Life","facility_category":"clinic","district_name":"Yashnabad district","district_assignment":"within","osm_type":"way","osm_id":1458725332,"representative_point_method":"polygon_representative_point","role":"display_only"},"geometry":{"type":"Point","coordinates":[69.3270024,41.3105798]}},{"type":"Feature","properties":{"facility_id":"hc_way_1521327810","name":"G'ulomjon Neyro Service","facility_category":"clinic","district_name":"Yashnabad district","district_assignment":"within","osm_type":"way","osm_id":1521327810,"representative_point_method":"polygon_representative_point","role":"display_only"},"geometry":{"type":"Point","coordinates":[69.3351932,41.2957396]}}]}
