{"type":"FeatureCollection","features":[{"type":"Feature","properties":{"budget_m":800.0,"buffer_m":40.0,"area_km2":49.6774,"note":"Access shading is a display layer. Population estimates use pedestrian-network distance, not polygon intersection.","role":"display_only"},"geometry":{"type":"MultiPolygon","coordinates":[[[[69.35524,41.25986],[69.35474,41.26048],[69.35423,41.26041],[69.35395,41.26066],[69.35293,41.2607],[69.35251,41.26094],[69.35267,41.26144],[69.35298,41.2617],[69.35287,41.26201],[69.35325,41.26232],[69.35308,41.26272],[69.35334,41.26303],[69.35387,41.26302],[69.35413,41.26276],[69.3547,41.26291],[69.35533,41.26255],[69.35588,41.26268],[69.35621,41.26244],[69.35672,41.26235],[69.35683,41.26203],[69.35733,41.26193],[69.35757,41.26159],[69.35836,41.26208],[69.36009,41.26461],[69.35962,41.26459],[69.35938,41.2648],[69.35927,41.26537],[69.35942,41.26562],[69.35977,41.26572],[69.36019,41.26553],[69.36069,41.26579],[69.36108,41.26564],[69.36167,41.26575],[69.36193,41.2654],[69.36167,41.26494],[69.36218,41.26484],[69.36237,41.2644],[69.36221,41.26416],[69.36176,41.26409],[69.36323,41.26351],[69.36489,41.26594],[69.36452,41.26624],[69.36426,41.26569],[69.36376,41.26555],[69.36346,41.26571],[69.36332,41.26623],[69.3631,41.26641],[69.36308,41.26724],[69.36413,41.26781],[69.3618,41.26759],[69.36176,41.26715],[69.36145,41.267],[69.36097,41.26716],[69.36085,41.26749],[69.3604,41.26745],[69.36002,41.26773],[69.36022,41.2681],[69.36068,41.2682],[69.36061,41.26854],[69.36084,41.26878],[69.36137,41.26877],[69.36157,41.26851],[69.3622,41.26874],[69.36243,41.26898],[69.36282,41.269],[69.36288,41.26925],[69.36318,41.26941],[69.36354,41.26937],[69.36388,41.26902],[69.36399,41.26936],[69.36299,41.27026],[69.36231,41.27117],[69.36213,41.2716],[69.36229,41.27185],[69.36263,41.27195],[69.36296,41.27183],[69.36326,41.27135],[69.36399,41.27113],[69.3642,41.27065],[69.36566,41.27081],[69.36551,41.27109],[69.36582,41.27141],[69.36645,41.27134],[69.36692,41.2716],[69.36725,41.27149],[69.36739,41.27123],[69.36762,41.27159],[69.36814,41.27167],[69.3684,41.27147],[69.36834,41.27108],[69.36871,41.27105],[69.36895,41.27084],[69.36889,41.27024],[69.36934,41.26993],[69.36924,41.26966],[69.36882,41.26952],[69.36901,41.26933],[69.36985,41.2695],[69.37012,41.26932],[69.37006,41.26895],[69.37122,41.26942],[69.37184,41.26922],[69.37176,41.26881],[69.37206,41.2685],[69.37194,41.26824],[69.37126,41.26806],[69.36968,41.26685],[69.36981,41.26663],[69.36969,41.26638],[69.37102,41.26532],[69.371,41.26503],[69.37136,41.26459],[69.37121,41.26417],[69.37069,41.2641],[69.36953,41.26498],[69.36899,41.26488],[69.36834,41.26533],[69.36718,41.26546],[69.36698,41.26532],[69.36686,41.26494],[69.36593,41.26431],[69.36872,41.26202],[69.36865,41.26157],[69.36821,41.26136],[69.36678,41.26234],[69.36605,41.26186],[69.36569,41.26187],[69.36544,41.26208],[69.36545,41.26235],[69.36614,41.26287],[69.36533,41.2636],[69.36487,41.26327],[69.36436,41.26333],[69.36397,41.26276],[69.36417,41.26224],[69.36395,41.2618],[69.36334,41.26155],[69.36313,41.26114],[69.36274,41.26095],[69.36233,41.26035],[69.36265,41.26012],[69.3632,41.26009],[69.3634,41.25986],[69.36333,41.25959],[69.36239,41.25938],[69.36187,41.25967],[69.3614,41.25904],[69.36074,41.25892],[69.35932,41.257],[69.35884,41.2568],[69.35837,41.25682],[69.35867,41.25645],[69.3586,41.25578],[69.35809,41.25561],[69.35788,41.25501],[69.3563,41.25286],[69.35562,41.25161],[69.35471,41.25084],[69.35423,41.25102],[69.35419,41.2513],[69.35461,41.25175],[69.35409,41.25211],[69.35404,41.25238],[69.35444,41.25264],[69.35507,41.25245],[69.35386,41.25303],[69.35357,41.25377],[69.35383,41.25396],[69.3542,41.25396],[69.3546,41.25351],[69.35542,41.25314],[69.35701,41.2553],[69.35714,41.25586],[69.35691,41.2563],[69.35539,41.25569],[69.35554,41.25526],[69.35514,41.255],[69.35464,41.25523],[69.35388,41.25501],[69.35359,41.25518],[69.35353,41.25545],[69.35474,41.25624],[69.3565,41.25696],[69.35646,41.25754],[69.3524,41.25555],[69.35197,41.25571],[69.35106,41.25654],[69.35127,41.25691],[69.35183,41.25687],[69.35139,41.25758],[69.3514,41.25842],[69.35028,41.25848],[69.35,41.25883],[69.35031,41.25915],[69.35137,41.25914],[69.35077,41.25949],[69.35078,41.25977],[69.35105,41.25996],[69.35524,41.25986]],[[69.36743,41.26942],[69.36694,41.2688],[69.36762,41.2689],[69.36766,41.26928],[69.36824,41.26948],[69.36743,41.26942]],[[69.367,41.26783],[69.36675,41.26796],[69.36657,41.26781],[69.36682,41.26764],[69.367,41.26783]],[[69.36644,41.27024],[69.36638,41.27022],[69.36645,41.27022],[69.36644,41.27024]],[[69.36563,41.26947],[69.36619,41.26925],[69.36641,41.2695],[69.36563,41.26947]],[[69.36475,41.26797],[69.36497,41.26798],[69.36497,41.26805],[69.36475,41.26797]],[[69.3574,41.25896],[69.35757,41.2591],[69.35746,41.25931],[69.35758,41.25957],[69.3581,41.25966],[69.35872,41.25912],[69.3582,41.25855],[69.35838,41.25836],[69.35887,41.25854],[69.35929,41.25841],[69.35954,41.25876],[69.35888,41.25936],[69.3588,41.25989],[69.35923,41.26022],[69.35992,41.26024],[69.36011,41.25987],[69.3598,41.25961],[69.36,41.25941],[69.36075,41.26053],[69.36044,41.26053],[69.36018,41.26072],[69.3598,41.26159],[69.36133,41.26272],[69.36091,41.26288],[69.36037,41.26251],[69.35981,41.26263],[69.35916,41.2615],[69.3581,41.26099],[69.35841,41.26073],[69.35844,41.26006],[69.35799,41.25988],[69.35754,41.25998],[69.35678,41.2597],[69.35669,41.25952],[69.357,41.25908],[69.3574,41.25896]],[[69.35542,41.2583],[69.35529,41.2583],[69.35528,41.25781],[69.35547,41.25798],[69.35542,41.2583]],[[69.35433,41.25803],[69.3527,41.25804],[69.3527,41.25796],[69.35433,41.25803]],[[69.35247,41.25635],[69.35309,41.25673],[69.35263,41.25655],[69.35227,41.25651],[69.35247,41.25635]]],[[[69.36304,41.28464],[69.3634,41.28459],[69.3653,41.28261],[69.36597,41.28236],[69.36622,41.28261],[69.36616,41.28301],[69.36645,41.28323],[69.36727,41.28327],[69.36759,41.28314],[69.36771,41.28288],[69.36744,41.28257],[69.36765,41.28223],[69.36736,41.28192],[69.368,41.28165],[69.36816,41.28127],[69.36794,41.28105],[69.36757,41.28102],[69.36639,41.28145],[69.36575,41.28097],[69.36638,41.28046],[69.36685,41.2805],[69.3671,41.2803],[69.36709,41.28003],[69.36676,41.27975],[69.36757,41.27848],[69.36735,41.27814],[69.36642,41.27797],[69.36592,41.27814],[69.36543,41.27882],[69.36503,41.27869],[69.3647,41.27881],[69.36462,41.27921],[69.36512,41.27958],[69.36333,41.28129],[69.36187,41.2807],[69.36238,41.27762],[69.36333,41.27818],[69.36367,41.27807],[69.36381,41.27781],[69.36287,41.27697],[69.36294,41.27657],[69.36261,41.27632],[69.36263,41.27529],[69.36184,41.27479],[69.36175,41.27449],[69.36125,41.27436],[69.36089,41.27455],[69.36066,41.2757],[69.35903,41.27522],[69.35871,41.27554],[69.35887,41.27582],[69.35801,41.27562],[69.35774,41.27581],[69.35771,41.27607],[69.35715,41.27598],[69.35687,41.27616],[69.35685,41.27641],[69.35629,41.27633],[69.356,41.27657],[69.35528,41.27674],[69.35514,41.27709],[69.35475,41.27698],[69.35441,41.27707],[69.35429,41.27747],[69.35387,41.27735],[69.35352,41.27744],[69.35336,41.27769],[69.35351,41.27796],[69.35289,41.27774],[69.35242,41.27793],[69.35272,41.279],[69.35247,41.27917],[69.35192,41.2802],[69.35224,41.28076],[69.35215,41.28111],[69.35255,41.28137],[69.35244,41.28177],[69.35281,41.28244],[69.35517,41.28334],[69.35554,41.28323],[69.356,41.2826],[69.35633,41.2825],[69.35723,41.28271],[69.35785,41.28224],[69.35818,41.28236],[69.35778,41.28282],[69.35765,41.28332],[69.35795,41.28365],[69.35792,41.28414],[69.35721,41.28519],[69.3562,41.28488],[69.35578,41.2846],[69.35543,41.28469],[69.35505,41.28502],[69.35524,41.28584],[69.35582,41.28618],[69.35541,41.2868],[69.35439,41.28631],[69.35391,41.28635],[69.35333,41.28677],[69.35283,41.28661],[69.35243,41.28688],[69.35171,41.28675],[69.35105,41.28703],[69.35068,41.28702],[69.35029,41.28737],[69.34965,41.28744],[69.34922,41.28765],[69.34924,41.28805],[69.34969,41.28829],[69.34865,41.28947],[69.34828,41.28942],[69.34792,41.28971],[69.34812,41.2904],[69.34836,41.29061],[69.34874,41.29062],[69.34941,41.29192],[69.34891,41.29185],[69.34865,41.29205],[69.34866,41.29233],[69.34919,41.29274],[69.34862,41.2928],[69.34825,41.29303],[69.34764,41.29298],[69.34691,41.29342],[69.34645,41.2933],[69.34615,41.29346],[69.34596,41.29387],[69.34425,41.29428],[69.34347,41.29399],[69.34301,41.29419],[69.34269,41.29474],[69.34283,41.29502],[69.34268,41.2954],[69.34292,41.29561],[69.34349,41.29558],[69.34359,41.29581],[69.34262,41.29607],[69.34196,41.29608],[69.34149,41.29694],[69.34158,41.29742],[69.34122,41.29795],[69.34133,41.29822],[69.34171,41.29834],[69.34184,41.29867],[69.34162,41.29913],[69.34187,41.29933],[69.34252,41.29945],[69.34299,41.30055],[69.34278,41.30094],[69.34228,41.30107],[69.3421,41.30135],[69.34255,41.30211],[69.34217,41.30286],[69.34215,41.30319],[69.34236,41.30342],[69.34272,41.30347],[69.34302,41.30332],[69.34505,41.30132],[69.34559,41.30137],[69.34712,41.30055],[69.34745,41.30079],[69.34797,41.30074],[69.34811,41.30035],[69.34786,41.30009],[69.3486,41.29951],[69.34864,41.29897],[69.34836,41.29875],[69.34941,41.29812],[69.34964,41.29836],[69.35061,41.29844],[69.35179,41.29778],[69.35227,41.29838],[69.35081,41.29932],[69.35065,41.29957],[69.35078,41.29984],[69.35127,41.30009],[69.35375,41.29862],[69.35411,41.2987],[69.35456,41.29852],[69.35486,41.2988],[69.35539,41.2988],[69.35569,41.29813],[69.3557,41.29719],[69.3555,41.29695],[69.35567,41.29656],[69.35548,41.29598],[69.35493,41.29585],[69.35453,41.29558],[69.35463,41.29548],[69.35566,41.29587],[69.35674,41.29602],[69.35674,41.29684],[69.35724,41.2971],[69.35825,41.29671],[69.35822,41.29625],[69.35896,41.29616],[69.35918,41.29594],[69.35914,41.29567],[69.35885,41.2955],[69.358,41.29552],[69.35921,41.29538],[69.35959,41.29518],[69.35978,41.29486],[69.36034,41.29513],[69.36007,41.29543],[69.36016,41.29569],[69.36076,41.29584],[69.36111,41.29616],[69.36281,41.29587],[69.3629,41.29529],[69.36252,41.29497],[69.3627,41.2946],[69.36231,41.29431],[69.36259,41.29417],[69.36267,41.2939],[69.36231,41.29357],[69.36253,41.2934],[69.36283,41.29349],[69.36326,41.29334],[69.36381,41.29335],[69.36402,41.29299],[69.36221,41.29188],[69.36266,41.29141],[69.36268,41.29101],[69.36331,41.29017],[69.36323,41.28991],[69.36295,41.28977],[69.36315,41.28951],[69.36286,41.28915],[69.36303,41.28875],[69.36242,41.28841],[69.36266,41.28824],[69.36268,41.28796],[69.36244,41.28776],[69.36091,41.28728],[69.36103,41.28715],[69.36144,41.28729],[69.36179,41.28722],[69.36196,41.28684],[69.36159,41.28656],[69.36171,41.28643],[69.36219,41.28657],[69.36259,41.28631],[69.36254,41.28603],[69.36226,41.28584],[69.36257,41.28546],[69.36251,41.28519],[69.36203,41.28502],[69.36157,41.28533],[69.36116,41.28506],[69.36123,41.28465],[69.36176,41.28462],[69.36421,41.28248],[69.36276,41.28408],[69.36274,41.28448],[69.36304,41.28464]],[[69.36491,41.28187],[69.36499,41.2819],[69.36494,41.28192],[69.36491,41.28187]],[[69.36325,41.28227],[69.36275,41.28268],[69.36285,41.28191],[69.36326,41.28209],[69.36325,41.28227]],[[69.36183,41.28957],[69.36256,41.28983],[69.36221,41.28987],[69.36192,41.29003],[69.36183,41.28957]],[[69.36199,41.28323],[69.36161,41.28356],[69.36148,41.28326],[69.36199,41.28323]],[[69.36187,41.29031],[69.362,41.29047],[69.36199,41.29048],[69.36161,41.29025],[69.36186,41.29017],[69.36187,41.29031]],[[69.36163,41.28232],[69.36169,41.28182],[69.36188,41.28198],[69.36183,41.28233],[69.36163,41.28232]],[[69.36132,41.29465],[69.36136,41.29464],[69.36136,41.29466],[69.36132,41.29465]],[[69.36101,41.29222],[69.36046,41.29282],[69.35973,41.29242],[69.36028,41.29189],[69.36101,41.29222]],[[69.36012,41.2894],[69.36078,41.28961],[69.36066,41.28982],[69.36007,41.28955],[69.36012,41.2894]],[[69.35614,41.2939],[69.35819,41.29476],[69.35768,41.29483],[69.35588,41.29418],[69.35614,41.2939]],[[69.35758,41.28807],[69.35732,41.28793],[69.35762,41.28779],[69.35758,41.28807]],[[69.35672,41.27915],[69.35578,41.27883],[69.35533,41.27865],[69.35672,41.27915]],[[69.35648,41.28011],[69.35655,41.28011],[69.35627,41.28052],[69.35648,41.28011]],[[69.35649,41.29519],[69.35595,41.29518],[69.3552,41.2949],[69.35531,41.29477],[69.35649,41.29519]],[[69.35514,41.29206],[69.35521,41.29209],[69.35519,41.2921],[69.35514,41.29206]],[[69.35438,41.2926],[69.35459,41.29268],[69.3538,41.29343],[69.35433,41.29291],[69.35438,41.2926]],[[69.35387,41.27924],[69.35433,41.27908],[69.35384,41.2798],[69.35361,41.27969],[69.35386,41.27952],[69.35387,41.27924]],[[69.35338,41.29767],[69.35326,41.29775],[69.35324,41.29768],[69.35338,41.29767]],[[69.35284,41.29443],[69.35329,41.29404],[69.35231,41.29507],[69.35197,41.2948],[69.35232,41.2948],[69.35284,41.29443]],[[69.35243,41.2918],[69.35269,41.29191],[69.35236,41.29195],[69.35243,41.2918]],[[69.35202,41.29385],[69.35233,41.29375],[69.35218,41.29382],[69.35202,41.29385]],[[69.35186,41.2892],[69.35183,41.28902],[69.3523,41.28914],[69.35223,41.28929],[69.35186,41.2892]],[[69.3515,41.29003],[69.35156,41.28988],[69.35192,41.28997],[69.35186,41.29011],[69.3515,41.29003]],[[69.35167,41.29456],[69.35162,41.29452],[69.35169,41.29454],[69.3517,41.29459],[69.35167,41.29456]],[[69.35032,41.29169],[69.35095,41.29193],[69.35056,41.29215],[69.35032,41.29169]],[[69.35031,41.29352],[69.35065,41.29324],[69.35073,41.2933],[69.35081,41.29388],[69.35031,41.29352]],[[69.35044,41.29019],[69.34948,41.28982],[69.34959,41.28968],[69.35055,41.28993],[69.35044,41.29019]],[[69.34985,41.29077],[69.34993,41.2908],[69.34989,41.29086],[69.34985,41.29077]],[[69.34962,41.29302],[69.3494,41.29286],[69.34958,41.29289],[69.34985,41.29283],[69.34962,41.29302]],[[69.3482,41.29583],[69.34799,41.29581],[69.34884,41.29547],[69.34898,41.29558],[69.3482,41.29583]],[[69.34549,41.29612],[69.34537,41.29541],[69.34505,41.29528],[69.34441,41.29539],[69.34425,41.29504],[69.34705,41.29435],[69.34721,41.29459],[69.34673,41.29497],[69.34686,41.29532],[69.34549,41.29612]],[[69.34664,41.29684],[69.34649,41.29685],[69.34676,41.29666],[69.34697,41.29663],[69.34664,41.29684]],[[69.34614,41.29693],[69.34632,41.29691],[69.34621,41.29693],[69.34614,41.29693]],[[69.34465,41.29847],[69.3448,41.29832],[69.34556,41.29902],[69.34495,41.29925],[69.34465,41.29847]],[[69.34552,41.29782],[69.34551,41.29783],[69.34549,41.29781],[69.34552,41.29782]],[[69.34381,41.29887],[69.34373,41.29877],[69.34377,41.29876],[69.34381,41.29887]]],[[[69.31917,41.32389],[69.31889,41.32422],[69.31904,41.32448],[69.31984,41.32485],[69.32021,41.32484],[69.32206,41.32545],[69.32345,41.32557],[69.32345,41.3258],[69.32282,41.32571],[69.3224,41.32591],[69.32228,41.32633],[69.32252,41.32697],[69.32284,41.32711],[69.3228,41.3273],[69.32197,41.32759],[69.32179,41.32783],[69.32236,41.32855],[69.32269,41.32866],[69.323,41.32858],[69.32306,41.32921],[69.32356,41.32933],[69.32472,41.32868],[69.32532,41.32871],[69.32571,41.32835],[69.32566,41.32781],[69.3261,41.32805],[69.32647,41.32802],[69.3267,41.32781],[69.32667,41.32734],[69.3269,41.32727],[69.32891,41.32918],[69.32759,41.33001],[69.3274,41.33048],[69.3284,41.33117],[69.32834,41.33145],[69.32856,41.33167],[69.32917,41.3316],[69.32989,41.33215],[69.33026,41.33212],[69.33051,41.3319],[69.33091,41.33218],[69.33187,41.33224],[69.33221,41.33193],[69.33212,41.33147],[69.33264,41.3317],[69.33286,41.33214],[69.3341,41.33221],[69.33434,41.332],[69.33433,41.33174],[69.3338,41.33122],[69.33479,41.33112],[69.33555,41.33057],[69.33642,41.3302],[69.33651,41.32993],[69.3363,41.32969],[69.33648,41.32889],[69.33703,41.32924],[69.33757,41.32925],[69.33808,41.32886],[69.33794,41.32819],[69.33878,41.32846],[69.33988,41.32776],[69.3398,41.32739],[69.3392,41.32674],[69.33884,41.32668],[69.33851,41.32688],[69.33613,41.32655],[69.33577,41.3262],[69.33586,41.32588],[69.33674,41.32601],[69.3368,41.3263],[69.33729,41.32645],[69.33768,41.32614],[69.33809,41.32609],[69.33828,41.32572],[69.33787,41.32543],[69.33761,41.32493],[69.33702,41.32474],[69.33704,41.32432],[69.33628,41.32374],[69.33625,41.32316],[69.33519,41.32291],[69.33538,41.32268],[69.3353,41.32241],[69.33468,41.32222],[69.33472,41.32179],[69.33411,41.32159],[69.33416,41.32122],[69.33396,41.32099],[69.33343,41.32099],[69.33317,41.32146],[69.33249,41.32147],[69.33234,41.32191],[69.33162,41.32192],[69.33144,41.32233],[69.3304,41.32218],[69.32978,41.32184],[69.32971,41.32159],[69.32942,41.32145],[69.3294,41.32106],[69.32895,41.32063],[69.32859,41.32058],[69.32829,41.32074],[69.32844,41.32004],[69.32782,41.31926],[69.32744,41.31908],[69.32708,41.31912],[69.32681,41.31952],[69.32639,41.31949],[69.32575,41.31972],[69.32538,41.32056],[69.32434,41.32047],[69.324,41.32079],[69.32359,41.32072],[69.32308,41.32098],[69.32269,41.32076],[69.32234,41.32083],[69.32215,41.32107],[69.32223,41.32146],[69.32118,41.32054],[69.32062,41.32059],[69.32038,41.32164],[69.32083,41.32213],[69.32043,41.32265],[69.32033,41.32331],[69.31978,41.32353],[69.31972,41.32393],[69.31917,41.32389]],[[69.33507,41.32778],[69.3353,41.32757],[69.33577,41.32765],[69.33565,41.32823],[69.33518,41.32806],[69.33507,41.32778]],[[69.33364,41.32954],[69.33394,41.32933],[69.33391,41.3296],[69.33364,41.32954]],[[69.33373,41.32773],[69.33359,41.3277],[69.33372,41.32734],[69.33373,41.32773]],[[69.33204,41.32826],[69.33228,41.3283],[69.33236,41.32879],[69.33146,41.32874],[69.33144,41.32853],[69.33167,41.32855],[69.33204,41.32826]],[[69.33217,41.32752],[69.33217,41.32755],[69.33195,41.32752],[69.33217,41.32752]],[[69.33149,41.33108],[69.33099,41.33059],[69.33114,41.33055],[69.33143,41.33076],[69.33149,41.33108]],[[69.32998,41.32784],[69.32985,41.32768],[69.33018,41.32786],[69.32998,41.32784]],[[69.32841,41.32493],[69.32836,41.32504],[69.32839,41.32488],[69.32841,41.32493]],[[69.32741,41.32401],[69.32748,41.32377],[69.32751,41.32378],[69.32741,41.32401]],[[69.3273,41.325],[69.32743,41.32475],[69.32735,41.32497],[69.3273,41.325]],[[69.32551,41.32607],[69.32591,41.32613],[69.32593,41.3267],[69.32566,41.32661],[69.32551,41.32607]],[[69.32568,41.32526],[69.3257,41.32521],[69.32578,41.32528],[69.32568,41.32526]],[[69.32518,41.32126],[69.32511,41.32149],[69.32445,41.32145],[69.32384,41.32172],[69.32366,41.32155],[69.32425,41.32113],[69.32518,41.32126]],[[69.32507,41.32545],[69.32504,41.3255],[69.32471,41.32536],[69.32476,41.32524],[69.32507,41.32545]],[[69.32483,41.32249],[69.32479,41.32262],[69.32466,41.3225],[69.32483,41.32249]],[[69.32479,41.32737],[69.32476,41.32748],[69.32415,41.32741],[69.32429,41.32663],[69.32437,41.32704],[69.32479,41.32737]],[[69.32182,41.32311],[69.3216,41.32306],[69.32169,41.32298],[69.32182,41.32311]]],[[[69.3278,41.23653],[69.32694,41.23635],[69.32655,41.23581],[69.32619,41.23574],[69.32559,41.23598],[69.32559,41.23649],[69.32339,41.23677],[69.32266,41.23655],[69.32232,41.23696],[69.32178,41.23638],[69.32126,41.23631],[69.32064,41.23673],[69.32065,41.23707],[69.32009,41.23714],[69.31983,41.23743],[69.32014,41.23785],[69.32025,41.23893],[69.32077,41.23901],[69.32153,41.23852],[69.32185,41.23863],[69.32198,41.23968],[69.32137,41.23981],[69.32119,41.24019],[69.32169,41.24053],[69.32207,41.24139],[69.32255,41.24142],[69.32334,41.24112],[69.32358,41.24086],[69.32344,41.2402],[69.32423,41.24001],[69.32421,41.24061],[69.32445,41.24082],[69.32482,41.24083],[69.3254,41.24052],[69.32616,41.24097],[69.3264,41.24128],[69.32704,41.24138],[69.32748,41.24129],[69.32778,41.24082],[69.32813,41.24099],[69.32782,41.24152],[69.32607,41.24136],[69.32567,41.24162],[69.32572,41.24189],[69.32601,41.24206],[69.32692,41.24225],[69.32741,41.24221],[69.32678,41.24334],[69.32692,41.24362],[69.32726,41.24373],[69.32834,41.24337],[69.32857,41.243],[69.32905,41.24316],[69.3294,41.24308],[69.32955,41.24269],[69.32898,41.24235],[69.32935,41.24209],[69.32948,41.24233],[69.32981,41.24244],[69.33015,41.24234],[69.33053,41.24168],[69.33151,41.24193],[69.33233,41.24173],[69.33259,41.24153],[69.33282,41.24081],[69.33495,41.24135],[69.33524,41.24118],[69.33547,41.24068],[69.33539,41.24041],[69.33438,41.23941],[69.3344,41.23869],[69.33418,41.23842],[69.33418,41.23802],[69.33362,41.23789],[69.33319,41.23754],[69.33259,41.2376],[69.33225,41.23706],[69.33219,41.23655],[69.33309,41.23536],[69.33306,41.23487],[69.33275,41.23473],[69.33239,41.2348],[69.33083,41.23658],[69.33016,41.23672],[69.32975,41.237],[69.32876,41.23666],[69.32933,41.23564],[69.32965,41.23562],[69.32989,41.23541],[69.32987,41.23513],[69.3296,41.23495],[69.3285,41.23474],[69.32821,41.23508],[69.32844,41.23538],[69.3278,41.23653]],[[69.32231,41.2371],[69.32229,41.2371],[69.32232,41.23696],[69.32231,41.2371]],[[69.33174,41.24088],[69.33088,41.24061],[69.3311,41.24046],[69.33175,41.24066],[69.33174,41.24088]],[[69.329,41.23936],[69.32815,41.23908],[69.3284,41.2387],[69.32898,41.23889],[69.329,41.23936]],[[69.32775,41.23986],[69.32806,41.23996],[69.32798,41.24006],[69.32729,41.23969],[69.32775,41.23986]],[[69.32685,41.23828],[69.32672,41.23823],[69.3267,41.23821],[69.32685,41.23828]],[[69.32453,41.23912],[69.32451,41.23907],[69.32454,41.23911],[69.32453,41.23912]],[[69.32341,41.23884],[69.32365,41.23941],[69.32293,41.23955],[69.32288,41.23919],[69.32341,41.23884]],[[69.32332,41.23848],[69.32279,41.23837],[69.32275,41.23798],[69.32325,41.23809],[69.32332,41.23848]]],[[[69.31343,41.29227],[69.31307,41.29256],[69.31329,41.29298],[69.31284,41.2936],[69.31348,41.29424],[69.31316,41.2946],[69.31349,41.29491],[69.31443,41.29488],[69.31486,41.29504],[69.31583,41.29474],[69.31652,41.29484],[69.31689,41.29446],[69.31842,41.2944],[69.31968,41.29393],[69.32046,41.29373],[69.32051,41.29383],[69.31816,41.29469],[69.31362,41.29668],[69.30929,41.29807],[69.3088,41.29772],[69.30892,41.2975],[69.3088,41.29724],[69.30809,41.29697],[69.30775,41.29706],[69.30759,41.29731],[69.30385,41.29824],[69.30343,41.29849],[69.2998,41.29845],[69.29857,41.29889],[69.29823,41.29918],[69.29835,41.29957],[69.29869,41.29967],[69.29983,41.2992],[69.30148,41.29953],[69.30139,41.29988],[69.3016,41.30011],[69.30263,41.29999],[69.30247,41.30054],[69.3029,41.30078],[69.30325,41.30068],[69.30363,41.30008],[69.30433,41.30005],[69.30528,41.30301],[69.30478,41.30204],[69.30382,41.30211],[69.30362,41.30234],[69.30369,41.30261],[69.30199,41.30161],[69.30148,41.30172],[69.3007,41.30259],[69.30087,41.30284],[69.30305,41.3042],[69.30266,41.30458],[69.30274,41.30497],[69.30344,41.30519],[69.30378,41.30547],[69.3046,41.30564],[69.30457,41.30597],[69.30495,41.30633],[69.30554,41.3063],[69.3065,41.30657],[69.30703,41.3064],[69.30778,41.30641],[69.30811,41.30622],[69.30827,41.30548],[69.30885,41.30481],[69.30862,41.30446],[69.30915,41.30447],[69.3094,41.30427],[69.30924,41.30292],[69.30901,41.30243],[69.3091,41.30199],[69.3093,41.30174],[69.31015,41.30231],[69.31068,41.30228],[69.31082,41.30179],[69.31119,41.30173],[69.31145,41.30141],[69.3114,41.30101],[69.31171,41.30067],[69.31109,41.2998],[69.31062,41.29986],[69.3102,41.29958],[69.30908,41.29963],[69.30851,41.30023],[69.30867,41.30061],[69.3084,41.30075],[69.30653,41.30097],[69.30626,41.30077],[69.30622,41.30048],[69.30668,41.30036],[69.30685,41.29998],[69.30645,41.29972],[69.30559,41.29987],[69.30566,41.29963],[69.3094,41.29887],[69.31271,41.29799],[69.31352,41.29809],[69.31373,41.29786],[69.31363,41.29754],[69.31391,41.29737],[69.31861,41.29532],[69.32106,41.29443],[69.32116,41.29533],[69.32143,41.29551],[69.32179,41.2955],[69.32204,41.29529],[69.32203,41.2946],[69.32347,41.2949],[69.32397,41.29522],[69.32452,41.29507],[69.32567,41.29541],[69.32564,41.29716],[69.32599,41.2975],[69.32577,41.2978],[69.32606,41.29813],[69.32708,41.29815],[69.32743,41.29804],[69.32753,41.2974],[69.32805,41.29737],[69.32831,41.29717],[69.32823,41.29632],[69.32866,41.2964],[69.32909,41.29625],[69.33169,41.29683],[69.3321,41.29658],[69.33197,41.29622],[69.33209,41.29591],[69.33178,41.29561],[69.33179,41.29523],[69.33097,41.29497],[69.33116,41.29473],[69.33208,41.29452],[69.33211,41.29412],[69.33181,41.29395],[69.33112,41.294],[69.33103,41.29379],[69.33001,41.29325],[69.32892,41.29235],[69.32913,41.29207],[69.32903,41.29179],[69.32974,41.2919],[69.32985,41.29224],[69.33019,41.29235],[69.33079,41.29205],[69.33126,41.29229],[69.33172,41.29209],[69.33164,41.29094],[69.33112,41.29084],[69.33077,41.29106],[69.33029,41.29072],[69.33093,41.29079],[69.33122,41.29046],[69.33101,41.29015],[69.33117,41.2897],[69.33084,41.28931],[69.3311,41.28892],[69.33076,41.28856],[69.32928,41.28866],[69.32913,41.28902],[69.32933,41.2893],[69.32823,41.29007],[69.32807,41.28985],[69.32848,41.28978],[69.32889,41.28914],[69.32875,41.28889],[69.32835,41.28879],[69.32835,41.28839],[69.32804,41.28824],[69.32673,41.28836],[69.32584,41.28812],[69.32556,41.28829],[69.32552,41.28857],[69.32609,41.28909],[69.32551,41.28951],[69.32548,41.28977],[69.32482,41.28991],[69.32367,41.28876],[69.32331,41.28872],[69.32296,41.28899],[69.32266,41.28895],[69.3227,41.28854],[69.32243,41.28836],[69.32191,41.28846],[69.32161,41.28904],[69.32017,41.28745],[69.31969,41.28728],[69.3193,41.28756],[69.31935,41.28808],[69.31885,41.28831],[69.31828,41.2883],[69.31798,41.28865],[69.3174,41.28889],[69.31688,41.28864],[69.31644,41.28884],[69.31619,41.28865],[69.31572,41.28865],[69.31476,41.2894],[69.31461,41.28965],[69.31472,41.28987],[69.31428,41.29009],[69.31435,41.29045],[69.31387,41.2909],[69.31401,41.29123],[69.31446,41.29158],[69.31392,41.29178],[69.31392,41.29206],[69.31418,41.29229],[69.31343,41.29227]],[[69.32966,41.29451],[69.32948,41.29454],[69.32945,41.29446],[69.32966,41.29451]],[[69.32947,41.29113],[69.3288,41.29095],[69.32902,41.29081],[69.32947,41.29113]],[[69.32809,41.29147],[69.32854,41.29166],[69.32714,41.29239],[69.32809,41.29147]],[[69.3281,41.29286],[69.32782,41.29291],[69.32811,41.29274],[69.32828,41.2929],[69.3281,41.29286]],[[69.32785,41.2943],[69.32786,41.29427],[69.32788,41.29429],[69.32785,41.2943]],[[69.32727,41.29027],[69.32733,41.29037],[69.32717,41.29035],[69.32727,41.29027]],[[69.32697,41.29341],[69.32591,41.29379],[69.32658,41.29353],[69.32671,41.29314],[69.32697,41.29341]],[[69.32665,41.28972],[69.32661,41.2897],[69.32681,41.28957],[69.32665,41.28972]],[[69.3268,41.29572],[69.32659,41.29585],[69.32657,41.29562],[69.3268,41.29572]],[[69.32657,41.29743],[69.32641,41.29743],[69.32646,41.2974],[69.32656,41.2973],[69.32657,41.29743]],[[69.32572,41.29024],[69.32575,41.29],[69.32592,41.29003],[69.3259,41.29029],[69.32572,41.29024]],[[69.32566,41.29151],[69.32582,41.29164],[69.32576,41.29167],[69.32566,41.29151]],[[69.32498,41.29073],[69.32512,41.29081],[69.32359,41.29175],[69.32349,41.29164],[69.32498,41.29073]],[[69.32413,41.29235],[69.32482,41.29192],[69.32499,41.29209],[69.32413,41.29235]],[[69.32313,41.2898],[69.32342,41.28968],[69.32407,41.29036],[69.3236,41.29064],[69.32324,41.29037],[69.32313,41.2898]],[[69.32225,41.29259],[69.32277,41.29212],[69.32335,41.29277],[69.32265,41.29302],[69.32225,41.29259]],[[69.3219,41.29177],[69.32174,41.29163],[69.32192,41.29161],[69.3219,41.29177]],[[69.32101,41.29253],[69.32054,41.29259],[69.32106,41.29213],[69.32127,41.29232],[69.32101,41.29253]],[[69.32026,41.29173],[69.31992,41.29141],[69.32009,41.29149],[69.32037,41.29162],[69.32026,41.29173]],[[69.31887,41.29064],[69.31849,41.29105],[69.31786,41.29057],[69.3186,41.29007],[69.31888,41.29033],[69.31887,41.29064]],[[69.31811,41.28942],[69.31808,41.2894],[69.31839,41.28909],[69.31811,41.28942]],[[69.31627,41.29241],[69.31616,41.29278],[69.31552,41.29229],[69.31616,41.29181],[69.31751,41.29282],[69.31825,41.29339],[69.31661,41.2923],[69.31627,41.29241]],[[69.31684,41.29131],[69.31716,41.29107],[69.31817,41.29183],[69.31786,41.29206],[69.31684,41.29131]],[[69.31739,41.2899],[69.31741,41.28991],[69.31718,41.29006],[69.31739,41.2899]],[[69.31735,41.29373],[69.31739,41.29376],[69.31723,41.29376],[69.31719,41.29361],[69.31735,41.29373]],[[69.31671,41.28939],[69.31651,41.28954],[69.31622,41.28932],[69.31643,41.28914],[69.31671,41.28939]],[[69.31616,41.2908],[69.31609,41.29075],[69.31622,41.29073],[69.31635,41.29066],[69.31616,41.2908]],[[69.31582,41.29004],[69.31557,41.29036],[69.3151,41.29001],[69.31554,41.28983],[69.31582,41.29004]],[[69.31485,41.29281],[69.3158,41.29353],[69.31484,41.29315],[69.31485,41.29281]],[[69.31501,41.29097],[69.31502,41.29096],[69.31548,41.29131],[69.31501,41.29097]],[[69.31403,41.29359],[69.31429,41.29375],[69.31422,41.29378],[69.31393,41.29352],[69.31403,41.29359]],[[69.3106,41.30091],[69.31087,41.3009],[69.31069,41.30094],[69.3106,41.30091]],[[69.30709,41.30275],[69.30809,41.30266],[69.30818,41.30278],[69.30715,41.30286],[69.30709,41.30275]],[[69.30536,41.3042],[69.30556,41.30414],[69.30581,41.30504],[69.30536,41.3042]],[[69.30418,41.30276],[69.30425,41.30295],[69.30389,41.30273],[69.30418,41.30276]],[[69.30338,41.30347],[69.30185,41.30251],[69.30192,41.30245],[69.30346,41.3034],[69.30338,41.30347]]],[[[69.31029,41.31857],[69.30659,41.31996],[69.30648,41.31979],[69.30672,41.31939],[69.30641,41.31892],[69.30588,41.31887],[69.30561,41.319],[69.30551,41.3193],[69.3053,41.31932],[69.30518,41.31873],[69.30449,41.31859],[69.3042,41.31892],[69.30434,41.3194],[69.30395,41.31954],[69.30386,41.31992],[69.30369,41.31972],[69.30334,41.31966],[69.30303,41.3198],[69.30296,41.32015],[69.30336,41.32098],[69.30467,41.32101],[69.30473,41.32126],[69.30503,41.32142],[69.30613,41.32134],[69.30637,41.32109],[69.30771,41.32059],[69.30801,41.32087],[69.30854,41.32085],[69.30869,41.32128],[69.30946,41.32125],[69.30935,41.32174],[69.30987,41.32201],[69.30954,41.32234],[69.30972,41.32263],[69.30914,41.32237],[69.30881,41.32248],[69.30868,41.32273],[69.30894,41.32342],[69.30939,41.32399],[69.30979,41.32419],[69.30892,41.32405],[69.30853,41.3235],[69.308,41.32353],[69.30753,41.32426],[69.3075,41.32486],[69.30767,41.32503],[69.30739,41.32523],[69.3065,41.32526],[69.30625,41.32546],[69.30625,41.32574],[69.30682,41.32595],[69.30674,41.32631],[69.307,41.32651],[69.30869,41.32652],[69.30862,41.32689],[69.30906,41.32711],[69.30979,41.32708],[69.31008,41.32674],[69.30991,41.32647],[69.31075,41.3266],[69.31107,41.32623],[69.31155,41.32651],[69.31136,41.32673],[69.31142,41.327],[69.31196,41.32715],[69.31201,41.32732],[69.31157,41.32743],[69.31147,41.32782],[69.31191,41.32804],[69.31309,41.32803],[69.31312,41.32845],[69.31288,41.32863],[69.31288,41.32891],[69.31351,41.3295],[69.31386,41.32959],[69.31452,41.32927],[69.31474,41.3281],[69.31463,41.32723],[69.31351,41.32381],[69.31367,41.32359],[69.31359,41.32326],[69.31384,41.32298],[69.31375,41.32266],[69.31728,41.32394],[69.31755,41.3242],[69.31834,41.32406],[69.31847,41.32367],[69.31697,41.32303],[69.31745,41.32295],[69.31759,41.32257],[69.3173,41.32221],[69.31689,41.3222],[69.31692,41.32167],[69.31633,41.32147],[69.31622,41.32104],[69.31532,41.32098],[69.31471,41.32157],[69.31486,41.32195],[69.31538,41.3221],[69.31529,41.32242],[69.31348,41.32176],[69.31329,41.32139],[69.31271,41.32138],[69.31241,41.32047],[69.31213,41.32023],[69.3125,41.32004],[69.31252,41.31956],[69.31292,41.32034],[69.31323,41.32049],[69.31372,41.32033],[69.31374,41.3199],[69.31393,41.31982],[69.31442,41.32038],[69.31478,41.32045],[69.31509,41.32031],[69.31509,41.31987],[69.31534,41.31964],[69.31518,41.31924],[69.31567,41.31878],[69.31532,41.31818],[69.31599,41.31778],[69.31593,41.31744],[69.31557,41.3171],[69.31456,41.31689],[69.31414,41.31716],[69.31374,41.31705],[69.31343,41.31715],[69.31291,41.31661],[69.31255,41.31656],[69.31218,41.31684],[69.31248,41.31738],[69.31195,41.31761],[69.31188,41.318],[69.31139,41.31828],[69.31099,41.31701],[69.30979,41.31526],[69.30895,41.3148],[69.30838,41.31488],[69.3081,41.31523],[69.30861,41.31621],[69.30888,41.31639],[69.30932,41.31634],[69.30984,41.31712],[69.31029,41.31857]],[[69.31403,41.31857],[69.31438,41.31841],[69.3146,41.31866],[69.31425,41.31883],[69.31403,41.31857]],[[69.31261,41.32568],[69.31251,41.32559],[69.31291,41.32547],[69.31261,41.32568]],[[69.31244,41.31919],[69.31243,41.31915],[69.31246,41.31915],[69.31244,41.31919]],[[69.31239,41.32393],[69.31216,41.32401],[69.31177,41.3234],[69.31219,41.32333],[69.31239,41.32393]],[[69.31113,41.3207],[69.31121,41.32093],[69.31079,41.32078],[69.31113,41.3207]],[[69.31043,41.32576],[69.30949,41.32563],[69.30992,41.3255],[69.31043,41.32576]],[[69.31013,41.31994],[69.30995,41.31991],[69.31019,41.31983],[69.31013,41.31994]]],[[[69.27806,41.24587],[69.27851,41.24566],[69.27861,41.24514],[69.27897,41.24595],[69.27874,41.24624],[69.27887,41.2465],[69.27969,41.24677],[69.28003,41.24668],[69.28017,41.24646],[69.28052,41.24738],[69.28025,41.24772],[69.27968,41.24741],[69.27933,41.2475],[69.27918,41.24775],[69.27979,41.2484],[69.27946,41.24908],[69.27962,41.24933],[69.27996,41.24942],[69.28043,41.24908],[69.28096,41.2491],[69.2816,41.24864],[69.28156,41.24822],[69.28194,41.2482],[69.28217,41.24795],[69.28342,41.24807],[69.28356,41.24833],[69.28317,41.2489],[69.28329,41.24916],[69.28593,41.24946],[69.28615,41.25105],[69.28661,41.25125],[69.28733,41.25079],[69.28728,41.25045],[69.28833,41.25064],[69.28886,41.25023],[69.28869,41.24981],[69.28963,41.2498],[69.2898,41.24942],[69.28925,41.24914],[69.28979,41.24912],[69.29068,41.24878],[69.29082,41.2467],[69.29196,41.24674],[69.29249,41.24719],[69.29301,41.24711],[69.29342,41.24655],[69.29328,41.24545],[69.29362,41.24534],[69.29435,41.24584],[69.29479,41.24581],[69.29482,41.24615],[69.29453,41.24649],[69.29474,41.24686],[69.29604,41.2469],[69.29607,41.24782],[69.29676,41.24833],[69.2972,41.24837],[69.29727,41.24883],[69.29792,41.2494],[69.29889,41.25005],[69.29927,41.25011],[69.29962,41.25051],[69.30113,41.2504],[69.30117,41.25122],[69.30161,41.25144],[69.30238,41.25097],[69.30221,41.25016],[69.30261,41.25037],[69.30297,41.25036],[69.30364,41.2496],[69.30412,41.24969],[69.30511,41.24936],[69.30531,41.24913],[69.30516,41.2488],[69.30597,41.24888],[69.30611,41.24918],[69.30645,41.24928],[69.30732,41.24904],[69.30894,41.24899],[69.30894,41.24915],[69.30856,41.24926],[69.30834,41.24971],[69.30854,41.24994],[69.309,41.24999],[69.30914,41.25032],[69.30948,41.25043],[69.31071,41.24961],[69.31061,41.24922],[69.30989,41.24911],[69.30989,41.24871],[69.31039,41.24853],[69.31184,41.2483],[69.31234,41.24886],[69.31377,41.24888],[69.31397,41.24854],[69.31443,41.24844],[69.31514,41.24772],[69.31483,41.2474],[69.31345,41.24702],[69.31364,41.24674],[69.3146,41.24699],[69.31463,41.24724],[69.3149,41.24742],[69.31527,41.2474],[69.31601,41.2469],[69.31587,41.24652],[69.31605,41.24607],[69.31674,41.24604],[69.31738,41.24573],[69.31749,41.24547],[69.31711,41.24476],[69.31684,41.24458],[69.31647,41.2446],[69.31624,41.2448],[69.31517,41.24452],[69.31678,41.24334],[69.31679,41.24306],[69.31639,41.24283],[69.31693,41.24218],[69.31645,41.24181],[69.31578,41.24197],[69.31512,41.24194],[69.3149,41.24216],[69.31505,41.24252],[69.31484,41.24266],[69.31417,41.24211],[69.31281,41.24137],[69.31231,41.2415],[69.31224,41.2418],[69.31175,41.24176],[69.3113,41.24152],[69.31032,41.24163],[69.3098,41.24213],[69.30943,41.24222],[69.3084,41.24192],[69.30803,41.24207],[69.30776,41.24191],[69.30728,41.24202],[69.30718,41.24064],[69.30701,41.24039],[69.30667,41.24031],[69.30634,41.24043],[69.30624,41.24086],[69.30577,41.24062],[69.30544,41.24074],[69.30533,41.24106],[69.30492,41.2409],[69.3046,41.241],[69.30477,41.2406],[69.30532,41.2403],[69.30526,41.23955],[69.3048,41.23936],[69.30436,41.23968],[69.30363,41.23928],[69.30329,41.23938],[69.30315,41.23964],[69.30388,41.24034],[69.30332,41.24138],[69.30304,41.24143],[69.301,41.24015],[69.30064,41.24009],[69.30034,41.24023],[69.30032,41.24063],[69.30187,41.24162],[69.30197,41.24207],[69.30299,41.24216],[69.30299,41.24249],[69.30156,41.24252],[69.30094,41.24174],[69.30059,41.24166],[69.30031,41.24178],[69.29972,41.24104],[69.29912,41.24063],[69.29963,41.24048],[69.29962,41.24008],[69.29799,41.23871],[69.29751,41.23888],[69.29748,41.23924],[69.29673,41.23892],[69.29636,41.23892],[69.29606,41.23924],[69.29621,41.23951],[69.29545,41.23985],[69.29547,41.24013],[69.29593,41.24036],[69.29537,41.24046],[69.29502,41.24116],[69.29592,41.24246],[69.29552,41.24259],[69.29551,41.24304],[69.29517,41.24285],[69.29362,41.24292],[69.29348,41.24271],[69.29313,41.24262],[69.29265,41.24287],[69.29235,41.24265],[69.29198,41.24264],[69.29166,41.24295],[69.292,41.2434],[69.29132,41.24359],[69.29065,41.24357],[69.29015,41.24378],[69.29033,41.24334],[69.28981,41.2429],[69.29079,41.24238],[69.29146,41.24279],[69.29192,41.24259],[69.29194,41.24231],[69.29148,41.24188],[69.29198,41.24149],[69.29189,41.24109],[69.29134,41.241],[69.29083,41.24135],[69.29011,41.24092],[69.2894,41.24131],[69.28868,41.24089],[69.28823,41.24111],[69.28835,41.24153],[69.28813,41.24157],[69.2874,41.2407],[69.28688,41.24068],[69.28665,41.24097],[69.28631,41.2406],[69.28596,41.24054],[69.28565,41.24068],[69.28556,41.24095],[69.28598,41.24152],[69.28557,41.24153],[69.28533,41.24173],[69.28537,41.24238],[69.28496,41.24279],[69.28508,41.24332],[69.28415,41.24334],[69.28349,41.24379],[69.28286,41.244],[69.27947,41.24404],[69.2784,41.24327],[69.2779,41.24341],[69.27783,41.24372],[69.27749,41.24335],[69.27691,41.24337],[69.27615,41.24414],[69.27606,41.24443],[69.27643,41.24505],[69.27806,41.24587]],[[69.3149,41.2463],[69.31441,41.24616],[69.3145,41.24595],[69.31502,41.24595],[69.3149,41.2463]],[[69.31467,41.24389],[69.31436,41.24411],[69.31434,41.24403],[69.31467,41.24389]],[[69.31311,41.24519],[69.31301,41.24547],[69.31287,41.24548],[69.31281,41.24518],[69.31311,41.24519]],[[69.31246,41.24703],[69.31177,41.24703],[69.31177,41.24676],[69.31236,41.24676],[69.31246,41.24703]],[[69.31164,41.24249],[69.31193,41.2425],[69.31194,41.24281],[69.3116,41.24276],[69.31164,41.24249]],[[69.30972,41.24372],[69.30995,41.24351],[69.3103,41.24373],[69.30972,41.24372]],[[69.30712,41.24656],[69.30938,41.24656],[69.30939,41.24669],[69.30805,41.24679],[69.30712,41.24656]],[[69.30847,41.24372],[69.30768,41.24372],[69.30757,41.24319],[69.30847,41.24372]],[[69.30533,41.24713],[69.30504,41.24692],[69.30467,41.24692],[69.30396,41.24755],[69.30365,41.24747],[69.3034,41.24677],[69.30239,41.24675],[69.30238,41.24645],[69.30285,41.24659],[69.30617,41.24656],[69.30591,41.24713],[69.30533,41.24713]],[[69.30448,41.24172],[69.30437,41.24176],[69.30429,41.24168],[69.30446,41.24134],[69.30448,41.24172]],[[69.30412,41.24225],[69.3041,41.24346],[69.304,41.24329],[69.30395,41.24228],[69.30412,41.24225]],[[69.30303,41.24321],[69.30304,41.24329],[69.30217,41.24328],[69.30303,41.24321]],[[69.30097,41.2483],[69.30095,41.24827],[69.30097,41.24827],[69.30097,41.2483]],[[69.30005,41.24898],[69.29935,41.24899],[69.29934,41.24868],[69.30006,41.24878],[69.30005,41.24898]],[[69.29935,41.24789],[69.29811,41.24796],[69.29791,41.24779],[69.29788,41.2469],[69.29962,41.24686],[69.29935,41.24789]],[[69.29937,41.24589],[69.29935,41.24589],[69.29935,41.24587],[69.29937,41.24589]],[[69.29898,41.24363],[69.29883,41.24346],[69.299,41.24346],[69.29899,41.24373],[69.29898,41.24363]],[[69.29821,41.24346],[69.2982,41.24347],[69.29812,41.24346],[69.29821,41.24346]],[[69.2978,41.24355],[69.29773,41.24346],[69.29811,41.24346],[69.2978,41.24355]],[[69.29726,41.24528],[69.29737,41.24538],[69.29732,41.24544],[69.29726,41.24528]],[[69.29025,41.24613],[69.29024,41.2456],[69.29143,41.24547],[69.29142,41.24598],[69.29094,41.24592],[69.29025,41.24613]],[[69.2901,41.24181],[69.29014,41.24185],[69.29011,41.24187],[69.2901,41.24181]],[[69.28929,41.2456],[69.28929,41.24599],[69.28792,41.24599],[69.2881,41.24548],[69.28929,41.2456]],[[69.28885,41.24192],[69.28881,41.24194],[69.28881,41.24189],[69.28885,41.24192]],[[69.28737,41.24762],[69.28737,41.24677],[69.28869,41.24671],[69.28878,41.24787],[69.28864,41.24809],[69.28792,41.24809],[69.28778,41.24772],[69.28737,41.24762]],[[69.28722,41.24374],[69.28692,41.24357],[69.2867,41.24309],[69.28717,41.24286],[69.28794,41.24344],[69.28722,41.24374]],[[69.28728,41.24891],[69.28726,41.2489],[69.28726,41.24889],[69.28728,41.24891]],[[69.28693,41.24973],[69.28691,41.24959],[69.28726,41.24964],[69.28693,41.24973]],[[69.28596,41.24303],[69.28594,41.243],[69.28604,41.24294],[69.28614,41.24303],[69.28596,41.24303]],[[69.28421,41.24665],[69.28488,41.24708],[69.28539,41.24699],[69.28596,41.24738],[69.28406,41.24738],[69.28421,41.24665]],[[69.28575,41.24871],[69.28447,41.24859],[69.28458,41.2481],[69.28516,41.2481],[69.28575,41.24871]],[[69.28276,41.24662],[69.28275,41.24684],[69.28219,41.24691],[69.28176,41.24746],[69.28163,41.24738],[69.28246,41.24635],[69.28276,41.24662]],[[69.28244,41.24499],[69.28156,41.24608],[69.28146,41.24604],[69.28244,41.24499]],[[69.28064,41.24502],[69.28119,41.245],[69.28081,41.24549],[69.28064,41.24502]],[[69.28,41.246],[69.27956,41.24501],[69.27973,41.24523],[69.28,41.246]]],[[[69.19208,41.25199],[69.19342,41.25278],[69.19443,41.25363],[69.19342,41.25365],[69.19297,41.25392],[69.19232,41.25393],[69.19221,41.2537],[69.19188,41.25358],[69.19128,41.25389],[69.19106,41.25386],[69.19113,41.2531],[69.19084,41.25293],[69.19048,41.25297],[69.19015,41.25337],[69.18969,41.25329],[69.18934,41.25344],[69.18863,41.25294],[69.18869,41.25258],[69.18842,41.25239],[69.18738,41.25244],[69.18697,41.25273],[69.18694,41.2535],[69.18765,41.25395],[69.18705,41.25449],[69.18707,41.25476],[69.18745,41.25496],[69.18737,41.2552],[69.18754,41.25544],[69.18827,41.25547],[69.18792,41.2565],[69.18814,41.25723],[69.18858,41.25757],[69.18909,41.25748],[69.18923,41.25722],[69.18895,41.25683],[69.18934,41.25634],[69.19062,41.25736],[69.19057,41.25764],[69.18868,41.25891],[69.18813,41.25894],[69.18787,41.25949],[69.18706,41.2594],[69.18675,41.25955],[69.18668,41.25982],[69.18694,41.26013],[69.18745,41.26024],[69.18733,41.26065],[69.18771,41.26103],[69.18852,41.26097],[69.1889,41.26066],[69.18923,41.26066],[69.19074,41.26117],[69.19045,41.26156],[69.19101,41.26216],[69.19215,41.26236],[69.19274,41.263],[69.19318,41.26323],[69.19313,41.26356],[69.19348,41.26394],[69.19382,41.26403],[69.19413,41.26393],[69.19416,41.26442],[69.19442,41.26462],[69.19478,41.26462],[69.19542,41.26416],[69.19543,41.26388],[69.19508,41.26367],[69.19505,41.26282],[69.19654,41.26343],[69.19723,41.26338],[69.19781,41.26471],[69.19816,41.26492],[69.19932,41.26703],[69.19978,41.26809],[69.19936,41.26819],[69.19881,41.26805],[69.19827,41.26867],[69.19786,41.26889],[69.19746,41.26956],[69.19807,41.27053],[69.19759,41.27093],[69.19766,41.27128],[69.19738,41.2715],[69.197,41.27125],[69.19663,41.27125],[69.19634,41.27159],[69.19673,41.27203],[69.19635,41.27224],[69.19635,41.27293],[69.19678,41.27316],[69.19727,41.27295],[69.19636,41.27448],[69.19639,41.27476],[69.19677,41.27495],[69.19624,41.27506],[69.19608,41.27531],[69.19673,41.27597],[69.19643,41.27614],[69.19652,41.27659],[69.19627,41.27687],[69.19636,41.27713],[69.1969,41.2774],[69.19692,41.27856],[69.19674,41.27896],[69.19685,41.27964],[69.1978,41.28007],[69.20023,41.28014],[69.20169,41.27912],[69.20195,41.27942],[69.20238,41.27942],[69.20182,41.27986],[69.20204,41.28022],[69.20324,41.28038],[69.20394,41.28023],[69.20359,41.28215],[69.20369,41.28242],[69.20407,41.28255],[69.20497,41.28327],[69.20533,41.28331],[69.2058,41.28308],[69.20635,41.28351],[69.2048,41.28455],[69.20475,41.28499],[69.205,41.28528],[69.20458,41.2856],[69.20468,41.28711],[69.2051,41.28736],[69.20707,41.28753],[69.20765,41.28791],[69.20882,41.2878],[69.2088,41.28814],[69.20925,41.28835],[69.20938,41.28914],[69.20963,41.28935],[69.21054,41.28926],[69.21157,41.28977],[69.21228,41.28964],[69.21249,41.28928],[69.21212,41.28895],[69.2128,41.28736],[69.21354,41.28761],[69.21317,41.28883],[69.21325,41.2891],[69.21374,41.28924],[69.21425,41.28906],[69.21442,41.28881],[69.21424,41.2884],[69.21465,41.28737],[69.2145,41.28711],[69.21482,41.2868],[69.21523,41.28699],[69.21573,41.28676],[69.2152,41.28736],[69.21532,41.28762],[69.21569,41.28773],[69.21551,41.28809],[69.21587,41.28851],[69.21575,41.28875],[69.21537,41.28872],[69.21509,41.2889],[69.21521,41.28933],[69.21492,41.29017],[69.21508,41.29043],[69.21551,41.2906],[69.21496,41.29065],[69.21474,41.29087],[69.21479,41.29124],[69.21519,41.29172],[69.21442,41.29223],[69.21433,41.29267],[69.21456,41.29302],[69.21437,41.29376],[69.21465,41.29394],[69.21559,41.29395],[69.21534,41.29469],[69.21561,41.29517],[69.2153,41.29547],[69.21532,41.29606],[69.21552,41.29628],[69.21522,41.29661],[69.21533,41.29687],[69.21615,41.29719],[69.21749,41.29728],[69.2181,41.29703],[69.21944,41.29705],[69.21957,41.29744],[69.2199,41.29755],[69.22025,41.29745],[69.2204,41.29707],[69.22223,41.29714],[69.22212,41.29752],[69.2226,41.29791],[69.22297,41.29792],[69.2232,41.29776],[69.22495,41.29781],[69.2248,41.29806],[69.22493,41.29832],[69.22625,41.29845],[69.22604,41.29891],[69.22697,41.29939],[69.22732,41.29931],[69.22775,41.29869],[69.22705,41.29714],[69.22745,41.29673],[69.22847,41.29774],[69.22783,41.29808],[69.22781,41.29848],[69.2283,41.29865],[69.2287,41.29848],[69.22891,41.29876],[69.22938,41.29885],[69.22982,41.29932],[69.22892,41.29963],[69.22851,41.30003],[69.22862,41.30045],[69.2283,41.30058],[69.22816,41.30083],[69.2286,41.30137],[69.22842,41.30173],[69.22869,41.30204],[69.22803,41.30219],[69.22792,41.30258],[69.22835,41.30281],[69.22916,41.30273],[69.23013,41.30289],[69.23057,41.30315],[69.23059,41.30342],[69.23043,41.30469],[69.22973,41.3045],[69.22931,41.30487],[69.2288,41.30499],[69.22865,41.30537],[69.22889,41.30558],[69.22922,41.30561],[69.22925,41.30606],[69.22886,41.30586],[69.2285,41.30593],[69.22832,41.30617],[69.22847,41.30649],[69.22788,41.30665],[69.22778,41.30715],[69.228,41.30737],[69.2284,41.3074],[69.22899,41.30775],[69.22952,41.30765],[69.22966,41.30805],[69.2301,41.30814],[69.23024,41.3085],[69.23084,41.30884],[69.23131,41.30865],[69.23139,41.30825],[69.23193,41.30823],[69.23213,41.308],[69.23194,41.30763],[69.23136,41.30747],[69.23256,41.30748],[69.23291,41.30789],[69.23248,41.30797],[69.23237,41.30836],[69.23268,41.30869],[69.23348,41.30869],[69.23365,41.30892],[69.23328,41.3092],[69.23332,41.30947],[69.2336,41.30964],[69.23394,41.30962],[69.2336,41.31003],[69.23351,41.31136],[69.23393,41.31161],[69.23436,41.31144],[69.23464,41.31172],[69.23427,41.31188],[69.2342,41.31215],[69.23437,41.31236],[69.23381,41.31279],[69.23376,41.31334],[69.23429,41.31385],[69.23408,41.31408],[69.23412,41.31441],[69.23375,41.31471],[69.23381,41.31534],[69.23449,41.31565],[69.23521,41.31568],[69.23564,41.31624],[69.23646,41.31657],[69.23733,41.31632],[69.23751,41.31608],[69.23739,41.3158],[69.23781,41.31572],[69.23797,41.31535],[69.23865,41.31532],[69.23881,41.31571],[69.23845,41.31588],[69.23845,41.31628],[69.23967,41.31661],[69.23962,41.31699],[69.24028,41.31743],[69.24114,41.3174],[69.24124,41.31795],[69.24196,41.3182],[69.24228,41.31849],[69.24415,41.3186],[69.24519,41.31782],[69.24561,41.31798],[69.2462,41.31765],[69.24569,41.31866],[69.24603,41.31908],[69.24591,41.31953],[69.2461,41.31994],[69.24527,41.32003],[69.24503,41.32024],[69.24506,41.3205],[69.2445,41.32077],[69.24454,41.32104],[69.24537,41.32158],[69.24432,41.32157],[69.24328,41.32093],[69.24251,41.3208],[69.24147,41.32141],[69.24036,41.32087],[69.23977,41.32036],[69.23899,41.32038],[69.23888,41.32009],[69.23857,41.31993],[69.23822,41.31998],[69.23801,41.32027],[69.23695,41.32034],[69.23684,41.32027],[69.23775,41.32019],[69.23801,41.31984],[69.23784,41.31959],[69.23737,41.31952],[69.23721,41.31914],[69.23685,41.31904],[69.23652,41.31871],[69.23616,41.31873],[69.23553,41.31921],[69.2355,41.31964],[69.23528,41.31965],[69.23518,41.31937],[69.23486,41.31923],[69.23447,41.31933],[69.23418,41.31916],[69.23305,41.31914],[69.23246,41.31925],[69.23228,41.32019],[69.23278,41.32075],[69.23235,41.32076],[69.23216,41.32093],[69.23072,41.3209],[69.23051,41.32118],[69.2304,41.32199],[69.22997,41.32234],[69.22968,41.32233],[69.22901,41.32185],[69.22843,41.32209],[69.22833,41.32255],[69.22872,41.32297],[69.22878,41.32343],[69.2285,41.32369],[69.2277,41.32365],[69.22709,41.3242],[69.22808,41.32557],[69.22773,41.3258],[69.22751,41.3268],[69.22638,41.32745],[69.22636,41.32699],[69.22605,41.32685],[69.22562,41.32696],[69.22483,41.32629],[69.22447,41.32631],[69.22392,41.32669],[69.22372,41.32623],[69.22336,41.32616],[69.22293,41.32643],[69.22285,41.32615],[69.2223,41.32598],[69.22195,41.32605],[69.22178,41.32639],[69.22123,41.32668],[69.22091,41.3266],[69.221,41.3263],[69.22078,41.32608],[69.22025,41.32609],[69.21978,41.32645],[69.21864,41.32592],[69.21825,41.32619],[69.21849,41.32686],[69.2183,41.32698],[69.21818,41.32668],[69.21744,41.32613],[69.21639,41.32615],[69.21386,41.32734],[69.21338,41.32663],[69.21304,41.32653],[69.21247,41.32668],[69.2122,41.32703],[69.21273,41.32794],[69.21258,41.32802],[69.21236,41.32774],[69.212,41.32769],[69.2117,41.32785],[69.2116,41.32813],[69.21114,41.32821],[69.21093,41.32843],[69.21111,41.32881],[69.21206,41.32886],[69.21205,41.32914],[69.21141,41.32976],[69.21198,41.33051],[69.21145,41.33006],[69.21108,41.33003],[69.2108,41.3302],[69.21075,41.33047],[69.21104,41.3308],[69.21059,41.3311],[69.21054,41.33158],[69.21073,41.33179],[69.21061,41.33212],[69.20967,41.33293],[69.21011,41.33359],[69.21001,41.33412],[69.21021,41.33434],[69.20956,41.33444],[69.20935,41.33466],[69.2094,41.33494],[69.2097,41.3351],[69.21156,41.33491],[69.21047,41.33568],[69.21056,41.33595],[69.21087,41.33609],[69.21148,41.33595],[69.21049,41.33652],[69.20994,41.33653],[69.2097,41.3371],[69.20978,41.33736],[69.21048,41.3376],[69.21099,41.33758],[69.21227,41.33695],[69.21236,41.33719],[69.21269,41.33733],[69.21279,41.33775],[69.21418,41.33783],[69.21425,41.33825],[69.21469,41.33838],[69.21512,41.33809],[69.21538,41.3382],[69.21574,41.33814],[69.21593,41.33788],[69.21643,41.3378],[69.21658,41.33748],[69.21708,41.33728],[69.21749,41.33735],[69.21795,41.33712],[69.21884,41.33722],[69.21934,41.33771],[69.2197,41.33776],[69.22046,41.33745],[69.22076,41.33709],[69.22104,41.33741],[69.22143,41.33742],[69.22154,41.33761],[69.2219,41.33772],[69.22175,41.33812],[69.22226,41.33835],[69.22253,41.33875],[69.22302,41.33886],[69.22346,41.33853],[69.22489,41.33839],[69.22519,41.33794],[69.22505,41.33672],[69.2245,41.33654],[69.22442,41.3363],[69.22412,41.33615],[69.22376,41.3362],[69.2233,41.33665],[69.22302,41.33643],[69.22346,41.33637],[69.22364,41.33613],[69.22329,41.33545],[69.22347,41.33466],[69.22325,41.33426],[69.22383,41.33443],[69.22412,41.33435],[69.22426,41.33469],[69.22476,41.33482],[69.22512,41.33453],[69.22503,41.33415],[69.22552,41.33405],[69.22559,41.33361],[69.22593,41.33342],[69.22624,41.33328],[69.22705,41.33362],[69.22753,41.33345],[69.22751,41.33305],[69.22702,41.33279],[69.22759,41.3325],[69.22774,41.33225],[69.22724,41.3317],[69.22751,41.33134],[69.2274,41.33095],[69.22674,41.33036],[69.22598,41.33033],[69.22553,41.32997],[69.22588,41.33003],[69.22619,41.32989],[69.22621,41.32932],[69.22691,41.32869],[69.22731,41.32885],[69.22765,41.32875],[69.22778,41.32836],[69.22812,41.32818],[69.22812,41.32784],[69.22879,41.32746],[69.22872,41.32774],[69.2289,41.32798],[69.22925,41.32806],[69.22958,41.32791],[69.23012,41.32825],[69.23059,41.32807],[69.23087,41.32842],[69.23174,41.32861],[69.23181,41.32908],[69.23218,41.32932],[69.23216,41.32969],[69.23188,41.32997],[69.23206,41.33032],[69.23178,41.33059],[69.23183,41.33086],[69.23225,41.33116],[69.23274,41.33116],[69.23304,41.331],[69.23356,41.33115],[69.23355,41.3316],[69.23439,41.33226],[69.23499,41.33211],[69.23518,41.33181],[69.23569,41.33168],[69.23697,41.33183],[69.23727,41.33167],[69.23737,41.33132],[69.23795,41.3315],[69.23832,41.33138],[69.23874,41.33163],[69.23904,41.33156],[69.23936,41.33187],[69.23944,41.33226],[69.23972,41.33243],[69.24023,41.33232],[69.24064,41.33163],[69.24085,41.33166],[69.24138,41.3321],[69.24179,41.33214],[69.24178,41.33246],[69.24211,41.3328],[69.24283,41.33307],[69.24354,41.33287],[69.24486,41.33311],[69.24533,41.33285],[69.24649,41.33313],[69.24686,41.33286],[69.24742,41.33282],[69.24757,41.33257],[69.24748,41.33234],[69.24829,41.3323],[69.24902,41.33194],[69.24989,41.33199],[69.25028,41.33237],[69.25031,41.33272],[69.25061,41.33287],[69.25254,41.33301],[69.2529,41.33271],[69.25251,41.33214],[69.25309,41.33179],[69.25321,41.33127],[69.25281,41.331],[69.25216,41.33103],[69.25235,41.33079],[69.25224,41.33028],[69.25178,41.32991],[69.25262,41.32898],[69.25246,41.32865],[69.25193,41.32846],[69.25243,41.32829],[69.25287,41.32842],[69.25326,41.32818],[69.25402,41.32809],[69.25427,41.32773],[69.25473,41.32748],[69.25455,41.32694],[69.2551,41.3273],[69.2556,41.3273],[69.25597,41.32694],[69.25585,41.32561],[69.25667,41.32547],[69.25688,41.32578],[69.25741,41.3258],[69.25762,41.32538],[69.25804,41.32524],[69.25871,41.32444],[69.25901,41.32431],[69.25925,41.32385],[69.25908,41.32361],[69.25744,41.32362],[69.25741,41.32228],[69.25759,41.32186],[69.25798,41.32152],[69.2591,41.32144],[69.25921,41.32223],[69.25845,41.3223],[69.25822,41.32252],[69.25825,41.32279],[69.25855,41.32313],[69.25892,41.32319],[69.2595,41.32361],[69.26002,41.32369],[69.26031,41.32335],[69.26016,41.32215],[69.26063,41.32212],[69.2608,41.32236],[69.26114,41.32245],[69.26176,41.32221],[69.26196,41.32187],[69.26184,41.32124],[69.26225,41.32145],[69.26261,41.32141],[69.26329,41.32091],[69.26359,41.32047],[69.26355,41.32019],[69.263,41.31983],[69.26263,41.31985],[69.26227,41.32007],[69.26222,41.31951],[69.26307,41.31942],[69.26331,41.31906],[69.26298,41.31875],[69.2622,41.31879],[69.262,41.31843],[69.26146,41.31838],[69.26171,41.31792],[69.26212,41.31794],[69.26238,41.31772],[69.26379,41.31763],[69.26393,41.31862],[69.26431,41.3189],[69.26467,41.31884],[69.26487,41.31852],[69.26568,41.31846],[69.26588,41.31899],[69.2657,41.3192],[69.26578,41.31964],[69.26534,41.31977],[69.26517,41.32001],[69.26541,41.3204],[69.26619,41.32071],[69.26682,41.32058],[69.26702,41.32101],[69.26733,41.32115],[69.26769,41.32107],[69.26786,41.32085],[69.26893,41.32122],[69.26923,41.32106],[69.26928,41.32076],[69.26966,41.32068],[69.26996,41.32126],[69.26984,41.32146],[69.26995,41.32173],[69.27028,41.32185],[69.27071,41.32176],[69.27088,41.32213],[69.27144,41.32223],[69.27154,41.32243],[69.27226,41.32285],[69.27222,41.32316],[69.27271,41.32357],[69.27335,41.32387],[69.27372,41.32386],[69.27382,41.32415],[69.27442,41.32454],[69.27506,41.32455],[69.27531,41.325],[69.27648,41.32546],[69.2765,41.32589],[69.27592,41.326],[69.27571,41.32622],[69.27578,41.32649],[69.27607,41.32665],[69.27542,41.32673],[69.27519,41.32698],[69.27482,41.32704],[69.27463,41.32727],[69.27471,41.32766],[69.27421,41.32768],[69.27375,41.32816],[69.27368,41.32843],[69.27389,41.32882],[69.27447,41.3292],[69.27527,41.32928],[69.27543,41.32961],[69.27576,41.3298],[69.27662,41.32977],[69.27635,41.33017],[69.27673,41.33045],[69.27788,41.33026],[69.27808,41.33004],[69.27796,41.32922],[69.27847,41.32917],[69.27828,41.32952],[69.27863,41.33008],[69.27893,41.33024],[69.27934,41.33022],[69.2794,41.33055],[69.27826,41.33065],[69.278,41.33101],[69.27835,41.33137],[69.2787,41.33144],[69.27893,41.33187],[69.27944,41.3319],[69.28007,41.33232],[69.28014,41.33305],[69.27883,41.33314],[69.27828,41.33241],[69.27794,41.3323],[69.27761,41.33241],[69.27702,41.33347],[69.27719,41.33372],[69.27759,41.33378],[69.2779,41.33418],[69.27706,41.33393],[69.27662,41.33415],[69.27669,41.33453],[69.27708,41.33469],[69.27663,41.33507],[69.27672,41.33534],[69.27698,41.33546],[69.27649,41.33568],[69.27637,41.33653],[69.27692,41.33684],[69.2774,41.33688],[69.27768,41.33675],[69.27883,41.33701],[69.27923,41.33726],[69.27959,41.33719],[69.28,41.33677],[69.27989,41.33651],[69.27945,41.33639],[69.27953,41.33618],[69.28009,41.33643],[69.28055,41.33643],[69.2809,41.33619],[69.28118,41.33634],[69.281,41.3369],[69.28021,41.33734],[69.28014,41.33761],[69.27907,41.3381],[69.27646,41.33805],[69.27614,41.33819],[69.27604,41.33845],[69.27632,41.33875],[69.27758,41.33879],[69.27821,41.33923],[69.27768,41.3392],[69.27736,41.33933],[69.27735,41.34017],[69.27805,41.34028],[69.27891,41.33973],[69.27919,41.34008],[69.27904,41.34036],[69.2792,41.34061],[69.27955,41.3407],[69.28226,41.34257],[69.28282,41.34232],[69.28262,41.3419],[69.28279,41.34126],[69.28301,41.34121],[69.28284,41.34186],[69.28313,41.34246],[69.28366,41.34272],[69.28412,41.34245],[69.28453,41.34245],[69.28477,41.34224],[69.28466,41.34176],[69.28493,41.3414],[69.28476,41.34116],[69.28409,41.341],[69.28418,41.34059],[69.28481,41.34074],[69.28504,41.34102],[69.28487,41.34185],[69.28536,41.34223],[69.28544,41.3427],[69.28499,41.34286],[69.28441,41.34354],[69.28439,41.3439],[69.28406,41.34436],[69.28422,41.34461],[69.28474,41.34467],[69.28563,41.34369],[69.28588,41.34568],[69.28544,41.34551],[69.28508,41.34558],[69.2849,41.34582],[69.28507,41.34614],[69.2843,41.34606],[69.28405,41.34626],[69.28395,41.34675],[69.28265,41.34692],[69.28211,41.34769],[69.28279,41.34819],[69.28326,41.34812],[69.28379,41.34829],[69.28409,41.34813],[69.28416,41.34842],[69.28447,41.34857],[69.28483,41.34851],[69.28502,41.34828],[69.28529,41.34832],[69.28524,41.34875],[69.2856,41.34905],[69.2866,41.34878],[69.28674,41.34943],[69.2841,41.34951],[69.28138,41.34985],[69.28129,41.34952],[69.28082,41.34934],[69.28042,41.34961],[69.28045,41.35002],[69.27983,41.35027],[69.27996,41.35072],[69.27974,41.35091],[69.27868,41.35102],[69.27837,41.35155],[69.27868,41.35187],[69.27924,41.35189],[69.27944,41.35218],[69.2811,41.35333],[69.28065,41.35348],[69.28036,41.35388],[69.28042,41.35412],[69.27981,41.35437],[69.27985,41.35486],[69.28019,41.35496],[69.28088,41.35476],[69.28145,41.35479],[69.28149,41.35493],[69.28104,41.35505],[69.28091,41.35531],[69.2812,41.35593],[69.28162,41.35635],[69.28198,41.3564],[69.28228,41.35623],[69.28284,41.35638],[69.28327,41.35593],[69.28343,41.35609],[69.28071,41.35754],[69.28051,41.35777],[69.2806,41.35804],[69.28109,41.35818],[69.28233,41.35756],[69.28261,41.35783],[69.28253,41.35809],[69.28272,41.35832],[69.28322,41.35835],[69.28372,41.35859],[69.28414,41.35851],[69.28459,41.35876],[69.28504,41.35865],[69.28557,41.35921],[69.28563,41.35992],[69.28593,41.36007],[69.28667,41.36009],[69.28779,41.36078],[69.28688,41.36162],[69.28625,41.36125],[69.28493,41.36134],[69.28353,41.36174],[69.28318,41.36208],[69.28317,41.36243],[69.28294,41.36269],[69.28304,41.36325],[69.28336,41.36372],[69.28332,41.36398],[69.28364,41.36424],[69.28368,41.365],[69.28417,41.36543],[69.2836,41.36586],[69.2834,41.36691],[69.28351,41.36724],[69.28299,41.36706],[69.28265,41.36716],[69.28225,41.36833],[69.28244,41.36857],[69.28323,41.36865],[69.28373,41.36892],[69.28475,41.36864],[69.28495,41.3697],[69.28458,41.36997],[69.2847,41.37032],[69.28502,41.37046],[69.28547,41.37033],[69.2857,41.37076],[69.28603,41.37079],[69.28638,41.37108],[69.28915,41.37222],[69.28934,41.37242],[69.2898,41.37243],[69.28992,41.37268],[69.28975,41.37307],[69.28894,41.37374],[69.28903,41.3742],[69.28838,41.37434],[69.28819,41.37471],[69.28857,41.37499],[69.28982,41.37481],[69.29003,41.3755],[69.28882,41.37571],[69.28899,41.37533],[69.28877,41.37511],[69.28821,41.3749],[69.28773,41.37507],[69.28747,41.37545],[69.28776,41.37649],[69.2876,41.37685],[69.28822,41.37724],[69.28808,41.37758],[69.28831,41.37835],[69.28712,41.37859],[69.28694,41.37896],[69.28732,41.37924],[69.28837,41.37908],[69.28857,41.37973],[69.28815,41.3799],[69.28816,41.3803],[69.28878,41.38043],[69.28901,41.38156],[69.2899,41.38194],[69.29028,41.38186],[69.29054,41.38229],[69.2909,41.38234],[69.29121,41.38218],[69.29105,41.38115],[69.29169,41.38104],[69.29197,41.38194],[69.29147,41.38211],[69.29128,41.38239],[69.29137,41.38266],[69.29169,41.3828],[69.29221,41.38273],[69.29233,41.38295],[69.29277,41.38309],[69.2929,41.38332],[69.29342,41.38358],[69.29445,41.38363],[69.29457,41.38386],[69.29561,41.38427],[69.30015,41.38421],[69.30087,41.38397],[69.30152,41.38354],[69.3015,41.38322],[69.3019,41.38271],[69.3033,41.38169],[69.30325,41.38104],[69.30366,41.38069],[69.30334,41.38035],[69.30423,41.38032],[69.30449,41.38012],[69.30438,41.37973],[69.30337,41.37963],[69.30308,41.37927],[69.3044,41.37902],[69.3047,41.37925],[69.30515,41.37923],[69.30578,41.37863],[69.3057,41.37836],[69.3054,41.37821],[69.30165,41.37847],[69.30156,41.37749],[69.30255,41.37735],[69.30281,41.37772],[69.30333,41.3778],[69.30376,41.37734],[69.30371,41.37708],[69.30405,41.37697],[69.30415,41.37662],[69.3047,41.37624],[69.30469,41.37596],[69.30426,41.37551],[69.30375,41.37535],[69.30422,41.3752],[69.30418,41.37477],[69.30459,41.37468],[69.3048,41.37431],[69.30443,41.37398],[69.30385,41.37391],[69.30378,41.37365],[69.30344,41.37344],[69.30248,41.37315],[69.30225,41.37283],[69.30192,41.37278],[69.3017,41.37241],[69.30078,41.37246],[69.30074,41.37196],[69.30047,41.37178],[69.29992,41.37172],[69.29973,41.37153],[69.29937,41.37147],[69.2987,41.37162],[69.29852,41.372],[69.29828,41.37205],[69.2981,41.37185],[69.29839,41.37158],[69.29825,41.37127],[69.29851,41.37112],[69.29858,41.3708],[69.29787,41.37019],[69.29759,41.36953],[69.29791,41.36948],[69.29889,41.37045],[69.29942,41.37044],[69.29961,41.3702],[69.29949,41.3699],[69.29973,41.36976],[69.29979,41.36948],[69.2993,41.36922],[69.29952,41.36884],[69.30012,41.3688],[69.30045,41.36841],[69.30036,41.36815],[69.29965,41.36796],[69.29942,41.3677],[69.29774,41.36788],[69.29736,41.36741],[69.2976,41.36725],[69.29814,41.3674],[69.29842,41.36722],[69.29846,41.36695],[69.29785,41.36642],[69.29829,41.36609],[69.29903,41.36561],[69.29951,41.36588],[69.29998,41.36568],[69.30009,41.3649],[69.29967,41.36451],[69.2997,41.36376],[69.29922,41.36324],[69.29985,41.36281],[69.29983,41.36215],[69.29901,41.36192],[69.29782,41.36251],[69.29676,41.36162],[69.29613,41.36164],[69.29594,41.36202],[69.29591,41.36139],[69.29537,41.36113],[69.2949,41.36131],[69.2949,41.36164],[69.29416,41.36184],[69.29407,41.36232],[69.29348,41.36229],[69.29344,41.36182],[69.29405,41.3614],[69.29398,41.361],[69.29347,41.3609],[69.29263,41.36143],[69.29154,41.3604],[69.29182,41.35974],[69.2923,41.35997],[69.2928,41.35983],[69.29278,41.35939],[69.29308,41.35889],[69.29379,41.35925],[69.29429,41.35913],[69.29433,41.35873],[69.29352,41.35817],[69.29425,41.35844],[69.2947,41.35827],[69.29503,41.3585],[69.29539,41.35853],[69.29571,41.3584],[69.29625,41.35764],[69.29665,41.35773],[69.29704,41.35746],[69.29685,41.35708],[69.29532,41.35621],[69.29628,41.35658],[69.2968,41.35651],[69.29692,41.35612],[69.29656,41.35589],[69.29695,41.35555],[69.29688,41.35528],[69.29649,41.35472],[69.29538,41.35443],[69.29536,41.35395],[69.29462,41.35342],[69.29489,41.35304],[69.29557,41.35332],[69.2962,41.353],[69.29612,41.3526],[69.2958,41.35241],[69.29597,41.35198],[69.29565,41.35176],[69.29591,41.35126],[69.29548,41.35102],[69.29494,41.35127],[69.29441,41.35107],[69.29398,41.35137],[69.29381,41.35125],[69.29483,41.35056],[69.29518,41.3508],[69.29554,41.35075],[69.29574,41.35052],[69.29571,41.35023],[69.29613,41.34996],[69.29612,41.34969],[69.29584,41.3495],[69.29548,41.34952],[69.29403,41.35007],[69.29348,41.35002],[69.29319,41.35041],[69.29221,41.34998],[69.29166,41.34993],[69.29405,41.34987],[69.29434,41.34971],[69.2944,41.34944],[69.294,41.34917],[69.29257,41.34919],[69.29241,41.34883],[69.29154,41.34877],[69.29129,41.34821],[69.29071,41.3477],[69.29106,41.34749],[69.29086,41.34704],[69.29116,41.34684],[69.29107,41.34645],[69.29051,41.34634],[69.29017,41.34598],[69.28958,41.3461],[69.2891,41.34578],[69.28834,41.34587],[69.28719,41.3448],[69.2882,41.34395],[69.28808,41.34369],[69.28733,41.3434],[69.28771,41.34336],[69.28821,41.34358],[69.28891,41.34301],[69.28886,41.34273],[69.28817,41.34234],[69.28781,41.34237],[69.28761,41.34255],[69.28744,41.34192],[69.28989,41.3416],[69.29008,41.34124],[69.28976,41.34043],[69.29008,41.34065],[69.29097,41.34059],[69.29131,41.34043],[69.2922,41.34056],[69.2928,41.34004],[69.29272,41.33977],[69.29239,41.33962],[69.29263,41.3394],[69.29263,41.33872],[69.29234,41.33855],[69.29151,41.33861],[69.2917,41.33828],[69.29135,41.33798],[69.29014,41.33808],[69.2902,41.3378],[69.2899,41.33712],[69.28933,41.33698],[69.28928,41.33666],[69.28976,41.33687],[69.29143,41.33668],[69.29166,41.33632],[69.29131,41.33602],[69.29223,41.3359],[69.29245,41.33568],[69.29228,41.3353],[69.29161,41.33526],[69.29153,41.33503],[69.29118,41.33486],[69.29068,41.33491],[69.29045,41.33518],[69.28907,41.33553],[69.28878,41.33405],[69.28895,41.33374],[69.28878,41.3335],[69.2907,41.33328],[69.29092,41.33307],[69.29079,41.33265],[69.28976,41.33231],[69.28804,41.33248],[69.28834,41.33212],[69.2882,41.33176],[69.28858,41.33173],[69.28883,41.33142],[69.28931,41.3314],[69.28953,41.33118],[69.28947,41.33091],[69.28907,41.33072],[69.289,41.33033],[69.29049,41.33007],[69.29058,41.32981],[69.29027,41.32951],[69.29033,41.32939],[69.29087,41.32923],[69.29218,41.3278],[69.29244,41.3277],[69.29272,41.32724],[69.29264,41.32699],[69.29317,41.32641],[69.29301,41.32603],[69.29225,41.32582],[69.29202,41.32552],[69.29145,41.32559],[69.29121,41.32455],[69.29215,41.32401],[69.29272,41.32393],[69.29283,41.32373],[69.29328,41.3236],[69.2935,41.32323],[69.29395,41.32368],[69.29497,41.32339],[69.29483,41.32386],[69.29562,41.32423],[69.29614,41.32423],[69.29652,41.32395],[69.29712,41.32381],[69.29691,41.32453],[69.2971,41.32476],[69.29809,41.32488],[69.29844,41.32513],[69.2988,41.32508],[69.29901,41.32471],[69.29868,41.32389],[69.3003,41.32349],[69.30063,41.3232],[69.30062,41.32217],[69.30012,41.32157],[69.29966,41.32137],[69.30006,41.32108],[69.30047,41.32036],[69.30007,41.32009],[69.29941,41.3203],[69.29965,41.31992],[69.29944,41.31956],[69.29907,41.31951],[69.29851,41.31974],[69.29856,41.31945],[69.29833,41.31923],[69.29779,41.31928],[69.29748,41.31914],[69.29755,41.31883],[69.29805,41.31858],[69.29809,41.31829],[69.2969,41.31763],[69.2982,41.31736],[69.29823,41.31777],[69.299,41.31801],[69.29849,41.31826],[69.29846,41.31866],[69.29875,41.31883],[69.29916,41.31877],[69.29994,41.31922],[69.3005,41.31935],[69.30126,41.31927],[69.30155,41.31911],[69.30154,41.31872],[69.30189,41.31913],[69.30224,41.31919],[69.30355,41.31838],[69.3036,41.31811],[69.30305,41.31659],[69.3036,41.31673],[69.30393,41.31661],[69.30422,41.3159],[69.30361,41.31557],[69.30298,41.31587],[69.30066,41.31606],[69.30045,41.31594],[69.30067,41.31556],[69.30105,41.31575],[69.30142,41.31575],[69.30184,41.31538],[69.3017,41.31512],[69.30105,41.31489],[69.30131,41.31463],[69.30131,41.31436],[69.30083,41.31403],[69.30023,41.31429],[69.30022,41.31452],[69.29967,41.31549],[69.29977,41.31509],[69.29953,41.31488],[69.29917,41.31485],[69.29886,41.31506],[69.29878,41.31503],[69.29949,41.31437],[69.29953,41.31372],[69.29976,41.31347],[69.29969,41.31303],[69.29954,41.31278],[69.2992,41.31268],[69.29876,41.31293],[69.29797,41.31233],[69.29725,41.31243],[69.29668,41.31267],[69.29648,41.31293],[69.29583,41.31306],[69.29549,41.31385],[69.29493,41.31315],[69.29456,41.31316],[69.29429,41.31342],[69.29416,41.31323],[69.29451,41.31255],[69.29423,41.31213],[69.29376,41.31194],[69.29336,41.31217],[69.29321,41.31176],[69.29257,41.31151],[69.29248,41.3111],[69.2917,41.31036],[69.29115,41.31012],[69.29056,41.31007],[69.29046,41.30962],[69.2899,41.30945],[69.28975,41.3089],[69.28997,41.30848],[69.28958,41.308],[69.28819,41.30769],[69.28779,41.30814],[69.28748,41.30823],[69.28672,41.30722],[69.28621,41.3072],[69.28582,41.30694],[69.28541,41.30703],[69.28506,41.3067],[69.28564,41.30607],[69.2854,41.30545],[69.28467,41.30545],[69.28415,41.3059],[69.28363,41.30545],[69.28258,41.30544],[69.28226,41.30576],[69.28263,41.30624],[69.28226,41.30626],[69.28202,41.30648],[69.28225,41.30699],[69.28023,41.30687],[69.28004,41.30607],[69.27926,41.30568],[69.27971,41.30553],[69.27984,41.30527],[69.27965,41.30497],[69.27906,41.30479],[69.2789,41.30401],[69.27944,41.3041],[69.27933,41.30446],[69.27976,41.30492],[69.28037,41.30507],[69.2808,41.30537],[69.28233,41.30528],[69.28268,41.30481],[69.28215,41.30421],[69.2826,41.30413],[69.28272,41.30374],[69.28207,41.30317],[69.28138,41.30298],[69.28222,41.30207],[69.28188,41.30177],[69.28136,41.30178],[69.28196,41.30171],[69.28256,41.30117],[69.28244,41.3008],[69.28269,41.29994],[69.28441,41.29984],[69.28465,41.29963],[69.28467,41.29924],[69.28518,41.29982],[69.28609,41.29967],[69.28614,41.29918],[69.285,41.2985],[69.28548,41.29805],[69.28583,41.29829],[69.28593,41.29872],[69.2869,41.29942],[69.28725,41.29951],[69.28753,41.29941],[69.28815,41.29966],[69.28856,41.29941],[69.28837,41.2989],[69.28937,41.29951],[69.29024,41.29955],[69.29056,41.29943],[69.29063,41.29903],[69.29025,41.29874],[69.29061,41.29838],[69.29028,41.29797],[69.29038,41.29788],[69.29079,41.29788],[69.29096,41.29809],[69.2913,41.29817],[69.29163,41.29804],[69.29175,41.29779],[69.29179,41.29884],[69.29224,41.29916],[69.29349,41.29891],[69.29441,41.29798],[69.29465,41.29817],[69.29464,41.29873],[69.29489,41.29892],[69.296,41.29871],[69.29638,41.29796],[69.29491,41.29678],[69.2964,41.29524],[69.29642,41.29484],[69.29612,41.29468],[69.29576,41.29473],[69.29445,41.29585],[69.29419,41.2957],[69.29354,41.29572],[69.29308,41.29543],[69.29317,41.29503],[69.29242,41.29448],[69.29194,41.29439],[69.29151,41.29461],[69.29056,41.29397],[69.28966,41.29309],[69.29036,41.29246],[69.29022,41.29207],[69.28969,41.29203],[69.2894,41.29225],[69.28944,41.29179],[69.28898,41.29159],[69.28828,41.29197],[69.28811,41.29171],[69.28761,41.29149],[69.2881,41.2912],[69.28799,41.29081],[69.28733,41.29056],[69.28655,41.29094],[69.2864,41.29061],[69.28598,41.29048],[69.286,41.29013],[69.28639,41.28958],[69.28623,41.28919],[69.28584,41.28911],[69.28596,41.28879],[69.28632,41.28899],[69.28669,41.28894],[69.28709,41.28855],[69.28682,41.2881],[69.28783,41.28766],[69.28838,41.2878],[69.28872,41.2877],[69.289,41.28737],[69.28909,41.28689],[69.28877,41.28644],[69.28776,41.28627],[69.28746,41.28643],[69.2873,41.28686],[69.28609,41.28642],[69.28574,41.28672],[69.28587,41.28701],[69.28489,41.28713],[69.2855,41.28667],[69.28543,41.28632],[69.28507,41.28611],[69.2847,41.2861],[69.28436,41.28639],[69.28314,41.28591],[69.28284,41.28607],[69.28271,41.28647],[69.28197,41.28624],[69.28109,41.28661],[69.28071,41.28618],[69.28035,41.28612],[69.27986,41.28635],[69.27954,41.28683],[69.27965,41.2871],[69.28012,41.28735],[69.27998,41.28768],[69.28028,41.28808],[69.27991,41.28816],[69.27977,41.28855],[69.28055,41.28927],[69.27836,41.29021],[69.27827,41.29076],[69.27789,41.29069],[69.27717,41.29097],[69.27709,41.29161],[69.27564,41.29139],[69.27481,41.29197],[69.2732,41.29223],[69.27317,41.29282],[69.27353,41.293],[69.27348,41.29341],[69.27394,41.29373],[69.27371,41.29393],[69.27291,41.29344],[69.273,41.29318],[69.27282,41.29294],[69.27169,41.29296],[69.27105,41.29274],[69.27014,41.29286],[69.26967,41.29349],[69.26869,41.29309],[69.26833,41.29315],[69.26814,41.29339],[69.26836,41.294],[69.268,41.29437],[69.26686,41.29353],[69.26592,41.29359],[69.26538,41.29379],[69.26526,41.29442],[69.26552,41.29467],[69.26539,41.2951],[69.26584,41.29531],[69.2663,41.2951],[69.26668,41.29534],[69.26604,41.29557],[69.26588,41.29621],[69.26549,41.29671],[69.26556,41.297],[69.26583,41.29718],[69.26653,41.29696],[69.26576,41.29772],[69.2658,41.298],[69.26607,41.29817],[69.2661,41.29867],[69.26559,41.29874],[69.26513,41.29915],[69.26486,41.2992],[69.26381,41.29892],[69.26351,41.29869],[69.26314,41.29872],[69.26194,41.29976],[69.26127,41.29948],[69.26064,41.29946],[69.26037,41.29965],[69.26027,41.3001],[69.2598,41.3003],[69.25978,41.30057],[69.25998,41.30075],[69.25979,41.30115],[69.25939,41.30101],[69.2596,41.30065],[69.25927,41.30034],[69.2589,41.30037],[69.25853,41.30069],[69.25809,41.30056],[69.25776,41.30065],[69.2576,41.3009],[69.25775,41.30119],[69.25883,41.3016],[69.25861,41.30198],[69.25714,41.30147],[69.25644,41.3016],[69.2562,41.30257],[69.25594,41.30238],[69.25558,41.30238],[69.25506,41.30288],[69.25521,41.30331],[69.25615,41.30358],[69.25602,41.30389],[69.25567,41.304],[69.2551,41.30465],[69.2556,41.30539],[69.25509,41.3058],[69.2551,41.30607],[69.25596,41.30696],[69.25534,41.30689],[69.25497,41.30662],[69.25495,41.30619],[69.25463,41.30606],[69.25426,41.30612],[69.25373,41.30564],[69.25384,41.30526],[69.25353,41.30496],[69.25353,41.30442],[69.25324,41.30423],[69.25233,41.30432],[69.25207,41.30452],[69.25207,41.30479],[69.25231,41.3051],[69.25232,41.30531],[69.25204,41.30504],[69.25161,41.30508],[69.25112,41.30488],[69.25076,41.30494],[69.25058,41.30515],[69.25017,41.30512],[69.24959,41.30533],[69.24947,41.30572],[69.24986,41.30642],[69.24783,41.30583],[69.24692,41.30456],[69.24606,41.30447],[69.245,41.30456],[69.24474,41.30428],[69.24439,41.30418],[69.24452,41.30377],[69.24388,41.30347],[69.24405,41.30317],[69.24358,41.30245],[69.24293,41.30239],[69.24236,41.30289],[69.24167,41.30282],[69.24134,41.30256],[69.24101,41.30258],[69.24088,41.3023],[69.24039,41.30219],[69.24015,41.30117],[69.24025,41.30028],[69.23999,41.29982],[69.24042,41.29956],[69.24049,41.2993],[69.24035,41.29899],[69.24003,41.29885],[69.23849,41.29863],[69.23824,41.29898],[69.23861,41.29953],[69.23794,41.29969],[69.23756,41.29996],[69.23742,41.30084],[69.23595,41.30105],[69.23564,41.30133],[69.2357,41.30172],[69.23456,41.30176],[69.23303,41.29992],[69.23383,41.29969],[69.23447,41.29987],[69.23482,41.2998],[69.2351,41.29932],[69.2355,41.29912],[69.23554,41.29884],[69.23501,41.29855],[69.23335,41.29891],[69.23305,41.29857],[69.23227,41.29838],[69.23163,41.29845],[69.23101,41.29781],[69.23128,41.29764],[69.23135,41.29714],[69.23077,41.29683],[69.23137,41.29642],[69.23141,41.29614],[69.23117,41.29593],[69.23081,41.2959],[69.23012,41.29627],[69.23162,41.29528],[69.2316,41.29501],[69.23105,41.29459],[69.23157,41.29482],[69.23193,41.29481],[69.23218,41.29461],[69.23217,41.29431],[69.23159,41.29392],[69.23091,41.29383],[69.23104,41.29351],[69.23088,41.29326],[69.23003,41.29313],[69.22987,41.29293],[69.22897,41.29256],[69.22803,41.29233],[69.22807,41.29206],[69.22856,41.29236],[69.22925,41.29233],[69.22984,41.29249],[69.23023,41.29222],[69.22996,41.29181],[69.23034,41.29156],[69.23055,41.29187],[69.23088,41.29198],[69.23158,41.29165],[69.23152,41.29125],[69.23107,41.29109],[69.23164,41.29069],[69.23166,41.29042],[69.23143,41.29021],[69.23106,41.29019],[69.23043,41.29056],[69.23018,41.29014],[69.22953,41.2901],[69.2292,41.29044],[69.22868,41.29004],[69.22918,41.28972],[69.22968,41.28966],[69.22988,41.28937],[69.2304,41.28978],[69.23076,41.2898],[69.23104,41.28962],[69.23101,41.28867],[69.23071,41.28839],[69.23116,41.28807],[69.23124,41.28764],[69.23091,41.28701],[69.22967,41.2868],[69.22871,41.28691],[69.22751,41.28648],[69.22705,41.28663],[69.22668,41.28642],[69.22622,41.28656],[69.2265,41.28616],[69.22637,41.28589],[69.22654,41.28561],[69.22639,41.28535],[69.22605,41.28525],[69.22522,41.28579],[69.22474,41.28534],[69.22405,41.28552],[69.22369,41.28539],[69.22303,41.28548],[69.22269,41.28514],[69.22189,41.28532],[69.22134,41.28517],[69.22101,41.28548],[69.22139,41.28598],[69.221,41.28637],[69.2201,41.28621],[69.21963,41.28571],[69.21966,41.28527],[69.22059,41.28505],[69.22108,41.28464],[69.22115,41.28437],[69.2209,41.28412],[69.2211,41.28367],[69.22164,41.28345],[69.22168,41.28294],[69.22163,41.28225],[69.22136,41.28206],[69.22076,41.28221],[69.2197,41.28206],[69.21965,41.28089],[69.22019,41.28063],[69.22015,41.27963],[69.22043,41.2792],[69.22038,41.27857],[69.22016,41.27837],[69.22031,41.2775],[69.22002,41.27711],[69.21878,41.27695],[69.21769,41.27773],[69.21734,41.27774],[69.21618,41.27663],[69.21527,41.27654],[69.21498,41.2767],[69.21492,41.27698],[69.21554,41.27765],[69.21551,41.27783],[69.21441,41.27772],[69.21396,41.27782],[69.21337,41.27744],[69.21281,41.27766],[69.21097,41.27592],[69.21092,41.27554],[69.21033,41.27496],[69.2098,41.27485],[69.20864,41.27378],[69.20909,41.27393],[69.20949,41.27367],[69.2089,41.27253],[69.21073,41.27135],[69.21116,41.27142],[69.21161,41.27199],[69.21213,41.27192],[69.21249,41.27111],[69.21221,41.27042],[69.21276,41.27014],[69.21271,41.26961],[69.2106,41.26901],[69.21028,41.26913],[69.20967,41.26897],[69.20893,41.26934],[69.20857,41.26934],[69.20812,41.26909],[69.20759,41.26936],[69.2069,41.26864],[69.2065,41.26858],[69.20619,41.26872],[69.20604,41.26913],[69.2051,41.26946],[69.20515,41.27018],[69.20567,41.27075],[69.20537,41.27071],[69.20502,41.27093],[69.20488,41.27071],[69.20512,41.27004],[69.20504,41.26978],[69.20375,41.26867],[69.20294,41.26827],[69.20277,41.26792],[69.20327,41.26778],[69.20348,41.26755],[69.2033,41.26691],[69.20295,41.26682],[69.20225,41.26694],[69.20211,41.26738],[69.20187,41.26757],[69.20171,41.26736],[69.20128,41.26727],[69.20098,41.26654],[69.20046,41.26638],[69.20008,41.26654],[69.19908,41.26472],[69.19964,41.26448],[69.19941,41.26388],[69.19959,41.26371],[69.19964,41.2629],[69.20022,41.26322],[69.20056,41.2631],[69.20075,41.26281],[69.20075,41.26253],[69.20042,41.2623],[69.20082,41.26192],[69.20068,41.26108],[69.20085,41.26096],[69.20138,41.26118],[69.20168,41.26103],[69.20168,41.26049],[69.20199,41.26006],[69.20181,41.25977],[69.20146,41.2597],[69.20107,41.2599],[69.19983,41.25921],[69.20054,41.25854],[69.20133,41.25885],[69.20165,41.25871],[69.20173,41.25844],[69.20111,41.25796],[69.20148,41.25753],[69.20124,41.2571],[69.20072,41.25714],[69.19982,41.25806],[69.19945,41.25776],[69.19949,41.25729],[69.19879,41.25707],[69.1983,41.25732],[69.19826,41.25686],[69.19868,41.25706],[69.19902,41.25695],[69.1993,41.2559],[69.20141,41.25589],[69.20232,41.25505],[69.20267,41.25544],[69.20303,41.25541],[69.20333,41.25516],[69.20401,41.2553],[69.20476,41.25466],[69.20447,41.25378],[69.20387,41.25351],[69.20328,41.25379],[69.20021,41.25189],[69.19985,41.25153],[69.20089,41.25147],[69.20121,41.25094],[69.20083,41.25066],[69.20017,41.25074],[69.20002,41.25025],[69.19972,41.25009],[69.19936,41.25014],[69.19915,41.25037],[69.19924,41.25091],[69.1988,41.25106],[69.19837,41.25101],[69.1981,41.25119],[69.19817,41.25158],[69.19786,41.25217],[69.19682,41.2523],[69.19614,41.25301],[69.19569,41.25296],[69.19606,41.25196],[69.19658,41.25184],[69.19697,41.25097],[69.19678,41.25074],[69.1961,41.25058],[69.19576,41.25059],[69.19547,41.2508],[69.19522,41.25066],[69.19485,41.25069],[69.19433,41.25167],[69.19476,41.25062],[69.19447,41.25021],[69.19538,41.24699],[69.1952,41.24653],[69.19445,41.2463],[69.19406,41.24636],[69.19376,41.24664],[69.19219,41.25112],[69.19206,41.25083],[69.19172,41.25072],[69.19126,41.25075],[69.191,41.25095],[69.19101,41.25122],[69.19136,41.25152],[69.19104,41.25183],[69.19105,41.2521],[69.19132,41.25229],[69.19184,41.25219],[69.19208,41.25199]],[[69.30195,41.31807],[69.30191,41.31805],[69.3025,41.31775],[69.30257,41.31797],[69.30195,41.31807]],[[69.30123,41.31682],[69.30123,41.31674],[69.30157,41.31672],[69.30123,41.31682]],[[69.30078,41.3732],[69.30152,41.37307],[69.30161,41.37357],[69.30095,41.37368],[69.30078,41.3732]],[[69.30155,41.37952],[69.30164,41.37952],[69.30162,41.37958],[69.30155,41.37952]],[[69.3006,41.37732],[69.30014,41.37734],[69.29997,41.3772],[69.30002,41.37704],[69.30055,41.37695],[69.3006,41.37732]],[[69.30034,41.38192],[69.30031,41.38241],[69.29961,41.38242],[69.29946,41.38192],[69.30034,41.38192]],[[69.29982,41.31709],[69.29927,41.31726],[69.29923,41.31714],[69.29982,41.31709]],[[69.29792,41.31579],[69.29802,41.3156],[69.29953,41.31631],[69.29721,41.31682],[69.29741,41.31644],[69.29827,41.31649],[69.29849,41.31627],[69.29844,41.316],[69.29792,41.31579]],[[69.29974,41.37809],[69.29961,41.37817],[69.29967,41.37809],[69.29974,41.37809]],[[69.29865,41.37697],[69.29854,41.37657],[69.29892,41.37651],[69.29912,41.37672],[69.29895,41.37693],[69.29865,41.37697]],[[69.29875,41.37993],[69.29846,41.37997],[69.29832,41.37945],[69.29856,41.37943],[69.29875,41.37993]],[[69.29815,41.37425],[69.29813,41.37417],[69.29863,41.37409],[69.29815,41.37425]],[[69.2978,41.3218],[69.29759,41.32192],[69.29756,41.32187],[69.2978,41.3218]],[[69.29756,41.37101],[69.29593,41.3714],[69.29646,41.37117],[69.29651,41.37049],[69.29692,41.37034],[69.29756,41.37101]],[[69.29716,41.36659],[69.29715,41.3664],[69.29735,41.36647],[69.29716,41.36659]],[[69.29603,41.31805],[69.29711,41.31857],[69.29666,41.31877],[69.29617,41.31852],[69.29603,41.31805]],[[69.29694,41.36844],[69.29731,41.36884],[69.29669,41.36896],[69.29649,41.36928],[69.29619,41.36933],[69.29635,41.36895],[69.29605,41.36862],[69.29694,41.36844]],[[69.29688,41.31583],[69.29666,41.31597],[69.29694,41.31545],[69.29706,41.31548],[69.29688,41.31583]],[[69.296,41.31528],[69.29574,41.31576],[69.29598,41.31527],[69.296,41.31528]],[[69.29582,41.32118],[69.29459,41.32127],[69.29443,41.3203],[69.29582,41.32118]],[[69.29423,41.36374],[69.29359,41.36404],[69.29369,41.36378],[69.29551,41.3629],[69.29598,41.36319],[69.29423,41.36374]],[[69.29522,41.35532],[69.29548,41.35518],[69.29582,41.35538],[69.29527,41.35549],[69.29455,41.35529],[69.29522,41.35532]],[[69.29557,41.367],[69.29574,41.36717],[69.29502,41.36729],[69.29509,41.36701],[69.29557,41.367]],[[69.29426,41.35718],[69.29464,41.35673],[69.29549,41.35719],[69.29514,41.35763],[69.29426,41.35718]],[[69.29465,41.36964],[69.29459,41.36948],[69.29536,41.36948],[69.29465,41.36964]],[[69.29396,41.37988],[69.29358,41.37867],[69.29396,41.3796],[69.2946,41.37975],[69.29396,41.37988]],[[69.2944,41.38116],[69.29437,41.38122],[69.29417,41.38058],[69.2944,41.38116]],[[69.29386,41.37411],[69.29397,41.37409],[69.29418,41.37476],[69.29386,41.37411]],[[69.29374,41.32192],[69.29344,41.32206],[69.29306,41.31968],[69.29345,41.32018],[69.29374,41.32192]],[[69.29218,41.35271],[69.29271,41.35263],[69.2933,41.35203],[69.29358,41.35222],[69.29317,41.35246],[69.29319,41.35273],[69.29387,41.35321],[69.29339,41.35358],[69.29218,41.35271]],[[69.29346,41.35678],[69.2926,41.35641],[69.29288,41.35597],[69.29384,41.35634],[69.29346,41.35678]],[[69.29317,41.2973],[69.29341,41.29733],[69.29322,41.29754],[69.29317,41.2973]],[[69.29272,41.3551],[69.29289,41.3549],[69.29358,41.35515],[69.29339,41.35536],[69.29272,41.3551]],[[69.29291,41.31612],[69.29311,41.31561],[69.29332,41.31568],[69.29302,41.31622],[69.29291,41.31612]],[[69.29342,41.37565],[69.29348,41.37604],[69.29212,41.37628],[69.29178,41.37609],[69.29119,41.37604],[69.29342,41.37565]],[[69.29327,41.38083],[69.29318,41.38077],[69.29325,41.38076],[69.29327,41.38083]],[[69.29182,41.37818],[69.29168,41.37771],[69.29274,41.37766],[69.29315,41.37802],[69.29182,41.37818]],[[69.29257,41.36292],[69.2928,41.36291],[69.29302,41.36314],[69.29273,41.36333],[69.29257,41.36292]],[[69.29297,41.37988],[69.29303,41.38005],[69.2924,41.38017],[69.29235,41.38],[69.29297,41.37988]],[[69.29293,41.37427],[69.29294,41.37428],[69.29251,41.37435],[69.29293,41.37427]],[[69.29209,41.36544],[69.29234,41.3651],[69.2928,41.36548],[69.29246,41.36565],[69.29209,41.36544]],[[69.29249,41.29674],[69.29237,41.2968],[69.29235,41.29671],[69.29249,41.29674]],[[69.29263,41.35159],[69.2927,41.35163],[69.29261,41.35164],[69.29263,41.35159]],[[69.29195,41.32102],[69.29227,41.32093],[69.2925,41.32221],[69.29215,41.32224],[69.29195,41.32102]],[[69.29202,41.32324],[69.29135,41.32352],[69.29126,41.32305],[69.29242,41.32294],[69.29202,41.32324]],[[69.29257,41.35723],[69.29217,41.3573],[69.292,41.35758],[69.29178,41.3575],[69.29215,41.35705],[69.29257,41.35723]],[[69.29175,41.29762],[69.2917,41.2972],[69.29185,41.29723],[69.29175,41.29762]],[[69.29213,41.37929],[69.29202,41.37889],[69.29207,41.37888],[69.29213,41.37929]],[[69.29047,41.35837],[69.29078,41.35822],[69.29084,41.35795],[69.29206,41.3584],[69.29174,41.35858],[69.2917,41.35883],[69.29047,41.35837]],[[69.29184,41.37067],[69.2921,41.37062],[69.29186,41.37083],[69.29184,41.37067]],[[69.29203,41.35565],[69.29175,41.35607],[69.29081,41.35572],[69.29108,41.35528],[69.29203,41.35565]],[[69.29211,41.37514],[69.29096,41.37534],[69.29093,41.37523],[69.29211,41.37514]],[[69.29192,41.35226],[69.29195,41.35253],[69.29174,41.35238],[69.29192,41.35226]],[[69.29141,41.35162],[69.29141,41.35145],[69.29154,41.35152],[69.29141,41.35162]],[[69.2916,41.36161],[69.29118,41.36188],[69.29042,41.36119],[69.29079,41.36098],[69.2916,41.36161]],[[69.29128,41.36723],[69.29144,41.36721],[69.29137,41.36735],[69.29101,41.36741],[69.29128,41.36723]],[[69.29103,41.32168],[69.29109,41.32164],[69.2912,41.32233],[69.29103,41.32168]],[[69.29101,41.35721],[69.29053,41.35703],[69.29086,41.35693],[69.29098,41.35659],[69.29131,41.35671],[69.29101,41.35721]],[[69.29101,41.31233],[69.29075,41.31299],[69.29056,41.31306],[69.29033,41.31296],[69.29052,41.31257],[69.29025,41.31229],[69.29101,41.31233]],[[69.29109,41.35447],[69.29114,41.3545],[69.29101,41.35445],[69.29109,41.35447]],[[69.29061,41.319],[69.29029,41.31904],[69.29066,41.31881],[69.29088,41.31901],[69.29061,41.319]],[[69.29018,41.35928],[69.29026,41.35909],[69.2909,41.35932],[69.29086,41.35975],[69.29018,41.35928]],[[69.29081,41.38032],[69.29094,41.38043],[69.29084,41.38044],[69.29081,41.38032]],[[69.29088,41.37463],[69.29077,41.37471],[69.29075,41.37465],[69.29088,41.37463]],[[69.28964,41.37663],[69.28929,41.37637],[69.29025,41.3762],[69.29088,41.37833],[69.29023,41.37844],[69.28964,41.37663]],[[69.29083,41.37185],[69.29068,41.37201],[69.29007,41.37213],[69.29083,41.37185]],[[69.29036,41.29677],[69.29033,41.29674],[69.29037,41.29676],[69.29036,41.29677]],[[69.2904,41.32407],[69.29024,41.32316],[69.29032,41.32315],[69.2904,41.32407]],[[69.28862,41.32227],[69.28818,41.32222],[69.28809,41.32171],[69.28871,41.32173],[69.29003,41.32147],[69.29019,41.32244],[69.28961,41.32233],[69.28882,41.32257],[69.28862,41.32227]],[[69.29024,41.35494],[69.28995,41.35541],[69.28959,41.35529],[69.28993,41.35515],[69.29009,41.35486],[69.29024,41.35494]],[[69.29014,41.36045],[69.29015,41.36028],[69.29025,41.36037],[69.29014,41.36045]],[[69.2901,41.36964],[69.29028,41.37025],[69.28994,41.37049],[69.29009,41.37129],[69.28985,41.37133],[69.28933,41.36951],[69.28981,41.36949],[69.2901,41.36964]],[[69.28981,41.36875],[69.28996,41.36832],[69.29022,41.36827],[69.29018,41.36882],[69.28981,41.36875]],[[69.28962,41.31423],[69.28981,41.31386],[69.28996,41.3139],[69.28973,41.31427],[69.28962,41.31423]],[[69.29006,41.35402],[69.28964,41.35388],[69.28985,41.3533],[69.29011,41.35355],[69.29006,41.35402]],[[69.28926,41.29588],[69.28941,41.29573],[69.28973,41.29589],[69.28958,41.29607],[69.28926,41.29588]],[[69.2895,41.36585],[69.28997,41.36609],[69.28993,41.36613],[69.2895,41.36585]],[[69.28978,41.34015],[69.28974,41.34026],[69.28973,41.34023],[69.28978,41.34015]],[[69.28949,41.32582],[69.28971,41.32598],[69.28945,41.32601],[69.28949,41.32582]],[[69.28725,41.32858],[69.28968,41.32832],[69.28967,41.32837],[69.28727,41.32868],[69.28725,41.32858]],[[69.28935,41.35261],[69.28913,41.35242],[69.2895,41.35239],[69.28973,41.35244],[69.28935,41.35261]],[[69.28896,41.32329],[69.28929,41.32325],[69.28951,41.32449],[69.28921,41.32458],[69.28896,41.32329]],[[69.2895,41.32955],[69.28905,41.3296],[69.28908,41.32929],[69.28936,41.32925],[69.2895,41.32955]],[[69.28943,41.33622],[69.28924,41.33645],[69.2892,41.33624],[69.28943,41.33622]],[[69.28937,41.32762],[69.289,41.32766],[69.28902,41.32763],[69.28937,41.32762]],[[69.28907,41.34918],[69.28942,41.34943],[69.28939,41.34952],[69.28882,41.34951],[69.28907,41.34918]],[[69.2877,41.31835],[69.28909,41.31818],[69.28924,41.31837],[69.28867,41.3187],[69.2877,41.31835]],[[69.28845,41.31661],[69.28778,41.31601],[69.28806,41.31576],[69.28831,41.31588],[69.28839,41.31629],[69.289,41.31671],[69.28848,41.31717],[69.28801,41.31719],[69.28845,41.31661]],[[69.28851,41.29543],[69.28847,41.29541],[69.28864,41.29527],[69.28851,41.29543]],[[69.28846,41.36145],[69.28846,41.36144],[69.28848,41.36141],[69.28846,41.36145]],[[69.28821,41.32434],[69.28828,41.32478],[69.28799,41.3248],[69.2879,41.32431],[69.28821,41.32434]],[[69.28756,41.33059],[69.28754,41.33048],[69.2882,41.33041],[69.28803,41.33056],[69.28756,41.33059]],[[69.28709,41.32782],[69.28809,41.32776],[69.2871,41.32787],[69.28709,41.32782]],[[69.28801,41.32339],[69.28807,41.32362],[69.28779,41.32371],[69.28774,41.32342],[69.28801,41.32339]],[[69.28809,41.3386],[69.28654,41.33901],[69.28649,41.33861],[69.28809,41.3386]],[[69.28801,41.32585],[69.28797,41.32604],[69.28758,41.32597],[69.28776,41.32555],[69.28801,41.32585]],[[69.28789,41.33128],[69.28802,41.33168],[69.28778,41.33167],[69.2877,41.3313],[69.28789,41.33128]],[[69.28752,41.35674],[69.28706,41.35711],[69.28716,41.35679],[69.28693,41.35657],[69.28648,41.35656],[69.28653,41.35617],[69.288,41.35678],[69.28752,41.35674]],[[69.28761,41.30978],[69.28773,41.30974],[69.28763,41.31],[69.28761,41.30978]],[[69.28769,41.32939],[69.2874,41.32942],[69.2874,41.32939],[69.28769,41.32939]],[[69.28777,41.35572],[69.28779,41.35586],[69.28744,41.35572],[69.28777,41.35572]],[[69.28756,41.33776],[69.28685,41.33785],[69.28685,41.33784],[69.28756,41.33776]],[[69.28734,41.3172],[69.28744,41.31725],[69.28737,41.31726],[69.28677,41.31686],[69.28734,41.3172]],[[69.28725,41.29488],[69.28724,41.29489],[69.28722,41.29488],[69.28725,41.29488]],[[69.28736,41.3357],[69.28737,41.33571],[69.28736,41.33571],[69.28736,41.3357]],[[69.28651,41.32616],[69.28657,41.32616],[69.28687,41.32643],[69.2872,41.32642],[69.2872,41.32677],[69.28662,41.32683],[69.28651,41.32616]],[[69.2865,41.32367],[69.2868,41.32359],[69.28704,41.32488],[69.2867,41.32491],[69.2865,41.32367]],[[69.28671,41.29792],[69.28669,41.29789],[69.28673,41.29791],[69.28671,41.29792]],[[69.28672,41.31858],[69.2867,41.31855],[69.28675,41.31855],[69.28672,41.31858]],[[69.28663,41.29544],[69.2863,41.29576],[69.28624,41.29572],[69.28635,41.2953],[69.28663,41.29544]],[[69.2866,41.29377],[69.28655,41.29375],[69.28657,41.29374],[69.2866,41.29377]],[[69.28682,41.36895],[69.28682,41.36894],[69.28685,41.36894],[69.28682,41.36895]],[[69.28657,41.35306],[69.28582,41.35288],[69.286,41.35175],[69.28647,41.35175],[69.28661,41.35254],[69.28644,41.35273],[69.28657,41.35306]],[[69.28565,41.3359],[69.28555,41.33537],[69.2864,41.3355],[69.2864,41.33575],[69.28565,41.3359]],[[69.2861,41.35737],[69.28644,41.35731],[69.28631,41.35752],[69.28641,41.35778],[69.2861,41.35737]],[[69.28588,41.31],[69.286,41.31086],[69.28542,41.31101],[69.2855,41.3105],[69.28532,41.31016],[69.28588,41.31]],[[69.28604,41.3226],[69.2859,41.32301],[69.28559,41.32296],[69.28551,41.32269],[69.28583,41.32253],[69.28604,41.3226]],[[69.28549,41.33044],[69.28571,41.32972],[69.28588,41.32975],[69.28596,41.33002],[69.28568,41.33015],[69.28549,41.33044]],[[69.28576,41.33124],[69.28597,41.33128],[69.28596,41.33131],[69.28576,41.33124]],[[69.28596,41.35599],[69.28597,41.35594],[69.28608,41.35598],[69.28596,41.35599]],[[69.28497,41.29474],[69.28491,41.2943],[69.28565,41.2948],[69.28498,41.29546],[69.28498,41.2951],[69.28477,41.29493],[69.28497,41.29474]],[[69.28562,41.35389],[69.28557,41.35376],[69.28587,41.35385],[69.28562,41.35389]],[[69.28561,41.32411],[69.28498,41.32416],[69.28515,41.32375],[69.28554,41.32369],[69.28561,41.32411]],[[69.28343,41.29703],[69.28297,41.2971],[69.28225,41.29664],[69.28327,41.29574],[69.28371,41.29602],[69.2833,41.29646],[69.28347,41.29684],[69.28386,41.29703],[69.28422,41.29699],[69.28444,41.29649],[69.28502,41.29686],[69.28435,41.29749],[69.28418,41.29726],[69.28343,41.29703]],[[69.28518,41.35757],[69.28524,41.3578],[69.28428,41.35813],[69.28518,41.35757]],[[69.28522,41.35076],[69.28522,41.35083],[69.28518,41.35083],[69.28522,41.35076]],[[69.28492,41.28892],[69.28465,41.28958],[69.28422,41.28948],[69.28376,41.28957],[69.28388,41.28911],[69.2832,41.28863],[69.28326,41.28852],[69.28388,41.28885],[69.28492,41.28892]],[[69.28499,41.35475],[69.2846,41.35457],[69.28481,41.35446],[69.28499,41.35475]],[[69.28433,41.30785],[69.28463,41.30813],[69.2845,41.30845],[69.2848,41.30883],[69.28458,41.30894],[69.28366,41.30805],[69.28433,41.30785]],[[69.28457,41.32811],[69.28472,41.32834],[69.2845,41.32825],[69.28437,41.32813],[69.28457,41.32811]],[[69.28356,41.35758],[69.28311,41.35714],[69.28411,41.35661],[69.28467,41.35671],[69.28482,41.35688],[69.28356,41.35758]],[[69.28448,41.32992],[69.28447,41.32986],[69.28453,41.32984],[69.28468,41.32987],[69.28448,41.32992]],[[69.28429,41.32301],[69.28393,41.32269],[69.2835,41.32278],[69.2834,41.32229],[69.28413,41.32227],[69.28427,41.32276],[69.28462,41.32298],[69.28429,41.32301]],[[69.28443,41.3503],[69.28429,41.35022],[69.28448,41.35021],[69.28443,41.3503]],[[69.28406,41.32711],[69.28405,41.32706],[69.28424,41.32704],[69.28406,41.32711]],[[69.28414,41.31704],[69.28407,41.31706],[69.28397,41.3169],[69.28414,41.31704]],[[69.28408,41.31105],[69.28401,41.31106],[69.28379,41.31058],[69.28402,41.31052],[69.28408,41.31105]],[[69.28256,41.35455],[69.28294,41.35466],[69.28398,41.35513],[69.28379,41.35524],[69.28241,41.35466],[69.28256,41.35455]],[[69.28308,41.2935],[69.28364,41.29321],[69.28371,41.29327],[69.28332,41.2936],[69.28308,41.2935]],[[69.28384,41.35299],[69.28325,41.35328],[69.28273,41.35384],[69.28259,41.35343],[69.28272,41.35283],[69.28321,41.353],[69.2838,41.35284],[69.28384,41.35299]],[[69.2831,41.31153],[69.28314,41.31134],[69.2836,41.31154],[69.28357,41.31164],[69.2831,41.31153]],[[69.28332,41.33471],[69.28327,41.33433],[69.28341,41.33432],[69.2836,41.33491],[69.28295,41.33497],[69.28332,41.33471]],[[69.28278,41.33918],[69.28244,41.33871],[69.28347,41.33862],[69.28341,41.33975],[69.28278,41.33918]],[[69.28325,41.33752],[69.28319,41.33765],[69.28305,41.33758],[69.28325,41.33752]],[[69.28212,41.30941],[69.28252,41.3093],[69.28265,41.30904],[69.28307,41.30949],[69.28267,41.30953],[69.28247,41.30986],[69.28194,41.31001],[69.28172,41.30982],[69.28212,41.30941]],[[69.28303,41.31112],[69.28305,41.31115],[69.28302,41.31112],[69.28303,41.31112]],[[69.28279,41.31307],[69.2826,41.31326],[69.28264,41.31359],[69.28204,41.31292],[69.28216,41.31279],[69.28279,41.31307]],[[69.28285,41.32913],[69.28262,41.32921],[69.28259,41.32905],[69.28285,41.32913]],[[69.28232,41.2993],[69.28107,41.29849],[69.28163,41.29815],[69.28215,41.29817],[69.28252,41.29801],[69.28269,41.29812],[69.28221,41.29828],[69.28213,41.29867],[69.28232,41.2993]],[[69.28108,41.31342],[69.28141,41.3133],[69.28187,41.31405],[69.28149,41.31416],[69.28108,41.31342]],[[69.28126,41.33277],[69.28167,41.33274],[69.28161,41.33295],[69.28123,41.33296],[69.28126,41.33277]],[[69.28041,41.29929],[69.28108,41.29973],[69.28022,41.30051],[69.27948,41.30008],[69.28041,41.29929]],[[69.28074,41.30233],[69.28082,41.30238],[69.28067,41.3024],[69.28074,41.30233]],[[69.27915,41.29175],[69.27858,41.29138],[69.2786,41.29095],[69.27958,41.29102],[69.27976,41.29059],[69.2807,41.29019],[69.28042,41.29085],[69.27996,41.29098],[69.27915,41.29175]],[[69.28075,41.32922],[69.28085,41.3295],[69.28084,41.33035],[69.28033,41.33038],[69.28022,41.32971],[69.2805,41.32948],[69.2805,41.32922],[69.28075,41.32922]],[[69.28049,41.3314],[69.2806,41.33139],[69.2807,41.33205],[69.28049,41.3314]],[[69.28012,41.32556],[69.27961,41.32533],[69.27888,41.32551],[69.27884,41.32528],[69.27973,41.32514],[69.27995,41.32478],[69.27958,41.32449],[69.27867,41.32452],[69.28003,41.3244],[69.28039,41.32473],[69.28041,41.32532],[69.28012,41.32556]],[[69.28016,41.30803],[69.28009,41.30811],[69.28006,41.30798],[69.28016,41.30803]],[[69.2797,41.29468],[69.27942,41.29452],[69.27983,41.29417],[69.28009,41.29434],[69.2797,41.29468]],[[69.2788,41.32696],[69.27865,41.32626],[69.2791,41.32622],[69.27955,41.32641],[69.28002,41.3262],[69.28007,41.32643],[69.2797,41.32656],[69.27953,41.3269],[69.2788,41.32696]],[[69.28005,41.32597],[69.28005,41.3259],[69.28007,41.32594],[69.28005,41.32597]],[[69.27961,41.33411],[69.27932,41.33381],[69.28001,41.33372],[69.27961,41.33411]],[[69.27857,41.31609],[69.27942,41.31581],[69.27986,41.31586],[69.27974,41.31625],[69.27857,41.31665],[69.27857,41.31609]],[[69.27978,41.31477],[69.2797,41.31418],[69.27978,41.31452],[69.27978,41.31477]],[[69.27916,41.30169],[69.27895,41.30157],[69.27953,41.30102],[69.27972,41.30114],[69.27916,41.30169]],[[69.27952,41.32351],[69.27976,41.3235],[69.27944,41.32367],[69.27952,41.32351]],[[69.27975,41.33877],[69.2797,41.33866],[69.27978,41.33876],[69.27975,41.33877]],[[69.27934,41.3356],[69.27946,41.33554],[69.27958,41.3356],[69.27944,41.33571],[69.27934,41.3356]],[[69.27877,41.31924],[69.27918,41.31922],[69.27931,41.32002],[69.27668,41.32031],[69.27657,41.31987],[69.27701,41.31977],[69.27754,41.31992],[69.27803,41.31978],[69.27877,41.31924]],[[69.27862,41.31791],[69.27929,41.31775],[69.27929,41.31777],[69.27862,41.31791]],[[69.27857,41.33602],[69.27859,41.33604],[69.27854,41.33619],[69.27835,41.33615],[69.27857,41.33602]],[[69.2783,41.30038],[69.27839,41.30041],[69.27832,41.30042],[69.27809,41.30025],[69.2783,41.30038]],[[69.27459,41.30897],[69.27383,41.30886],[69.27249,41.30831],[69.27216,41.30839],[69.27191,41.30872],[69.27205,41.3082],[69.27174,41.30798],[69.27145,41.30733],[69.273,41.30692],[69.27336,41.30618],[69.27416,41.30569],[69.27428,41.30598],[69.27392,41.30608],[69.27378,41.30633],[69.27397,41.30683],[69.27437,41.30717],[69.27496,41.30718],[69.27535,41.307],[69.27563,41.30615],[69.27598,41.30601],[69.27613,41.30563],[69.27721,41.30553],[69.27731,41.30587],[69.27795,41.30604],[69.27828,41.30763],[69.2762,41.30812],[69.27603,41.30842],[69.27459,41.30897]],[[69.278,41.30273],[69.27791,41.30283],[69.27725,41.30268],[69.27755,41.30251],[69.278,41.30273]],[[69.27543,41.31348],[69.27522,41.31301],[69.27788,41.3123],[69.27794,41.31242],[69.27735,41.31269],[69.27733,41.31296],[69.27543,41.31348]],[[69.27785,41.32705],[69.2778,41.32705],[69.2777,41.32635],[69.27785,41.32705]],[[69.27669,41.29714],[69.27733,41.29731],[69.27756,41.29746],[69.27717,41.29735],[69.27675,41.29759],[69.27684,41.29834],[69.2771,41.29852],[69.2769,41.2987],[69.27666,41.29868],[69.27546,41.29783],[69.2764,41.29688],[69.27669,41.29714]],[[69.27682,41.3042],[69.27611,41.30451],[69.27639,41.30358],[69.27746,41.30379],[69.27752,41.30405],[69.27722,41.30428],[69.27682,41.3042]],[[69.27707,41.29238],[69.27718,41.29226],[69.27722,41.29235],[69.27745,41.29253],[69.27707,41.29238]],[[69.27732,41.31444],[69.27742,41.31428],[69.27745,41.31449],[69.2772,41.31452],[69.27732,41.31444]],[[69.27707,41.33548],[69.27733,41.33543],[69.27718,41.33552],[69.27707,41.33548]],[[69.27662,41.31447],[69.27713,41.31454],[69.27655,41.31463],[69.27605,41.31494],[69.27593,41.31464],[69.27662,41.31447]],[[69.27619,41.30984],[69.27594,41.30963],[69.27498,41.30977],[69.27493,41.30965],[69.27653,41.30929],[69.27639,41.30952],[69.27655,41.31001],[69.27617,41.3101],[69.27619,41.30984]],[[69.27549,41.32009],[69.27565,41.32007],[69.27573,41.3204],[69.27549,41.32009]],[[69.27527,41.29865],[69.27549,41.29878],[69.27532,41.29885],[69.27527,41.29865]],[[69.272,41.30502],[69.27132,41.30452],[69.27306,41.30412],[69.27356,41.30423],[69.27454,41.304],[69.27497,41.30369],[69.27479,41.3045],[69.272,41.30502]],[[69.27464,41.31176],[69.27477,41.31172],[69.27491,41.31203],[69.27478,41.31206],[69.27464,41.31176]],[[69.27487,41.315],[69.27484,41.31499],[69.27487,41.31498],[69.27487,41.315]],[[69.27467,41.31737],[69.2744,41.31724],[69.27459,41.31722],[69.2748,41.31714],[69.27467,41.31737]],[[69.27423,41.30087],[69.27434,41.30093],[69.27433,41.30101],[69.274,41.30093],[69.27423,41.30087]],[[69.27427,41.31515],[69.27432,41.31514],[69.27428,41.31518],[69.27427,41.31515]],[[69.27373,41.30101],[69.27355,41.30134],[69.27368,41.302],[69.27319,41.30185],[69.2731,41.30116],[69.27373,41.30101]],[[69.27336,41.31215],[69.27351,41.31211],[69.27361,41.31238],[69.27348,41.31242],[69.27336,41.31215]],[[69.27254,41.3024],[69.27282,41.30226],[69.27285,41.3025],[69.27254,41.3024]],[[69.27262,41.31274],[69.27145,41.31305],[69.2713,41.3127],[69.27236,41.31242],[69.27262,41.31274]],[[69.2715,41.31643],[69.27181,41.31635],[69.27201,41.31684],[69.2717,41.31686],[69.2715,41.31643]],[[69.27096,41.31138],[69.27081,41.31164],[69.2706,41.31119],[69.27104,41.31124],[69.27183,41.31103],[69.27096,41.31138]],[[69.27178,41.30908],[69.27169,41.3091],[69.27172,41.30901],[69.27178,41.30908]],[[69.27018,41.30485],[69.26989,41.30473],[69.27023,41.30472],[69.27107,41.30533],[69.27061,41.30544],[69.27018,41.30485]],[[69.27041,41.30375],[69.2704,41.30372],[69.27072,41.30365],[69.27041,41.30375]],[[69.27045,41.31074],[69.27043,41.31079],[69.27041,41.31074],[69.27045,41.31074]],[[69.27014,41.31859],[69.27007,41.31825],[69.27013,41.31828],[69.27028,41.31855],[69.27014,41.31859]],[[69.2693,41.29777],[69.26949,41.29776],[69.26942,41.29778],[69.2693,41.29777]],[[69.26872,41.29896],[69.26854,41.29914],[69.26864,41.29873],[69.26872,41.29896]],[[69.26715,41.31027],[69.26809,41.31238],[69.26607,41.31303],[69.26513,41.31111],[69.26546,41.3108],[69.26715,41.31027]],[[69.26774,41.29676],[69.26773,41.2968],[69.26767,41.29671],[69.26774,41.29676]],[[69.26684,41.31758],[69.26695,41.31755],[69.26773,41.31914],[69.26684,41.31758]],[[69.26715,41.3148],[69.26745,41.3154],[69.26736,41.31555],[69.26692,41.31474],[69.26715,41.3148]],[[69.2667,41.29794],[69.26687,41.29779],[69.26699,41.29786],[69.26696,41.29798],[69.2667,41.29794]],[[69.26417,41.31123],[69.26416,41.31174],[69.26453,41.31196],[69.26613,41.31522],[69.266,41.31545],[69.26613,41.31572],[69.26599,41.31576],[69.26565,41.31531],[69.26595,41.31492],[69.26554,41.31436],[69.26533,41.31363],[69.2647,41.31315],[69.26417,41.31317],[69.26399,41.3135],[69.26335,41.31388],[69.2637,41.31494],[69.26222,41.3149],[69.26168,41.31418],[69.26106,41.31382],[69.2612,41.31327],[69.26104,41.31293],[69.26212,41.31332],[69.26247,41.31324],[69.26264,41.31299],[69.26252,41.31273],[69.2615,41.3123],[69.26178,41.31209],[69.2619,41.31147],[69.26417,41.31123]],[[69.26605,41.30143],[69.26588,41.30165],[69.26567,41.30157],[69.26573,41.30131],[69.26543,41.30104],[69.26575,41.30075],[69.26598,41.30086],[69.26605,41.30143]],[[69.26379,41.30372],[69.26283,41.30344],[69.26335,41.3034],[69.26361,41.30319],[69.26361,41.30275],[69.26326,41.30254],[69.26334,41.30238],[69.26404,41.303],[69.26466,41.30446],[69.26385,41.30466],[69.26379,41.30372]],[[69.26305,41.30742],[69.26326,41.30729],[69.2635,41.30783],[69.263,41.30801],[69.26289,41.3084],[69.26333,41.30863],[69.26399,41.30846],[69.26411,41.30873],[69.26368,41.30906],[69.26385,41.30991],[69.2632,41.31001],[69.263,41.31027],[69.26233,41.31003],[69.26201,41.31017],[69.26193,41.3104],[69.26081,41.31047],[69.26041,41.31036],[69.25952,41.30977],[69.25897,41.30892],[69.2579,41.30779],[69.25985,41.30734],[69.26013,41.30782],[69.26071,41.30795],[69.26109,41.30782],[69.26126,41.30758],[69.26114,41.30731],[69.26075,41.30709],[69.2612,41.30696],[69.26155,41.30718],[69.26197,41.30714],[69.26237,41.30743],[69.26305,41.30742]],[[69.2624,41.31648],[69.26241,41.31689],[69.26164,41.31694],[69.2621,41.31644],[69.26233,41.31587],[69.26271,41.31583],[69.26271,41.31616],[69.2624,41.31648]],[[69.26165,41.30257],[69.26193,41.30283],[69.26129,41.30281],[69.26165,41.30257]],[[69.2615,41.30421],[69.26141,41.30356],[69.26189,41.3037],[69.2615,41.30421]],[[69.2611,41.30198],[69.26106,41.30135],[69.26158,41.30172],[69.2611,41.30198]],[[69.26121,41.31496],[69.26139,41.31568],[69.26104,41.31637],[69.26029,41.31662],[69.25983,41.31646],[69.25945,41.31611],[69.25924,41.31529],[69.25943,41.31478],[69.26017,41.3141],[69.26121,41.31496]],[[69.26098,41.30077],[69.261,41.30077],[69.26097,41.30079],[69.26098,41.30077]],[[69.26089,41.30121],[69.26091,41.30123],[69.26078,41.30119],[69.26084,41.30108],[69.26089,41.30121]],[[69.26077,41.31199],[69.26077,41.312],[69.26049,41.31172],[69.26075,41.31174],[69.26077,41.31199]],[[69.2605,41.30392],[69.26019,41.30384],[69.26036,41.30377],[69.26047,41.30369],[69.2605,41.30392]],[[69.26039,41.30499],[69.26037,41.30503],[69.25995,41.30491],[69.26039,41.30499]],[[69.25969,41.30191],[69.25993,41.30201],[69.25963,41.30228],[69.2595,41.30225],[69.25969,41.30191]],[[69.25939,41.31711],[69.25974,41.31724],[69.25917,41.3173],[69.25914,41.31697],[69.25939,41.31711]],[[69.25886,41.31208],[69.25803,41.31208],[69.25798,41.31183],[69.25906,41.3118],[69.25945,41.31216],[69.25949,41.31243],[69.25918,41.3124],[69.25886,41.31208]],[[69.25912,41.30291],[69.25931,41.30296],[69.25908,41.30298],[69.25912,41.30291]],[[69.25804,41.31354],[69.25887,41.31313],[69.25928,41.31314],[69.25821,41.31433],[69.25797,41.31509],[69.2569,41.31522],[69.25724,41.31445],[69.25769,41.31464],[69.25802,41.31452],[69.25804,41.31354]],[[69.25811,41.30476],[69.25823,41.30444],[69.25892,41.30462],[69.25898,41.30484],[69.25811,41.30476]],[[69.25813,41.30636],[69.25846,41.30644],[69.25797,41.30659],[69.25813,41.30636]],[[69.25825,41.31926],[69.25726,41.31928],[69.25723,41.31856],[69.25745,41.31868],[69.25816,41.31867],[69.25825,41.31926]],[[69.25731,41.30236],[69.25749,41.30242],[69.25741,41.30263],[69.25721,41.30257],[69.25731,41.30236]],[[69.25697,41.31702],[69.2569,41.31669],[69.25727,41.31646],[69.25718,41.31611],[69.25736,41.3161],[69.2575,41.31699],[69.25697,41.31702]],[[69.25744,41.31027],[69.25729,41.31038],[69.2572,41.31029],[69.25744,41.31027]],[[69.25688,41.31211],[69.25686,41.31187],[69.25694,41.31186],[69.25688,41.31211]],[[69.25522,41.31993],[69.25511,41.31894],[69.2563,41.31884],[69.25652,41.31944],[69.25642,41.31984],[69.25522,41.31993]],[[69.25611,41.32362],[69.2563,41.32368],[69.25623,41.32369],[69.25611,41.32362]],[[69.25596,41.32166],[69.25601,41.32166],[69.25601,41.32168],[69.25596,41.32166]],[[69.25584,41.30852],[69.25556,41.30852],[69.25576,41.30845],[69.25584,41.30852]],[[69.2552,41.31643],[69.25546,41.31695],[69.25516,41.31678],[69.2552,41.31643]],[[69.25483,41.31205],[69.2547,41.31216],[69.25469,41.31205],[69.25483,41.31205]],[[69.25431,41.30982],[69.25431,41.30973],[69.25435,41.30973],[69.25431,41.30982]],[[69.25336,41.31873],[69.25312,41.31857],[69.25346,41.31877],[69.25348,41.31896],[69.25336,41.31873]],[[69.25296,41.31686],[69.25326,41.31732],[69.25245,41.3174],[69.2522,41.31773],[69.25199,41.31774],[69.25187,41.31677],[69.25201,41.31631],[69.25176,41.31588],[69.25162,41.31484],[69.25295,41.31473],[69.25306,41.31568],[69.25282,41.31624],[69.253,41.31648],[69.25296,41.31686]],[[69.25104,41.31976],[69.251,41.31939],[69.2527,41.31928],[69.25257,41.31972],[69.25104,41.31976]],[[69.25262,41.31197],[69.25268,41.31201],[69.25126,41.31211],[69.25262,41.31197]],[[69.25256,41.31074],[69.25248,41.31074],[69.25254,41.31066],[69.25256,41.31074]],[[69.25223,41.30848],[69.25193,41.30841],[69.25146,41.30748],[69.25173,41.30752],[69.25242,41.30822],[69.25223,41.30848]],[[69.2511,41.31864],[69.25153,41.31863],[69.2511,41.31866],[69.2511,41.31864]],[[69.25123,41.31283],[69.25138,41.31282],[69.25129,41.31286],[69.25123,41.31283]],[[69.25028,41.30912],[69.25011,41.30899],[69.25029,41.30911],[69.25028,41.30912]],[[69.25019,41.30736],[69.25017,41.30756],[69.25005,41.30752],[69.25019,41.30736]],[[69.25018,41.32285],[69.25014,41.32281],[69.25018,41.32282],[69.25018,41.32285]],[[69.24922,41.32579],[69.2492,41.32558],[69.2495,41.32546],[69.25007,41.32562],[69.24946,41.32592],[69.24922,41.32579]],[[69.2499,41.32274],[69.24962,41.32276],[69.24946,41.32252],[69.2489,41.32246],[69.24888,41.32228],[69.24969,41.3222],[69.2499,41.32274]],[[69.24939,41.3123],[69.24947,41.31298],[69.24846,41.31305],[69.24838,41.31236],[69.24939,41.3123]],[[69.24935,41.32318],[69.2491,41.32317],[69.2492,41.32316],[69.24935,41.32318]],[[69.24852,41.31012],[69.2489,41.31027],[69.24848,41.31024],[69.24852,41.31012]],[[69.24712,41.30718],[69.24712,41.30702],[69.24749,41.3068],[69.24749,41.30656],[69.24811,41.30673],[69.24829,41.30697],[69.24816,41.3072],[69.24712,41.30718]],[[69.24824,41.3159],[69.24817,41.3159],[69.24822,41.31585],[69.24824,41.3159]],[[69.24706,41.30925],[69.24707,41.30901],[69.24751,41.30874],[69.24772,41.30889],[69.24772,41.30932],[69.24706,41.30925]],[[69.2463,41.32272],[69.24624,41.32225],[69.2469,41.32259],[69.24769,41.32257],[69.24761,41.32275],[69.2463,41.32272]],[[69.24601,41.3083],[69.24595,41.30915],[69.24573,41.30915],[69.24566,41.30832],[69.24601,41.3083]],[[69.24538,41.30988],[69.24582,41.30987],[69.24585,41.31025],[69.2454,41.31027],[69.24538,41.30988]],[[69.24559,41.31377],[69.2452,41.31382],[69.24457,41.31333],[69.24384,41.31309],[69.24383,41.31282],[69.24411,41.31263],[69.24416,41.31235],[69.24567,41.31228],[69.24559,41.31377]],[[69.24517,41.32243],[69.2453,41.32242],[69.24537,41.32296],[69.24517,41.32243]],[[69.24481,41.31719],[69.24505,41.31718],[69.24507,41.31742],[69.24481,41.31719]],[[69.24497,41.31646],[69.24473,41.31647],[69.24473,41.31643],[69.24497,41.31646]],[[69.24484,41.3155],[69.24485,41.31562],[69.24462,41.31566],[69.2446,41.31552],[69.24484,41.3155]],[[69.24456,41.32977],[69.24445,41.3297],[69.24443,41.32961],[69.24484,41.32958],[69.24456,41.32977]],[[69.2447,41.30556],[69.24408,41.30629],[69.243,41.30636],[69.24291,41.30534],[69.24442,41.30537],[69.2447,41.30556]],[[69.24468,41.31468],[69.2447,41.31479],[69.24451,41.3148],[69.24468,41.31468]],[[69.24392,41.3278],[69.24373,41.32777],[69.24384,41.32764],[69.24473,41.32794],[69.24392,41.3278]],[[69.24446,41.31041],[69.24412,41.31043],[69.24411,41.31038],[69.24446,41.31041]],[[69.24358,41.30416],[69.24409,41.30427],[69.24327,41.30427],[69.24322,41.30418],[69.24358,41.30416]],[[69.24417,41.32865],[69.24416,41.32878],[69.24415,41.32878],[69.24395,41.32861],[69.24417,41.32865]],[[69.24254,41.32484],[69.24299,41.32411],[69.24312,41.32444],[69.24297,41.32478],[69.24254,41.32484]],[[69.24245,41.3274],[69.24256,41.3272],[69.24296,41.32734],[69.24245,41.3274]],[[69.24101,41.30684],[69.24099,41.30649],[69.24205,41.30646],[69.2421,41.30704],[69.24168,41.30706],[69.2414,41.30682],[69.24101,41.30684]],[[69.24199,41.32604],[69.24183,41.32608],[69.24194,41.32591],[69.24199,41.32604]],[[69.24165,41.30813],[69.24182,41.30835],[69.24191,41.3091],[69.24147,41.309],[69.24087,41.30915],[69.24075,41.30847],[69.24097,41.30817],[69.24165,41.30813]],[[69.24073,41.30288],[69.24075,41.30287],[69.24075,41.30289],[69.24073,41.30288]],[[69.24075,41.32889],[69.24052,41.32941],[69.24016,41.32892],[69.24051,41.32835],[69.24075,41.32889]],[[69.24043,41.31583],[69.24043,41.31579],[69.24047,41.31579],[69.24043,41.31583]],[[69.23981,41.31305],[69.23966,41.31284],[69.23933,41.31274],[69.23946,41.31264],[69.23974,41.31282],[69.24034,41.31289],[69.23981,41.31305]],[[69.24023,41.31438],[69.24009,41.31439],[69.23998,41.31413],[69.24021,41.31419],[69.24023,41.31438]],[[69.24003,41.30646],[69.24,41.30719],[69.23996,41.30687],[69.24003,41.30646]],[[69.23936,41.31391],[69.23937,41.3138],[69.23979,41.31384],[69.23983,41.314],[69.23936,41.31391]],[[69.23958,41.32356],[69.23967,41.32356],[69.23964,41.32377],[69.23958,41.32356]],[[69.23878,41.30407],[69.23875,41.30444],[69.23811,41.30441],[69.23848,41.30378],[69.23888,41.3037],[69.23922,41.30384],[69.23878,41.30407]],[[69.2391,41.30017],[69.23925,41.30037],[69.2392,41.30088],[69.23837,41.30086],[69.23842,41.30032],[69.2391,41.30017]],[[69.23843,41.30533],[69.23907,41.30532],[69.23907,41.30576],[69.23843,41.30576],[69.23843,41.30533]],[[69.23842,41.32346],[69.23783,41.32323],[69.23892,41.32314],[69.23898,41.32339],[69.23842,41.32346]],[[69.23869,41.30648],[69.23868,41.30661],[69.23837,41.30657],[69.23829,41.30648],[69.23869,41.30648]],[[69.23781,41.32101],[69.23784,41.32104],[69.23705,41.32109],[69.23781,41.32101]],[[69.23759,41.32465],[69.23748,41.32515],[69.23727,41.32513],[69.23724,41.3246],[69.23759,41.32465]],[[69.23734,41.3231],[69.23735,41.32305],[69.23742,41.32312],[69.23734,41.3231]],[[69.23649,41.33058],[69.23653,41.33058],[69.23653,41.33065],[69.23649,41.33058]],[[69.23602,41.31196],[69.23618,41.31195],[69.23619,41.31204],[69.23602,41.31196]],[[69.23609,41.30335],[69.23609,41.30337],[69.23607,41.30335],[69.23609,41.30335]],[[69.23568,41.30674],[69.23571,41.30673],[69.23572,41.30674],[69.23568,41.30674]],[[69.23558,41.31519],[69.23564,41.31516],[69.23548,41.31528],[69.23558,41.31519]],[[69.23555,41.31292],[69.23557,41.31312],[69.2352,41.3128],[69.23541,41.31269],[69.23555,41.31292]],[[69.2353,41.32239],[69.23386,41.32316],[69.23341,41.32272],[69.23345,41.32241],[69.23449,41.32179],[69.2353,41.32239]],[[69.235,41.3066],[69.23519,41.30675],[69.23486,41.30675],[69.235,41.3066]],[[69.23516,41.32672],[69.23514,41.32688],[69.23505,41.32679],[69.23495,41.32673],[69.23516,41.32672]],[[69.23429,41.3083],[69.2337,41.30748],[69.23477,41.30747],[69.23466,41.30785],[69.23507,41.30808],[69.23429,41.3083]],[[69.23441,41.30586],[69.23364,41.30584],[69.23461,41.30584],[69.23441,41.30586]],[[69.23385,41.32108],[69.23392,41.32103],[69.23397,41.32109],[69.23385,41.32108]],[[69.23316,41.32878],[69.23315,41.32866],[69.23332,41.32881],[69.23316,41.32878]],[[69.2327,41.32917],[69.23279,41.32912],[69.23279,41.3292],[69.2327,41.32917]],[[69.23227,41.32166],[69.23221,41.32215],[69.23177,41.32221],[69.23151,41.32265],[69.23156,41.32238],[69.23134,41.32216],[69.23142,41.32158],[69.23227,41.32166]],[[69.23153,41.30314],[69.23192,41.30314],[69.23188,41.30323],[69.23153,41.30314]],[[69.23152,41.30518],[69.23158,41.30542],[69.23147,41.30526],[69.23152,41.30518]],[[69.23141,41.30446],[69.23152,41.30395],[69.23152,41.30417],[69.23141,41.30446]],[[69.22992,41.32707],[69.22976,41.32691],[69.23043,41.32653],[69.22992,41.32707]],[[69.22947,41.30156],[69.22922,41.30129],[69.22932,41.30124],[69.22965,41.30149],[69.22947,41.30156]],[[69.2293,41.29495],[69.22892,41.29519],[69.22882,41.29511],[69.2293,41.29495]],[[69.22657,41.2873],[69.22652,41.2873],[69.22681,41.28713],[69.22657,41.2873]],[[69.22683,41.29265],[69.22668,41.29276],[69.22626,41.29232],[69.22642,41.29228],[69.22683,41.29265]],[[69.22593,41.33136],[69.22588,41.33129],[69.22595,41.33136],[69.22593,41.33136]],[[69.22566,41.28776],[69.22573,41.28782],[69.22553,41.28794],[69.22566,41.28776]],[[69.22566,41.33109],[69.22582,41.33124],[69.22541,41.33113],[69.22566,41.33109]],[[69.22508,41.33218],[69.22529,41.33216],[69.22527,41.3322],[69.22508,41.33218]],[[69.22503,41.33343],[69.22497,41.33332],[69.22504,41.33332],[69.22503,41.33343]],[[69.22306,41.29555],[69.22358,41.29548],[69.22386,41.29524],[69.22417,41.29576],[69.22488,41.29583],[69.22492,41.2963],[69.22383,41.29555],[69.22306,41.29555]],[[69.22412,41.29677],[69.22382,41.29704],[69.22331,41.29625],[69.22412,41.29677]],[[69.22239,41.33357],[69.22268,41.3334],[69.22275,41.33313],[69.22249,41.33288],[69.22265,41.33275],[69.22292,41.33301],[69.22328,41.33302],[69.22355,41.33283],[69.2236,41.33253],[69.22402,41.33246],[69.22404,41.33264],[69.223,41.33326],[69.22292,41.33392],[69.22239,41.33357]],[[69.22205,41.28868],[69.22228,41.28842],[69.22379,41.28905],[69.22305,41.28947],[69.22205,41.28868]],[[69.22237,41.32911],[69.22298,41.32901],[69.22305,41.32918],[69.22275,41.32934],[69.22228,41.32925],[69.22237,41.32911]],[[69.22106,41.29568],[69.22082,41.29547],[69.22106,41.29538],[69.22174,41.29525],[69.22106,41.29568]],[[69.22167,41.33527],[69.22162,41.33518],[69.22175,41.33535],[69.22167,41.33527]],[[69.22146,41.33499],[69.22147,41.33499],[69.22152,41.33506],[69.22146,41.33499]],[[69.2208,41.29291],[69.22028,41.29325],[69.21951,41.29238],[69.21989,41.29213],[69.2208,41.29291]],[[69.22013,41.33002],[69.22001,41.32992],[69.2202,41.32967],[69.22009,41.3294],[69.22045,41.32921],[69.22073,41.32937],[69.22046,41.32983],[69.22013,41.33002]],[[69.21944,41.29378],[69.21922,41.29358],[69.21933,41.29351],[69.21954,41.29371],[69.21944,41.29378]],[[69.21901,41.32747],[69.21949,41.32788],[69.2192,41.32802],[69.21877,41.32766],[69.21901,41.32747]],[[69.21936,41.33046],[69.21926,41.33052],[69.21931,41.33041],[69.21936,41.33046]],[[69.21935,41.3361],[69.21935,41.33606],[69.21936,41.33609],[69.21935,41.3361]],[[69.21878,41.28654],[69.21909,41.28682],[69.21888,41.28692],[69.21866,41.28673],[69.21878,41.28654]],[[69.2189,41.28047],[69.21893,41.2805],[69.2189,41.28049],[69.2189,41.28047]],[[69.2181,41.33119],[69.21787,41.33097],[69.21837,41.33056],[69.21897,41.33069],[69.2181,41.33119]],[[69.21873,41.29284],[69.21861,41.29302],[69.21854,41.29296],[69.21873,41.29284]],[[69.21866,41.33522],[69.21874,41.33534],[69.21858,41.3353],[69.21866,41.33522]],[[69.2184,41.29443],[69.21824,41.29453],[69.21759,41.29408],[69.21814,41.29373],[69.2184,41.29443]],[[69.21809,41.33625],[69.21698,41.33634],[69.21648,41.33662],[69.21579,41.33654],[69.21681,41.33594],[69.21686,41.33567],[69.21662,41.33544],[69.21701,41.33504],[69.21738,41.3353],[69.21709,41.33563],[69.2172,41.33589],[69.21753,41.33601],[69.21814,41.33587],[69.21826,41.33605],[69.21809,41.33625]],[[69.21764,41.32862],[69.21752,41.32834],[69.21824,41.32895],[69.21797,41.32905],[69.21764,41.32862]],[[69.21659,41.28097],[69.21626,41.28087],[69.21626,41.2807],[69.21695,41.28014],[69.21742,41.28015],[69.21753,41.28129],[69.21686,41.28131],[69.21659,41.28097]],[[69.21699,41.2892],[69.21753,41.28923],[69.21704,41.28965],[69.21699,41.2892]],[[69.21675,41.28783],[69.21695,41.2877],[69.21708,41.28781],[69.21678,41.28792],[69.21675,41.28783]],[[69.21619,41.29094],[69.21611,41.29072],[69.21628,41.2906],[69.21644,41.29084],[69.21619,41.29094]],[[69.2146,41.33103],[69.2146,41.33093],[69.21505,41.33139],[69.2146,41.33103]],[[69.21289,41.32961],[69.21291,41.32997],[69.21274,41.33007],[69.21247,41.3298],[69.21288,41.32952],[69.21302,41.32915],[69.21399,41.32934],[69.21364,41.32953],[69.21317,41.32944],[69.21289,41.32961]],[[69.21368,41.33351],[69.21343,41.33341],[69.21363,41.3333],[69.21382,41.33362],[69.21368,41.33351]],[[69.21388,41.33133],[69.21383,41.33128],[69.21388,41.33131],[69.21388,41.33133]],[[69.21385,41.33459],[69.21378,41.33463],[69.21377,41.33462],[69.21385,41.33459]],[[69.21331,41.27929],[69.21326,41.28028],[69.21274,41.28048],[69.21209,41.28039],[69.21187,41.2799],[69.21195,41.27919],[69.21229,41.27903],[69.21299,41.27904],[69.21331,41.27929]],[[69.213,41.28628],[69.21281,41.28626],[69.21284,41.28618],[69.213,41.28628]],[[69.21232,41.33363],[69.21242,41.33409],[69.21237,41.33409],[69.21232,41.33363]],[[69.21117,41.27775],[69.21148,41.27757],[69.21182,41.27788],[69.21152,41.27807],[69.21117,41.27775]],[[69.21114,41.33275],[69.21119,41.33302],[69.21079,41.33306],[69.21075,41.33292],[69.21114,41.33275]],[[69.21089,41.2824],[69.21079,41.2823],[69.21088,41.28201],[69.21089,41.2824]],[[69.21095,41.28509],[69.21101,41.28552],[69.21089,41.28557],[69.21039,41.28506],[69.21095,41.28509]],[[69.2101,41.27675],[69.21042,41.27656],[69.21075,41.27687],[69.21044,41.27706],[69.2101,41.27675]],[[69.21042,41.27874],[69.21032,41.2788],[69.20997,41.27848],[69.21007,41.27842],[69.21042,41.27874]],[[69.21029,41.28734],[69.21031,41.28725],[69.21035,41.28742],[69.21029,41.28734]],[[69.20928,41.28269],[69.20963,41.28242],[69.21015,41.28286],[69.20957,41.28323],[69.20928,41.28269]],[[69.20905,41.27575],[69.20935,41.27557],[69.20968,41.27588],[69.20938,41.27607],[69.20905,41.27575]],[[69.20925,41.27781],[69.20892,41.27749],[69.20902,41.27743],[69.20935,41.27774],[69.20925,41.27781]],[[69.20928,41.27074],[69.20907,41.27087],[69.20907,41.27074],[69.20928,41.27074]],[[69.20811,41.28112],[69.20751,41.28054],[69.20691,41.2806],[69.20665,41.28034],[69.20806,41.27954],[69.2083,41.27986],[69.20829,41.28032],[69.20861,41.28045],[69.20895,41.28037],[69.20893,41.28063],[69.20811,41.28112]],[[69.20798,41.27475],[69.20827,41.27457],[69.20861,41.27489],[69.20832,41.27506],[69.20798,41.27475]],[[69.20819,41.2768],[69.20786,41.27649],[69.20796,41.27643],[69.20829,41.27674],[69.20819,41.2768]],[[69.20811,41.27073],[69.20811,41.2708],[69.20802,41.27071],[69.20811,41.27073]],[[69.20777,41.27161],[69.20784,41.27167],[69.2074,41.27194],[69.20777,41.27161]],[[69.20687,41.27542],[69.20721,41.27574],[69.20713,41.2758],[69.20687,41.27542]],[[69.20614,41.27865],[69.20585,41.27832],[69.20592,41.27828],[69.20626,41.27862],[69.20614,41.27865]],[[69.206,41.27102],[69.20594,41.27097],[69.20607,41.27104],[69.206,41.27102]],[[69.20507,41.27786],[69.20438,41.2773],[69.20509,41.27682],[69.20576,41.27738],[69.20507,41.27786]],[[69.20375,41.27864],[69.20414,41.27865],[69.2043,41.27908],[69.20408,41.27925],[69.20346,41.27928],[69.20182,41.27778],[69.20185,41.27751],[69.2016,41.2773],[69.20188,41.27716],[69.20227,41.27756],[69.20267,41.27761],[69.20375,41.27864]],[[69.20376,41.27675],[69.20374,41.27673],[69.20379,41.2767],[69.20376,41.27675]],[[69.20282,41.27442],[69.20295,41.27444],[69.20275,41.27457],[69.20282,41.27442]],[[69.20034,41.27314],[69.20071,41.27342],[69.20053,41.27365],[69.20012,41.27333],[69.20034,41.27314]],[[69.20015,41.27479],[69.19933,41.27399],[69.19949,41.27388],[69.2006,41.2746],[69.20015,41.27479]],[[69.20038,41.25358],[69.19983,41.25359],[69.19969,41.25309],[69.2003,41.25281],[69.20038,41.25358]],[[69.20034,41.26043],[69.20031,41.26037],[69.2004,41.26042],[69.20034,41.26043]],[[69.19876,41.25842],[69.19884,41.25832],[69.19922,41.25863],[69.19876,41.25842]],[[69.199,41.27572],[69.19926,41.27553],[69.19902,41.27593],[69.19887,41.27582],[69.199,41.27572]],[[69.19827,41.27138],[69.19889,41.27093],[69.19917,41.27114],[69.1986,41.2716],[69.19827,41.27138]],[[69.19898,41.26971],[69.19915,41.26967],[69.19898,41.26983],[69.19898,41.26971]],[[69.19908,41.25997],[69.1991,41.26003],[69.19904,41.25993],[69.19908,41.25997]],[[69.1972,41.27481],[69.19802,41.27403],[69.19896,41.27473],[69.19807,41.2754],[69.1972,41.27481]],[[69.19753,41.2555],[69.1978,41.25569],[69.19838,41.25571],[69.19833,41.25591],[69.19744,41.25581],[69.19701,41.2551],[69.19762,41.25511],[69.19753,41.2555]],[[69.1983,41.25765],[69.1983,41.2576],[69.19832,41.25764],[69.1983,41.25765]],[[69.19749,41.25654],[69.1982,41.25652],[69.19823,41.25681],[69.19749,41.25654]],[[69.19794,41.259],[69.19782,41.25904],[69.19781,41.25902],[69.19794,41.259]],[[69.19733,41.25341],[69.1972,41.25372],[69.19702,41.25372],[69.19747,41.25303],[69.1978,41.25296],[69.19782,41.25332],[69.19733,41.25341]],[[69.19697,41.25726],[69.19723,41.25728],[69.19701,41.25757],[69.19735,41.2581],[69.19682,41.25821],[69.19697,41.25726]],[[69.19631,41.26175],[69.19606,41.26154],[69.19624,41.26156],[69.19687,41.26273],[69.19666,41.26266],[69.19631,41.26175]],[[69.1949,41.26187],[69.19482,41.26201],[69.19474,41.26178],[69.19502,41.26174],[69.1949,41.26187]],[[69.19482,41.25264],[69.19477,41.25276],[69.1944,41.25249],[69.19482,41.25264]],[[69.1939,41.26247],[69.19395,41.26237],[69.19397,41.26243],[69.1939,41.26247]],[[69.19381,41.26194],[69.19385,41.26206],[69.19373,41.26198],[69.19381,41.26194]],[[69.19371,41.25593],[69.19373,41.25596],[69.19368,41.25596],[69.19371,41.25593]],[[69.19355,41.26109],[69.19359,41.26124],[69.19341,41.26127],[69.19355,41.26109]],[[69.19231,41.25485],[69.1934,41.25491],[69.19278,41.25555],[69.1921,41.255],[69.19231,41.25485]],[[69.19335,41.25183],[69.19298,41.25161],[69.19299,41.2516],[69.19337,41.25165],[69.19335,41.25183]],[[69.19304,41.2621],[69.19302,41.26207],[69.19311,41.26206],[69.19304,41.2621]],[[69.19099,41.25952],[69.19116,41.25928],[69.192,41.25947],[69.19188,41.25957],[69.19139,41.25947],[69.19115,41.25961],[69.19099,41.25952]],[[69.19023,41.25597],[69.19036,41.25585],[69.19134,41.25647],[69.19103,41.2567],[69.19023,41.25597]],[[69.19007,41.25931],[69.18968,41.25935],[69.18916,41.25966],[69.19031,41.25878],[69.19007,41.25931]]],[[[69.26598,41.22064],[69.26626,41.22024],[69.26668,41.22005],[69.26668,41.21965],[69.26625,41.21949],[69.26665,41.21903],[69.26659,41.21876],[69.2663,41.2186],[69.26594,41.21864],[69.26527,41.21927],[69.26471,41.2188],[69.26352,41.21827],[69.26345,41.21752],[69.26316,41.21716],[69.2622,41.21704],[69.26172,41.21725],[69.26154,41.21719],[69.26152,41.21678],[69.26114,41.21664],[69.2618,41.21672],[69.26214,41.21642],[69.26204,41.21615],[69.2615,41.2159],[69.26175,41.21533],[69.26127,41.21497],[69.26055,41.21508],[69.25939,41.21654],[69.25971,41.21553],[69.25948,41.21532],[69.25895,41.21535],[69.25842,41.21603],[69.25844,41.21638],[69.25689,41.21857],[69.25575,41.21812],[69.25531,41.21828],[69.25483,41.21799],[69.2549,41.21767],[69.2545,41.21741],[69.25345,41.21769],[69.25304,41.21829],[69.25147,41.21768],[69.25112,41.21775],[69.25094,41.218],[69.25114,41.21847],[69.25201,41.21882],[69.2521,41.21913],[69.25348,41.21971],[69.25139,41.22275],[69.25146,41.22317],[69.25194,41.22351],[69.25361,41.22413],[69.25384,41.22442],[69.25437,41.22439],[69.25583,41.22254],[69.25669,41.22076],[69.25756,41.22113],[69.25771,41.22153],[69.25818,41.22178],[69.25807,41.22192],[69.25772,41.22184],[69.2574,41.22197],[69.25685,41.22323],[69.25688,41.22351],[69.25716,41.22368],[69.25767,41.22357],[69.26089,41.22551],[69.26105,41.22588],[69.26158,41.22592],[69.26199,41.2255],[69.26235,41.22579],[69.26271,41.22574],[69.26295,41.22554],[69.26344,41.22568],[69.26375,41.22553],[69.26383,41.22531],[69.26459,41.22532],[69.2648,41.2251],[69.26476,41.22487],[69.26534,41.22486],[69.26668,41.22596],[69.26724,41.2265],[69.26698,41.22689],[69.26604,41.2264],[69.26572,41.22653],[69.26553,41.22696],[69.26567,41.22722],[69.26617,41.22732],[69.26607,41.22788],[69.26627,41.2281],[69.26657,41.22816],[69.26635,41.22911],[69.26583,41.22918],[69.26566,41.22942],[69.26593,41.22978],[69.26586,41.23026],[69.26651,41.23045],[69.26692,41.23203],[69.26659,41.23227],[69.26663,41.23254],[69.26704,41.23275],[69.26703,41.23306],[69.2673,41.23324],[69.26854,41.23337],[69.26849,41.23377],[69.26913,41.23403],[69.26905,41.23428],[69.26922,41.23452],[69.26969,41.23465],[69.26949,41.23484],[69.26952,41.23511],[69.27026,41.2354],[69.26991,41.23563],[69.26994,41.23591],[69.27061,41.23618],[69.27028,41.23654],[69.27061,41.23686],[69.27066,41.23726],[69.27098,41.2374],[69.27133,41.23732],[69.27199,41.2365],[69.2726,41.23637],[69.27319,41.23747],[69.2741,41.23769],[69.27441,41.23736],[69.27412,41.2367],[69.27498,41.23648],[69.27515,41.23624],[69.27506,41.23597],[69.27468,41.2358],[69.27516,41.23548],[69.27517,41.23471],[69.27491,41.23452],[69.27443,41.23456],[69.27431,41.23437],[69.27465,41.23424],[69.27519,41.2344],[69.27553,41.23408],[69.27512,41.23279],[69.27488,41.23258],[69.2745,41.23256],[69.2743,41.23211],[69.27507,41.23174],[69.27623,41.23298],[69.27654,41.23312],[69.2769,41.23306],[69.27708,41.23268],[69.27685,41.2324],[69.27719,41.23218],[69.27724,41.23191],[69.27703,41.23168],[69.27669,41.23164],[69.27737,41.23123],[69.27743,41.23096],[69.27704,41.23069],[69.27668,41.23076],[69.27645,41.23037],[69.27607,41.23034],[69.27781,41.22948],[69.27801,41.22911],[69.27763,41.22883],[69.27721,41.22892],[69.27623,41.22858],[69.27576,41.22872],[69.27554,41.22852],[69.27503,41.22855],[69.27468,41.22833],[69.27391,41.22861],[69.27374,41.22818],[69.27338,41.22813],[69.2729,41.22833],[69.27244,41.22793],[69.272,41.22799],[69.27183,41.22829],[69.27108,41.22772],[69.27072,41.22779],[69.27054,41.22803],[69.27106,41.22872],[69.27083,41.22882],[69.27013,41.22718],[69.26961,41.2271],[69.26931,41.22751],[69.26883,41.22667],[69.26959,41.22693],[69.26997,41.22665],[69.26969,41.22624],[69.2701,41.2258],[69.27005,41.22552],[69.26967,41.22525],[69.26913,41.2253],[69.26933,41.22504],[69.26984,41.22482],[69.26966,41.22415],[69.26916,41.22402],[69.26886,41.2242],[69.26829,41.22426],[69.26815,41.22452],[69.26839,41.22482],[69.26827,41.22498],[69.26803,41.22484],[69.26811,41.22452],[69.26788,41.2243],[69.26735,41.22433],[69.26706,41.22483],[69.26602,41.224],[69.26608,41.22375],[69.26649,41.22354],[69.26649,41.22327],[69.26532,41.22231],[69.26663,41.22161],[69.26679,41.22123],[69.26639,41.22097],[69.26577,41.2212],[69.2654,41.22091],[69.26504,41.22085],[69.26466,41.22113],[69.26498,41.22161],[69.26476,41.22173],[69.26477,41.22149],[69.26447,41.22118],[69.26527,41.22041],[69.26598,41.22064]],[[69.27559,41.22971],[69.27578,41.22953],[69.27584,41.2296],[69.27559,41.22971]],[[69.27537,41.23073],[69.27533,41.23075],[69.27531,41.23072],[69.27577,41.23049],[69.27537,41.23073]],[[69.27516,41.22993],[69.27516,41.22992],[69.27552,41.22975],[69.27516,41.22993]],[[69.27471,41.2291],[69.27453,41.22916],[69.27462,41.22911],[69.27471,41.2291]],[[69.27454,41.23114],[69.27367,41.2316],[69.27365,41.23196],[69.27298,41.23216],[69.27278,41.23196],[69.27454,41.23114]],[[69.27302,41.23292],[69.27341,41.23338],[69.27297,41.23348],[69.27264,41.23375],[69.27233,41.23312],[69.27302,41.23292]],[[69.27243,41.23047],[69.27286,41.23106],[69.27207,41.23018],[69.27156,41.23016],[69.27119,41.22946],[69.2716,41.2294],[69.27243,41.23047]],[[69.27087,41.23306],[69.27092,41.23317],[69.27081,41.23314],[69.27087,41.23306]],[[69.26983,41.23291],[69.26986,41.23285],[69.2699,41.23293],[69.26983,41.23291]],[[69.26882,41.23252],[69.2689,41.2327],[69.26874,41.23267],[69.26882,41.23252]],[[69.2652,41.22327],[69.26512,41.22328],[69.26516,41.22323],[69.2652,41.22327]],[[69.26468,41.22436],[69.26461,41.22472],[69.26403,41.2244],[69.26433,41.22412],[69.26468,41.22436]],[[69.26251,41.21963],[69.26438,41.2201],[69.26408,41.22039],[69.26251,41.21963]],[[69.26381,41.22181],[69.26386,41.22175],[69.26432,41.22196],[69.26419,41.22204],[69.26381,41.22181]],[[69.264,41.2226],[69.26415,41.22289],[69.26315,41.22247],[69.264,41.2226]],[[69.26345,41.22094],[69.26347,41.22095],[69.26346,41.22097],[69.26345,41.22094]],[[69.26051,41.22261],[69.26035,41.22247],[69.2634,41.22384],[69.26321,41.22402],[69.26051,41.22261]],[[69.26268,41.21883],[69.26283,41.21879],[69.26287,41.21892],[69.26268,41.21883]],[[69.26106,41.22137],[69.26254,41.22188],[69.26231,41.22212],[69.26095,41.2215],[69.26106,41.22137]],[[69.2615,41.22477],[69.26138,41.22489],[69.258,41.22285],[69.2615,41.22477]],[[69.25965,41.22052],[69.25963,41.22017],[69.25979,41.22023],[69.25965,41.22052]],[[69.25933,41.22268],[69.25933,41.22267],[69.25934,41.22268],[69.25933,41.22268]],[[69.2573,41.21927],[69.25797,41.21859],[69.25779,41.21919],[69.2573,41.21927]],[[69.25796,41.22021],[69.25781,41.22027],[69.25711,41.21999],[69.25796,41.22021]],[[69.25524,41.21914],[69.25642,41.2197],[69.25388,41.21864],[69.25398,41.21845],[69.25524,41.21914]],[[69.25459,41.22249],[69.25407,41.22267],[69.25364,41.2234],[69.25238,41.22286],[69.25413,41.22033],[69.25534,41.22082],[69.25477,41.22166],[69.25459,41.22249]]],[[[69.20533,41.21656],[69.20484,41.21682],[69.20395,41.21666],[69.2033,41.21741],[69.20202,41.21735],[69.20171,41.21749],[69.20161,41.21775],[69.20188,41.21815],[69.20156,41.21823],[69.2014,41.21847],[69.20013,41.21855],[69.19997,41.21933],[69.20026,41.2199],[69.20015,41.22009],[69.20038,41.22042],[69.20038,41.22094],[69.20061,41.22116],[69.20159,41.22148],[69.20085,41.22177],[69.20097,41.22227],[69.20029,41.22205],[69.19964,41.22233],[69.19986,41.22323],[69.19912,41.22398],[69.19952,41.22453],[69.19927,41.2244],[69.19891,41.22442],[69.19794,41.2248],[69.19767,41.22516],[69.19726,41.22483],[69.19675,41.22496],[69.19672,41.22536],[69.19761,41.22648],[69.19667,41.22669],[69.19639,41.22641],[69.19586,41.2264],[69.19565,41.22663],[69.1957,41.22686],[69.19544,41.22697],[69.19526,41.22733],[69.19534,41.22759],[69.19578,41.22789],[69.19642,41.22792],[69.19663,41.22823],[69.19717,41.22834],[69.19766,41.22818],[69.19774,41.22791],[69.19756,41.22767],[69.19802,41.22754],[69.20016,41.22769],[69.2011,41.22808],[69.20149,41.22832],[69.2015,41.22931],[69.20209,41.22943],[69.2018,41.22987],[69.2019,41.23014],[69.20299,41.23052],[69.20336,41.23048],[69.20376,41.23015],[69.20412,41.23043],[69.20254,41.23127],[69.20209,41.23112],[69.20169,41.23127],[69.20161,41.23154],[69.20223,41.23236],[69.20252,41.23252],[69.20288,41.23249],[69.20311,41.23227],[69.203,41.23192],[69.20326,41.23177],[69.20396,41.23274],[69.20449,41.23278],[69.20475,41.23243],[69.20404,41.23134],[69.20416,41.23128],[69.20537,41.23301],[69.20572,41.2331],[69.20604,41.23298],[69.20661,41.23332],[69.20724,41.23342],[69.20776,41.23325],[69.20808,41.23249],[69.20791,41.23224],[69.20736,41.23221],[69.20723,41.23202],[69.20774,41.2319],[69.20863,41.23205],[69.20896,41.23193],[69.20904,41.23153],[69.20856,41.23117],[69.20877,41.23088],[69.20934,41.23078],[69.20952,41.23054],[69.20921,41.22979],[69.20868,41.22968],[69.2083,41.23002],[69.20806,41.22992],[69.20811,41.22942],[69.20771,41.22928],[69.2079,41.22914],[69.20874,41.22916],[69.20948,41.22824],[69.20965,41.2286],[69.20998,41.22873],[69.21115,41.22836],[69.21108,41.22796],[69.21007,41.22754],[69.2101,41.22704],[69.21066,41.22636],[69.21162,41.22672],[69.21228,41.2264],[69.21222,41.22601],[69.21147,41.22568],[69.21212,41.22456],[69.21297,41.22482],[69.21291,41.22573],[69.21331,41.22599],[69.21511,41.22561],[69.21589,41.22527],[69.21575,41.22469],[69.21417,41.2242],[69.21474,41.22342],[69.2156,41.2231],[69.21532,41.22213],[69.21482,41.22201],[69.21419,41.22266],[69.21401,41.22259],[69.21399,41.22137],[69.21343,41.22112],[69.21303,41.22111],[69.21279,41.22075],[69.21221,41.22082],[69.21329,41.21932],[69.21469,41.21987],[69.21516,41.21968],[69.21507,41.2191],[69.21381,41.21855],[69.21421,41.218],[69.21552,41.21855],[69.21574,41.21878],[69.21627,41.21881],[69.21661,41.21834],[69.21697,41.21816],[69.21744,41.21731],[69.2179,41.21748],[69.21795,41.21787],[69.21827,41.218],[69.21877,41.21777],[69.21946,41.21775],[69.21974,41.21757],[69.21974,41.21708],[69.21935,41.21651],[69.21845,41.21632],[69.21873,41.21583],[69.21861,41.21544],[69.21911,41.21567],[69.21893,41.21613],[69.21928,41.21639],[69.21965,41.21641],[69.22003,41.21609],[69.22054,41.21619],[69.22084,41.21603],[69.22066,41.2152],[69.22035,41.21506],[69.22005,41.21511],[69.22043,41.2144],[69.22021,41.21418],[69.21972,41.21419],[69.22021,41.21339],[69.21934,41.21275],[69.22044,41.2132],[69.22083,41.21292],[69.22077,41.21265],[69.21726,41.21102],[69.21735,41.21074],[69.22021,41.21197],[69.22063,41.21172],[69.22048,41.21134],[69.21857,41.21042],[69.22067,41.21129],[69.22096,41.2117],[69.22143,41.2117],[69.22212,41.21139],[69.22208,41.211],[69.22144,41.2107],[69.22182,41.21001],[69.22058,41.20941],[69.22054,41.20869],[69.22021,41.20856],[69.21942,41.20865],[69.21866,41.20915],[69.21838,41.20886],[69.22022,41.20634],[69.22055,41.20634],[69.22091,41.20615],[69.22081,41.2066],[69.22105,41.20682],[69.22208,41.20718],[69.22243,41.2071],[69.22263,41.20685],[69.22355,41.20723],[69.22292,41.20798],[69.22313,41.20887],[69.22336,41.20908],[69.22441,41.20893],[69.22459,41.20869],[69.22441,41.20838],[69.22451,41.20824],[69.22517,41.20849],[69.22552,41.20842],[69.22569,41.20818],[69.22581,41.20826],[69.22591,41.20898],[69.22626,41.20924],[69.22609,41.20988],[69.22624,41.2103],[69.22656,41.21043],[69.22714,41.21027],[69.22784,41.21053],[69.22752,41.211],[69.22689,41.21088],[69.22657,41.2112],[69.22673,41.21157],[69.22714,41.21169],[69.22698,41.21215],[69.2273,41.21277],[69.22792,41.21307],[69.22753,41.21364],[69.22802,41.21466],[69.22855,41.21474],[69.22922,41.21435],[69.22952,41.21448],[69.23039,41.21429],[69.23057,41.21405],[69.23047,41.21378],[69.22983,41.21348],[69.22998,41.21297],[69.23074,41.21204],[69.23126,41.21203],[69.23208,41.21108],[69.23278,41.21134],[69.23262,41.21163],[69.23276,41.21194],[69.23395,41.21244],[69.23381,41.21286],[69.23425,41.21315],[69.23404,41.21346],[69.23358,41.21356],[69.23304,41.21404],[69.23284,41.21367],[69.23193,41.21327],[69.23161,41.21293],[69.23125,41.21291],[69.23048,41.21342],[69.23053,41.21382],[69.23096,41.21402],[69.23054,41.2142],[69.2305,41.21447],[69.23079,41.21485],[69.23215,41.21529],[69.23247,41.21557],[69.23246,41.21599],[69.23276,41.21615],[69.23312,41.21611],[69.23332,41.21592],[69.23455,41.21608],[69.23516,41.21638],[69.23596,41.21627],[69.23659,41.21598],[69.23703,41.21604],[69.23794,41.21576],[69.2383,41.21529],[69.23862,41.21534],[69.23893,41.21518],[69.239,41.21493],[69.24,41.21472],[69.24072,41.21439],[69.24152,41.21472],[69.24202,41.21472],[69.24275,41.21437],[69.24291,41.21398],[69.24268,41.21377],[69.23957,41.21252],[69.23981,41.21213],[69.23955,41.21177],[69.23919,41.21175],[69.23884,41.21202],[69.23786,41.21187],[69.23795,41.21138],[69.23845,41.2109],[69.23817,41.21056],[69.23781,41.21055],[69.23739,41.21079],[69.23571,41.21012],[69.23527,41.2104],[69.23484,41.21025],[69.23442,41.21048],[69.23309,41.20992],[69.23367,41.20994],[69.23405,41.20962],[69.23402,41.20986],[69.23424,41.21008],[69.23477,41.21005],[69.23658,41.20771],[69.23662,41.20743],[69.23622,41.20717],[69.23575,41.20736],[69.23515,41.20816],[69.23399,41.2078],[69.23509,41.20627],[69.23564,41.20644],[69.23602,41.20616],[69.23591,41.20575],[69.23554,41.20554],[69.23567,41.20516],[69.23549,41.20492],[69.23514,41.20484],[69.23412,41.20511],[69.23381,41.20534],[69.23338,41.20528],[69.23269,41.20546],[69.23253,41.20584],[69.23303,41.20625],[69.23272,41.20685],[69.23212,41.20664],[69.23162,41.20692],[69.23126,41.20657],[69.2315,41.20628],[69.23124,41.20574],[69.23076,41.20556],[69.2303,41.20578],[69.23001,41.20686],[69.22982,41.20646],[69.2295,41.20632],[69.22872,41.20648],[69.2284,41.2067],[69.22796,41.20665],[69.22765,41.20704],[69.22716,41.20683],[69.22744,41.20635],[69.22701,41.2059],[69.22745,41.20596],[69.22779,41.20565],[69.22768,41.20539],[69.22719,41.20516],[69.22746,41.20488],[69.22728,41.20425],[69.22628,41.20373],[69.22665,41.20311],[69.22653,41.20285],[69.2262,41.20273],[69.22573,41.20295],[69.22521,41.20284],[69.22558,41.20231],[69.22603,41.20237],[69.22631,41.2022],[69.22635,41.20192],[69.22603,41.20168],[69.22611,41.20134],[69.2257,41.20108],[69.22535,41.20116],[69.22515,41.20139],[69.225,41.20133],[69.22477,41.20067],[69.2238,41.20018],[69.22415,41.19946],[69.22392,41.19925],[69.22356,41.19922],[69.22291,41.19948],[69.22287,41.19996],[69.22195,41.1996],[69.22098,41.19988],[69.22036,41.19986],[69.21955,41.20094],[69.21913,41.20077],[69.21918,41.20049],[69.21897,41.20027],[69.21861,41.20023],[69.21829,41.20043],[69.21773,41.20045],[69.21758,41.20083],[69.21826,41.20123],[69.21789,41.20162],[69.2175,41.2014],[69.21745,41.201],[69.21713,41.20087],[69.21656,41.201],[69.21639,41.20129],[69.21595,41.20113],[69.2156,41.20121],[69.21542,41.20148],[69.21494,41.20153],[69.21464,41.20195],[69.21489,41.2023],[69.21571,41.20239],[69.21552,41.20265],[69.2147,41.20232],[69.21456,41.20208],[69.21378,41.2017],[69.21304,41.20176],[69.21276,41.20193],[69.21267,41.20231],[69.21293,41.20274],[69.21283,41.20287],[69.21235,41.20279],[69.21201,41.2031],[69.21237,41.2035],[69.2123,41.2036],[69.21174,41.20362],[69.21156,41.20386],[69.21165,41.20412],[69.21098,41.20397],[69.21065,41.20428],[69.21076,41.20454],[69.21151,41.20487],[69.21119,41.20495],[69.21102,41.20519],[69.21112,41.20545],[69.21173,41.20573],[69.21142,41.20581],[69.21125,41.20605],[69.21153,41.20642],[69.21162,41.20743],[69.21185,41.20765],[69.21612,41.2094],[69.21606,41.20949],[69.21283,41.20816],[69.21246,41.20813],[69.21212,41.20843],[69.21222,41.2087],[69.21561,41.21012],[69.2155,41.21027],[69.21109,41.20846],[69.21074,41.20853],[69.21059,41.20894],[69.2102,41.20901],[69.20978,41.20951],[69.20937,41.20922],[69.20861,41.20941],[69.20798,41.21015],[69.20743,41.21017],[69.20704,41.21065],[69.20662,41.21034],[69.20566,41.21056],[69.20549,41.21081],[69.20569,41.21141],[69.20593,41.21162],[69.20635,41.21162],[69.20576,41.21236],[69.20602,41.21297],[69.2065,41.21318],[69.2062,41.21336],[69.20617,41.21364],[69.20687,41.21403],[69.20661,41.21431],[69.20671,41.21457],[69.20737,41.21486],[69.20705,41.21507],[69.20704,41.21535],[69.20956,41.21637],[69.20953,41.21661],[69.2078,41.21645],[69.20745,41.21675],[69.20769,41.21711],[69.20678,41.2171],[69.20533,41.21656]],[[69.23697,41.21153],[69.23639,41.21129],[69.23697,41.21145],[69.23697,41.21153]],[[69.23563,41.21091],[69.2356,41.21096],[69.23527,41.21083],[69.23535,41.21071],[69.23563,41.21091]],[[69.2356,41.21255],[69.23543,41.21297],[69.23521,41.21289],[69.2352,41.21249],[69.2356,41.21255]],[[69.23512,41.21414],[69.23514,41.2141],[69.2355,41.21415],[69.23535,41.21424],[69.23512,41.21414]],[[69.23463,41.20877],[69.23468,41.20879],[69.23415,41.20948],[69.23463,41.20877]],[[69.2333,41.20875],[69.23354,41.20842],[69.23374,41.20851],[69.2334,41.209],[69.2333,41.20875]],[[69.23231,41.20797],[69.23231,41.20792],[69.23235,41.20791],[69.23231,41.20797]],[[69.23191,41.20882],[69.23136,41.20934],[69.23116,41.20926],[69.23166,41.20877],[69.23191,41.20882]],[[69.23087,41.20723],[69.23092,41.20725],[69.23073,41.20762],[69.23087,41.20723]],[[69.23037,41.2086],[69.23062,41.20791],[69.2308,41.20825],[69.23052,41.20868],[69.23037,41.2086]],[[69.22978,41.2116],[69.22974,41.21158],[69.22987,41.21138],[69.22978,41.2116]],[[69.22392,41.20465],[69.22423,41.20477],[69.22414,41.20487],[69.22392,41.20465]],[[69.22385,41.20185],[69.22382,41.20184],[69.22387,41.20177],[69.22385,41.20185]],[[69.22292,41.20193],[69.22276,41.20214],[69.22257,41.20207],[69.2229,41.20162],[69.22292,41.20193]],[[69.22224,41.20054],[69.22184,41.20048],[69.22191,41.20038],[69.22224,41.20054]],[[69.21894,41.20179],[69.21888,41.20176],[69.21896,41.20152],[69.21909,41.20158],[69.21894,41.20179]],[[69.21773,41.20215],[69.21783,41.20201],[69.21793,41.20212],[69.21773,41.20215]],[[69.21755,41.21],[69.21777,41.21009],[69.21755,41.21001],[69.21755,41.21]],[[69.21766,41.20724],[69.21729,41.20775],[69.21719,41.20771],[69.21766,41.20724]],[[69.21684,41.20839],[69.21668,41.2086],[69.21604,41.20834],[69.21632,41.20824],[69.21684,41.20839]],[[69.21639,41.2073],[69.21537,41.20689],[69.2155,41.20673],[69.21639,41.2073]],[[69.21593,41.2122],[69.21601,41.21223],[69.2153,41.21314],[69.21593,41.2122]],[[69.21503,41.2109],[69.21464,41.21143],[69.21456,41.21139],[69.21492,41.21085],[69.21503,41.2109]],[[69.21382,41.20326],[69.21381,41.20327],[69.21367,41.20321],[69.21371,41.20316],[69.21382,41.20326]],[[69.21351,41.22361],[69.21333,41.22387],[69.21309,41.22378],[69.21328,41.22351],[69.21351,41.22361]],[[69.21287,41.20703],[69.21293,41.20696],[69.21345,41.20716],[69.21338,41.20725],[69.21287,41.20703]],[[69.21321,41.20384],[69.21335,41.2039],[69.21328,41.204],[69.21321,41.20384]],[[69.21333,41.21265],[69.21305,41.21306],[69.21188,41.21256],[69.21238,41.21186],[69.21301,41.21197],[69.21333,41.21265]],[[69.21286,41.21062],[69.21278,41.2105],[69.21322,41.21068],[69.21282,41.21096],[69.21286,41.21062]],[[69.21114,41.2138],[69.21107,41.21377],[69.21109,41.21374],[69.21131,41.21383],[69.21114,41.2138]],[[69.2102,41.21347],[69.20907,41.21299],[69.21023,41.21342],[69.2102,41.21347]],[[69.20938,41.22613],[69.20922,41.22577],[69.20974,41.22598],[69.20957,41.22621],[69.20938,41.22613]],[[69.20904,41.21729],[69.20889,41.21728],[69.20847,41.21723],[69.20904,41.21729]],[[69.20821,41.21267],[69.2082,41.21271],[69.20745,41.21243],[69.20821,41.21267]],[[69.20754,41.22505],[69.20798,41.22523],[69.20745,41.22507],[69.20754,41.22505]],[[69.20713,41.23134],[69.20694,41.23107],[69.20727,41.23127],[69.20713,41.23134]],[[69.20596,41.22769],[69.20591,41.22777],[69.20555,41.22762],[69.20596,41.22769]],[[69.20519,41.22039],[69.20529,41.22032],[69.20511,41.22059],[69.20519,41.22039]],[[69.2048,41.21778],[69.20488,41.21765],[69.20518,41.21777],[69.2048,41.21778]],[[69.20373,41.22302],[69.20381,41.22266],[69.20423,41.22283],[69.20402,41.22314],[69.20373,41.22302]],[[69.20301,41.22965],[69.20303,41.22962],[69.20306,41.22965],[69.20301,41.22965]],[[69.20302,41.22365],[69.20294,41.22401],[69.20251,41.22384],[69.20272,41.22353],[69.20302,41.22365]],[[69.2018,41.22627],[69.20105,41.22567],[69.20164,41.22606],[69.2019,41.22617],[69.2018,41.22627]]],[[[69.20451,41.33849],[69.20416,41.33813],[69.20381,41.33807],[69.2035,41.33821],[69.20329,41.33875],[69.20267,41.33862],[69.20235,41.33875],[69.20227,41.33925],[69.2028,41.33941],[69.20274,41.33958],[69.20111,41.33933],[69.2008,41.33947],[69.20079,41.33987],[69.20023,41.3399],[69.20006,41.34028],[69.20047,41.34073],[69.20006,41.34085],[69.19988,41.34109],[69.20029,41.34221],[69.19969,41.34232],[69.19938,41.34281],[69.1996,41.34311],[69.19917,41.34318],[69.19886,41.34352],[69.19893,41.34379],[69.19941,41.34395],[69.20189,41.34342],[69.20254,41.34314],[69.20292,41.3434],[69.20357,41.34533],[69.20239,41.34589],[69.20236,41.3455],[69.20211,41.34531],[69.20262,41.34552],[69.20296,41.34542],[69.20308,41.34482],[69.20282,41.34462],[69.20222,41.34459],[69.20244,41.34416],[69.20216,41.34382],[69.20094,41.34395],[69.20039,41.3443],[69.20035,41.34469],[69.19982,41.34472],[69.19955,41.34489],[69.19941,41.34531],[69.19891,41.34499],[69.19843,41.34516],[69.19762,41.34619],[69.19775,41.34645],[69.19824,41.34657],[69.19816,41.34672],[69.1977,41.34681],[69.19757,41.3472],[69.19782,41.34741],[69.19818,41.34745],[69.19789,41.34759],[69.19749,41.34738],[69.19714,41.34747],[69.19668,41.34828],[69.1969,41.3485],[69.19828,41.34904],[69.19915,41.34901],[69.19995,41.34876],[69.20023,41.34912],[69.2013,41.34891],[69.20185,41.34907],[69.2018,41.34943],[69.20208,41.34972],[69.20205,41.35043],[69.20231,41.35063],[69.20262,41.35064],[69.20275,41.35113],[69.20325,41.35156],[69.20362,41.35155],[69.2039,41.35124],[69.20442,41.35128],[69.20476,41.35114],[69.20496,41.35083],[69.2048,41.35041],[69.20504,41.35058],[69.20538,41.35059],[69.20514,41.35088],[69.20519,41.3524],[69.20486,41.35274],[69.20532,41.35324],[69.20565,41.35335],[69.20599,41.35325],[69.20649,41.35269],[69.20728,41.35265],[69.20749,41.35252],[69.20818,41.35256],[69.20937,41.3519],[69.20951,41.35144],[69.20995,41.35128],[69.21213,41.35105],[69.21254,41.35123],[69.21312,41.35115],[69.21357,41.35049],[69.21351,41.35022],[69.21322,41.35006],[69.21279,41.35014],[69.21254,41.35],[69.21249,41.34987],[69.21272,41.35003],[69.21309,41.35003],[69.21337,41.34971],[69.21381,41.34962],[69.21394,41.34917],[69.21364,41.34884],[69.21248,41.34892],[69.21192,41.3486],[69.2122,41.34788],[69.21307,41.34836],[69.2136,41.34838],[69.21381,41.34816],[69.21376,41.34789],[69.21267,41.34724],[69.21308,41.34675],[69.21381,41.34697],[69.21456,41.34699],[69.21501,41.34685],[69.21521,41.34646],[69.21316,41.34432],[69.21333,41.34372],[69.21306,41.34354],[69.21269,41.34352],[69.21218,41.34283],[69.21174,41.3426],[69.21209,41.34245],[69.21253,41.34264],[69.21343,41.34239],[69.21359,41.34215],[69.2135,41.34184],[69.21396,41.34149],[69.21387,41.34106],[69.21318,41.34094],[69.21207,41.34138],[69.21134,41.34057],[69.21094,41.34054],[69.21032,41.34022],[69.20994,41.34031],[69.2099,41.33986],[69.20966,41.33965],[69.20855,41.3395],[69.20826,41.33921],[69.20868,41.33899],[69.20871,41.33858],[69.20822,41.33824],[69.20578,41.33813],[69.20561,41.33851],[69.20606,41.339],[69.20432,41.33989],[69.20392,41.33989],[69.20407,41.33941],[69.20447,41.33926],[69.20451,41.33849]],[[69.21356,41.34604],[69.21372,41.34619],[69.21365,41.34616],[69.21356,41.34604]],[[69.21284,41.34546],[69.21284,41.34544],[69.21291,41.34551],[69.2128,41.3456],[69.21284,41.34546]],[[69.21108,41.34569],[69.2111,41.34553],[69.21137,41.34548],[69.2119,41.34556],[69.21203,41.34572],[69.21108,41.34569]],[[69.2113,41.34394],[69.21095,41.3438],[69.21118,41.34372],[69.21182,41.34435],[69.21164,41.34438],[69.2113,41.34394]],[[69.21104,41.34731],[69.21116,41.34778],[69.20983,41.34805],[69.20976,41.34646],[69.21037,41.34651],[69.21116,41.34694],[69.21104,41.34731]],[[69.2103,41.34364],[69.2103,41.3436],[69.21034,41.34364],[69.2103,41.34364]],[[69.20951,41.34952],[69.20949,41.34955],[69.20914,41.34935],[69.20933,41.34909],[69.20951,41.34952]],[[69.20879,41.35048],[69.20858,41.35047],[69.20862,41.35039],[69.20879,41.35048]],[[69.20843,41.34975],[69.20829,41.34999],[69.2078,41.34987],[69.20752,41.34996],[69.20764,41.34981],[69.20843,41.34975]],[[69.20724,41.34214],[69.20741,41.34246],[69.20672,41.34263],[69.20668,41.34229],[69.20724,41.34214]],[[69.20661,41.3415],[69.20657,41.34142],[69.20723,41.34127],[69.20735,41.34139],[69.20661,41.3415]],[[69.20475,41.34843],[69.20617,41.34842],[69.20617,41.34884],[69.20475,41.34884],[69.20475,41.34843]],[[69.20425,41.34713],[69.20461,41.34714],[69.20493,41.34682],[69.20481,41.3465],[69.20502,41.34643],[69.20542,41.34702],[69.20616,41.34724],[69.20617,41.3477],[69.2047,41.34771],[69.20455,41.34731],[69.2039,41.34719],[69.20384,41.34674],[69.20425,41.34713]],[[69.20599,41.35017],[69.20568,41.35035],[69.2057,41.34991],[69.20595,41.34991],[69.20599,41.35017]],[[69.20561,41.35053],[69.20543,41.35057],[69.20564,41.35041],[69.20561,41.35053]],[[69.2046,41.34504],[69.20538,41.3448],[69.20553,41.34507],[69.20475,41.34531],[69.2046,41.34504]],[[69.20425,41.34425],[69.20434,41.34429],[69.20421,41.34433],[69.20411,41.34407],[69.20425,41.34425]],[[69.20297,41.34863],[69.20271,41.3484],[69.20205,41.34835],[69.2019,41.34807],[69.20236,41.34792],[69.20355,41.34792],[69.20326,41.34806],[69.20297,41.34863]],[[69.20184,41.34091],[69.202,41.34094],[69.20203,41.34109],[69.20184,41.34091]],[[69.20172,41.34532],[69.20153,41.34544],[69.20153,41.34532],[69.20172,41.34532]],[[69.20037,41.34541],[69.20058,41.34542],[69.20058,41.34552],[69.20036,41.34552],[69.20037,41.34541]],[[69.19937,41.34575],[69.1994,41.34571],[69.1994,41.34577],[69.19937,41.34575]]],[[[69.18822,41.23722],[69.18902,41.23784],[69.18954,41.2379],[69.1898,41.23766],[69.19159,41.23866],[69.19558,41.24042],[69.1954,41.24071],[69.1955,41.24098],[69.1968,41.24188],[69.1971,41.24243],[69.19792,41.24295],[69.19843,41.243],[69.19882,41.24272],[69.19935,41.2431],[69.19935,41.2434],[69.19962,41.24358],[69.20047,41.24361],[69.2008,41.24349],[69.20085,41.24275],[69.20057,41.24209],[69.20005,41.24201],[69.19975,41.24226],[69.19942,41.24203],[69.20024,41.24112],[69.20073,41.24128],[69.20111,41.241],[69.20115,41.24042],[69.20092,41.23987],[69.20128,41.23879],[69.20114,41.23853],[69.20084,41.23843],[69.20096,41.23815],[69.20142,41.23806],[69.20155,41.2378],[69.20052,41.23689],[69.20004,41.23678],[69.20029,41.23625],[69.19995,41.23559],[69.19938,41.23554],[69.19899,41.23526],[69.1995,41.23457],[69.20004,41.23483],[69.20044,41.23456],[69.20003,41.23381],[69.20079,41.23265],[69.20054,41.2323],[69.20017,41.23228],[69.19987,41.23249],[69.19942,41.23243],[69.19889,41.2329],[69.19856,41.23282],[69.1981,41.23299],[69.19792,41.23331],[69.19648,41.23195],[69.1955,41.23207],[69.19497,41.23199],[69.19462,41.23224],[69.19351,41.23211],[69.19322,41.23228],[69.19307,41.23303],[69.19275,41.2331],[69.19258,41.23344],[69.19213,41.23315],[69.19173,41.23311],[69.19141,41.23325],[69.19136,41.2336],[69.19073,41.23336],[69.19026,41.23354],[69.19021,41.23381],[69.19043,41.23403],[69.1921,41.23475],[69.19105,41.23564],[69.19122,41.23607],[69.19092,41.23651],[69.19136,41.23694],[69.19101,41.23728],[69.18999,41.23658],[69.19027,41.23637],[69.1903,41.2361],[69.1899,41.23584],[69.18941,41.236],[69.18899,41.23575],[69.18864,41.23582],[69.18837,41.23632],[69.18857,41.23674],[69.18833,41.23683],[69.18822,41.23722]],[[69.20022,41.23894],[69.19961,41.23809],[69.20045,41.23854],[69.20022,41.23894]],[[69.19797,41.23949],[69.19815,41.23999],[69.19759,41.2396],[69.19781,41.23928],[69.19765,41.23904],[69.19706,41.23888],[69.19668,41.23905],[69.19645,41.23895],[69.19724,41.23859],[69.19752,41.23876],[69.19789,41.23872],[69.19811,41.23851],[69.19801,41.23816],[69.19835,41.23816],[69.19885,41.23853],[69.19956,41.23949],[69.19892,41.23906],[69.19855,41.23907],[69.19797,41.23949]],[[69.19852,41.2413],[69.19865,41.2408],[69.19879,41.24099],[69.19865,41.24122],[69.19877,41.24147],[69.19852,41.2413]],[[69.19824,41.23479],[69.19828,41.23447],[69.19847,41.23448],[69.19824,41.23479]],[[69.19761,41.2406],[69.1976,41.24065],[69.19678,41.24006],[69.19681,41.24002],[69.19761,41.2406]],[[69.19724,41.23775],[69.19659,41.23806],[69.197,41.23747],[69.19724,41.23775]],[[69.19566,41.2369],[69.19526,41.2368],[69.19537,41.23669],[69.19619,41.23709],[69.19598,41.23731],[69.19566,41.2369]],[[69.19519,41.2356],[69.19478,41.23545],[69.19491,41.23531],[69.1952,41.23523],[69.19519,41.2356]],[[69.19444,41.23821],[69.1938,41.23788],[69.19448,41.23722],[69.19484,41.23714],[69.19488,41.2373],[69.19435,41.23745],[69.19444,41.23821]],[[69.19307,41.23692],[69.1931,41.23667],[69.19361,41.2366],[69.19375,41.23634],[69.19362,41.23588],[69.19336,41.23568],[69.19284,41.23575],[69.1922,41.2363],[69.19241,41.23594],[69.19224,41.23569],[69.19278,41.23526],[69.19421,41.23605],[69.19372,41.23678],[69.19307,41.23692]],[[69.19408,41.23494],[69.19398,41.23507],[69.19342,41.23472],[69.19374,41.23428],[69.19394,41.23436],[69.19386,41.2348],[69.19408,41.23494]]]]}}]}
