{"type":"FeatureCollection","features":[{"type":"Feature","properties":{"population":29.901,"density_per_km2":1314.01,"area_km2":0.022756},"geometry":{"type":"Polygon","coordinates":[[[69.27416,41.16401],[69.27416,41.16368],[69.27294,41.16358],[69.27145,41.16355],[69.27026,41.16358],[69.26902,41.16361],[69.26892,41.16368],[69.2682,41.16376],[69.2682,41.16402],[69.27416,41.16401]]]}},{"type":"Feature","properties":{"population":6.044,"density_per_km2":1556.79,"area_km2":0.003882},"geometry":{"type":"Polygon","coordinates":[[[69.2764,41.164],[69.27556,41.16385],[69.27487,41.16375],[69.27442,41.1637],[69.27416,41.16368],[69.27416,41.16401],[69.2764,41.164]]]}},{"type":"Feature","properties":{"population":160.542,"density_per_km2":3539.58,"area_km2":0.045356},"geometry":{"type":"Polygon","coordinates":[[[69.23245,41.16687],[69.23145,41.1671],[69.23113,41.16716],[69.2311,41.16717],[69.23107,41.16718],[69.23104,41.1672],[69.23101,41.16721],[69.23099,41.16723],[69.23097,41.16725],[69.23096,41.16727],[69.23094,41.16729],[69.22855,41.16813],[69.22705,41.16861],[69.23246,41.1686],[69.23245,41.16687]]]}},{"type":"Feature","properties":{"population":783.881,"density_per_km2":5968.79,"area_km2":0.13133},"geometry":{"type":"Polygon","coordinates":[[[69.23842,41.16859],[69.23841,41.16568],[69.23829,41.16568],[69.23459,41.16637],[69.23245,41.16687],[69.23246,41.1686],[69.23842,41.16859]]]}},{"type":"Feature","properties":{"population":286.012,"density_per_km2":1830.64,"area_km2":0.156236},"geometry":{"type":"Polygon","coordinates":[[[69.24438,41.16858],[69.24437,41.16586],[69.23841,41.16568],[69.23842,41.16859],[69.24438,41.16858]]]}},{"type":"Feature","properties":{"population":391.524,"density_per_km2":2541.42,"area_km2":0.154057},"geometry":{"type":"Polygon","coordinates":[[[69.25034,41.16857],[69.25033,41.16552],[69.2468,41.16593],[69.24437,41.16586],[69.24438,41.16858],[69.25034,41.16857]]]}},{"type":"Feature","properties":{"population":151.087,"density_per_km2":803.99,"area_km2":0.187922},"geometry":{"type":"Polygon","coordinates":[[[69.2563,41.16855],[69.25628,41.16483],[69.25033,41.16552],[69.25034,41.16857],[69.2563,41.16855]]]}},{"type":"Feature","properties":{"population":128.996,"density_per_km2":584.58,"area_km2":0.220664},"geometry":{"type":"Polygon","coordinates":[[[69.26226,41.16854],[69.26224,41.16426],[69.26163,41.16432],[69.2592,41.16447],[69.25903,41.16451],[69.25891,41.16455],[69.25883,41.16462],[69.25878,41.16469],[69.25876,41.16477],[69.25772,41.16489],[69.25738,41.16493],[69.25729,41.1648],[69.25723,41.16476],[69.25714,41.16473],[69.25703,41.16473],[69.25668,41.16478],[69.25628,41.16483],[69.2563,41.16855],[69.26226,41.16854]]]}},{"type":"Feature","properties":{"population":23.177,"density_per_km2":94.54,"area_km2":0.245163},"geometry":{"type":"Polygon","coordinates":[[[69.26822,41.16853],[69.2682,41.16402],[69.26572,41.16403],[69.26335,41.16429],[69.26296,41.16419],[69.26224,41.16426],[69.26226,41.16854],[69.26822,41.16853]]]}},{"type":"Feature","properties":{"population":35.304,"density_per_km2":141.22,"area_km2":0.25},"geometry":{"type":"Polygon","coordinates":[[[69.26822,41.16853],[69.27418,41.16851],[69.27416,41.16401],[69.2682,41.16402],[69.26822,41.16853]]]}},{"type":"Feature","properties":{"population":14.627,"density_per_km2":62.54,"area_km2":0.233861},"geometry":{"type":"Polygon","coordinates":[[[69.27418,41.16851],[69.28014,41.1685],[69.28012,41.16507],[69.27954,41.16485],[69.27866,41.16454],[69.27769,41.16426],[69.27683,41.16408],[69.2764,41.164],[69.27416,41.16401],[69.27418,41.16851]]]}},{"type":"Feature","properties":{"population":168.898,"density_per_km2":1603.9,"area_km2":0.105304},"geometry":{"type":"Polygon","coordinates":[[[69.2861,41.16848],[69.2861,41.1684],[69.28247,41.16612],[69.28112,41.16545],[69.28012,41.16507],[69.28014,41.1685],[69.2861,41.16848]]]}},{"type":"Feature","properties":{"population":80.198,"density_per_km2":15752.11,"area_km2":0.005091},"geometry":{"type":"Polygon","coordinates":[[[69.21459,41.17256],[69.21272,41.17315],[69.21459,41.17314],[69.21459,41.17256]]]}},{"type":"Feature","properties":{"population":736.314,"density_per_km2":8755.94,"area_km2":0.084093},"geometry":{"type":"Polygon","coordinates":[[[69.22055,41.17313],[69.22054,41.17069],[69.21459,41.17256],[69.21459,41.17314],[69.22055,41.17313]]]}},{"type":"Feature","properties":{"population":1678.132,"density_per_km2":8933.51,"area_km2":0.187847},"geometry":{"type":"Polygon","coordinates":[[[69.22651,41.17312],[69.2265,41.16879],[69.22217,41.17017],[69.22054,41.17069],[69.22055,41.17313],[69.22651,41.17312]]]}},{"type":"Feature","properties":{"population":1445.476,"density_per_km2":5792.35,"area_km2":0.249549},"geometry":{"type":"Polygon","coordinates":[[[69.23247,41.17311],[69.23246,41.1686],[69.22705,41.16861],[69.2265,41.16879],[69.22651,41.17312],[69.23247,41.17311]]]}},{"type":"Feature","properties":{"population":1098.775,"density_per_km2":4395.1,"area_km2":0.25},"geometry":{"type":"Polygon","coordinates":[[[69.23247,41.17311],[69.23843,41.1731],[69.23842,41.16859],[69.23246,41.1686],[69.23247,41.17311]]]}},{"type":"Feature","properties":{"population":1369.463,"density_per_km2":5477.85,"area_km2":0.25},"geometry":{"type":"Polygon","coordinates":[[[69.23843,41.1731],[69.24439,41.17308],[69.24438,41.16858],[69.23842,41.16859],[69.23843,41.1731]]]}},{"type":"Feature","properties":{"population":957.624,"density_per_km2":3830.5,"area_km2":0.25},"geometry":{"type":"Polygon","coordinates":[[[69.24439,41.17308],[69.25035,41.17307],[69.25034,41.16857],[69.24438,41.16858],[69.24439,41.17308]]]}},{"type":"Feature","properties":{"population":383.103,"density_per_km2":1532.41,"area_km2":0.25},"geometry":{"type":"Polygon","coordinates":[[[69.25035,41.17307],[69.25631,41.17306],[69.2563,41.16855],[69.25034,41.16857],[69.25035,41.17307]]]}},{"type":"Feature","properties":{"population":436.541,"density_per_km2":1746.16,"area_km2":0.25},"geometry":{"type":"Polygon","coordinates":[[[69.25631,41.17306],[69.26228,41.17304],[69.26226,41.16854],[69.2563,41.16855],[69.25631,41.17306]]]}},{"type":"Feature","properties":{"population":30.113,"density_per_km2":120.45,"area_km2":0.25},"geometry":{"type":"Polygon","coordinates":[[[69.26824,41.17303],[69.2742,41.17302],[69.27418,41.16851],[69.26822,41.16853],[69.26824,41.17303]]]}},{"type":"Feature","properties":{"population":580.086,"density_per_km2":2320.34,"area_km2":0.25},"geometry":{"type":"Polygon","coordinates":[[[69.2742,41.17302],[69.28016,41.173],[69.28014,41.1685],[69.27418,41.16851],[69.2742,41.17302]]]}},{"type":"Feature","properties":{"population":178.326,"density_per_km2":713.3,"area_km2":0.25},"geometry":{"type":"Polygon","coordinates":[[[69.28016,41.173],[69.28612,41.17299],[69.2861,41.16848],[69.28014,41.1685],[69.28016,41.173]]]}},{"type":"Feature","properties":{"population":588.707,"density_per_km2":4027.84,"area_km2":0.14616},"geometry":{"type":"Polygon","coordinates":[[[69.28612,41.17299],[69.29208,41.17297],[69.29208,41.17231],[69.28678,41.16883],[69.28623,41.16848],[69.2861,41.16848],[69.28612,41.17299]]]}},{"type":"Feature","properties":{"population":38.065,"density_per_km2":12092.33,"area_km2":0.003148},"geometry":{"type":"Polygon","coordinates":[[[69.29311,41.17297],[69.29222,41.17241],[69.29208,41.17231],[69.29208,41.17297],[69.29311,41.17297]]]}},{"type":"Feature","properties":{"population":187.041,"density_per_km2":2041.38,"area_km2":0.091625},"geometry":{"type":"Polygon","coordinates":[[[69.20863,41.17448],[69.20798,41.17472],[69.20763,41.17487],[69.20708,41.17513],[69.20618,41.1756],[69.20549,41.176],[69.2049,41.17638],[69.20407,41.17696],[69.20318,41.17767],[69.20864,41.17766],[69.20863,41.17448]]]}},{"type":"Feature","properties":{"population":617.542,"density_per_km2":2742.59,"area_km2":0.225168},"geometry":{"type":"Polygon","coordinates":[[[69.2146,41.17765],[69.21459,41.17314],[69.21272,41.17315],[69.21166,41.17348],[69.2098,41.17408],[69.20892,41.17438],[69.20863,41.17448],[69.20864,41.17766],[69.2146,41.17765]]]}},{"type":"Feature","properties":{"population":1168.458,"density_per_km2":4673.83,"area_km2":0.25},"geometry":{"type":"Polygon","coordinates":[[[69.2146,41.17765],[69.22057,41.17764],[69.22055,41.17313],[69.21459,41.17314],[69.2146,41.17765]]]}},{"type":"Feature","properties":{"population":2048.725,"density_per_km2":8194.9,"area_km2":0.25},"geometry":{"type":"Polygon","coordinates":[[[69.22057,41.17764],[69.22653,41.17762],[69.22651,41.17312],[69.22055,41.17313],[69.22057,41.17764]]]}},{"type":"Feature","properties":{"population":1452.859,"density_per_km2":5811.44,"area_km2":0.25},"geometry":{"type":"Polygon","coordinates":[[[69.22653,41.17762],[69.23249,41.17761],[69.23247,41.17311],[69.22651,41.17312],[69.22653,41.17762]]]}},{"type":"Feature","properties":{"population":452.193,"density_per_km2":1808.77,"area_km2":0.25},"geometry":{"type":"Polygon","coordinates":[[[69.23249,41.17761],[69.23845,41.1776],[69.23843,41.1731],[69.23247,41.17311],[69.23249,41.17761]]]}},{"type":"Feature","properties":{"population":1248.111,"density_per_km2":4992.44,"area_km2":0.25},"geometry":{"type":"Polygon","coordinates":[[[69.23845,41.1776],[69.24441,41.17759],[69.24439,41.17308],[69.23843,41.1731],[69.23845,41.1776]]]}},{"type":"Feature","properties":{"population":1641.926,"density_per_km2":6567.71,"area_km2":0.25},"geometry":{"type":"Polygon","coordinates":[[[69.24441,41.17759],[69.25037,41.17757],[69.25035,41.17307],[69.24439,41.17308],[69.24441,41.17759]]]}},{"type":"Feature","properties":{"population":1245.134,"density_per_km2":4980.53,"area_km2":0.25},"geometry":{"type":"Polygon","coordinates":[[[69.25037,41.17757],[69.25633,41.17756],[69.25631,41.17306],[69.25035,41.17307],[69.25037,41.17757]]]}},{"type":"Feature","properties":{"population":539.803,"density_per_km2":2159.21,"area_km2":0.25},"geometry":{"type":"Polygon","coordinates":[[[69.25633,41.17756],[69.26229,41.17755],[69.26228,41.17304],[69.25631,41.17306],[69.25633,41.17756]]]}},{"type":"Feature","properties":{"population":0.476,"density_per_km2":1.9,"area_km2":0.25},"geometry":{"type":"Polygon","coordinates":[[[69.26229,41.17755],[69.26825,41.17753],[69.26824,41.17303],[69.26228,41.17304],[69.26229,41.17755]]]}},{"type":"Feature","properties":{"population":586.576,"density_per_km2":2346.3,"area_km2":0.25},"geometry":{"type":"Polygon","coordinates":[[[69.27422,41.17752],[69.28018,41.17751],[69.28016,41.173],[69.2742,41.17302],[69.27422,41.17752]]]}},{"type":"Feature","properties":{"population":317.136,"density_per_km2":1268.54,"area_km2":0.25},"geometry":{"type":"Polygon","coordinates":[[[69.28018,41.17751],[69.28614,41.17749],[69.28612,41.17299],[69.28016,41.173],[69.28018,41.17751]]]}},{"type":"Feature","properties":{"population":223.247,"density_per_km2":892.99,"area_km2":0.25},"geometry":{"type":"Polygon","coordinates":[[[69.28614,41.17749],[69.2921,41.17748],[69.29208,41.17297],[69.28612,41.17299],[69.28614,41.17749]]]}},{"type":"Feature","properties":{"population":187.616,"density_per_km2":1034.71,"area_km2":0.181323},"geometry":{"type":"Polygon","coordinates":[[[69.2921,41.17748],[69.29806,41.17746],[69.29805,41.17577],[69.29561,41.17456],[69.29311,41.17297],[69.29208,41.17297],[69.2921,41.17748]]]}},{"type":"Feature","properties":{"population":0.531,"density_per_km2":24.94,"area_km2":0.021297},"geometry":{"type":"Polygon","coordinates":[[[69.30056,41.17745],[69.29888,41.17619],[69.29805,41.17577],[69.29806,41.17746],[69.30056,41.17745]]]}},{"type":"Feature","properties":{"population":41.272,"density_per_km2":555.73,"area_km2":0.074266},"geometry":{"type":"Polygon","coordinates":[[[69.20268,41.1781],[69.20188,41.17887],[69.20101,41.17981],[69.20003,41.18089],[69.199,41.18205],[69.19889,41.18218],[69.2027,41.18217],[69.20268,41.1781]]]}},{"type":"Feature","properties":{"population":333.794,"density_per_km2":1340.28,"area_km2":0.249047},"geometry":{"type":"Polygon","coordinates":[[[69.20866,41.18216],[69.20864,41.17766],[69.20318,41.17767],[69.20296,41.17784],[69.20268,41.1781],[69.2027,41.18217],[69.20866,41.18216]]]}},{"type":"Feature","properties":{"population":285.903,"density_per_km2":1143.61,"area_km2":0.25},"geometry":{"type":"Polygon","coordinates":[[[69.20866,41.18216],[69.21462,41.18215],[69.2146,41.17765],[69.20864,41.17766],[69.20866,41.18216]]]}},{"type":"Feature","properties":{"population":1761.476,"density_per_km2":7045.9,"area_km2":0.25},"geometry":{"type":"Polygon","coordinates":[[[69.21462,41.18215],[69.22058,41.18214],[69.22057,41.17764],[69.2146,41.17765],[69.21462,41.18215]]]}},{"type":"Feature","properties":{"population":2652.915,"density_per_km2":10611.66,"area_km2":0.25},"geometry":{"type":"Polygon","coordinates":[[[69.22058,41.18214],[69.22654,41.18213],[69.22653,41.17762],[69.22057,41.17764],[69.22058,41.18214]]]}},{"type":"Feature","properties":{"population":2463.095,"density_per_km2":9852.38,"area_km2":0.25},"geometry":{"type":"Polygon","coordinates":[[[69.22654,41.18213],[69.2325,41.18212],[69.23249,41.17761],[69.22653,41.17762],[69.22654,41.18213]]]}},{"type":"Feature","properties":{"population":1622.345,"density_per_km2":6489.38,"area_km2":0.25},"geometry":{"type":"Polygon","coordinates":[[[69.2325,41.18212],[69.23847,41.1821],[69.23845,41.1776],[69.23249,41.17761],[69.2325,41.18212]]]}},{"type":"Feature","properties":{"population":710.035,"density_per_km2":2840.14,"area_km2":0.25},"geometry":{"type":"Polygon","coordinates":[[[69.23847,41.1821],[69.24443,41.18209],[69.24441,41.17759],[69.23845,41.1776],[69.23847,41.1821]]]}},{"type":"Feature","properties":{"population":1494.852,"density_per_km2":5979.41,"area_km2":0.25},"geometry":{"type":"Polygon","coordinates":[[[69.24443,41.18209],[69.25039,41.18208],[69.25037,41.17757],[69.24441,41.17759],[69.24443,41.18209]]]}},{"type":"Feature","properties":{"population":2040.302,"density_per_km2":8161.21,"area_km2":0.25},"geometry":{"type":"Polygon","coordinates":[[[69.25039,41.18208],[69.25635,41.18207],[69.25633,41.17756],[69.25037,41.17757],[69.25039,41.18208]]]}},{"type":"Feature","properties":{"population":919.278,"density_per_km2":3677.11,"area_km2":0.25},"geometry":{"type":"Polygon","coordinates":[[[69.25635,41.18207],[69.26231,41.18205],[69.26229,41.17755],[69.25633,41.17756],[69.25635,41.18207]]]}},{"type":"Feature","properties":{"population":108.647,"density_per_km2":434.59,"area_km2":0.25},"geometry":{"type":"Polygon","coordinates":[[[69.26231,41.18205],[69.26827,41.18204],[69.26825,41.17753],[69.26229,41.17755],[69.26231,41.18205]]]}},{"type":"Feature","properties":{"population":47.627,"density_per_km2":190.51,"area_km2":0.25},"geometry":{"type":"Polygon","coordinates":[[[69.27423,41.18202],[69.2802,41.18201],[69.28018,41.17751],[69.27422,41.17752],[69.27423,41.18202]]]}},{"type":"Feature","properties":{"population":362.086,"density_per_km2":1448.35,"area_km2":0.25},"geometry":{"type":"Polygon","coordinates":[[[69.2802,41.18201],[69.28616,41.18199],[69.28614,41.17749],[69.28018,41.17751],[69.2802,41.18201]]]}},{"type":"Feature","properties":{"population":63.023,"density_per_km2":252.09,"area_km2":0.25},"geometry":{"type":"Polygon","coordinates":[[[69.28616,41.18199],[69.29212,41.18198],[69.2921,41.17748],[69.28614,41.17749],[69.28616,41.18199]]]}},{"type":"Feature","properties":{"population":938.388,"density_per_km2":3753.55,"area_km2":0.25},"geometry":{"type":"Polygon","coordinates":[[[69.29212,41.18198],[69.29808,41.18196],[69.29806,41.17746],[69.2921,41.17748],[69.29212,41.18198]]]}},{"type":"Feature","properties":{"population":691.852,"density_per_km2":3335.87,"area_km2":0.207398},"geometry":{"type":"Polygon","coordinates":[[[69.29808,41.18196],[69.30404,41.18195],[69.30403,41.18009],[69.30056,41.17745],[69.29806,41.17746],[69.29808,41.18196]]]}},{"type":"Feature","properties":{"population":1.272,"density_per_km2":60.04,"area_km2":0.02118},"geometry":{"type":"Polygon","coordinates":[[[69.30648,41.18194],[69.30647,41.18193],[69.30403,41.18009],[69.30404,41.18195],[69.30648,41.18194]]]}},{"type":"Feature","properties":{"population":20.776,"density_per_km2":1128.94,"area_km2":0.018403},"geometry":{"type":"Polygon","coordinates":[[[69.19674,41.18459],[69.19487,41.18669],[69.19675,41.18669],[69.19674,41.18459]]]}},{"type":"Feature","properties":{"population":357.38,"density_per_km2":1581.76,"area_km2":0.225938},"geometry":{"type":"Polygon","coordinates":[[[69.20271,41.18668],[69.2027,41.18217],[69.19889,41.18218],[69.19674,41.18459],[69.19675,41.18669],[69.20271,41.18668]]]}},{"type":"Feature","properties":{"population":12.065,"density_per_km2":48.26,"area_km2":0.25},"geometry":{"type":"Polygon","coordinates":[[[69.20271,41.18668],[69.20867,41.18667],[69.20866,41.18216],[69.2027,41.18217],[69.20271,41.18668]]]}},{"type":"Feature","properties":{"population":45.895,"density_per_km2":183.58,"area_km2":0.25},"geometry":{"type":"Polygon","coordinates":[[[69.20867,41.18667],[69.21463,41.18665],[69.21462,41.18215],[69.20866,41.18216],[69.20867,41.18667]]]}},{"type":"Feature","properties":{"population":869.345,"density_per_km2":3477.38,"area_km2":0.25},"geometry":{"type":"Polygon","coordinates":[[[69.21463,41.18665],[69.2206,41.18664],[69.22058,41.18214],[69.21462,41.18215],[69.21463,41.18665]]]}},{"type":"Feature","properties":{"population":2093.208,"density_per_km2":8372.83,"area_km2":0.25},"geometry":{"type":"Polygon","coordinates":[[[69.2206,41.18664],[69.22656,41.18663],[69.22654,41.18213],[69.22058,41.18214],[69.2206,41.18664]]]}},{"type":"Feature","properties":{"population":2214.771,"density_per_km2":8859.08,"area_km2":0.25},"geometry":{"type":"Polygon","coordinates":[[[69.22656,41.18663],[69.23252,41.18662],[69.2325,41.18212],[69.22654,41.18213],[69.22656,41.18663]]]}},{"type":"Feature","properties":{"population":1530.381,"density_per_km2":6121.53,"area_km2":0.25},"geometry":{"type":"Polygon","coordinates":[[[69.23252,41.18662],[69.23848,41.18661],[69.23847,41.1821],[69.2325,41.18212],[69.23252,41.18662]]]}},{"type":"Feature","properties":{"population":1507.928,"density_per_km2":6031.71,"area_km2":0.25},"geometry":{"type":"Polygon","coordinates":[[[69.23848,41.18661],[69.24444,41.18659],[69.24443,41.18209],[69.23847,41.1821],[69.23848,41.18661]]]}},{"type":"Feature","properties":{"population":837.358,"density_per_km2":3349.43,"area_km2":0.25},"geometry":{"type":"Polygon","coordinates":[[[69.24444,41.18659],[69.25041,41.18658],[69.25039,41.18208],[69.24443,41.18209],[69.24444,41.18659]]]}},{"type":"Feature","properties":{"population":2006.878,"density_per_km2":8027.51,"area_km2":0.25},"geometry":{"type":"Polygon","coordinates":[[[69.25041,41.18658],[69.25637,41.18657],[69.25635,41.18207],[69.25039,41.18208],[69.25041,41.18658]]]}},{"type":"Feature","properties":{"population":2050.513,"density_per_km2":8202.05,"area_km2":0.25},"geometry":{"type":"Polygon","coordinates":[[[69.25637,41.18657],[69.26233,41.18656],[69.26231,41.18205],[69.25635,41.18207],[69.25637,41.18657]]]}},{"type":"Feature","properties":{"population":134.303,"density_per_km2":537.21,"area_km2":0.25},"geometry":{"type":"Polygon","coordinates":[[[69.26233,41.18656],[69.26829,41.18654],[69.26827,41.18204],[69.26231,41.18205],[69.26233,41.18656]]]}},{"type":"Feature","properties":{"population":162.33,"density_per_km2":649.32,"area_km2":0.25},"geometry":{"type":"Polygon","coordinates":[[[69.26829,41.18654],[69.27425,41.18653],[69.27423,41.18202],[69.26827,41.18204],[69.26829,41.18654]]]}},{"type":"Feature","properties":{"population":174.241,"density_per_km2":696.96,"area_km2":0.25},"geometry":{"type":"Polygon","coordinates":[[[69.27425,41.18653],[69.28022,41.18651],[69.2802,41.18201],[69.27423,41.18202],[69.27425,41.18653]]]}},{"type":"Feature","properties":{"population":6.259,"density_per_km2":25.04,"area_km2":0.25},"geometry":{"type":"Polygon","coordinates":[[[69.28022,41.18651],[69.28618,41.1865],[69.28616,41.18199],[69.2802,41.18201],[69.28022,41.18651]]]}},{"type":"Feature","properties":{"population":109.662,"density_per_km2":438.65,"area_km2":0.25},"geometry":{"type":"Polygon","coordinates":[[[69.28618,41.1865],[69.29214,41.18648],[69.29212,41.18198],[69.28616,41.18199],[69.28618,41.1865]]]}},{"type":"Feature","properties":{"population":1078.674,"density_per_km2":4314.7,"area_km2":0.25},"geometry":{"type":"Polygon","coordinates":[[[69.29214,41.18648],[69.2981,41.18647],[69.29808,41.18196],[69.29212,41.18198],[69.29214,41.18648]]]}},{"type":"Feature","properties":{"population":1536.697,"density_per_km2":6146.79,"area_km2":0.25},"geometry":{"type":"Polygon","coordinates":[[[69.2981,41.18647],[69.30406,41.18645],[69.30404,41.18195],[69.29808,41.18196],[69.2981,41.18647]]]}},{"type":"Feature","properties":{"population":127.406,"density_per_km2":624.09,"area_km2":0.204147},"geometry":{"type":"Polygon","coordinates":[[[69.30406,41.18645],[69.31003,41.18644],[69.31002,41.18474],[69.30735,41.18262],[69.30648,41.18194],[69.30404,41.18195],[69.30406,41.18645]]]}},{"type":"Feature","properties":{"population":236.801,"density_per_km2":1446.05,"area_km2":0.163757},"geometry":{"type":"Polygon","coordinates":[[[69.19675,41.18669],[69.19487,41.18669],[69.19302,41.18877],[69.19082,41.1912],[69.19676,41.19119],[69.19675,41.18669]]]}},{"type":"Feature","properties":{"population":334.221,"density_per_km2":1336.88,"area_km2":0.25},"geometry":{"type":"Polygon","coordinates":[[[69.19676,41.19119],[69.20272,41.19118],[69.20271,41.18668],[69.19675,41.18669],[69.19676,41.19119]]]}},{"type":"Feature","properties":{"population":495.267,"density_per_km2":1981.07,"area_km2":0.25},"geometry":{"type":"Polygon","coordinates":[[[69.20272,41.19118],[69.20869,41.19117],[69.20867,41.18667],[69.20271,41.18668],[69.20272,41.19118]]]}},{"type":"Feature","properties":{"population":1664.231,"density_per_km2":6656.93,"area_km2":0.25},"geometry":{"type":"Polygon","coordinates":[[[69.20869,41.19117],[69.21465,41.19116],[69.21463,41.18665],[69.20867,41.18667],[69.20869,41.19117]]]}},{"type":"Feature","properties":{"population":1768.723,"density_per_km2":7074.89,"area_km2":0.25},"geometry":{"type":"Polygon","coordinates":[[[69.21465,41.19116],[69.22061,41.19115],[69.2206,41.18664],[69.21463,41.18665],[69.21465,41.19116]]]}},{"type":"Feature","properties":{"population":2212.004,"density_per_km2":8848.01,"area_km2":0.25},"geometry":{"type":"Polygon","coordinates":[[[69.22061,41.19115],[69.22657,41.19114],[69.22656,41.18663],[69.2206,41.18664],[69.22061,41.19115]]]}},{"type":"Feature","properties":{"population":2167.62,"density_per_km2":8670.48,"area_km2":0.25},"geometry":{"type":"Polygon","coordinates":[[[69.22657,41.19114],[69.23254,41.19112],[69.23252,41.18662],[69.22656,41.18663],[69.22657,41.19114]]]}},{"type":"Feature","properties":{"population":1749.16,"density_per_km2":6996.64,"area_km2":0.25},"geometry":{"type":"Polygon","coordinates":[[[69.23254,41.19112],[69.2385,41.19111],[69.23848,41.18661],[69.23252,41.18662],[69.23254,41.19112]]]}},{"type":"Feature","properties":{"population":1402.436,"density_per_km2":5609.74,"area_km2":0.25},"geometry":{"type":"Polygon","coordinates":[[[69.2385,41.19111],[69.24446,41.1911],[69.24444,41.18659],[69.23848,41.18661],[69.2385,41.19111]]]}},{"type":"Feature","properties":{"population":1361.128,"density_per_km2":5444.51,"area_km2":0.25},"geometry":{"type":"Polygon","coordinates":[[[69.24446,41.1911],[69.25042,41.19109],[69.25041,41.18658],[69.24444,41.18659],[69.24446,41.1911]]]}},{"type":"Feature","properties":{"population":979.398,"density_per_km2":3917.59,"area_km2":0.25},"geometry":{"type":"Polygon","coordinates":[[[69.25042,41.19109],[69.25639,41.19107],[69.25637,41.18657],[69.25041,41.18658],[69.25042,41.19109]]]}},{"type":"Feature","properties":{"population":2153.027,"density_per_km2":8612.11,"area_km2":0.25},"geometry":{"type":"Polygon","coordinates":[[[69.25639,41.19107],[69.26235,41.19106],[69.26233,41.18656],[69.25637,41.18657],[69.25639,41.19107]]]}},{"type":"Feature","properties":{"population":1138.524,"density_per_km2":4554.1,"area_km2":0.25},"geometry":{"type":"Polygon","coordinates":[[[69.26235,41.19106],[69.26831,41.19105],[69.26829,41.18654],[69.26233,41.18656],[69.26235,41.19106]]]}},{"type":"Feature","properties":{"population":732.726,"density_per_km2":2930.91,"area_km2":0.25},"geometry":{"type":"Polygon","coordinates":[[[69.26831,41.19105],[69.27427,41.19103],[69.27425,41.18653],[69.26829,41.18654],[69.26831,41.19105]]]}},{"type":"Feature","properties":{"population":353.262,"density_per_km2":1413.05,"area_km2":0.25},"geometry":{"type":"Polygon","coordinates":[[[69.27427,41.19103],[69.28023,41.19102],[69.28022,41.18651],[69.27425,41.18653],[69.27427,41.19103]]]}},{"type":"Feature","properties":{"population":225.511,"density_per_km2":902.04,"area_km2":0.25},"geometry":{"type":"Polygon","coordinates":[[[69.2862,41.191],[69.29216,41.19099],[69.29214,41.18648],[69.28618,41.1865],[69.2862,41.191]]]}},{"type":"Feature","properties":{"population":795.866,"density_per_km2":3183.46,"area_km2":0.25},"geometry":{"type":"Polygon","coordinates":[[[69.29216,41.19099],[69.29812,41.19097],[69.2981,41.18647],[69.29214,41.18648],[69.29216,41.19099]]]}},{"type":"Feature","properties":{"population":215.887,"density_per_km2":863.55,"area_km2":0.25},"geometry":{"type":"Polygon","coordinates":[[[69.29812,41.19097],[69.30408,41.19096],[69.30406,41.18645],[69.2981,41.18647],[69.29812,41.19097]]]}},{"type":"Feature","properties":{"population":241.415,"density_per_km2":965.66,"area_km2":0.25},"geometry":{"type":"Polygon","coordinates":[[[69.30408,41.19096],[69.31005,41.19094],[69.31003,41.18644],[69.30406,41.18645],[69.30408,41.19096]]]}},{"type":"Feature","properties":{"population":21.746,"density_per_km2":110.65,"area_km2":0.196524},"geometry":{"type":"Polygon","coordinates":[[[69.31005,41.19094],[69.31601,41.19092],[69.316,41.18936],[69.31337,41.18741],[69.31214,41.18643],[69.31003,41.18644],[69.31005,41.19094]]]}},{"type":"Feature","properties":{"population":17.146,"density_per_km2":1127.28,"area_km2":0.01521},"geometry":{"type":"Polygon","coordinates":[[[69.3181,41.19092],[69.316,41.18936],[69.31601,41.19092],[69.3181,41.19092]]]}},{"type":"Feature","properties":{"population":335.984,"density_per_km2":3965.52,"area_km2":0.084726},"geometry":{"type":"Polygon","coordinates":[[[69.1908,41.19122],[69.18967,41.19247],[69.18766,41.19469],[69.1868,41.19571],[69.19081,41.1957],[69.1908,41.19122]]]}},{"type":"Feature","properties":{"population":791.678,"density_per_km2":3166.74,"area_km2":0.249998},"geometry":{"type":"Polygon","coordinates":[[[69.19677,41.19569],[69.19676,41.19119],[69.19082,41.1912],[69.1908,41.19122],[69.19081,41.1957],[69.19677,41.19569]]]}},{"type":"Feature","properties":{"population":761.138,"density_per_km2":3044.55,"area_km2":0.25},"geometry":{"type":"Polygon","coordinates":[[[69.19677,41.19569],[69.20274,41.19568],[69.20272,41.19118],[69.19676,41.19119],[69.19677,41.19569]]]}},{"type":"Feature","properties":{"population":1351.82,"density_per_km2":5407.28,"area_km2":0.25},"geometry":{"type":"Polygon","coordinates":[[[69.20274,41.19568],[69.2087,41.19567],[69.20869,41.19117],[69.20272,41.19118],[69.20274,41.19568]]]}},{"type":"Feature","properties":{"population":2426.685,"density_per_km2":9706.74,"area_km2":0.25},"geometry":{"type":"Polygon","coordinates":[[[69.2087,41.19567],[69.21466,41.19566],[69.21465,41.19116],[69.20869,41.19117],[69.2087,41.19567]]]}},{"type":"Feature","properties":{"population":2338.947,"density_per_km2":9355.79,"area_km2":0.25},"geometry":{"type":"Polygon","coordinates":[[[69.21466,41.19566],[69.22063,41.19565],[69.22061,41.19115],[69.21465,41.19116],[69.21466,41.19566]]]}},{"type":"Feature","properties":{"population":2774.305,"density_per_km2":11097.22,"area_km2":0.25},"geometry":{"type":"Polygon","coordinates":[[[69.22063,41.19565],[69.22659,41.19564],[69.22657,41.19114],[69.22061,41.19115],[69.22063,41.19565]]]}},{"type":"Feature","properties":{"population":2354.882,"density_per_km2":9419.53,"area_km2":0.25},"geometry":{"type":"Polygon","coordinates":[[[69.22659,41.19564],[69.23255,41.19563],[69.23254,41.19112],[69.22657,41.19114],[69.22659,41.19564]]]}},{"type":"Feature","properties":{"population":2154.447,"density_per_km2":8617.79,"area_km2":0.25},"geometry":{"type":"Polygon","coordinates":[[[69.23255,41.19563],[69.23851,41.19562],[69.2385,41.19111],[69.23254,41.19112],[69.23255,41.19563]]]}},{"type":"Feature","properties":{"population":2040.846,"density_per_km2":8163.38,"area_km2":0.25},"geometry":{"type":"Polygon","coordinates":[[[69.23851,41.19562],[69.24448,41.1956],[69.24446,41.1911],[69.2385,41.19111],[69.23851,41.19562]]]}},{"type":"Feature","properties":{"population":2152.989,"density_per_km2":8611.96,"area_km2":0.25},"geometry":{"type":"Polygon","coordinates":[[[69.24448,41.1956],[69.25044,41.19559],[69.25042,41.19109],[69.24446,41.1911],[69.24448,41.1956]]]}},{"type":"Feature","properties":{"population":1004.112,"density_per_km2":4016.45,"area_km2":0.25},"geometry":{"type":"Polygon","coordinates":[[[69.25044,41.19559],[69.2564,41.19558],[69.25639,41.19107],[69.25042,41.19109],[69.25044,41.19559]]]}},{"type":"Feature","properties":{"population":1290.218,"density_per_km2":5160.87,"area_km2":0.25},"geometry":{"type":"Polygon","coordinates":[[[69.2564,41.19558],[69.26237,41.19556],[69.26235,41.19106],[69.25639,41.19107],[69.2564,41.19558]]]}},{"type":"Feature","properties":{"population":1432.25,"density_per_km2":5729.0,"area_km2":0.25},"geometry":{"type":"Polygon","coordinates":[[[69.26237,41.19556],[69.26833,41.19555],[69.26831,41.19105],[69.26235,41.19106],[69.26237,41.19556]]]}},{"type":"Feature","properties":{"population":965.365,"density_per_km2":3861.46,"area_km2":0.25},"geometry":{"type":"Polygon","coordinates":[[[69.26833,41.19555],[69.27429,41.19554],[69.27427,41.19103],[69.26831,41.19105],[69.26833,41.19555]]]}},{"type":"Feature","properties":{"population":939.834,"density_per_km2":3759.34,"area_km2":0.25},"geometry":{"type":"Polygon","coordinates":[[[69.27429,41.19554],[69.28025,41.19552],[69.28023,41.19102],[69.27427,41.19103],[69.27429,41.19554]]]}},{"type":"Feature","properties":{"population":67.49,"density_per_km2":269.96,"area_km2":0.25},"geometry":{"type":"Polygon","coordinates":[[[69.28025,41.19552],[69.28622,41.19551],[69.2862,41.191],[69.28023,41.19102],[69.28025,41.19552]]]}},{"type":"Feature","properties":{"population":327.376,"density_per_km2":1309.5,"area_km2":0.25},"geometry":{"type":"Polygon","coordinates":[[[69.28622,41.19551],[69.29218,41.19549],[69.29216,41.19099],[69.2862,41.191],[69.28622,41.19551]]]}},{"type":"Feature","properties":{"population":377.856,"density_per_km2":1511.43,"area_km2":0.25},"geometry":{"type":"Polygon","coordinates":[[[69.29218,41.19549],[69.29814,41.19548],[69.29812,41.19097],[69.29216,41.19099],[69.29218,41.19549]]]}},{"type":"Feature","properties":{"population":96.677,"density_per_km2":386.71,"area_km2":0.25},"geometry":{"type":"Polygon","coordinates":[[[69.29814,41.19548],[69.3041,41.19546],[69.30408,41.19096],[69.29812,41.19097],[69.29814,41.19548]]]}},{"type":"Feature","properties":{"population":24.643,"density_per_km2":98.57,"area_km2":0.25},"geometry":{"type":"Polygon","coordinates":[[[69.3041,41.19546],[69.31007,41.19544],[69.31005,41.19094],[69.30408,41.19096],[69.3041,41.19546]]]}},{"type":"Feature","properties":{"population":160.493,"density_per_km2":743.09,"area_km2":0.215982},"geometry":{"type":"Polygon","coordinates":[[[69.19081,41.1957],[69.1868,41.19571],[69.18639,41.1962],[69.18526,41.1986],[69.18504,41.20022],[69.19082,41.20021],[69.19081,41.1957]]]}},{"type":"Feature","properties":{"population":725.55,"density_per_km2":2902.2,"area_km2":0.25},"geometry":{"type":"Polygon","coordinates":[[[69.19082,41.20021],[69.19679,41.2002],[69.19677,41.19569],[69.19081,41.1957],[69.19082,41.20021]]]}},{"type":"Feature","properties":{"population":1747.638,"density_per_km2":6990.55,"area_km2":0.25},"geometry":{"type":"Polygon","coordinates":[[[69.19679,41.2002],[69.20275,41.20019],[69.20274,41.19568],[69.19677,41.19569],[69.19679,41.2002]]]}},{"type":"Feature","properties":{"population":1718.511,"density_per_km2":6874.04,"area_km2":0.25},"geometry":{"type":"Polygon","coordinates":[[[69.20275,41.20019],[69.20871,41.20018],[69.2087,41.19567],[69.20274,41.19568],[69.20275,41.20019]]]}},{"type":"Feature","properties":{"population":2466.587,"density_per_km2":9866.35,"area_km2":0.25},"geometry":{"type":"Polygon","coordinates":[[[69.20871,41.20018],[69.21468,41.20017],[69.21466,41.19566],[69.2087,41.19567],[69.20871,41.20018]]]}},{"type":"Feature","properties":{"population":1938.092,"density_per_km2":7752.37,"area_km2":0.25},"geometry":{"type":"Polygon","coordinates":[[[69.21468,41.20017],[69.22064,41.20015],[69.22063,41.19565],[69.21466,41.19566],[69.21468,41.20017]]]}},{"type":"Feature","properties":{"population":2181.701,"density_per_km2":8726.8,"area_km2":0.25},"geometry":{"type":"Polygon","coordinates":[[[69.22064,41.20015],[69.2266,41.20014],[69.22659,41.19564],[69.22063,41.19565],[69.22064,41.20015]]]}},{"type":"Feature","properties":{"population":2140.386,"density_per_km2":8561.54,"area_km2":0.25},"geometry":{"type":"Polygon","coordinates":[[[69.2266,41.20014],[69.23257,41.20013],[69.23255,41.19563],[69.22659,41.19564],[69.2266,41.20014]]]}},{"type":"Feature","properties":{"population":478.407,"density_per_km2":1913.63,"area_km2":0.25},"geometry":{"type":"Polygon","coordinates":[[[69.23257,41.20013],[69.23853,41.20012],[69.23851,41.19562],[69.23255,41.19563],[69.23257,41.20013]]]}},{"type":"Feature","properties":{"population":521.217,"density_per_km2":2084.87,"area_km2":0.25},"geometry":{"type":"Polygon","coordinates":[[[69.23853,41.20012],[69.24449,41.20011],[69.24448,41.1956],[69.23851,41.19562],[69.23853,41.20012]]]}},{"type":"Feature","properties":{"population":1632.293,"density_per_km2":6529.17,"area_km2":0.25},"geometry":{"type":"Polygon","coordinates":[[[69.24449,41.20011],[69.25046,41.20009],[69.25044,41.19559],[69.24448,41.1956],[69.24449,41.20011]]]}},{"type":"Feature","properties":{"population":947.276,"density_per_km2":3789.11,"area_km2":0.25},"geometry":{"type":"Polygon","coordinates":[[[69.25046,41.20009],[69.25642,41.20008],[69.2564,41.19558],[69.25044,41.19559],[69.25046,41.20009]]]}},{"type":"Feature","properties":{"population":729.24,"density_per_km2":2916.96,"area_km2":0.25},"geometry":{"type":"Polygon","coordinates":[[[69.25642,41.20008],[69.26238,41.20007],[69.26237,41.19556],[69.2564,41.19558],[69.25642,41.20008]]]}},{"type":"Feature","properties":{"population":320.512,"density_per_km2":1282.05,"area_km2":0.25},"geometry":{"type":"Polygon","coordinates":[[[69.26238,41.20007],[69.26835,41.20005],[69.26833,41.19555],[69.26237,41.19556],[69.26238,41.20007]]]}},{"type":"Feature","properties":{"population":74.632,"density_per_km2":298.53,"area_km2":0.25},"geometry":{"type":"Polygon","coordinates":[[[69.26835,41.20005],[69.27431,41.20004],[69.27429,41.19554],[69.26833,41.19555],[69.26835,41.20005]]]}},{"type":"Feature","properties":{"population":215.318,"density_per_km2":861.27,"area_km2":0.25},"geometry":{"type":"Polygon","coordinates":[[[69.27431,41.20004],[69.28027,41.20003],[69.28025,41.19552],[69.27429,41.19554],[69.27431,41.20004]]]}},{"type":"Feature","properties":{"population":953.354,"density_per_km2":3813.42,"area_km2":0.25},"geometry":{"type":"Polygon","coordinates":[[[69.28027,41.20003],[69.28624,41.20001],[69.28622,41.19551],[69.28025,41.19552],[69.28027,41.20003]]]}},{"type":"Feature","properties":{"population":556.355,"density_per_km2":2225.42,"area_km2":0.25},"geometry":{"type":"Polygon","coordinates":[[[69.28624,41.20001],[69.2922,41.2],[69.29218,41.19549],[69.28622,41.19551],[69.28624,41.20001]]]}},{"type":"Feature","properties":{"population":135.434,"density_per_km2":541.74,"area_km2":0.25},"geometry":{"type":"Polygon","coordinates":[[[69.2922,41.2],[69.29816,41.19998],[69.29814,41.19548],[69.29218,41.19549],[69.2922,41.2]]]}},{"type":"Feature","properties":{"population":11.082,"density_per_km2":44.33,"area_km2":0.25},"geometry":{"type":"Polygon","coordinates":[[[69.29816,41.19998],[69.30413,41.19996],[69.3041,41.19546],[69.29814,41.19548],[69.29816,41.19998]]]}},{"type":"Feature","properties":{"population":2.399,"density_per_km2":9.59,"area_km2":0.25},"geometry":{"type":"Polygon","coordinates":[[[69.30413,41.19996],[69.31009,41.19995],[69.31007,41.19544],[69.3041,41.19546],[69.30413,41.19996]]]}},{"type":"Feature","properties":{"population":5.551,"density_per_km2":22.2,"area_km2":0.25},"geometry":{"type":"Polygon","coordinates":[[[69.31009,41.19995],[69.31605,41.19993],[69.31603,41.19543],[69.31007,41.19544],[69.31009,41.19995]]]}},{"type":"Feature","properties":{"population":0.878,"density_per_km2":3.51,"area_km2":0.25},"geometry":{"type":"Polygon","coordinates":[[[69.31605,41.19993],[69.32202,41.19992],[69.32199,41.19541],[69.31603,41.19543],[69.31605,41.19993]]]}},{"type":"Feature","properties":{"population":0.238,"density_per_km2":1.2,"area_km2":0.198033},"geometry":{"type":"Polygon","coordinates":[[[69.32202,41.19992],[69.32798,41.1999],[69.32797,41.19831],[69.32412,41.19541],[69.32199,41.19541],[69.32202,41.19992]]]}},{"type":"Feature","properties":{"population":5.047,"density_per_km2":325.06,"area_km2":0.015528},"geometry":{"type":"Polygon","coordinates":[[[69.33007,41.19989],[69.32797,41.19831],[69.32798,41.1999],[69.33007,41.19989]]]}},{"type":"Feature","properties":{"population":46.978,"density_per_km2":198.36,"area_km2":0.236832},"geometry":{"type":"Polygon","coordinates":[[[69.19082,41.20021],[69.18504,41.20022],[69.18498,41.20068],[69.18495,41.20184],[69.18509,41.20271],[69.18545,41.20388],[69.1858,41.20472],[69.19084,41.20471],[69.19082,41.20021]]]}},{"type":"Feature","properties":{"population":286.308,"density_per_km2":1145.23,"area_km2":0.25},"geometry":{"type":"Polygon","coordinates":[[[69.19084,41.20471],[69.1968,41.2047],[69.19679,41.2002],[69.19082,41.20021],[69.19084,41.20471]]]}},{"type":"Feature","properties":{"population":899.563,"density_per_km2":3598.25,"area_km2":0.25},"geometry":{"type":"Polygon","coordinates":[[[69.1968,41.2047],[69.20277,41.20469],[69.20275,41.20019],[69.19679,41.2002],[69.1968,41.2047]]]}},{"type":"Feature","properties":{"population":2436.771,"density_per_km2":9747.08,"area_km2":0.25},"geometry":{"type":"Polygon","coordinates":[[[69.20277,41.20469],[69.20873,41.20468],[69.20871,41.20018],[69.20275,41.20019],[69.20277,41.20469]]]}},{"type":"Feature","properties":{"population":2844.335,"density_per_km2":11377.34,"area_km2":0.25},"geometry":{"type":"Polygon","coordinates":[[[69.20873,41.20468],[69.21469,41.20467],[69.21468,41.20017],[69.20871,41.20018],[69.20873,41.20468]]]}},{"type":"Feature","properties":{"population":2752.683,"density_per_km2":11010.73,"area_km2":0.25},"geometry":{"type":"Polygon","coordinates":[[[69.21469,41.20467],[69.22066,41.20466],[69.22064,41.20015],[69.21468,41.20017],[69.21469,41.20467]]]}},{"type":"Feature","properties":{"population":3100.656,"density_per_km2":12402.62,"area_km2":0.25},"geometry":{"type":"Polygon","coordinates":[[[69.22066,41.20466],[69.22662,41.20465],[69.2266,41.20014],[69.22064,41.20015],[69.22066,41.20466]]]}},{"type":"Feature","properties":{"population":2342.227,"density_per_km2":9368.91,"area_km2":0.25},"geometry":{"type":"Polygon","coordinates":[[[69.22662,41.20465],[69.23258,41.20464],[69.23257,41.20013],[69.2266,41.20014],[69.22662,41.20465]]]}},{"type":"Feature","properties":{"population":1111.999,"density_per_km2":4448.0,"area_km2":0.25},"geometry":{"type":"Polygon","coordinates":[[[69.23258,41.20464],[69.23855,41.20462],[69.23853,41.20012],[69.23257,41.20013],[69.23258,41.20464]]]}},{"type":"Feature","properties":{"population":170.61,"density_per_km2":682.44,"area_km2":0.25},"geometry":{"type":"Polygon","coordinates":[[[69.23855,41.20462],[69.24451,41.20461],[69.24449,41.20011],[69.23853,41.20012],[69.23855,41.20462]]]}},{"type":"Feature","properties":{"population":1570.272,"density_per_km2":6281.09,"area_km2":0.25},"geometry":{"type":"Polygon","coordinates":[[[69.24451,41.20461],[69.25047,41.2046],[69.25046,41.20009],[69.24449,41.20011],[69.24451,41.20461]]]}},{"type":"Feature","properties":{"population":1041.147,"density_per_km2":4164.59,"area_km2":0.25},"geometry":{"type":"Polygon","coordinates":[[[69.25047,41.2046],[69.25644,41.20458],[69.25642,41.20008],[69.25046,41.20009],[69.25047,41.2046]]]}},{"type":"Feature","properties":{"population":821.832,"density_per_km2":3287.33,"area_km2":0.25},"geometry":{"type":"Polygon","coordinates":[[[69.25644,41.20458],[69.2624,41.20457],[69.26238,41.20007],[69.25642,41.20008],[69.25644,41.20458]]]}},{"type":"Feature","properties":{"population":576.639,"density_per_km2":2306.56,"area_km2":0.25},"geometry":{"type":"Polygon","coordinates":[[[69.2624,41.20457],[69.26837,41.20456],[69.26835,41.20005],[69.26238,41.20007],[69.2624,41.20457]]]}},{"type":"Feature","properties":{"population":356.091,"density_per_km2":1424.36,"area_km2":0.25},"geometry":{"type":"Polygon","coordinates":[[[69.26837,41.20456],[69.27433,41.20454],[69.27431,41.20004],[69.26835,41.20005],[69.26837,41.20456]]]}},{"type":"Feature","properties":{"population":94.057,"density_per_km2":376.23,"area_km2":0.25},"geometry":{"type":"Polygon","coordinates":[[[69.27433,41.20454],[69.28029,41.20453],[69.28027,41.20003],[69.27431,41.20004],[69.27433,41.20454]]]}},{"type":"Feature","properties":{"population":138.013,"density_per_km2":552.05,"area_km2":0.25},"geometry":{"type":"Polygon","coordinates":[[[69.28029,41.20453],[69.28626,41.20451],[69.28624,41.20001],[69.28027,41.20003],[69.28029,41.20453]]]}},{"type":"Feature","properties":{"population":57.899,"density_per_km2":231.6,"area_km2":0.25},"geometry":{"type":"Polygon","coordinates":[[[69.28626,41.20451],[69.29222,41.2045],[69.2922,41.2],[69.28624,41.20001],[69.28626,41.20451]]]}},{"type":"Feature","properties":{"population":260.036,"density_per_km2":1040.15,"area_km2":0.25},"geometry":{"type":"Polygon","coordinates":[[[69.29222,41.2045],[69.29818,41.20448],[69.29816,41.19998],[69.2922,41.2],[69.29222,41.2045]]]}},{"type":"Feature","properties":{"population":6.221,"density_per_km2":24.88,"area_km2":0.25},"geometry":{"type":"Polygon","coordinates":[[[69.29818,41.20448],[69.30415,41.20447],[69.30413,41.19996],[69.29816,41.19998],[69.29818,41.20448]]]}},{"type":"Feature","properties":{"population":33.059,"density_per_km2":132.24,"area_km2":0.25},"geometry":{"type":"Polygon","coordinates":[[[69.30415,41.20447],[69.31011,41.20445],[69.31009,41.19995],[69.30413,41.19996],[69.30415,41.20447]]]}},{"type":"Feature","properties":{"population":31.622,"density_per_km2":126.49,"area_km2":0.25},"geometry":{"type":"Polygon","coordinates":[[[69.31011,41.20445],[69.31607,41.20444],[69.31605,41.19993],[69.31009,41.19995],[69.31011,41.20445]]]}},{"type":"Feature","properties":{"population":54.02,"density_per_km2":274.03,"area_km2":0.19713},"geometry":{"type":"Polygon","coordinates":[[[69.328,41.2044],[69.33396,41.20439],[69.33396,41.20282],[69.33193,41.20129],[69.3319,41.20127],[69.33134,41.20085],[69.33007,41.19989],[69.32798,41.1999],[69.328,41.2044]]]}},{"type":"Feature","properties":{"population":4.863,"density_per_km2":326.69,"area_km2":0.014886},"geometry":{"type":"Polygon","coordinates":[[[69.33601,41.20438],[69.33403,41.20287],[69.33396,41.20282],[69.33396,41.20439],[69.33601,41.20438]]]}},{"type":"Feature","properties":{"population":395.213,"density_per_km2":6711.42,"area_km2":0.058887},"geometry":{"type":"Polygon","coordinates":[[[69.18488,41.20524],[69.18287,41.20595],[69.18238,41.2067],[69.18309,41.20702],[69.18323,41.20731],[69.18326,41.20831],[69.18414,41.20923],[69.18489,41.20923],[69.18488,41.20524]]]}},{"type":"Feature","properties":{"population":365.64,"density_per_km2":1480.56,"area_km2":0.24696},"geometry":{"type":"Polygon","coordinates":[[[69.19085,41.20922],[69.19084,41.20471],[69.1858,41.20472],[69.18585,41.20486],[69.18556,41.20499],[69.18488,41.20524],[69.18489,41.20923],[69.19085,41.20922]]]}},{"type":"Feature","properties":{"population":1200.014,"density_per_km2":4800.06,"area_km2":0.25},"geometry":{"type":"Polygon","coordinates":[[[69.19085,41.20922],[69.19682,41.20921],[69.1968,41.2047],[69.19084,41.20471],[69.19085,41.20922]]]}},{"type":"Feature","properties":{"population":1023.85,"density_per_km2":4095.4,"area_km2":0.25},"geometry":{"type":"Polygon","coordinates":[[[69.19682,41.20921],[69.20278,41.2092],[69.20277,41.20469],[69.1968,41.2047],[69.19682,41.20921]]]}},{"type":"Feature","properties":{"population":2074.551,"density_per_km2":8298.2,"area_km2":0.25},"geometry":{"type":"Polygon","coordinates":[[[69.20278,41.2092],[69.20874,41.20918],[69.20873,41.20468],[69.20277,41.20469],[69.20278,41.2092]]]}},{"type":"Feature","properties":{"population":2341.769,"density_per_km2":9367.08,"area_km2":0.25},"geometry":{"type":"Polygon","coordinates":[[[69.20874,41.20918],[69.21471,41.20917],[69.21469,41.20467],[69.20873,41.20468],[69.20874,41.20918]]]}},{"type":"Feature","properties":{"population":1991.701,"density_per_km2":7966.81,"area_km2":0.25},"geometry":{"type":"Polygon","coordinates":[[[69.21471,41.20917],[69.22067,41.20916],[69.22066,41.20466],[69.21469,41.20467],[69.21471,41.20917]]]}},{"type":"Feature","properties":{"population":1605.238,"density_per_km2":6420.95,"area_km2":0.25},"geometry":{"type":"Polygon","coordinates":[[[69.22067,41.20916],[69.22664,41.20915],[69.22662,41.20465],[69.22066,41.20466],[69.22067,41.20916]]]}},{"type":"Feature","properties":{"population":2421.904,"density_per_km2":9687.62,"area_km2":0.25},"geometry":{"type":"Polygon","coordinates":[[[69.22664,41.20915],[69.2326,41.20914],[69.23258,41.20464],[69.22662,41.20465],[69.22664,41.20915]]]}},{"type":"Feature","properties":{"population":1883.415,"density_per_km2":7533.66,"area_km2":0.25},"geometry":{"type":"Polygon","coordinates":[[[69.2326,41.20914],[69.23856,41.20913],[69.23855,41.20462],[69.23258,41.20464],[69.2326,41.20914]]]}},{"type":"Feature","properties":{"population":1021.005,"density_per_km2":4084.02,"area_km2":0.25},"geometry":{"type":"Polygon","coordinates":[[[69.23856,41.20913],[69.24453,41.20911],[69.24451,41.20461],[69.23855,41.20462],[69.23856,41.20913]]]}},{"type":"Feature","properties":{"population":1402.44,"density_per_km2":5609.76,"area_km2":0.25},"geometry":{"type":"Polygon","coordinates":[[[69.24453,41.20911],[69.25049,41.2091],[69.25047,41.2046],[69.24451,41.20461],[69.24453,41.20911]]]}},{"type":"Feature","properties":{"population":602.9,"density_per_km2":2411.6,"area_km2":0.25},"geometry":{"type":"Polygon","coordinates":[[[69.25049,41.2091],[69.25646,41.20909],[69.25644,41.20458],[69.25047,41.2046],[69.25049,41.2091]]]}},{"type":"Feature","properties":{"population":951.87,"density_per_km2":3807.48,"area_km2":0.25},"geometry":{"type":"Polygon","coordinates":[[[69.25646,41.20909],[69.26242,41.20908],[69.2624,41.20457],[69.25644,41.20458],[69.25646,41.20909]]]}},{"type":"Feature","properties":{"population":1003.636,"density_per_km2":4014.54,"area_km2":0.25},"geometry":{"type":"Polygon","coordinates":[[[69.26242,41.20908],[69.26838,41.20906],[69.26837,41.20456],[69.2624,41.20457],[69.26242,41.20908]]]}},{"type":"Feature","properties":{"population":971.005,"density_per_km2":3884.02,"area_km2":0.25},"geometry":{"type":"Polygon","coordinates":[[[69.26838,41.20906],[69.27435,41.20905],[69.27433,41.20454],[69.26837,41.20456],[69.26838,41.20906]]]}},{"type":"Feature","properties":{"population":509.419,"density_per_km2":2037.68,"area_km2":0.25},"geometry":{"type":"Polygon","coordinates":[[[69.27435,41.20905],[69.28031,41.20903],[69.28029,41.20453],[69.27433,41.20454],[69.27435,41.20905]]]}},{"type":"Feature","properties":{"population":312.389,"density_per_km2":1249.55,"area_km2":0.25},"geometry":{"type":"Polygon","coordinates":[[[69.28031,41.20903],[69.28628,41.20902],[69.28626,41.20451],[69.28029,41.20453],[69.28031,41.20903]]]}},{"type":"Feature","properties":{"population":597.354,"density_per_km2":2389.42,"area_km2":0.25},"geometry":{"type":"Polygon","coordinates":[[[69.28628,41.20902],[69.29224,41.209],[69.29222,41.2045],[69.28626,41.20451],[69.28628,41.20902]]]}},{"type":"Feature","properties":{"population":253.174,"density_per_km2":1012.7,"area_km2":0.25},"geometry":{"type":"Polygon","coordinates":[[[69.29224,41.209],[69.2982,41.20899],[69.29818,41.20448],[69.29222,41.2045],[69.29224,41.209]]]}},{"type":"Feature","properties":{"population":0.874,"density_per_km2":3.5,"area_km2":0.25},"geometry":{"type":"Polygon","coordinates":[[[69.2982,41.20899],[69.30417,41.20897],[69.30415,41.20447],[69.29818,41.20448],[69.2982,41.20899]]]}},{"type":"Feature","properties":{"population":398.707,"density_per_km2":1594.83,"area_km2":0.25},"geometry":{"type":"Polygon","coordinates":[[[69.31013,41.20896],[69.3161,41.20894],[69.31607,41.20444],[69.31011,41.20445],[69.31013,41.20896]]]}},{"type":"Feature","properties":{"population":485.585,"density_per_km2":1942.34,"area_km2":0.25},"geometry":{"type":"Polygon","coordinates":[[[69.3161,41.20894],[69.32206,41.20892],[69.32204,41.20442],[69.31607,41.20444],[69.3161,41.20894]]]}},{"type":"Feature","properties":{"population":89.118,"density_per_km2":356.47,"area_km2":0.25},"geometry":{"type":"Polygon","coordinates":[[[69.32206,41.20892],[69.32802,41.20891],[69.328,41.2044],[69.32204,41.20442],[69.32206,41.20892]]]}},{"type":"Feature","properties":{"population":532.408,"density_per_km2":2129.63,"area_km2":0.25},"geometry":{"type":"Polygon","coordinates":[[[69.32802,41.20891],[69.33399,41.20889],[69.33396,41.20439],[69.328,41.2044],[69.32802,41.20891]]]}},{"type":"Feature","properties":{"population":416.065,"density_per_km2":2133.31,"area_km2":0.195032},"geometry":{"type":"Polygon","coordinates":[[[69.33399,41.20889],[69.33995,41.20887],[69.33994,41.20738],[69.33601,41.20438],[69.33396,41.20439],[69.33399,41.20889]]]}},{"type":"Feature","properties":{"population":17.647,"density_per_km2":1303.49,"area_km2":0.013538},"geometry":{"type":"Polygon","coordinates":[[[69.3419,41.20887],[69.34082,41.20804],[69.33994,41.20738],[69.33995,41.20887],[69.3419,41.20887]]]}},{"type":"Feature","properties":{"population":48.599,"density_per_km2":2676.87,"area_km2":0.018155},"geometry":{"type":"MultiPolygon","coordinates":[[[[69.18414,41.20923],[69.18489,41.21001],[69.18489,41.20923],[69.18414,41.20923]]],[[[69.1849,41.21221],[69.18489,41.21222],[69.18271,41.21373],[69.1849,41.21373],[69.1849,41.21221]]]]}},{"type":"Feature","properties":{"population":1012.722,"density_per_km2":4161.18,"area_km2":0.243374},"geometry":{"type":"Polygon","coordinates":[[[69.19086,41.21372],[69.19085,41.20922],[69.18489,41.20923],[69.18489,41.21001],[69.18524,41.21037],[69.18533,41.21154],[69.1853,41.21173],[69.18513,41.21197],[69.1849,41.21221],[69.1849,41.21373],[69.19086,41.21372]]]}},{"type":"Feature","properties":{"population":997.498,"density_per_km2":3989.99,"area_km2":0.25},"geometry":{"type":"Polygon","coordinates":[[[69.19086,41.21372],[69.19683,41.21371],[69.19682,41.20921],[69.19085,41.20922],[69.19086,41.21372]]]}},{"type":"Feature","properties":{"population":1276.809,"density_per_km2":5107.24,"area_km2":0.25},"geometry":{"type":"Polygon","coordinates":[[[69.19683,41.21371],[69.20279,41.2137],[69.20278,41.2092],[69.19682,41.20921],[69.19683,41.21371]]]}},{"type":"Feature","properties":{"population":2144.087,"density_per_km2":8576.35,"area_km2":0.25},"geometry":{"type":"Polygon","coordinates":[[[69.20279,41.2137],[69.20876,41.21369],[69.20874,41.20918],[69.20278,41.2092],[69.20279,41.2137]]]}},{"type":"Feature","properties":{"population":2207.868,"density_per_km2":8831.47,"area_km2":0.25},"geometry":{"type":"Polygon","coordinates":[[[69.20876,41.21369],[69.21472,41.21368],[69.21471,41.20917],[69.20874,41.20918],[69.20876,41.21369]]]}},{"type":"Feature","properties":{"population":1500.552,"density_per_km2":6002.21,"area_km2":0.25},"geometry":{"type":"Polygon","coordinates":[[[69.21472,41.21368],[69.22069,41.21367],[69.22067,41.20916],[69.21471,41.20917],[69.21472,41.21368]]]}},{"type":"Feature","properties":{"population":1169.012,"density_per_km2":4676.05,"area_km2":0.25},"geometry":{"type":"Polygon","coordinates":[[[69.22069,41.21367],[69.22665,41.21366],[69.22664,41.20915],[69.22067,41.20916],[69.22069,41.21367]]]}},{"type":"Feature","properties":{"population":1326.957,"density_per_km2":5307.83,"area_km2":0.25},"geometry":{"type":"Polygon","coordinates":[[[69.22665,41.21366],[69.23262,41.21364],[69.2326,41.20914],[69.22664,41.20915],[69.22665,41.21366]]]}},{"type":"Feature","properties":{"population":1716.972,"density_per_km2":6867.89,"area_km2":0.25},"geometry":{"type":"Polygon","coordinates":[[[69.23262,41.21364],[69.23858,41.21363],[69.23856,41.20913],[69.2326,41.20914],[69.23262,41.21364]]]}},{"type":"Feature","properties":{"population":2010.645,"density_per_km2":8042.58,"area_km2":0.25},"geometry":{"type":"Polygon","coordinates":[[[69.23858,41.21363],[69.24454,41.21362],[69.24453,41.20911],[69.23856,41.20913],[69.23858,41.21363]]]}},{"type":"Feature","properties":{"population":1243.911,"density_per_km2":4975.64,"area_km2":0.25},"geometry":{"type":"Polygon","coordinates":[[[69.24454,41.21362],[69.25051,41.21361],[69.25049,41.2091],[69.24453,41.20911],[69.24454,41.21362]]]}},{"type":"Feature","properties":{"population":565.202,"density_per_km2":2260.81,"area_km2":0.25},"geometry":{"type":"Polygon","coordinates":[[[69.25051,41.21361],[69.25647,41.21359],[69.25646,41.20909],[69.25049,41.2091],[69.25051,41.21361]]]}},{"type":"Feature","properties":{"population":515.783,"density_per_km2":2063.13,"area_km2":0.25},"geometry":{"type":"Polygon","coordinates":[[[69.25647,41.21359],[69.26244,41.21358],[69.26242,41.20908],[69.25646,41.20909],[69.25647,41.21359]]]}},{"type":"Feature","properties":{"population":857.844,"density_per_km2":3431.38,"area_km2":0.25},"geometry":{"type":"Polygon","coordinates":[[[69.26244,41.21358],[69.2684,41.21357],[69.26838,41.20906],[69.26242,41.20908],[69.26244,41.21358]]]}},{"type":"Feature","properties":{"population":709.983,"density_per_km2":2839.93,"area_km2":0.25},"geometry":{"type":"Polygon","coordinates":[[[69.2684,41.21357],[69.27437,41.21355],[69.27435,41.20905],[69.26838,41.20906],[69.2684,41.21357]]]}},{"type":"Feature","properties":{"population":775.078,"density_per_km2":3100.31,"area_km2":0.25},"geometry":{"type":"Polygon","coordinates":[[[69.27437,41.21355],[69.28033,41.21354],[69.28031,41.20903],[69.27435,41.20905],[69.27437,41.21355]]]}},{"type":"Feature","properties":{"population":453.705,"density_per_km2":1814.82,"area_km2":0.25},"geometry":{"type":"Polygon","coordinates":[[[69.28033,41.21354],[69.2863,41.21352],[69.28628,41.20902],[69.28031,41.20903],[69.28033,41.21354]]]}},{"type":"Feature","properties":{"population":548.517,"density_per_km2":2194.07,"area_km2":0.25},"geometry":{"type":"Polygon","coordinates":[[[69.2863,41.21352],[69.29226,41.21351],[69.29224,41.209],[69.28628,41.20902],[69.2863,41.21352]]]}},{"type":"Feature","properties":{"population":664.763,"density_per_km2":2659.05,"area_km2":0.25},"geometry":{"type":"Polygon","coordinates":[[[69.29226,41.21351],[69.29822,41.21349],[69.2982,41.20899],[69.29224,41.209],[69.29226,41.21351]]]}},{"type":"Feature","properties":{"population":316.924,"density_per_km2":1267.7,"area_km2":0.25},"geometry":{"type":"Polygon","coordinates":[[[69.29822,41.21349],[69.30419,41.21348],[69.30417,41.20897],[69.2982,41.20899],[69.29822,41.21349]]]}},{"type":"Feature","properties":{"population":114.668,"density_per_km2":458.67,"area_km2":0.25},"geometry":{"type":"Polygon","coordinates":[[[69.30419,41.21348],[69.31015,41.21346],[69.31013,41.20896],[69.30417,41.20897],[69.30419,41.21348]]]}},{"type":"Feature","properties":{"population":161.779,"density_per_km2":647.11,"area_km2":0.25},"geometry":{"type":"Polygon","coordinates":[[[69.31015,41.21346],[69.31612,41.21344],[69.3161,41.20894],[69.31013,41.20896],[69.31015,41.21346]]]}},{"type":"Feature","properties":{"population":196.278,"density_per_km2":785.11,"area_km2":0.25},"geometry":{"type":"Polygon","coordinates":[[[69.31612,41.21344],[69.32208,41.21343],[69.32206,41.20892],[69.3161,41.20894],[69.31612,41.21344]]]}},{"type":"Feature","properties":{"population":164.82,"density_per_km2":659.28,"area_km2":0.25},"geometry":{"type":"Polygon","coordinates":[[[69.32208,41.21343],[69.32805,41.21341],[69.32802,41.20891],[69.32206,41.20892],[69.32208,41.21343]]]}},{"type":"Feature","properties":{"population":739.569,"density_per_km2":2958.28,"area_km2":0.25},"geometry":{"type":"Polygon","coordinates":[[[69.32805,41.21341],[69.33401,41.21339],[69.33399,41.20889],[69.32802,41.20891],[69.32805,41.21341]]]}},{"type":"Feature","properties":{"population":501.321,"density_per_km2":2005.29,"area_km2":0.25},"geometry":{"type":"Polygon","coordinates":[[[69.33401,41.21339],[69.33997,41.21338],[69.33995,41.20887],[69.33399,41.20889],[69.33401,41.21339]]]}},{"type":"Feature","properties":{"population":79.46,"density_per_km2":411.8,"area_km2":0.192957},"geometry":{"type":"Polygon","coordinates":[[[69.33997,41.21338],[69.34594,41.21336],[69.34593,41.21191],[69.3419,41.20887],[69.33995,41.20887],[69.33997,41.21338]]]}},{"type":"Feature","properties":{"population":13.774,"density_per_km2":1049.27,"area_km2":0.013127},"geometry":{"type":"Polygon","coordinates":[[[69.34792,41.21335],[69.34671,41.2125],[69.34593,41.21191],[69.34594,41.21336],[69.34792,41.21335]]]}},{"type":"Feature","properties":{"population":49.978,"density_per_km2":11753.77,"area_km2":0.004252},"geometry":{"type":"Polygon","coordinates":[[[69.17639,41.21765],[69.17544,41.21825],[69.17698,41.21825],[69.17639,41.21765]]]}},{"type":"Feature","properties":{"population":70.582,"density_per_km2":751.67,"area_km2":0.0939},"geometry":{"type":"MultiPolygon","coordinates":[[[[69.1849,41.21373],[69.18271,41.21373],[69.18154,41.21455],[69.18379,41.21664],[69.18382,41.21682],[69.18373,41.21695],[69.18182,41.21824],[69.18491,41.21823],[69.1849,41.21373]]],[[[69.1797,41.21806],[69.17936,41.21824],[69.17986,41.21824],[69.1797,41.21806]]]]}},{"type":"Feature","properties":{"population":1275.483,"density_per_km2":5101.93,"area_km2":0.25},"geometry":{"type":"Polygon","coordinates":[[[69.18491,41.21823],[69.19088,41.21822],[69.19086,41.21372],[69.1849,41.21373],[69.18491,41.21823]]]}},{"type":"Feature","properties":{"population":1035.078,"density_per_km2":4140.31,"area_km2":0.25},"geometry":{"type":"Polygon","coordinates":[[[69.19088,41.21822],[69.19684,41.21821],[69.19683,41.21371],[69.19086,41.21372],[69.19088,41.21822]]]}},{"type":"Feature","properties":{"population":1267.702,"density_per_km2":5070.81,"area_km2":0.25},"geometry":{"type":"Polygon","coordinates":[[[69.19684,41.21821],[69.20281,41.2182],[69.20279,41.2137],[69.19683,41.21371],[69.19684,41.21821]]]}},{"type":"Feature","properties":{"population":1982.068,"density_per_km2":7928.27,"area_km2":0.25},"geometry":{"type":"Polygon","coordinates":[[[69.20281,41.2182],[69.20877,41.21819],[69.20876,41.21369],[69.20279,41.2137],[69.20281,41.2182]]]}},{"type":"Feature","properties":{"population":2073.18,"density_per_km2":8292.72,"area_km2":0.25},"geometry":{"type":"Polygon","coordinates":[[[69.20877,41.21819],[69.21474,41.21818],[69.21472,41.21368],[69.20876,41.21369],[69.20877,41.21819]]]}},{"type":"Feature","properties":{"population":1562.44,"density_per_km2":6249.76,"area_km2":0.25},"geometry":{"type":"Polygon","coordinates":[[[69.21474,41.21818],[69.2207,41.21817],[69.22069,41.21367],[69.21472,41.21368],[69.21474,41.21818]]]}},{"type":"Feature","properties":{"population":1535.53,"density_per_km2":6142.12,"area_km2":0.25},"geometry":{"type":"Polygon","coordinates":[[[69.2207,41.21817],[69.22667,41.21816],[69.22665,41.21366],[69.22069,41.21367],[69.2207,41.21817]]]}},{"type":"Feature","properties":{"population":1339.204,"density_per_km2":5356.82,"area_km2":0.25},"geometry":{"type":"Polygon","coordinates":[[[69.22667,41.21816],[69.23263,41.21815],[69.23262,41.21364],[69.22665,41.21366],[69.22667,41.21816]]]}},{"type":"Feature","properties":{"population":1335.359,"density_per_km2":5341.44,"area_km2":0.25},"geometry":{"type":"Polygon","coordinates":[[[69.23263,41.21815],[69.2386,41.21813],[69.23858,41.21363],[69.23262,41.21364],[69.23263,41.21815]]]}},{"type":"Feature","properties":{"population":1743.918,"density_per_km2":6975.67,"area_km2":0.25},"geometry":{"type":"Polygon","coordinates":[[[69.2386,41.21813],[69.24456,41.21812],[69.24454,41.21362],[69.23858,41.21363],[69.2386,41.21813]]]}},{"type":"Feature","properties":{"population":1697.434,"density_per_km2":6789.74,"area_km2":0.25},"geometry":{"type":"Polygon","coordinates":[[[69.24456,41.21812],[69.25053,41.21811],[69.25051,41.21361],[69.24454,41.21362],[69.24456,41.21812]]]}},{"type":"Feature","properties":{"population":747.783,"density_per_km2":2991.13,"area_km2":0.25},"geometry":{"type":"Polygon","coordinates":[[[69.25053,41.21811],[69.25649,41.2181],[69.25647,41.21359],[69.25051,41.21361],[69.25053,41.21811]]]}},{"type":"Feature","properties":{"population":944.407,"density_per_km2":3777.63,"area_km2":0.25},"geometry":{"type":"Polygon","coordinates":[[[69.25649,41.2181],[69.26246,41.21808],[69.26244,41.21358],[69.25647,41.21359],[69.25649,41.2181]]]}},{"type":"Feature","properties":{"population":1089.586,"density_per_km2":4358.35,"area_km2":0.25},"geometry":{"type":"Polygon","coordinates":[[[69.26246,41.21808],[69.26842,41.21807],[69.2684,41.21357],[69.26244,41.21358],[69.26246,41.21808]]]}},{"type":"Feature","properties":{"population":724.957,"density_per_km2":2899.83,"area_km2":0.25},"geometry":{"type":"Polygon","coordinates":[[[69.26842,41.21807],[69.27439,41.21806],[69.27437,41.21355],[69.2684,41.21357],[69.26842,41.21807]]]}},{"type":"Feature","properties":{"population":738.784,"density_per_km2":2955.14,"area_km2":0.25},"geometry":{"type":"Polygon","coordinates":[[[69.27439,41.21806],[69.28035,41.21804],[69.28033,41.21354],[69.27437,41.21355],[69.27439,41.21806]]]}},{"type":"Feature","properties":{"population":904.202,"density_per_km2":3616.81,"area_km2":0.25},"geometry":{"type":"Polygon","coordinates":[[[69.28035,41.21804],[69.28631,41.21803],[69.2863,41.21352],[69.28033,41.21354],[69.28035,41.21804]]]}},{"type":"Feature","properties":{"population":106.559,"density_per_km2":426.23,"area_km2":0.25},"geometry":{"type":"Polygon","coordinates":[[[69.28631,41.21803],[69.29228,41.21801],[69.29226,41.21351],[69.2863,41.21352],[69.28631,41.21803]]]}},{"type":"Feature","properties":{"population":458.244,"density_per_km2":1832.98,"area_km2":0.25},"geometry":{"type":"Polygon","coordinates":[[[69.29228,41.21801],[69.29824,41.218],[69.29822,41.21349],[69.29226,41.21351],[69.29228,41.21801]]]}},{"type":"Feature","properties":{"population":792.804,"density_per_km2":3171.22,"area_km2":0.25},"geometry":{"type":"Polygon","coordinates":[[[69.29824,41.218],[69.30421,41.21798],[69.30419,41.21348],[69.29822,41.21349],[69.29824,41.218]]]}},{"type":"Feature","properties":{"population":623.984,"density_per_km2":2495.94,"area_km2":0.25},"geometry":{"type":"Polygon","coordinates":[[[69.30421,41.21798],[69.31017,41.21796],[69.31015,41.21346],[69.30419,41.21348],[69.30421,41.21798]]]}},{"type":"Feature","properties":{"population":799.964,"density_per_km2":3199.86,"area_km2":0.25},"geometry":{"type":"Polygon","coordinates":[[[69.31017,41.21796],[69.31614,41.21795],[69.31612,41.21344],[69.31015,41.21346],[69.31017,41.21796]]]}},{"type":"Feature","properties":{"population":908.917,"density_per_km2":3635.67,"area_km2":0.25},"geometry":{"type":"Polygon","coordinates":[[[69.31614,41.21795],[69.3221,41.21793],[69.32208,41.21343],[69.31612,41.21344],[69.31614,41.21795]]]}},{"type":"Feature","properties":{"population":793.775,"density_per_km2":3175.1,"area_km2":0.25},"geometry":{"type":"Polygon","coordinates":[[[69.3221,41.21793],[69.32807,41.21791],[69.32805,41.21341],[69.32208,41.21343],[69.3221,41.21793]]]}},{"type":"Feature","properties":{"population":801.128,"density_per_km2":3204.51,"area_km2":0.25},"geometry":{"type":"Polygon","coordinates":[[[69.32807,41.21791],[69.33403,41.2179],[69.33401,41.21339],[69.32805,41.21341],[69.32807,41.21791]]]}},{"type":"Feature","properties":{"population":755.986,"density_per_km2":3023.94,"area_km2":0.25},"geometry":{"type":"Polygon","coordinates":[[[69.33403,41.2179],[69.34,41.21788],[69.33997,41.21338],[69.33401,41.21339],[69.33403,41.2179]]]}},{"type":"Feature","properties":{"population":589.062,"density_per_km2":2356.25,"area_km2":0.25},"geometry":{"type":"Polygon","coordinates":[[[69.34,41.21788],[69.34596,41.21786],[69.34594,41.21336],[69.33997,41.21338],[69.34,41.21788]]]}},{"type":"Feature","properties":{"population":501.23,"density_per_km2":2538.52,"area_km2":0.197449},"geometry":{"type":"Polygon","coordinates":[[[69.34596,41.21786],[69.35193,41.21784],[69.35192,41.21618],[69.34792,41.21335],[69.34594,41.21336],[69.34596,41.21786]]]}},{"type":"Feature","properties":{"population":35.633,"density_per_km2":1939.01,"area_km2":0.018377},"geometry":{"type":"Polygon","coordinates":[[[69.35434,41.21784],[69.35359,41.21735],[69.35192,41.21618],[69.35193,41.21784],[69.35434,41.21784]]]}},{"type":"Feature","properties":{"population":1506.609,"density_per_km2":9139.55,"area_km2":0.164845},"geometry":{"type":"Polygon","coordinates":[[[69.17895,41.21846],[69.17779,41.21906],[69.17698,41.21825],[69.17544,41.21825],[69.17475,41.21868],[69.17466,41.21874],[69.17456,41.21881],[69.1755,41.22133],[69.17395,41.22167],[69.17404,41.22176],[69.17447,41.22257],[69.17429,41.22274],[69.17428,41.22275],[69.17896,41.22275],[69.17895,41.21846]]]}},{"type":"Feature","properties":{"population":1766.566,"density_per_km2":7298.73,"area_km2":0.242037},"geometry":{"type":"Polygon","coordinates":[[[69.18492,41.22274],[69.18491,41.21823],[69.18182,41.21824],[69.1806,41.21907],[69.17986,41.21824],[69.17936,41.21824],[69.17895,41.21846],[69.17896,41.22275],[69.18492,41.22274]]]}},{"type":"Feature","properties":{"population":1191.725,"density_per_km2":4766.9,"area_km2":0.25},"geometry":{"type":"Polygon","coordinates":[[[69.18492,41.22274],[69.19089,41.22273],[69.19088,41.21822],[69.18491,41.21823],[69.18492,41.22274]]]}},{"type":"Feature","properties":{"population":1009.617,"density_per_km2":4038.47,"area_km2":0.25},"geometry":{"type":"Polygon","coordinates":[[[69.19089,41.22273],[69.19686,41.22272],[69.19684,41.21821],[69.19088,41.21822],[69.19089,41.22273]]]}},{"type":"Feature","properties":{"population":908.159,"density_per_km2":3632.64,"area_km2":0.25},"geometry":{"type":"Polygon","coordinates":[[[69.19686,41.22272],[69.20282,41.22271],[69.20281,41.2182],[69.19684,41.21821],[69.19686,41.22272]]]}},{"type":"Feature","properties":{"population":1729.32,"density_per_km2":6917.28,"area_km2":0.25},"geometry":{"type":"Polygon","coordinates":[[[69.20282,41.22271],[69.20879,41.2227],[69.20877,41.21819],[69.20281,41.2182],[69.20282,41.22271]]]}},{"type":"Feature","properties":{"population":1327.783,"density_per_km2":5311.13,"area_km2":0.25},"geometry":{"type":"Polygon","coordinates":[[[69.20879,41.2227],[69.21475,41.22269],[69.21474,41.21818],[69.20877,41.21819],[69.20879,41.2227]]]}},{"type":"Feature","properties":{"population":1344.312,"density_per_km2":5377.25,"area_km2":0.25},"geometry":{"type":"Polygon","coordinates":[[[69.21475,41.22269],[69.22072,41.22267],[69.2207,41.21817],[69.21474,41.21818],[69.21475,41.22269]]]}},{"type":"Feature","properties":{"population":1354.181,"density_per_km2":5416.72,"area_km2":0.25},"geometry":{"type":"Polygon","coordinates":[[[69.22072,41.22267],[69.22668,41.22266],[69.22667,41.21816],[69.2207,41.21817],[69.22072,41.22267]]]}},{"type":"Feature","properties":{"population":932.603,"density_per_km2":3730.41,"area_km2":0.25},"geometry":{"type":"Polygon","coordinates":[[[69.22668,41.22266],[69.23265,41.22265],[69.23263,41.21815],[69.22667,41.21816],[69.22668,41.22266]]]}},{"type":"Feature","properties":{"population":898.669,"density_per_km2":3594.68,"area_km2":0.25},"geometry":{"type":"Polygon","coordinates":[[[69.23265,41.22265],[69.23861,41.22264],[69.2386,41.21813],[69.23263,41.21815],[69.23265,41.22265]]]}},{"type":"Feature","properties":{"population":914.394,"density_per_km2":3657.58,"area_km2":0.25},"geometry":{"type":"Polygon","coordinates":[[[69.23861,41.22264],[69.24458,41.22263],[69.24456,41.21812],[69.2386,41.21813],[69.23861,41.22264]]]}},{"type":"Feature","properties":{"population":1137.281,"density_per_km2":4549.13,"area_km2":0.25},"geometry":{"type":"Polygon","coordinates":[[[69.24458,41.22263],[69.25054,41.22261],[69.25053,41.21811],[69.24456,41.21812],[69.24458,41.22263]]]}},{"type":"Feature","properties":{"population":679.484,"density_per_km2":2717.94,"area_km2":0.25},"geometry":{"type":"Polygon","coordinates":[[[69.25054,41.22261],[69.25651,41.2226],[69.25649,41.2181],[69.25053,41.21811],[69.25054,41.22261]]]}},{"type":"Feature","properties":{"population":986.665,"density_per_km2":3946.66,"area_km2":0.25},"geometry":{"type":"Polygon","coordinates":[[[69.25651,41.2226],[69.26247,41.22259],[69.26246,41.21808],[69.25649,41.2181],[69.25651,41.2226]]]}},{"type":"Feature","properties":{"population":939.315,"density_per_km2":3757.26,"area_km2":0.25},"geometry":{"type":"Polygon","coordinates":[[[69.26247,41.22259],[69.26844,41.22257],[69.26842,41.21807],[69.26246,41.21808],[69.26247,41.22259]]]}},{"type":"Feature","properties":{"population":544.762,"density_per_km2":2179.05,"area_km2":0.25},"geometry":{"type":"Polygon","coordinates":[[[69.26844,41.22257],[69.2744,41.22256],[69.27439,41.21806],[69.26842,41.21807],[69.26844,41.22257]]]}},{"type":"Feature","properties":{"population":807.678,"density_per_km2":3230.71,"area_km2":0.25},"geometry":{"type":"Polygon","coordinates":[[[69.2744,41.22256],[69.28037,41.22254],[69.28035,41.21804],[69.27439,41.21806],[69.2744,41.22256]]]}},{"type":"Feature","properties":{"population":1040.611,"density_per_km2":4162.45,"area_km2":0.25},"geometry":{"type":"Polygon","coordinates":[[[69.28037,41.22254],[69.28633,41.22253],[69.28631,41.21803],[69.28035,41.21804],[69.28037,41.22254]]]}},{"type":"Feature","properties":{"population":473.123,"density_per_km2":1892.49,"area_km2":0.25},"geometry":{"type":"Polygon","coordinates":[[[69.28633,41.22253],[69.2923,41.22252],[69.29228,41.21801],[69.28631,41.21803],[69.28633,41.22253]]]}},{"type":"Feature","properties":{"population":39.604,"density_per_km2":158.42,"area_km2":0.25},"geometry":{"type":"Polygon","coordinates":[[[69.2923,41.22252],[69.29826,41.2225],[69.29824,41.218],[69.29228,41.21801],[69.2923,41.22252]]]}},{"type":"Feature","properties":{"population":312.488,"density_per_km2":1249.95,"area_km2":0.25},"geometry":{"type":"Polygon","coordinates":[[[69.29826,41.2225],[69.30423,41.22248],[69.30421,41.21798],[69.29824,41.218],[69.29826,41.2225]]]}},{"type":"Feature","properties":{"population":449.714,"density_per_km2":1798.86,"area_km2":0.25},"geometry":{"type":"Polygon","coordinates":[[[69.30423,41.22248],[69.3102,41.22247],[69.31017,41.21796],[69.30421,41.21798],[69.30423,41.22248]]]}},{"type":"Feature","properties":{"population":531.95,"density_per_km2":2127.8,"area_km2":0.25},"geometry":{"type":"Polygon","coordinates":[[[69.3102,41.22247],[69.31616,41.22245],[69.31614,41.21795],[69.31017,41.21796],[69.3102,41.22247]]]}},{"type":"Feature","properties":{"population":855.703,"density_per_km2":3422.81,"area_km2":0.25},"geometry":{"type":"Polygon","coordinates":[[[69.31616,41.22245],[69.32213,41.22244],[69.3221,41.21793],[69.31614,41.21795],[69.31616,41.22245]]]}},{"type":"Feature","properties":{"population":712.027,"density_per_km2":2848.11,"area_km2":0.25},"geometry":{"type":"Polygon","coordinates":[[[69.32213,41.22244],[69.32809,41.22242],[69.32807,41.21791],[69.3221,41.21793],[69.32213,41.22244]]]}},{"type":"Feature","properties":{"population":902.798,"density_per_km2":3611.19,"area_km2":0.25},"geometry":{"type":"Polygon","coordinates":[[[69.32809,41.22242],[69.33406,41.2224],[69.33403,41.2179],[69.32807,41.21791],[69.32809,41.22242]]]}},{"type":"Feature","properties":{"population":848.022,"density_per_km2":3392.09,"area_km2":0.25},"geometry":{"type":"Polygon","coordinates":[[[69.33406,41.2224],[69.34002,41.22238],[69.34,41.21788],[69.33403,41.2179],[69.33406,41.2224]]]}},{"type":"Feature","properties":{"population":696.282,"density_per_km2":2785.13,"area_km2":0.25},"geometry":{"type":"Polygon","coordinates":[[[69.34002,41.22238],[69.34599,41.22237],[69.34596,41.21786],[69.34,41.21788],[69.34002,41.22238]]]}},{"type":"Feature","properties":{"population":340.917,"density_per_km2":1363.67,"area_km2":0.25},"geometry":{"type":"Polygon","coordinates":[[[69.34599,41.22237],[69.35195,41.22235],[69.35193,41.21784],[69.34596,41.21786],[69.34599,41.22237]]]}},{"type":"Feature","properties":{"population":226.399,"density_per_km2":1065.04,"area_km2":0.212573},"geometry":{"type":"Polygon","coordinates":[[[69.35195,41.22235],[69.35792,41.22233],[69.3579,41.22009],[69.35524,41.21841],[69.35434,41.21784],[69.35193,41.21784],[69.35195,41.22235]]]}},{"type":"Feature","properties":{"population":38.107,"density_per_km2":1039.02,"area_km2":0.036675},"geometry":{"type":"Polygon","coordinates":[[[69.36141,41.22232],[69.3594,41.22102],[69.3579,41.22009],[69.35792,41.22233],[69.36141,41.22232]]]}},{"type":"Feature","properties":{"population":179.577,"density_per_km2":12122.84,"area_km2":0.014813},"geometry":{"type":"Polygon","coordinates":[[[69.17227,41.22497],[69.1719,41.2251],[69.17254,41.22546],[69.17194,41.22604],[69.17228,41.22625],[69.17221,41.22636],[69.17289,41.22674],[69.173,41.22678],[69.173,41.22414],[69.17227,41.22497]]]}},{"type":"Feature","properties":{"population":2582.642,"density_per_km2":10790.28,"area_km2":0.239349},"geometry":{"type":"Polygon","coordinates":[[[69.17896,41.22275],[69.17428,41.22275],[69.17313,41.22399],[69.173,41.22414],[69.173,41.22678],[69.17383,41.2271],[69.17387,41.22726],[69.17897,41.22725],[69.17896,41.22275]]]}},{"type":"Feature","properties":{"population":2635.919,"density_per_km2":10543.68,"area_km2":0.25},"geometry":{"type":"Polygon","coordinates":[[[69.17897,41.22725],[69.18494,41.22724],[69.18492,41.22274],[69.17896,41.22275],[69.17897,41.22725]]]}},{"type":"Feature","properties":{"population":1990.926,"density_per_km2":7963.7,"area_km2":0.25},"geometry":{"type":"Polygon","coordinates":[[[69.18494,41.22724],[69.1909,41.22723],[69.19089,41.22273],[69.18492,41.22274],[69.18494,41.22724]]]}},{"type":"Feature","properties":{"population":2654.002,"density_per_km2":10616.01,"area_km2":0.25},"geometry":{"type":"Polygon","coordinates":[[[69.1909,41.22723],[69.19687,41.22722],[69.19686,41.22272],[69.19089,41.22273],[69.1909,41.22723]]]}},{"type":"Feature","properties":{"population":1727.107,"density_per_km2":6908.43,"area_km2":0.25},"geometry":{"type":"Polygon","coordinates":[[[69.19687,41.22722],[69.20283,41.22721],[69.20282,41.22271],[69.19686,41.22272],[69.19687,41.22722]]]}},{"type":"Feature","properties":{"population":1889.169,"density_per_km2":7556.68,"area_km2":0.25},"geometry":{"type":"Polygon","coordinates":[[[69.20283,41.22721],[69.2088,41.2272],[69.20879,41.2227],[69.20282,41.22271],[69.20283,41.22721]]]}},{"type":"Feature","properties":{"population":1355.166,"density_per_km2":5420.67,"area_km2":0.25},"geometry":{"type":"Polygon","coordinates":[[[69.2088,41.2272],[69.21477,41.22719],[69.21475,41.22269],[69.20879,41.2227],[69.2088,41.2272]]]}},{"type":"Feature","properties":{"population":1480.016,"density_per_km2":5920.06,"area_km2":0.25},"geometry":{"type":"Polygon","coordinates":[[[69.21477,41.22719],[69.22073,41.22718],[69.22072,41.22267],[69.21475,41.22269],[69.21477,41.22719]]]}},{"type":"Feature","properties":{"population":1267.384,"density_per_km2":5069.53,"area_km2":0.25},"geometry":{"type":"Polygon","coordinates":[[[69.22073,41.22718],[69.2267,41.22717],[69.22668,41.22266],[69.22072,41.22267],[69.22073,41.22718]]]}},{"type":"Feature","properties":{"population":842.502,"density_per_km2":3370.01,"area_km2":0.25},"geometry":{"type":"Polygon","coordinates":[[[69.2267,41.22717],[69.23266,41.22715],[69.23265,41.22265],[69.22668,41.22266],[69.2267,41.22717]]]}},{"type":"Feature","properties":{"population":812.446,"density_per_km2":3249.78,"area_km2":0.25},"geometry":{"type":"Polygon","coordinates":[[[69.23266,41.22715],[69.23863,41.22714],[69.23861,41.22264],[69.23265,41.22265],[69.23266,41.22715]]]}},{"type":"Feature","properties":{"population":917.946,"density_per_km2":3671.79,"area_km2":0.25},"geometry":{"type":"Polygon","coordinates":[[[69.23863,41.22714],[69.24459,41.22713],[69.24458,41.22263],[69.23861,41.22264],[69.23863,41.22714]]]}},{"type":"Feature","properties":{"population":1149.629,"density_per_km2":4598.52,"area_km2":0.25},"geometry":{"type":"Polygon","coordinates":[[[69.24459,41.22713],[69.25056,41.22712],[69.25054,41.22261],[69.24458,41.22263],[69.24459,41.22713]]]}},{"type":"Feature","properties":{"population":321.791,"density_per_km2":1287.16,"area_km2":0.25},"geometry":{"type":"Polygon","coordinates":[[[69.25056,41.22712],[69.25653,41.2271],[69.25651,41.2226],[69.25054,41.22261],[69.25056,41.22712]]]}},{"type":"Feature","properties":{"population":660.621,"density_per_km2":2642.48,"area_km2":0.25},"geometry":{"type":"Polygon","coordinates":[[[69.25653,41.2271],[69.26249,41.22709],[69.26247,41.22259],[69.25651,41.2226],[69.25653,41.2271]]]}},{"type":"Feature","properties":{"population":1033.406,"density_per_km2":4133.62,"area_km2":0.25},"geometry":{"type":"Polygon","coordinates":[[[69.26249,41.22709],[69.26846,41.22708],[69.26844,41.22257],[69.26247,41.22259],[69.26249,41.22709]]]}},{"type":"Feature","properties":{"population":826.705,"density_per_km2":3306.82,"area_km2":0.25},"geometry":{"type":"Polygon","coordinates":[[[69.26846,41.22708],[69.27442,41.22706],[69.2744,41.22256],[69.26844,41.22257],[69.26846,41.22708]]]}},{"type":"Feature","properties":{"population":812.666,"density_per_km2":3250.66,"area_km2":0.25},"geometry":{"type":"Polygon","coordinates":[[[69.27442,41.22706],[69.28039,41.22705],[69.28037,41.22254],[69.2744,41.22256],[69.27442,41.22706]]]}},{"type":"Feature","properties":{"population":989.842,"density_per_km2":3959.37,"area_km2":0.25},"geometry":{"type":"Polygon","coordinates":[[[69.28039,41.22705],[69.28635,41.22703],[69.28633,41.22253],[69.28037,41.22254],[69.28039,41.22705]]]}},{"type":"Feature","properties":{"population":848.164,"density_per_km2":3392.66,"area_km2":0.25},"geometry":{"type":"Polygon","coordinates":[[[69.28635,41.22703],[69.29232,41.22702],[69.2923,41.22252],[69.28633,41.22253],[69.28635,41.22703]]]}},{"type":"Feature","properties":{"population":473.014,"density_per_km2":1892.05,"area_km2":0.25},"geometry":{"type":"Polygon","coordinates":[[[69.29232,41.22702],[69.29829,41.227],[69.29826,41.2225],[69.2923,41.22252],[69.29232,41.22702]]]}},{"type":"Feature","properties":{"population":86.457,"density_per_km2":345.83,"area_km2":0.25},"geometry":{"type":"Polygon","coordinates":[[[69.29829,41.227],[69.30425,41.22699],[69.30423,41.22248],[69.29826,41.2225],[69.29829,41.227]]]}},{"type":"Feature","properties":{"population":107.349,"density_per_km2":429.4,"area_km2":0.25},"geometry":{"type":"Polygon","coordinates":[[[69.30425,41.22699],[69.31022,41.22697],[69.3102,41.22247],[69.30423,41.22248],[69.30425,41.22699]]]}},{"type":"Feature","properties":{"population":356.927,"density_per_km2":1427.71,"area_km2":0.25},"geometry":{"type":"Polygon","coordinates":[[[69.31022,41.22697],[69.31618,41.22696],[69.31616,41.22245],[69.3102,41.22247],[69.31022,41.22697]]]}},{"type":"Feature","properties":{"population":666.244,"density_per_km2":2664.98,"area_km2":0.25},"geometry":{"type":"Polygon","coordinates":[[[69.31618,41.22696],[69.32215,41.22694],[69.32213,41.22244],[69.31616,41.22245],[69.31618,41.22696]]]}},{"type":"Feature","properties":{"population":599.635,"density_per_km2":2398.54,"area_km2":0.25},"geometry":{"type":"Polygon","coordinates":[[[69.32215,41.22694],[69.32811,41.22692],[69.32809,41.22242],[69.32213,41.22244],[69.32215,41.22694]]]}},{"type":"Feature","properties":{"population":777.971,"density_per_km2":3111.88,"area_km2":0.25},"geometry":{"type":"Polygon","coordinates":[[[69.32811,41.22692],[69.33408,41.22691],[69.33406,41.2224],[69.32809,41.22242],[69.32811,41.22692]]]}},{"type":"Feature","properties":{"population":749.504,"density_per_km2":2998.02,"area_km2":0.25},"geometry":{"type":"Polygon","coordinates":[[[69.33408,41.22691],[69.34004,41.22689],[69.34002,41.22238],[69.33406,41.2224],[69.33408,41.22691]]]}},{"type":"Feature","properties":{"population":626.485,"density_per_km2":2505.94,"area_km2":0.25},"geometry":{"type":"Polygon","coordinates":[[[69.34004,41.22689],[69.34601,41.22687],[69.34599,41.22237],[69.34002,41.22238],[69.34004,41.22689]]]}},{"type":"Feature","properties":{"population":156.856,"density_per_km2":627.42,"area_km2":0.25},"geometry":{"type":"Polygon","coordinates":[[[69.34601,41.22687],[69.35198,41.22685],[69.35195,41.22235],[69.34599,41.22237],[69.34601,41.22687]]]}},{"type":"Feature","properties":{"population":90.497,"density_per_km2":361.99,"area_km2":0.25},"geometry":{"type":"Polygon","coordinates":[[[69.35198,41.22685],[69.35794,41.22683],[69.35792,41.22233],[69.35195,41.22235],[69.35198,41.22685]]]}},{"type":"Feature","properties":{"population":458.05,"density_per_km2":1978.95,"area_km2":0.231461},"geometry":{"type":"Polygon","coordinates":[[[69.35794,41.22683],[69.36391,41.22681],[69.36389,41.22392],[69.36141,41.22232],[69.35792,41.22233],[69.35794,41.22683]]]}},{"type":"Feature","properties":{"population":181.222,"density_per_km2":3027.83,"area_km2":0.059852},"geometry":{"type":"Polygon","coordinates":[[[69.36835,41.2268],[69.36629,41.22547],[69.36389,41.22392],[69.36391,41.22681],[69.36835,41.2268]]]}},{"type":"Feature","properties":{"population":183.23,"density_per_km2":16303.83,"area_km2":0.011238},"geometry":{"type":"Polygon","coordinates":[[[69.17301,41.22999],[69.17267,41.23048],[69.17253,41.23064],[69.17237,41.23084],[69.17205,41.23124],[69.17162,41.23177],[69.17302,41.23176],[69.17301,41.22999]]]}},{"type":"Feature","properties":{"population":2097.004,"density_per_km2":9063.49,"area_km2":0.231368},"geometry":{"type":"Polygon","coordinates":[[[69.17898,41.23175],[69.17897,41.22725],[69.17387,41.22726],[69.17411,41.22832],[69.17359,41.22919],[69.17301,41.22999],[69.17302,41.23176],[69.17898,41.23175]]]}},{"type":"Feature","properties":{"population":2392.245,"density_per_km2":9568.98,"area_km2":0.25},"geometry":{"type":"Polygon","coordinates":[[[69.17898,41.23175],[69.18495,41.23175],[69.18494,41.22724],[69.17897,41.22725],[69.17898,41.23175]]]}},{"type":"Feature","properties":{"population":2121.956,"density_per_km2":8487.83,"area_km2":0.25},"geometry":{"type":"Polygon","coordinates":[[[69.18495,41.23175],[69.19092,41.23174],[69.1909,41.22723],[69.18494,41.22724],[69.18495,41.23175]]]}},{"type":"Feature","properties":{"population":1693.703,"density_per_km2":6774.81,"area_km2":0.25},"geometry":{"type":"Polygon","coordinates":[[[69.19092,41.23174],[69.19688,41.23173],[69.19687,41.22722],[69.1909,41.22723],[69.19092,41.23174]]]}},{"type":"Feature","properties":{"population":2463.312,"density_per_km2":9853.25,"area_km2":0.25},"geometry":{"type":"Polygon","coordinates":[[[69.19688,41.23173],[69.20285,41.23172],[69.20283,41.22721],[69.19687,41.22722],[69.19688,41.23173]]]}},{"type":"Feature","properties":{"population":1205.478,"density_per_km2":4821.91,"area_km2":0.25},"geometry":{"type":"Polygon","coordinates":[[[69.20285,41.23172],[69.20881,41.2317],[69.2088,41.2272],[69.20283,41.22721],[69.20285,41.23172]]]}},{"type":"Feature","properties":{"population":698.302,"density_per_km2":2793.21,"area_km2":0.25},"geometry":{"type":"Polygon","coordinates":[[[69.20881,41.2317],[69.21478,41.23169],[69.21477,41.22719],[69.2088,41.2272],[69.20881,41.2317]]]}},{"type":"Feature","properties":{"population":705.057,"density_per_km2":2820.23,"area_km2":0.25},"geometry":{"type":"Polygon","coordinates":[[[69.21478,41.23169],[69.22075,41.23168],[69.22073,41.22718],[69.21477,41.22719],[69.21478,41.23169]]]}},{"type":"Feature","properties":{"population":899.762,"density_per_km2":3599.05,"area_km2":0.25},"geometry":{"type":"Polygon","coordinates":[[[69.22075,41.23168],[69.22671,41.23167],[69.2267,41.22717],[69.22073,41.22718],[69.22075,41.23168]]]}},{"type":"Feature","properties":{"population":737.737,"density_per_km2":2950.95,"area_km2":0.25},"geometry":{"type":"Polygon","coordinates":[[[69.22671,41.23167],[69.23268,41.23166],[69.23266,41.22715],[69.2267,41.22717],[69.22671,41.23167]]]}},{"type":"Feature","properties":{"population":756.225,"density_per_km2":3024.9,"area_km2":0.25},"geometry":{"type":"Polygon","coordinates":[[[69.23268,41.23166],[69.23865,41.23165],[69.23863,41.22714],[69.23266,41.22715],[69.23268,41.23166]]]}},{"type":"Feature","properties":{"population":1031.952,"density_per_km2":4127.81,"area_km2":0.25},"geometry":{"type":"Polygon","coordinates":[[[69.23865,41.23165],[69.24461,41.23163],[69.24459,41.22713],[69.23863,41.22714],[69.23865,41.23165]]]}},{"type":"Feature","properties":{"population":886.514,"density_per_km2":3546.05,"area_km2":0.25},"geometry":{"type":"Polygon","coordinates":[[[69.24461,41.23163],[69.25058,41.23162],[69.25056,41.22712],[69.24459,41.22713],[69.24461,41.23163]]]}},{"type":"Feature","properties":{"population":429.979,"density_per_km2":1719.92,"area_km2":0.25},"geometry":{"type":"Polygon","coordinates":[[[69.25058,41.23162],[69.25654,41.23161],[69.25653,41.2271],[69.25056,41.22712],[69.25058,41.23162]]]}},{"type":"Feature","properties":{"population":92.222,"density_per_km2":368.89,"area_km2":0.25},"geometry":{"type":"Polygon","coordinates":[[[69.25654,41.23161],[69.26251,41.23159],[69.26249,41.22709],[69.25653,41.2271],[69.25654,41.23161]]]}},{"type":"Feature","properties":{"population":723.363,"density_per_km2":2893.45,"area_km2":0.25},"geometry":{"type":"Polygon","coordinates":[[[69.26251,41.23159],[69.26848,41.23158],[69.26846,41.22708],[69.26249,41.22709],[69.26251,41.23159]]]}},{"type":"Feature","properties":{"population":1085.641,"density_per_km2":4342.56,"area_km2":0.25},"geometry":{"type":"Polygon","coordinates":[[[69.26848,41.23158],[69.27444,41.23157],[69.27442,41.22706],[69.26846,41.22708],[69.26848,41.23158]]]}},{"type":"Feature","properties":{"population":1063.928,"density_per_km2":4255.71,"area_km2":0.25},"geometry":{"type":"Polygon","coordinates":[[[69.27444,41.23157],[69.28041,41.23155],[69.28039,41.22705],[69.27442,41.22706],[69.27444,41.23157]]]}},{"type":"Feature","properties":{"population":954.852,"density_per_km2":3819.41,"area_km2":0.25},"geometry":{"type":"Polygon","coordinates":[[[69.28041,41.23155],[69.28637,41.23154],[69.28635,41.22703],[69.28039,41.22705],[69.28041,41.23155]]]}},{"type":"Feature","properties":{"population":974.602,"density_per_km2":3898.41,"area_km2":0.25},"geometry":{"type":"Polygon","coordinates":[[[69.28637,41.23154],[69.29234,41.23152],[69.29232,41.22702],[69.28635,41.22703],[69.28637,41.23154]]]}},{"type":"Feature","properties":{"population":867.327,"density_per_km2":3469.31,"area_km2":0.25},"geometry":{"type":"Polygon","coordinates":[[[69.29234,41.23152],[69.29831,41.23151],[69.29829,41.227],[69.29232,41.22702],[69.29234,41.23152]]]}},{"type":"Feature","properties":{"population":943.923,"density_per_km2":3775.69,"area_km2":0.25},"geometry":{"type":"Polygon","coordinates":[[[69.29831,41.23151],[69.30427,41.23149],[69.30425,41.22699],[69.29829,41.227],[69.29831,41.23151]]]}},{"type":"Feature","properties":{"population":687.041,"density_per_km2":2748.17,"area_km2":0.25},"geometry":{"type":"Polygon","coordinates":[[[69.30427,41.23149],[69.31024,41.23148],[69.31022,41.22697],[69.30425,41.22699],[69.30427,41.23149]]]}},{"type":"Feature","properties":{"population":348.152,"density_per_km2":1392.61,"area_km2":0.25},"geometry":{"type":"Polygon","coordinates":[[[69.31024,41.23148],[69.3162,41.23146],[69.31618,41.22696],[69.31022,41.22697],[69.31024,41.23148]]]}},{"type":"Feature","properties":{"population":538.646,"density_per_km2":2154.58,"area_km2":0.25},"geometry":{"type":"Polygon","coordinates":[[[69.3162,41.23146],[69.32217,41.23144],[69.32215,41.22694],[69.31618,41.22696],[69.3162,41.23146]]]}},{"type":"Feature","properties":{"population":620.031,"density_per_km2":2480.12,"area_km2":0.25},"geometry":{"type":"Polygon","coordinates":[[[69.32217,41.23144],[69.32814,41.23143],[69.32811,41.22692],[69.32215,41.22694],[69.32217,41.23144]]]}},{"type":"Feature","properties":{"population":985.724,"density_per_km2":3942.9,"area_km2":0.25},"geometry":{"type":"Polygon","coordinates":[[[69.32814,41.23143],[69.3341,41.23141],[69.33408,41.22691],[69.32811,41.22692],[69.32814,41.23143]]]}},{"type":"Feature","properties":{"population":1083.92,"density_per_km2":4335.68,"area_km2":0.25},"geometry":{"type":"Polygon","coordinates":[[[69.3341,41.23141],[69.34007,41.23139],[69.34004,41.22689],[69.33408,41.22691],[69.3341,41.23141]]]}},{"type":"Feature","properties":{"population":644.156,"density_per_km2":2576.62,"area_km2":0.25},"geometry":{"type":"Polygon","coordinates":[[[69.34007,41.23139],[69.34603,41.23137],[69.34601,41.22687],[69.34004,41.22689],[69.34007,41.23139]]]}},{"type":"Feature","properties":{"population":342.309,"density_per_km2":1369.24,"area_km2":0.25},"geometry":{"type":"Polygon","coordinates":[[[69.34603,41.23137],[69.352,41.23136],[69.35198,41.22685],[69.34601,41.22687],[69.34603,41.23137]]]}},{"type":"Feature","properties":{"population":278.533,"density_per_km2":1114.13,"area_km2":0.25},"geometry":{"type":"Polygon","coordinates":[[[69.352,41.23136],[69.35797,41.23134],[69.35794,41.22683],[69.35198,41.22685],[69.352,41.23136]]]}},{"type":"Feature","properties":{"population":592.624,"density_per_km2":2370.5,"area_km2":0.25},"geometry":{"type":"Polygon","coordinates":[[[69.35797,41.23134],[69.36393,41.23132],[69.36391,41.22681],[69.35794,41.22683],[69.35797,41.23134]]]}},{"type":"Feature","properties":{"population":1011.091,"density_per_km2":4162.58,"area_km2":0.2429},"geometry":{"type":"Polygon","coordinates":[[[69.36393,41.23132],[69.3699,41.2313],[69.36988,41.2278],[69.36835,41.2268],[69.36391,41.22681],[69.36393,41.23132]]]}},{"type":"Feature","properties":{"population":380.027,"density_per_km2":4351.09,"area_km2":0.087341},"geometry":{"type":"Polygon","coordinates":[[[69.37525,41.23128],[69.36988,41.2278],[69.3699,41.2313],[69.37525,41.23128]]]}},{"type":"Feature","properties":{"population":42.294,"density_per_km2":5678.08,"area_km2":0.007449},"geometry":{"type":"Polygon","coordinates":[[[69.16706,41.23536],[69.16693,41.23538],[69.16675,41.23542],[69.16645,41.2355],[69.16573,41.23628],[69.16706,41.23628],[69.16706,41.23536]]]}},{"type":"Feature","properties":{"population":1892.634,"density_per_km2":12575.12,"area_km2":0.150506},"geometry":{"type":"Polygon","coordinates":[[[69.17303,41.23627],[69.17302,41.23176],[69.17162,41.23177],[69.17139,41.23204],[69.17079,41.23277],[69.17071,41.23287],[69.17061,41.233],[69.16998,41.23376],[69.16935,41.23453],[69.16916,41.23463],[69.16884,41.23486],[69.16858,41.23501],[69.16854,41.23503],[69.16848,41.23506],[69.16835,41.23511],[69.16813,41.23517],[69.16792,41.23521],[69.16747,41.23529],[69.16706,41.23536],[69.16706,41.23628],[69.17303,41.23627]]]}},{"type":"Feature","properties":{"population":2204.591,"density_per_km2":8818.36,"area_km2":0.25},"geometry":{"type":"Polygon","coordinates":[[[69.17303,41.23627],[69.179,41.23626],[69.17898,41.23175],[69.17302,41.23176],[69.17303,41.23627]]]}},{"type":"Feature","properties":{"population":1958.385,"density_per_km2":7833.54,"area_km2":0.25},"geometry":{"type":"Polygon","coordinates":[[[69.179,41.23626],[69.18496,41.23625],[69.18495,41.23175],[69.17898,41.23175],[69.179,41.23626]]]}},{"type":"Feature","properties":{"population":2215.935,"density_per_km2":8863.74,"area_km2":0.25},"geometry":{"type":"Polygon","coordinates":[[[69.18496,41.23625],[69.19093,41.23624],[69.19092,41.23174],[69.18495,41.23175],[69.18496,41.23625]]]}},{"type":"Feature","properties":{"population":1840.7,"density_per_km2":7362.8,"area_km2":0.25},"geometry":{"type":"Polygon","coordinates":[[[69.19093,41.23624],[69.1969,41.23623],[69.19688,41.23173],[69.19092,41.23174],[69.19093,41.23624]]]}},{"type":"Feature","properties":{"population":1355.866,"density_per_km2":5423.46,"area_km2":0.25},"geometry":{"type":"Polygon","coordinates":[[[69.1969,41.23623],[69.20286,41.23622],[69.20285,41.23172],[69.19688,41.23173],[69.1969,41.23623]]]}},{"type":"Feature","properties":{"population":1195.134,"density_per_km2":4780.54,"area_km2":0.25},"geometry":{"type":"Polygon","coordinates":[[[69.20286,41.23622],[69.20883,41.23621],[69.20881,41.2317],[69.20285,41.23172],[69.20286,41.23622]]]}},{"type":"Feature","properties":{"population":450.043,"density_per_km2":1800.17,"area_km2":0.25},"geometry":{"type":"Polygon","coordinates":[[[69.20883,41.23621],[69.2148,41.2362],[69.21478,41.23169],[69.20881,41.2317],[69.20883,41.23621]]]}},{"type":"Feature","properties":{"population":857.105,"density_per_km2":3428.42,"area_km2":0.25},"geometry":{"type":"Polygon","coordinates":[[[69.2148,41.2362],[69.22076,41.23619],[69.22075,41.23168],[69.21478,41.23169],[69.2148,41.2362]]]}},{"type":"Feature","properties":{"population":897.277,"density_per_km2":3589.11,"area_km2":0.25},"geometry":{"type":"Polygon","coordinates":[[[69.22076,41.23619],[69.22673,41.23617],[69.22671,41.23167],[69.22075,41.23168],[69.22076,41.23619]]]}},{"type":"Feature","properties":{"population":870.087,"density_per_km2":3480.35,"area_km2":0.25},"geometry":{"type":"Polygon","coordinates":[[[69.22673,41.23617],[69.2327,41.23616],[69.23268,41.23166],[69.22671,41.23167],[69.22673,41.23617]]]}},{"type":"Feature","properties":{"population":603.941,"density_per_km2":2415.77,"area_km2":0.25},"geometry":{"type":"Polygon","coordinates":[[[69.2327,41.23616],[69.23866,41.23615],[69.23865,41.23165],[69.23268,41.23166],[69.2327,41.23616]]]}},{"type":"Feature","properties":{"population":565.146,"density_per_km2":2260.58,"area_km2":0.25},"geometry":{"type":"Polygon","coordinates":[[[69.23866,41.23615],[69.24463,41.23614],[69.24461,41.23163],[69.23865,41.23165],[69.23866,41.23615]]]}},{"type":"Feature","properties":{"population":561.307,"density_per_km2":2245.23,"area_km2":0.25},"geometry":{"type":"Polygon","coordinates":[[[69.24463,41.23614],[69.25059,41.23613],[69.25058,41.23162],[69.24461,41.23163],[69.24463,41.23614]]]}},{"type":"Feature","properties":{"population":786.947,"density_per_km2":3147.79,"area_km2":0.25},"geometry":{"type":"Polygon","coordinates":[[[69.25059,41.23613],[69.25656,41.23611],[69.25654,41.23161],[69.25058,41.23162],[69.25059,41.23613]]]}},{"type":"Feature","properties":{"population":696.47,"density_per_km2":2785.88,"area_km2":0.25},"geometry":{"type":"Polygon","coordinates":[[[69.25656,41.23611],[69.26253,41.2361],[69.26251,41.23159],[69.25654,41.23161],[69.25656,41.23611]]]}},{"type":"Feature","properties":{"population":815.115,"density_per_km2":3260.46,"area_km2":0.25},"geometry":{"type":"Polygon","coordinates":[[[69.26253,41.2361],[69.26849,41.23608],[69.26848,41.23158],[69.26251,41.23159],[69.26253,41.2361]]]}},{"type":"Feature","properties":{"population":949.945,"density_per_km2":3799.78,"area_km2":0.25},"geometry":{"type":"Polygon","coordinates":[[[69.26849,41.23608],[69.27446,41.23607],[69.27444,41.23157],[69.26848,41.23158],[69.26849,41.23608]]]}},{"type":"Feature","properties":{"population":945.62,"density_per_km2":3782.48,"area_km2":0.25},"geometry":{"type":"Polygon","coordinates":[[[69.27446,41.23607],[69.28043,41.23606],[69.28041,41.23155],[69.27444,41.23157],[69.27446,41.23607]]]}},{"type":"Feature","properties":{"population":418.294,"density_per_km2":1673.17,"area_km2":0.25},"geometry":{"type":"Polygon","coordinates":[[[69.28043,41.23606],[69.28639,41.23604],[69.28637,41.23154],[69.28041,41.23155],[69.28043,41.23606]]]}},{"type":"Feature","properties":{"population":667.066,"density_per_km2":2668.26,"area_km2":0.25},"geometry":{"type":"Polygon","coordinates":[[[69.28639,41.23604],[69.29236,41.23603],[69.29234,41.23152],[69.28637,41.23154],[69.28639,41.23604]]]}},{"type":"Feature","properties":{"population":211.431,"density_per_km2":845.72,"area_km2":0.25},"geometry":{"type":"Polygon","coordinates":[[[69.29236,41.23603],[69.29833,41.23601],[69.29831,41.23151],[69.29234,41.23152],[69.29236,41.23603]]]}},{"type":"Feature","properties":{"population":268.05,"density_per_km2":1072.2,"area_km2":0.25},"geometry":{"type":"Polygon","coordinates":[[[69.29833,41.23601],[69.30429,41.236],[69.30427,41.23149],[69.29831,41.23151],[69.29833,41.23601]]]}},{"type":"Feature","properties":{"population":878.837,"density_per_km2":3515.35,"area_km2":0.25},"geometry":{"type":"Polygon","coordinates":[[[69.30429,41.236],[69.31026,41.23598],[69.31024,41.23148],[69.30427,41.23149],[69.30429,41.236]]]}},{"type":"Feature","properties":{"population":595.614,"density_per_km2":2382.45,"area_km2":0.25},"geometry":{"type":"Polygon","coordinates":[[[69.31026,41.23598],[69.31623,41.23596],[69.3162,41.23146],[69.31024,41.23148],[69.31026,41.23598]]]}},{"type":"Feature","properties":{"population":890.529,"density_per_km2":3562.12,"area_km2":0.25},"geometry":{"type":"Polygon","coordinates":[[[69.31623,41.23596],[69.32219,41.23595],[69.32217,41.23144],[69.3162,41.23146],[69.31623,41.23596]]]}},{"type":"Feature","properties":{"population":462.667,"density_per_km2":1850.67,"area_km2":0.25},"geometry":{"type":"Polygon","coordinates":[[[69.32219,41.23595],[69.32816,41.23593],[69.32814,41.23143],[69.32217,41.23144],[69.32219,41.23595]]]}},{"type":"Feature","properties":{"population":635.355,"density_per_km2":2541.42,"area_km2":0.25},"geometry":{"type":"Polygon","coordinates":[[[69.32816,41.23593],[69.33412,41.23591],[69.3341,41.23141],[69.32814,41.23143],[69.32816,41.23593]]]}},{"type":"Feature","properties":{"population":817.872,"density_per_km2":3271.49,"area_km2":0.25},"geometry":{"type":"Polygon","coordinates":[[[69.33412,41.23591],[69.34009,41.2359],[69.34007,41.23139],[69.3341,41.23141],[69.33412,41.23591]]]}},{"type":"Feature","properties":{"population":824.589,"density_per_km2":3298.35,"area_km2":0.25},"geometry":{"type":"Polygon","coordinates":[[[69.34009,41.2359],[69.34606,41.23588],[69.34603,41.23137],[69.34007,41.23139],[69.34009,41.2359]]]}},{"type":"Feature","properties":{"population":772.206,"density_per_km2":3088.82,"area_km2":0.25},"geometry":{"type":"Polygon","coordinates":[[[69.34606,41.23588],[69.35202,41.23586],[69.352,41.23136],[69.34603,41.23137],[69.34606,41.23588]]]}},{"type":"Feature","properties":{"population":737.953,"density_per_km2":2951.81,"area_km2":0.25},"geometry":{"type":"Polygon","coordinates":[[[69.35202,41.23586],[69.35799,41.23584],[69.35797,41.23134],[69.352,41.23136],[69.35202,41.23586]]]}},{"type":"Feature","properties":{"population":641.858,"density_per_km2":2567.43,"area_km2":0.25},"geometry":{"type":"Polygon","coordinates":[[[69.35799,41.23584],[69.36396,41.23582],[69.36393,41.23132],[69.35797,41.23134],[69.35799,41.23584]]]}},{"type":"Feature","properties":{"population":709.609,"density_per_km2":2838.43,"area_km2":0.25},"geometry":{"type":"Polygon","coordinates":[[[69.36396,41.23582],[69.36992,41.2358],[69.3699,41.2313],[69.36393,41.23132],[69.36396,41.23582]]]}},{"type":"Feature","properties":{"population":757.604,"density_per_km2":3044.16,"area_km2":0.248872},"geometry":{"type":"Polygon","coordinates":[[[69.36992,41.2358],[69.37589,41.23578],[69.37587,41.23168],[69.37525,41.23128],[69.3699,41.2313],[69.36992,41.2358]]]}},{"type":"Feature","properties":{"population":474.161,"density_per_km2":3969.25,"area_km2":0.119459},"geometry":{"type":"Polygon","coordinates":[[[69.38186,41.23576],[69.38185,41.23557],[69.37989,41.23429],[69.37587,41.23168],[69.37589,41.23578],[69.38186,41.23576]]]}},{"type":"Feature","properties":{"population":159.296,"density_per_km2":3860.24,"area_km2":0.041266},"geometry":{"type":"MultiPolygon","coordinates":[[[[69.16707,41.24031],[69.16691,41.24078],[69.16707,41.24078],[69.16707,41.24031]]],[[[69.16706,41.23628],[69.16573,41.23628],[69.16542,41.23661],[69.16546,41.2367],[69.1655,41.23679],[69.16554,41.23688],[69.16556,41.23698],[69.16559,41.23737],[69.16563,41.23792],[69.16564,41.23801],[69.16565,41.23815],[69.16566,41.23823],[69.16568,41.23831],[69.1657,41.2384],[69.16573,41.23849],[69.16576,41.23857],[69.16581,41.23865],[69.16586,41.23872],[69.16592,41.2388],[69.16598,41.23887],[69.16604,41.23894],[69.16644,41.23931],[69.16649,41.23936],[69.16654,41.23941],[69.16657,41.23945],[69.16661,41.2395],[69.16664,41.23953],[69.16666,41.23957],[69.16668,41.2396],[69.1667,41.23963],[69.16679,41.23984],[69.16707,41.24031],[69.16706,41.23628]]]]}},{"type":"Feature","properties":{"population":2495.775,"density_per_km2":9983.1,"area_km2":0.25},"geometry":{"type":"Polygon","coordinates":[[[69.16707,41.24078],[69.17304,41.24077],[69.17303,41.23627],[69.16706,41.23628],[69.16707,41.24078]]]}},{"type":"Feature","properties":{"population":1597.292,"density_per_km2":6389.17,"area_km2":0.25},"geometry":{"type":"Polygon","coordinates":[[[69.17304,41.24077],[69.17901,41.24076],[69.179,41.23626],[69.17303,41.23627],[69.17304,41.24077]]]}},{"type":"Feature","properties":{"population":1632.828,"density_per_km2":6531.31,"area_km2":0.25},"geometry":{"type":"Polygon","coordinates":[[[69.17901,41.24076],[69.18498,41.24075],[69.18496,41.23625],[69.179,41.23626],[69.17901,41.24076]]]}},{"type":"Feature","properties":{"population":2350.142,"density_per_km2":9400.57,"area_km2":0.25},"geometry":{"type":"Polygon","coordinates":[[[69.18498,41.24075],[69.19094,41.24074],[69.19093,41.23624],[69.18496,41.23625],[69.18498,41.24075]]]}},{"type":"Feature","properties":{"population":2283.103,"density_per_km2":9132.41,"area_km2":0.25},"geometry":{"type":"Polygon","coordinates":[[[69.19094,41.24074],[69.19691,41.24073],[69.1969,41.23623],[69.19093,41.23624],[69.19094,41.24074]]]}},{"type":"Feature","properties":{"population":1294.19,"density_per_km2":5176.76,"area_km2":0.25},"geometry":{"type":"Polygon","coordinates":[[[69.19691,41.24073],[69.20288,41.24072],[69.20286,41.23622],[69.1969,41.23623],[69.19691,41.24073]]]}},{"type":"Feature","properties":{"population":1632.8,"density_per_km2":6531.2,"area_km2":0.25},"geometry":{"type":"Polygon","coordinates":[[[69.20288,41.24072],[69.20884,41.24071],[69.20883,41.23621],[69.20286,41.23622],[69.20288,41.24072]]]}},{"type":"Feature","properties":{"population":924.672,"density_per_km2":3698.69,"area_km2":0.25},"geometry":{"type":"Polygon","coordinates":[[[69.20884,41.24071],[69.21481,41.2407],[69.2148,41.2362],[69.20883,41.23621],[69.20884,41.24071]]]}},{"type":"Feature","properties":{"population":900.545,"density_per_km2":3602.18,"area_km2":0.25},"geometry":{"type":"Polygon","coordinates":[[[69.21481,41.2407],[69.22078,41.24069],[69.22076,41.23619],[69.2148,41.2362],[69.21481,41.2407]]]}},{"type":"Feature","properties":{"population":1124.062,"density_per_km2":4496.25,"area_km2":0.25},"geometry":{"type":"Polygon","coordinates":[[[69.22078,41.24069],[69.22674,41.24068],[69.22673,41.23617],[69.22076,41.23619],[69.22078,41.24069]]]}},{"type":"Feature","properties":{"population":1209.477,"density_per_km2":4837.91,"area_km2":0.25},"geometry":{"type":"Polygon","coordinates":[[[69.22674,41.24068],[69.23271,41.24067],[69.2327,41.23616],[69.22673,41.23617],[69.22674,41.24068]]]}},{"type":"Feature","properties":{"population":1172.902,"density_per_km2":4691.61,"area_km2":0.25},"geometry":{"type":"Polygon","coordinates":[[[69.23271,41.24067],[69.23868,41.24065],[69.23866,41.23615],[69.2327,41.23616],[69.23271,41.24067]]]}},{"type":"Feature","properties":{"population":461.203,"density_per_km2":1844.81,"area_km2":0.25},"geometry":{"type":"Polygon","coordinates":[[[69.23868,41.24065],[69.24464,41.24064],[69.24463,41.23614],[69.23866,41.23615],[69.23868,41.24065]]]}},{"type":"Feature","properties":{"population":637.567,"density_per_km2":2550.27,"area_km2":0.25},"geometry":{"type":"Polygon","coordinates":[[[69.24464,41.24064],[69.25061,41.24063],[69.25059,41.23613],[69.24463,41.23614],[69.24464,41.24064]]]}},{"type":"Feature","properties":{"population":996.93,"density_per_km2":3987.72,"area_km2":0.25},"geometry":{"type":"Polygon","coordinates":[[[69.25061,41.24063],[69.25658,41.24062],[69.25656,41.23611],[69.25059,41.23613],[69.25061,41.24063]]]}},{"type":"Feature","properties":{"population":829.307,"density_per_km2":3317.23,"area_km2":0.25},"geometry":{"type":"Polygon","coordinates":[[[69.25658,41.24062],[69.26255,41.2406],[69.26253,41.2361],[69.25656,41.23611],[69.25658,41.24062]]]}},{"type":"Feature","properties":{"population":695.969,"density_per_km2":2783.88,"area_km2":0.25},"geometry":{"type":"Polygon","coordinates":[[[69.26255,41.2406],[69.26851,41.24059],[69.26849,41.23608],[69.26253,41.2361],[69.26255,41.2406]]]}},{"type":"Feature","properties":{"population":519.379,"density_per_km2":2077.52,"area_km2":0.25},"geometry":{"type":"Polygon","coordinates":[[[69.26851,41.24059],[69.27448,41.24057],[69.27446,41.23607],[69.26849,41.23608],[69.26851,41.24059]]]}},{"type":"Feature","properties":{"population":944.171,"density_per_km2":3776.69,"area_km2":0.25},"geometry":{"type":"Polygon","coordinates":[[[69.27448,41.24057],[69.28045,41.24056],[69.28043,41.23606],[69.27446,41.23607],[69.27448,41.24057]]]}},{"type":"Feature","properties":{"population":735.611,"density_per_km2":2942.44,"area_km2":0.25},"geometry":{"type":"Polygon","coordinates":[[[69.28045,41.24056],[69.28641,41.24055],[69.28639,41.23604],[69.28043,41.23606],[69.28045,41.24056]]]}},{"type":"Feature","properties":{"population":954.979,"density_per_km2":3819.92,"area_km2":0.25},"geometry":{"type":"Polygon","coordinates":[[[69.28641,41.24055],[69.29238,41.24053],[69.29236,41.23603],[69.28639,41.23604],[69.28641,41.24055]]]}},{"type":"Feature","properties":{"population":980.1,"density_per_km2":3920.4,"area_km2":0.25},"geometry":{"type":"Polygon","coordinates":[[[69.29238,41.24053],[69.29835,41.24052],[69.29833,41.23601],[69.29236,41.23603],[69.29238,41.24053]]]}},{"type":"Feature","properties":{"population":610.425,"density_per_km2":2441.7,"area_km2":0.25},"geometry":{"type":"Polygon","coordinates":[[[69.29835,41.24052],[69.30431,41.2405],[69.30429,41.236],[69.29833,41.23601],[69.29835,41.24052]]]}},{"type":"Feature","properties":{"population":765.607,"density_per_km2":3062.43,"area_km2":0.25},"geometry":{"type":"Polygon","coordinates":[[[69.30431,41.2405],[69.31028,41.24048],[69.31026,41.23598],[69.30429,41.236],[69.30431,41.2405]]]}},{"type":"Feature","properties":{"population":478.27,"density_per_km2":1913.08,"area_km2":0.25},"geometry":{"type":"Polygon","coordinates":[[[69.31028,41.24048],[69.31625,41.24047],[69.31623,41.23596],[69.31026,41.23598],[69.31028,41.24048]]]}},{"type":"Feature","properties":{"population":1502.728,"density_per_km2":6010.91,"area_km2":0.25},"geometry":{"type":"Polygon","coordinates":[[[69.31625,41.24047],[69.32221,41.24045],[69.32219,41.23595],[69.31623,41.23596],[69.31625,41.24047]]]}},{"type":"Feature","properties":{"population":1440.085,"density_per_km2":5760.34,"area_km2":0.25},"geometry":{"type":"Polygon","coordinates":[[[69.32221,41.24045],[69.32818,41.24043],[69.32816,41.23593],[69.32219,41.23595],[69.32221,41.24045]]]}},{"type":"Feature","properties":{"population":1136.75,"density_per_km2":4547.0,"area_km2":0.25},"geometry":{"type":"Polygon","coordinates":[[[69.32818,41.24043],[69.33415,41.24042],[69.33412,41.23591],[69.32816,41.23593],[69.32818,41.24043]]]}},{"type":"Feature","properties":{"population":354.403,"density_per_km2":1417.61,"area_km2":0.25},"geometry":{"type":"Polygon","coordinates":[[[69.33415,41.24042],[69.34011,41.2404],[69.34009,41.2359],[69.33412,41.23591],[69.33415,41.24042]]]}},{"type":"Feature","properties":{"population":552.681,"density_per_km2":2210.72,"area_km2":0.25},"geometry":{"type":"Polygon","coordinates":[[[69.34011,41.2404],[69.34608,41.24038],[69.34606,41.23588],[69.34009,41.2359],[69.34011,41.2404]]]}},{"type":"Feature","properties":{"population":865.307,"density_per_km2":3461.23,"area_km2":0.25},"geometry":{"type":"Polygon","coordinates":[[[69.34608,41.24038],[69.35205,41.24036],[69.35202,41.23586],[69.34606,41.23588],[69.34608,41.24038]]]}},{"type":"Feature","properties":{"population":793.469,"density_per_km2":3173.88,"area_km2":0.25},"geometry":{"type":"Polygon","coordinates":[[[69.35205,41.24036],[69.35802,41.24035],[69.35799,41.23584],[69.35202,41.23586],[69.35205,41.24036]]]}},{"type":"Feature","properties":{"population":460.264,"density_per_km2":1841.06,"area_km2":0.25},"geometry":{"type":"Polygon","coordinates":[[[69.35802,41.24035],[69.36398,41.24033],[69.36396,41.23582],[69.35799,41.23584],[69.35802,41.24035]]]}},{"type":"Feature","properties":{"population":591.306,"density_per_km2":2365.22,"area_km2":0.25},"geometry":{"type":"Polygon","coordinates":[[[69.36398,41.24033],[69.36995,41.24031],[69.36992,41.2358],[69.36396,41.23582],[69.36398,41.24033]]]}},{"type":"Feature","properties":{"population":562.059,"density_per_km2":2248.24,"area_km2":0.25},"geometry":{"type":"Polygon","coordinates":[[[69.36995,41.24031],[69.37592,41.24029],[69.37589,41.23578],[69.36992,41.2358],[69.36995,41.24031]]]}},{"type":"Feature","properties":{"population":787.839,"density_per_km2":3151.36,"area_km2":0.25},"geometry":{"type":"Polygon","coordinates":[[[69.37592,41.24029],[69.38188,41.24027],[69.38186,41.23576],[69.37589,41.23578],[69.37592,41.24029]]]}},{"type":"Feature","properties":{"population":462.688,"density_per_km2":3071.4,"area_km2":0.150644},"geometry":{"type":"Polygon","coordinates":[[[69.38188,41.24027],[69.38785,41.24025],[69.38784,41.23955],[69.38717,41.23912],[69.38722,41.23909],[69.38215,41.23576],[69.38186,41.23576],[69.38188,41.24027]]]}},{"type":"Feature","properties":{"population":144.887,"density_per_km2":3811.01,"area_km2":0.038018},"geometry":{"type":"Polygon","coordinates":[[[69.16707,41.24078],[69.16691,41.24078],[69.16679,41.24116],[69.16543,41.24529],[69.16709,41.24528],[69.16707,41.24078]]]}},{"type":"Feature","properties":{"population":1160.65,"density_per_km2":4642.6,"area_km2":0.25},"geometry":{"type":"Polygon","coordinates":[[[69.16709,41.24528],[69.17305,41.24528],[69.17304,41.24077],[69.16707,41.24078],[69.16709,41.24528]]]}},{"type":"Feature","properties":{"population":1924.76,"density_per_km2":7699.04,"area_km2":0.25},"geometry":{"type":"Polygon","coordinates":[[[69.17305,41.24528],[69.17902,41.24527],[69.17901,41.24076],[69.17304,41.24077],[69.17305,41.24528]]]}},{"type":"Feature","properties":{"population":1499.729,"density_per_km2":5998.92,"area_km2":0.25},"geometry":{"type":"Polygon","coordinates":[[[69.17902,41.24527],[69.18499,41.24526],[69.18498,41.24075],[69.17901,41.24076],[69.17902,41.24527]]]}},{"type":"Feature","properties":{"population":1385.17,"density_per_km2":5540.68,"area_km2":0.25},"geometry":{"type":"Polygon","coordinates":[[[69.18499,41.24526],[69.19096,41.24525],[69.19094,41.24074],[69.18498,41.24075],[69.18499,41.24526]]]}},{"type":"Feature","properties":{"population":1982.296,"density_per_km2":7929.19,"area_km2":0.25},"geometry":{"type":"Polygon","coordinates":[[[69.19096,41.24525],[69.19692,41.24524],[69.19691,41.24073],[69.19094,41.24074],[69.19096,41.24525]]]}},{"type":"Feature","properties":{"population":1619.809,"density_per_km2":6479.23,"area_km2":0.25},"geometry":{"type":"Polygon","coordinates":[[[69.19692,41.24524],[69.20289,41.24523],[69.20288,41.24072],[69.19691,41.24073],[69.19692,41.24524]]]}},{"type":"Feature","properties":{"population":1350.742,"density_per_km2":5402.97,"area_km2":0.25},"geometry":{"type":"Polygon","coordinates":[[[69.20289,41.24523],[69.20886,41.24522],[69.20884,41.24071],[69.20288,41.24072],[69.20289,41.24523]]]}},{"type":"Feature","properties":{"population":1295.446,"density_per_km2":5181.78,"area_km2":0.25},"geometry":{"type":"Polygon","coordinates":[[[69.20886,41.24522],[69.21483,41.24521],[69.21481,41.2407],[69.20884,41.24071],[69.20886,41.24522]]]}},{"type":"Feature","properties":{"population":679.809,"density_per_km2":2719.24,"area_km2":0.25},"geometry":{"type":"Polygon","coordinates":[[[69.21483,41.24521],[69.22079,41.24519],[69.22078,41.24069],[69.21481,41.2407],[69.21483,41.24521]]]}},{"type":"Feature","properties":{"population":1073.358,"density_per_km2":4293.43,"area_km2":0.25},"geometry":{"type":"Polygon","coordinates":[[[69.22079,41.24519],[69.22676,41.24518],[69.22674,41.24068],[69.22078,41.24069],[69.22079,41.24519]]]}},{"type":"Feature","properties":{"population":838.755,"density_per_km2":3355.02,"area_km2":0.25},"geometry":{"type":"Polygon","coordinates":[[[69.22676,41.24518],[69.23273,41.24517],[69.23271,41.24067],[69.22674,41.24068],[69.22676,41.24518]]]}},{"type":"Feature","properties":{"population":494.884,"density_per_km2":1979.54,"area_km2":0.25},"geometry":{"type":"Polygon","coordinates":[[[69.23273,41.24517],[69.23869,41.24516],[69.23868,41.24065],[69.23271,41.24067],[69.23273,41.24517]]]}},{"type":"Feature","properties":{"population":409.243,"density_per_km2":1636.97,"area_km2":0.25},"geometry":{"type":"Polygon","coordinates":[[[69.23869,41.24516],[69.24466,41.24515],[69.24464,41.24064],[69.23868,41.24065],[69.23869,41.24516]]]}},{"type":"Feature","properties":{"population":931.293,"density_per_km2":3725.17,"area_km2":0.25},"geometry":{"type":"Polygon","coordinates":[[[69.24466,41.24515],[69.25063,41.24513],[69.25061,41.24063],[69.24464,41.24064],[69.24466,41.24515]]]}},{"type":"Feature","properties":{"population":855.76,"density_per_km2":3423.04,"area_km2":0.25},"geometry":{"type":"Polygon","coordinates":[[[69.25063,41.24513],[69.2566,41.24512],[69.25658,41.24062],[69.25061,41.24063],[69.25063,41.24513]]]}},{"type":"Feature","properties":{"population":439.353,"density_per_km2":1757.41,"area_km2":0.25},"geometry":{"type":"Polygon","coordinates":[[[69.2566,41.24512],[69.26256,41.24511],[69.26255,41.2406],[69.25658,41.24062],[69.2566,41.24512]]]}},{"type":"Feature","properties":{"population":615.277,"density_per_km2":2461.11,"area_km2":0.25},"geometry":{"type":"Polygon","coordinates":[[[69.26256,41.24511],[69.26853,41.24509],[69.26851,41.24059],[69.26255,41.2406],[69.26256,41.24511]]]}},{"type":"Feature","properties":{"population":369.698,"density_per_km2":1478.79,"area_km2":0.25},"geometry":{"type":"Polygon","coordinates":[[[69.26853,41.24509],[69.2745,41.24508],[69.27448,41.24057],[69.26851,41.24059],[69.26853,41.24509]]]}},{"type":"Feature","properties":{"population":847.634,"density_per_km2":3390.54,"area_km2":0.25},"geometry":{"type":"Polygon","coordinates":[[[69.2745,41.24508],[69.28047,41.24506],[69.28045,41.24056],[69.27448,41.24057],[69.2745,41.24508]]]}},{"type":"Feature","properties":{"population":925.653,"density_per_km2":3702.61,"area_km2":0.25},"geometry":{"type":"Polygon","coordinates":[[[69.28047,41.24506],[69.28643,41.24505],[69.28641,41.24055],[69.28045,41.24056],[69.28047,41.24506]]]}},{"type":"Feature","properties":{"population":908.073,"density_per_km2":3632.29,"area_km2":0.25},"geometry":{"type":"Polygon","coordinates":[[[69.28643,41.24505],[69.2924,41.24503],[69.29238,41.24053],[69.28641,41.24055],[69.28643,41.24505]]]}},{"type":"Feature","properties":{"population":968.063,"density_per_km2":3872.25,"area_km2":0.25},"geometry":{"type":"Polygon","coordinates":[[[69.2924,41.24503],[69.29837,41.24502],[69.29835,41.24052],[69.29238,41.24053],[69.2924,41.24503]]]}},{"type":"Feature","properties":{"population":1338.3,"density_per_km2":5353.2,"area_km2":0.25},"geometry":{"type":"Polygon","coordinates":[[[69.29837,41.24502],[69.30433,41.245],[69.30431,41.2405],[69.29835,41.24052],[69.29837,41.24502]]]}},{"type":"Feature","properties":{"population":1232.981,"density_per_km2":4931.92,"area_km2":0.25},"geometry":{"type":"Polygon","coordinates":[[[69.30433,41.245],[69.3103,41.24499],[69.31028,41.24048],[69.30431,41.2405],[69.30433,41.245]]]}},{"type":"Feature","properties":{"population":1382.283,"density_per_km2":5529.13,"area_km2":0.25},"geometry":{"type":"Polygon","coordinates":[[[69.3103,41.24499],[69.31627,41.24497],[69.31625,41.24047],[69.31028,41.24048],[69.3103,41.24499]]]}},{"type":"Feature","properties":{"population":1772.973,"density_per_km2":7091.89,"area_km2":0.25},"geometry":{"type":"Polygon","coordinates":[[[69.31627,41.24497],[69.32224,41.24495],[69.32221,41.24045],[69.31625,41.24047],[69.31627,41.24497]]]}},{"type":"Feature","properties":{"population":1850.559,"density_per_km2":7402.24,"area_km2":0.25},"geometry":{"type":"Polygon","coordinates":[[[69.32224,41.24495],[69.3282,41.24494],[69.32818,41.24043],[69.32221,41.24045],[69.32224,41.24495]]]}},{"type":"Feature","properties":{"population":1579.257,"density_per_km2":6317.03,"area_km2":0.25},"geometry":{"type":"Polygon","coordinates":[[[69.3282,41.24494],[69.33417,41.24492],[69.33415,41.24042],[69.32818,41.24043],[69.3282,41.24494]]]}},{"type":"Feature","properties":{"population":1265.583,"density_per_km2":5062.33,"area_km2":0.25},"geometry":{"type":"Polygon","coordinates":[[[69.33417,41.24492],[69.34014,41.2449],[69.34011,41.2404],[69.33415,41.24042],[69.33417,41.24492]]]}},{"type":"Feature","properties":{"population":597.767,"density_per_km2":2391.07,"area_km2":0.25},"geometry":{"type":"Polygon","coordinates":[[[69.34014,41.2449],[69.34611,41.24489],[69.34608,41.24038],[69.34011,41.2404],[69.34014,41.2449]]]}},{"type":"Feature","properties":{"population":778.857,"density_per_km2":3115.43,"area_km2":0.25},"geometry":{"type":"Polygon","coordinates":[[[69.34611,41.24489],[69.35207,41.24487],[69.35205,41.24036],[69.34608,41.24038],[69.34611,41.24489]]]}},{"type":"Feature","properties":{"population":850.584,"density_per_km2":3402.33,"area_km2":0.25},"geometry":{"type":"Polygon","coordinates":[[[69.35207,41.24487],[69.35804,41.24485],[69.35802,41.24035],[69.35205,41.24036],[69.35207,41.24487]]]}},{"type":"Feature","properties":{"population":940.057,"density_per_km2":3760.23,"area_km2":0.25},"geometry":{"type":"Polygon","coordinates":[[[69.35804,41.24485],[69.36401,41.24483],[69.36398,41.24033],[69.35802,41.24035],[69.35804,41.24485]]]}},{"type":"Feature","properties":{"population":718.969,"density_per_km2":2875.88,"area_km2":0.25},"geometry":{"type":"Polygon","coordinates":[[[69.36401,41.24483],[69.36997,41.24481],[69.36995,41.24031],[69.36398,41.24033],[69.36401,41.24483]]]}},{"type":"Feature","properties":{"population":826.405,"density_per_km2":3305.62,"area_km2":0.25},"geometry":{"type":"Polygon","coordinates":[[[69.36997,41.24481],[69.37594,41.24479],[69.37592,41.24029],[69.36995,41.24031],[69.36997,41.24481]]]}},{"type":"Feature","properties":{"population":881.12,"density_per_km2":3524.48,"area_km2":0.25},"geometry":{"type":"Polygon","coordinates":[[[69.37594,41.24479],[69.38191,41.24477],[69.38188,41.24027],[69.37592,41.24029],[69.37594,41.24479]]]}},{"type":"Feature","properties":{"population":1033.244,"density_per_km2":4132.97,"area_km2":0.25},"geometry":{"type":"Polygon","coordinates":[[[69.38191,41.24477],[69.38788,41.24475],[69.38785,41.24025],[69.38188,41.24027],[69.38191,41.24477]]]}},{"type":"Feature","properties":{"population":667.283,"density_per_km2":3953.54,"area_km2":0.168781},"geometry":{"type":"Polygon","coordinates":[[[69.38788,41.24475],[69.39342,41.24473],[69.39342,41.24463],[69.39342,41.24457],[69.39342,41.24433],[69.39339,41.24413],[69.39332,41.24389],[69.39326,41.2437],[69.39319,41.24352],[69.39305,41.24326],[69.3929,41.24306],[69.39268,41.24279],[69.39235,41.24244],[69.38892,41.24024],[69.38785,41.24025],[69.38788,41.24475]]]}},{"type":"Feature","properties":{"population":580.773,"density_per_km2":5710.29,"area_km2":0.101707},"geometry":{"type":"Polygon","coordinates":[[[69.16709,41.24528],[69.16543,41.24529],[69.16529,41.24572],[69.16442,41.24835],[69.16426,41.2488],[69.1642,41.24894],[69.16391,41.24948],[69.16373,41.24979],[69.1671,41.24979],[69.16709,41.24528]]]}},{"type":"Feature","properties":{"population":730.357,"density_per_km2":2921.43,"area_km2":0.25},"geometry":{"type":"Polygon","coordinates":[[[69.1671,41.24979],[69.17307,41.24978],[69.17305,41.24528],[69.16709,41.24528],[69.1671,41.24979]]]}},{"type":"Feature","properties":{"population":1638.952,"density_per_km2":6555.81,"area_km2":0.25},"geometry":{"type":"Polygon","coordinates":[[[69.17307,41.24978],[69.17903,41.24977],[69.17902,41.24527],[69.17305,41.24528],[69.17307,41.24978]]]}},{"type":"Feature","properties":{"population":2084.063,"density_per_km2":8336.25,"area_km2":0.25},"geometry":{"type":"Polygon","coordinates":[[[69.17903,41.24977],[69.185,41.24976],[69.18499,41.24526],[69.17902,41.24527],[69.17903,41.24977]]]}},{"type":"Feature","properties":{"population":1978.82,"density_per_km2":7915.28,"area_km2":0.25},"geometry":{"type":"Polygon","coordinates":[[[69.185,41.24976],[69.19097,41.24975],[69.19096,41.24525],[69.18499,41.24526],[69.185,41.24976]]]}},{"type":"Feature","properties":{"population":1456.655,"density_per_km2":5826.62,"area_km2":0.25},"geometry":{"type":"Polygon","coordinates":[[[69.19097,41.24975],[69.19694,41.24974],[69.19692,41.24524],[69.19096,41.24525],[69.19097,41.24975]]]}},{"type":"Feature","properties":{"population":2595.264,"density_per_km2":10381.06,"area_km2":0.25},"geometry":{"type":"Polygon","coordinates":[[[69.19694,41.24974],[69.2029,41.24973],[69.20289,41.24523],[69.19692,41.24524],[69.19694,41.24974]]]}},{"type":"Feature","properties":{"population":2337.165,"density_per_km2":9348.66,"area_km2":0.25},"geometry":{"type":"Polygon","coordinates":[[[69.2029,41.24973],[69.20887,41.24972],[69.20886,41.24522],[69.20289,41.24523],[69.2029,41.24973]]]}},{"type":"Feature","properties":{"population":1239.248,"density_per_km2":4956.99,"area_km2":0.25},"geometry":{"type":"Polygon","coordinates":[[[69.20887,41.24972],[69.21484,41.24971],[69.21483,41.24521],[69.20886,41.24522],[69.20887,41.24972]]]}},{"type":"Feature","properties":{"population":1537.825,"density_per_km2":6151.3,"area_km2":0.25},"geometry":{"type":"Polygon","coordinates":[[[69.21484,41.24971],[69.22081,41.2497],[69.22079,41.24519],[69.21483,41.24521],[69.21484,41.24971]]]}},{"type":"Feature","properties":{"population":1427.583,"density_per_km2":5710.33,"area_km2":0.25},"geometry":{"type":"Polygon","coordinates":[[[69.22081,41.2497],[69.22678,41.24969],[69.22676,41.24518],[69.22079,41.24519],[69.22081,41.2497]]]}},{"type":"Feature","properties":{"population":876.432,"density_per_km2":3505.73,"area_km2":0.25},"geometry":{"type":"Polygon","coordinates":[[[69.22678,41.24969],[69.23274,41.24967],[69.23273,41.24517],[69.22676,41.24518],[69.22678,41.24969]]]}},{"type":"Feature","properties":{"population":403.263,"density_per_km2":1613.05,"area_km2":0.25},"geometry":{"type":"Polygon","coordinates":[[[69.23274,41.24967],[69.23871,41.24966],[69.23869,41.24516],[69.23273,41.24517],[69.23274,41.24967]]]}},{"type":"Feature","properties":{"population":1120.621,"density_per_km2":4482.48,"area_km2":0.25},"geometry":{"type":"Polygon","coordinates":[[[69.23871,41.24966],[69.24468,41.24965],[69.24466,41.24515],[69.23869,41.24516],[69.23871,41.24966]]]}},{"type":"Feature","properties":{"population":805.712,"density_per_km2":3222.85,"area_km2":0.25},"geometry":{"type":"Polygon","coordinates":[[[69.24468,41.24965],[69.25065,41.24964],[69.25063,41.24513],[69.24466,41.24515],[69.24468,41.24965]]]}},{"type":"Feature","properties":{"population":882.647,"density_per_km2":3530.59,"area_km2":0.25},"geometry":{"type":"Polygon","coordinates":[[[69.25065,41.24964],[69.25661,41.24962],[69.2566,41.24512],[69.25063,41.24513],[69.25065,41.24964]]]}},{"type":"Feature","properties":{"population":1120.597,"density_per_km2":4482.39,"area_km2":0.25},"geometry":{"type":"Polygon","coordinates":[[[69.25661,41.24962],[69.26258,41.24961],[69.26256,41.24511],[69.2566,41.24512],[69.25661,41.24962]]]}},{"type":"Feature","properties":{"population":717.091,"density_per_km2":2868.36,"area_km2":0.25},"geometry":{"type":"Polygon","coordinates":[[[69.26258,41.24961],[69.26855,41.2496],[69.26853,41.24509],[69.26256,41.24511],[69.26258,41.24961]]]}},{"type":"Feature","properties":{"population":1053.98,"density_per_km2":4215.92,"area_km2":0.25},"geometry":{"type":"Polygon","coordinates":[[[69.26855,41.2496],[69.27452,41.24958],[69.2745,41.24508],[69.26853,41.24509],[69.26855,41.2496]]]}},{"type":"Feature","properties":{"population":1041.948,"density_per_km2":4167.79,"area_km2":0.25},"geometry":{"type":"Polygon","coordinates":[[[69.27452,41.24958],[69.28048,41.24957],[69.28047,41.24506],[69.2745,41.24508],[69.27452,41.24958]]]}},{"type":"Feature","properties":{"population":906.126,"density_per_km2":3624.5,"area_km2":0.25},"geometry":{"type":"Polygon","coordinates":[[[69.28048,41.24957],[69.28645,41.24955],[69.28643,41.24505],[69.28047,41.24506],[69.28048,41.24957]]]}},{"type":"Feature","properties":{"population":956.822,"density_per_km2":3827.29,"area_km2":0.25},"geometry":{"type":"Polygon","coordinates":[[[69.28645,41.24955],[69.29242,41.24954],[69.2924,41.24503],[69.28643,41.24505],[69.28645,41.24955]]]}},{"type":"Feature","properties":{"population":1100.228,"density_per_km2":4400.91,"area_km2":0.25},"geometry":{"type":"Polygon","coordinates":[[[69.29242,41.24954],[69.29839,41.24952],[69.29837,41.24502],[69.2924,41.24503],[69.29242,41.24954]]]}},{"type":"Feature","properties":{"population":1814.566,"density_per_km2":7258.26,"area_km2":0.25},"geometry":{"type":"Polygon","coordinates":[[[69.29839,41.24952],[69.30436,41.24951],[69.30433,41.245],[69.29837,41.24502],[69.29839,41.24952]]]}},{"type":"Feature","properties":{"population":1921.511,"density_per_km2":7686.05,"area_km2":0.25},"geometry":{"type":"Polygon","coordinates":[[[69.30436,41.24951],[69.31032,41.24949],[69.3103,41.24499],[69.30433,41.245],[69.30436,41.24951]]]}},{"type":"Feature","properties":{"population":2143.101,"density_per_km2":8572.4,"area_km2":0.25},"geometry":{"type":"Polygon","coordinates":[[[69.31032,41.24949],[69.31629,41.24948],[69.31627,41.24497],[69.3103,41.24499],[69.31032,41.24949]]]}},{"type":"Feature","properties":{"population":1521.616,"density_per_km2":6086.47,"area_km2":0.25},"geometry":{"type":"Polygon","coordinates":[[[69.31629,41.24948],[69.32226,41.24946],[69.32224,41.24495],[69.31627,41.24497],[69.31629,41.24948]]]}},{"type":"Feature","properties":{"population":1604.245,"density_per_km2":6416.98,"area_km2":0.25},"geometry":{"type":"Polygon","coordinates":[[[69.32226,41.24946],[69.32823,41.24944],[69.3282,41.24494],[69.32224,41.24495],[69.32226,41.24946]]]}},{"type":"Feature","properties":{"population":1194.548,"density_per_km2":4778.19,"area_km2":0.25},"geometry":{"type":"Polygon","coordinates":[[[69.32823,41.24944],[69.33419,41.24942],[69.33417,41.24492],[69.3282,41.24494],[69.32823,41.24944]]]}},{"type":"Feature","properties":{"population":1161.409,"density_per_km2":4645.64,"area_km2":0.25},"geometry":{"type":"Polygon","coordinates":[[[69.33419,41.24942],[69.34016,41.24941],[69.34014,41.2449],[69.33417,41.24492],[69.33419,41.24942]]]}},{"type":"Feature","properties":{"population":1256.807,"density_per_km2":5027.23,"area_km2":0.25},"geometry":{"type":"Polygon","coordinates":[[[69.34016,41.24941],[69.34613,41.24939],[69.34611,41.24489],[69.34014,41.2449],[69.34016,41.24941]]]}},{"type":"Feature","properties":{"population":732.799,"density_per_km2":2931.2,"area_km2":0.25},"geometry":{"type":"Polygon","coordinates":[[[69.34613,41.24939],[69.3521,41.24937],[69.35207,41.24487],[69.34611,41.24489],[69.34613,41.24939]]]}},{"type":"Feature","properties":{"population":389.758,"density_per_km2":1559.03,"area_km2":0.25},"geometry":{"type":"Polygon","coordinates":[[[69.3521,41.24937],[69.35806,41.24935],[69.35804,41.24485],[69.35207,41.24487],[69.3521,41.24937]]]}},{"type":"Feature","properties":{"population":760.974,"density_per_km2":3043.9,"area_km2":0.25},"geometry":{"type":"Polygon","coordinates":[[[69.35806,41.24935],[69.36403,41.24933],[69.36401,41.24483],[69.35804,41.24485],[69.35806,41.24935]]]}},{"type":"Feature","properties":{"population":891.292,"density_per_km2":3565.17,"area_km2":0.25},"geometry":{"type":"Polygon","coordinates":[[[69.36403,41.24933],[69.37,41.24932],[69.36997,41.24481],[69.36401,41.24483],[69.36403,41.24933]]]}},{"type":"Feature","properties":{"population":855.317,"density_per_km2":3421.27,"area_km2":0.25},"geometry":{"type":"Polygon","coordinates":[[[69.37,41.24932],[69.37597,41.2493],[69.37594,41.24479],[69.36997,41.24481],[69.37,41.24932]]]}},{"type":"Feature","properties":{"population":839.679,"density_per_km2":3358.72,"area_km2":0.25},"geometry":{"type":"Polygon","coordinates":[[[69.37597,41.2493],[69.38193,41.24928],[69.38191,41.24477],[69.37594,41.24479],[69.37597,41.2493]]]}},{"type":"Feature","properties":{"population":832.572,"density_per_km2":3330.29,"area_km2":0.25},"geometry":{"type":"Polygon","coordinates":[[[69.38193,41.24928],[69.3879,41.24926],[69.38788,41.24475],[69.38191,41.24477],[69.38193,41.24928]]]}},{"type":"Feature","properties":{"population":642.418,"density_per_km2":3473.02,"area_km2":0.184974},"geometry":{"type":"Polygon","coordinates":[[[69.3879,41.24926],[69.39013,41.24925],[69.39018,41.24921],[69.39067,41.24883],[69.39143,41.24821],[69.39208,41.24771],[69.39221,41.24747],[69.39249,41.2471],[69.39268,41.24685],[69.3928,41.24666],[69.39292,41.24646],[69.39298,41.24634],[69.39304,41.24622],[69.39314,41.24597],[69.39327,41.24559],[69.39334,41.24531],[69.3934,41.24492],[69.39342,41.24473],[69.38788,41.24475],[69.3879,41.24926]]]}},{"type":"Feature","properties":{"population":122.205,"density_per_km2":5160.7,"area_km2":0.02368},"geometry":{"type":"Polygon","coordinates":[[[69.16114,41.2525],[69.16088,41.25268],[69.16064,41.25284],[69.15985,41.25334],[69.15823,41.2543],[69.16114,41.2543],[69.16114,41.2525]]]}},{"type":"Feature","properties":{"population":918.224,"density_per_km2":4309.4,"area_km2":0.213075},"geometry":{"type":"Polygon","coordinates":[[[69.16711,41.25429],[69.1671,41.24979],[69.16373,41.24979],[69.16371,41.24984],[69.16349,41.25021],[69.16334,41.25041],[69.16308,41.25071],[69.16255,41.25127],[69.16201,41.2518],[69.1614,41.25231],[69.16114,41.2525],[69.16114,41.2543],[69.16711,41.25429]]]}},{"type":"Feature","properties":{"population":835.482,"density_per_km2":3341.93,"area_km2":0.25},"geometry":{"type":"Polygon","coordinates":[[[69.16711,41.25429],[69.17308,41.25428],[69.17307,41.24978],[69.1671,41.24979],[69.16711,41.25429]]]}},{"type":"Feature","properties":{"population":1047.037,"density_per_km2":4188.15,"area_km2":0.25},"geometry":{"type":"Polygon","coordinates":[[[69.17308,41.25428],[69.17905,41.25427],[69.17903,41.24977],[69.17307,41.24978],[69.17308,41.25428]]]}},{"type":"Feature","properties":{"population":1846.562,"density_per_km2":7386.25,"area_km2":0.25},"geometry":{"type":"Polygon","coordinates":[[[69.17905,41.25427],[69.18501,41.25426],[69.185,41.24976],[69.17903,41.24977],[69.17905,41.25427]]]}},{"type":"Feature","properties":{"population":2155.871,"density_per_km2":8623.48,"area_km2":0.25},"geometry":{"type":"Polygon","coordinates":[[[69.18501,41.25426],[69.19098,41.25426],[69.19097,41.24975],[69.185,41.24976],[69.18501,41.25426]]]}},{"type":"Feature","properties":{"population":1350.158,"density_per_km2":5400.63,"area_km2":0.25},"geometry":{"type":"Polygon","coordinates":[[[69.19098,41.25426],[69.19695,41.25425],[69.19694,41.24974],[69.19097,41.24975],[69.19098,41.25426]]]}},{"type":"Feature","properties":{"population":1829.612,"density_per_km2":7318.45,"area_km2":0.25},"geometry":{"type":"Polygon","coordinates":[[[69.19695,41.25425],[69.20292,41.25423],[69.2029,41.24973],[69.19694,41.24974],[69.19695,41.25425]]]}},{"type":"Feature","properties":{"population":2735.611,"density_per_km2":10942.44,"area_km2":0.25},"geometry":{"type":"Polygon","coordinates":[[[69.20292,41.25423],[69.20889,41.25422],[69.20887,41.24972],[69.2029,41.24973],[69.20292,41.25423]]]}},{"type":"Feature","properties":{"population":2173.169,"density_per_km2":8692.68,"area_km2":0.25},"geometry":{"type":"Polygon","coordinates":[[[69.20889,41.25422],[69.21485,41.25421],[69.21484,41.24971],[69.20887,41.24972],[69.20889,41.25422]]]}},{"type":"Feature","properties":{"population":1114.737,"density_per_km2":4458.95,"area_km2":0.25},"geometry":{"type":"Polygon","coordinates":[[[69.21485,41.25421],[69.22082,41.2542],[69.22081,41.2497],[69.21484,41.24971],[69.21485,41.25421]]]}},{"type":"Feature","properties":{"population":1048.055,"density_per_km2":4192.22,"area_km2":0.25},"geometry":{"type":"Polygon","coordinates":[[[69.22082,41.2542],[69.22679,41.25419],[69.22678,41.24969],[69.22081,41.2497],[69.22082,41.2542]]]}},{"type":"Feature","properties":{"population":954.552,"density_per_km2":3818.21,"area_km2":0.25},"geometry":{"type":"Polygon","coordinates":[[[69.22679,41.25419],[69.23276,41.25418],[69.23274,41.24967],[69.22678,41.24969],[69.22679,41.25419]]]}},{"type":"Feature","properties":{"population":590.367,"density_per_km2":2361.47,"area_km2":0.25},"geometry":{"type":"Polygon","coordinates":[[[69.23276,41.25418],[69.23873,41.25417],[69.23871,41.24966],[69.23274,41.24967],[69.23276,41.25418]]]}},{"type":"Feature","properties":{"population":1201.165,"density_per_km2":4804.66,"area_km2":0.25},"geometry":{"type":"Polygon","coordinates":[[[69.23873,41.25417],[69.2447,41.25415],[69.24468,41.24965],[69.23871,41.24966],[69.23873,41.25417]]]}},{"type":"Feature","properties":{"population":832.323,"density_per_km2":3329.29,"area_km2":0.25},"geometry":{"type":"Polygon","coordinates":[[[69.2447,41.25415],[69.25066,41.25414],[69.25065,41.24964],[69.24468,41.24965],[69.2447,41.25415]]]}},{"type":"Feature","properties":{"population":816.943,"density_per_km2":3267.77,"area_km2":0.25},"geometry":{"type":"Polygon","coordinates":[[[69.25066,41.25414],[69.25663,41.25413],[69.25661,41.24962],[69.25065,41.24964],[69.25066,41.25414]]]}},{"type":"Feature","properties":{"population":675.068,"density_per_km2":2700.27,"area_km2":0.25},"geometry":{"type":"Polygon","coordinates":[[[69.25663,41.25413],[69.2626,41.25411],[69.26258,41.24961],[69.25661,41.24962],[69.25663,41.25413]]]}},{"type":"Feature","properties":{"population":258.888,"density_per_km2":1035.55,"area_km2":0.25},"geometry":{"type":"Polygon","coordinates":[[[69.2626,41.25411],[69.26857,41.2541],[69.26855,41.2496],[69.26258,41.24961],[69.2626,41.25411]]]}},{"type":"Feature","properties":{"population":444.093,"density_per_km2":1776.37,"area_km2":0.25},"geometry":{"type":"Polygon","coordinates":[[[69.26857,41.2541],[69.27454,41.25409],[69.27452,41.24958],[69.26855,41.2496],[69.26857,41.2541]]]}},{"type":"Feature","properties":{"population":878.483,"density_per_km2":3513.93,"area_km2":0.25},"geometry":{"type":"Polygon","coordinates":[[[69.27454,41.25409],[69.2805,41.25407],[69.28048,41.24957],[69.27452,41.24958],[69.27454,41.25409]]]}},{"type":"Feature","properties":{"population":882.88,"density_per_km2":3531.52,"area_km2":0.25},"geometry":{"type":"Polygon","coordinates":[[[69.2805,41.25407],[69.28647,41.25406],[69.28645,41.24955],[69.28048,41.24957],[69.2805,41.25407]]]}},{"type":"Feature","properties":{"population":1057.515,"density_per_km2":4230.06,"area_km2":0.25},"geometry":{"type":"Polygon","coordinates":[[[69.28647,41.25406],[69.29244,41.25404],[69.29242,41.24954],[69.28645,41.24955],[69.28647,41.25406]]]}},{"type":"Feature","properties":{"population":1119.839,"density_per_km2":4479.35,"area_km2":0.25},"geometry":{"type":"Polygon","coordinates":[[[69.29244,41.25404],[69.29841,41.25403],[69.29839,41.24952],[69.29242,41.24954],[69.29244,41.25404]]]}},{"type":"Feature","properties":{"population":1935.519,"density_per_km2":7742.08,"area_km2":0.25},"geometry":{"type":"Polygon","coordinates":[[[69.29841,41.25403],[69.30438,41.25401],[69.30436,41.24951],[69.29839,41.24952],[69.29841,41.25403]]]}},{"type":"Feature","properties":{"population":2580.214,"density_per_km2":10320.85,"area_km2":0.25},"geometry":{"type":"Polygon","coordinates":[[[69.30438,41.25401],[69.31034,41.254],[69.31032,41.24949],[69.30436,41.24951],[69.30438,41.25401]]]}},{"type":"Feature","properties":{"population":2852.433,"density_per_km2":11409.73,"area_km2":0.25},"geometry":{"type":"Polygon","coordinates":[[[69.31034,41.254],[69.31631,41.25398],[69.31629,41.24948],[69.31032,41.24949],[69.31034,41.254]]]}},{"type":"Feature","properties":{"population":2400.06,"density_per_km2":9600.24,"area_km2":0.25},"geometry":{"type":"Polygon","coordinates":[[[69.31631,41.25398],[69.32228,41.25396],[69.32226,41.24946],[69.31629,41.24948],[69.31631,41.25398]]]}},{"type":"Feature","properties":{"population":1445.68,"density_per_km2":5782.72,"area_km2":0.25},"geometry":{"type":"Polygon","coordinates":[[[69.32228,41.25396],[69.32825,41.25395],[69.32823,41.24944],[69.32226,41.24946],[69.32228,41.25396]]]}},{"type":"Feature","properties":{"population":1515.673,"density_per_km2":6062.69,"area_km2":0.25},"geometry":{"type":"Polygon","coordinates":[[[69.32825,41.25395],[69.33422,41.25393],[69.33419,41.24942],[69.32823,41.24944],[69.32825,41.25395]]]}},{"type":"Feature","properties":{"population":1447.764,"density_per_km2":5791.06,"area_km2":0.25},"geometry":{"type":"Polygon","coordinates":[[[69.33422,41.25393],[69.34018,41.25391],[69.34016,41.24941],[69.33419,41.24942],[69.33422,41.25393]]]}},{"type":"Feature","properties":{"population":1670.335,"density_per_km2":6681.34,"area_km2":0.25},"geometry":{"type":"Polygon","coordinates":[[[69.34018,41.25391],[69.34615,41.25389],[69.34613,41.24939],[69.34016,41.24941],[69.34018,41.25391]]]}},{"type":"Feature","properties":{"population":1349.285,"density_per_km2":5397.14,"area_km2":0.25},"geometry":{"type":"Polygon","coordinates":[[[69.34615,41.25389],[69.35212,41.25388],[69.3521,41.24937],[69.34613,41.24939],[69.34615,41.25389]]]}},{"type":"Feature","properties":{"population":1051.026,"density_per_km2":4204.11,"area_km2":0.25},"geometry":{"type":"Polygon","coordinates":[[[69.35212,41.25388],[69.35809,41.25386],[69.35806,41.24935],[69.3521,41.24937],[69.35212,41.25388]]]}},{"type":"Feature","properties":{"population":568.784,"density_per_km2":2275.14,"area_km2":0.25},"geometry":{"type":"Polygon","coordinates":[[[69.35809,41.25386],[69.36406,41.25384],[69.36403,41.24933],[69.35806,41.24935],[69.35809,41.25386]]]}},{"type":"Feature","properties":{"population":1034.733,"density_per_km2":4138.93,"area_km2":0.25},"geometry":{"type":"Polygon","coordinates":[[[69.36406,41.25384],[69.37002,41.25382],[69.37,41.24932],[69.36403,41.24933],[69.36406,41.25384]]]}},{"type":"Feature","properties":{"population":1179.522,"density_per_km2":4718.09,"area_km2":0.25},"geometry":{"type":"Polygon","coordinates":[[[69.37002,41.25382],[69.37599,41.2538],[69.37597,41.2493],[69.37,41.24932],[69.37002,41.25382]]]}},{"type":"Feature","properties":{"population":990.257,"density_per_km2":3961.03,"area_km2":0.25},"geometry":{"type":"Polygon","coordinates":[[[69.37599,41.2538],[69.38196,41.25378],[69.38193,41.24928],[69.37597,41.2493],[69.37599,41.2538]]]}},{"type":"Feature","properties":{"population":826.348,"density_per_km2":4023.92,"area_km2":0.205359},"geometry":{"type":"Polygon","coordinates":[[[69.38193,41.24928],[69.38196,41.25378],[69.3844,41.25377],[69.38467,41.25356],[69.38606,41.2525],[69.38632,41.25229],[69.38791,41.25102],[69.3879,41.24926],[69.38193,41.24928]]]}},{"type":"Feature","properties":{"population":69.625,"density_per_km2":3794.93,"area_km2":0.018347},"geometry":{"type":"Polygon","coordinates":[[[69.38791,41.25102],[69.38848,41.25058],[69.38968,41.24961],[69.39013,41.24925],[69.3879,41.24926],[69.38791,41.25102]]]}},{"type":"Feature","properties":{"population":589.008,"density_per_km2":11877.4,"area_km2":0.049591},"geometry":{"type":"Polygon","coordinates":[[[69.15518,41.25609],[69.15385,41.25698],[69.15378,41.25704],[69.1529,41.25767],[69.15223,41.25816],[69.15158,41.25865],[69.15135,41.25882],[69.15518,41.25881],[69.15518,41.25609]]]}},{"type":"Feature","properties":{"population":2711.907,"density_per_km2":12047.64,"area_km2":0.225099},"geometry":{"type":"Polygon","coordinates":[[[69.16115,41.2588],[69.16114,41.2543],[69.15823,41.2543],[69.15805,41.25441],[69.15756,41.2547],[69.15742,41.25477],[69.15733,41.25482],[69.15705,41.25498],[69.15691,41.25505],[69.15677,41.25513],[69.15668,41.25518],[69.15658,41.25523],[69.15655,41.25525],[69.15526,41.25604],[69.15518,41.25609],[69.15518,41.25881],[69.16115,41.2588]]]}},{"type":"Feature","properties":{"population":1901.449,"density_per_km2":7605.8,"area_km2":0.25},"geometry":{"type":"Polygon","coordinates":[[[69.16115,41.2588],[69.16712,41.2588],[69.16711,41.25429],[69.16114,41.2543],[69.16115,41.2588]]]}},{"type":"Feature","properties":{"population":896.454,"density_per_km2":3585.82,"area_km2":0.25},"geometry":{"type":"Polygon","coordinates":[[[69.16712,41.2588],[69.17309,41.25879],[69.17308,41.25428],[69.16711,41.25429],[69.16712,41.2588]]]}},{"type":"Feature","properties":{"population":324.495,"density_per_km2":1297.98,"area_km2":0.25},"geometry":{"type":"Polygon","coordinates":[[[69.17309,41.25879],[69.17906,41.25878],[69.17905,41.25427],[69.17308,41.25428],[69.17309,41.25879]]]}},{"type":"Feature","properties":{"population":838.966,"density_per_km2":3355.86,"area_km2":0.25},"geometry":{"type":"Polygon","coordinates":[[[69.17906,41.25878],[69.18503,41.25877],[69.18501,41.25426],[69.17905,41.25427],[69.17906,41.25878]]]}},{"type":"Feature","properties":{"population":2635.737,"density_per_km2":10542.95,"area_km2":0.25},"geometry":{"type":"Polygon","coordinates":[[[69.18503,41.25877],[69.191,41.25876],[69.19098,41.25426],[69.18501,41.25426],[69.18503,41.25877]]]}},{"type":"Feature","properties":{"population":2057.437,"density_per_km2":8229.75,"area_km2":0.25},"geometry":{"type":"Polygon","coordinates":[[[69.191,41.25876],[69.19696,41.25875],[69.19695,41.25425],[69.19098,41.25426],[69.191,41.25876]]]}},{"type":"Feature","properties":{"population":2447.828,"density_per_km2":9791.31,"area_km2":0.25},"geometry":{"type":"Polygon","coordinates":[[[69.19696,41.25875],[69.20293,41.25874],[69.20292,41.25423],[69.19695,41.25425],[69.19696,41.25875]]]}},{"type":"Feature","properties":{"population":2524.068,"density_per_km2":10096.27,"area_km2":0.25},"geometry":{"type":"Polygon","coordinates":[[[69.20293,41.25874],[69.2089,41.25873],[69.20889,41.25422],[69.20292,41.25423],[69.20293,41.25874]]]}},{"type":"Feature","properties":{"population":2401.677,"density_per_km2":9606.71,"area_km2":0.25},"geometry":{"type":"Polygon","coordinates":[[[69.2089,41.25873],[69.21487,41.25872],[69.21485,41.25421],[69.20889,41.25422],[69.2089,41.25873]]]}},{"type":"Feature","properties":{"population":1600.904,"density_per_km2":6403.62,"area_km2":0.25},"geometry":{"type":"Polygon","coordinates":[[[69.21487,41.25872],[69.22084,41.25871],[69.22082,41.2542],[69.21485,41.25421],[69.21487,41.25872]]]}},{"type":"Feature","properties":{"population":910.483,"density_per_km2":3641.93,"area_km2":0.25},"geometry":{"type":"Polygon","coordinates":[[[69.22084,41.25871],[69.22681,41.25869],[69.22679,41.25419],[69.22082,41.2542],[69.22084,41.25871]]]}},{"type":"Feature","properties":{"population":844.482,"density_per_km2":3377.93,"area_km2":0.25},"geometry":{"type":"Polygon","coordinates":[[[69.22681,41.25869],[69.23277,41.25868],[69.23276,41.25418],[69.22679,41.25419],[69.22681,41.25869]]]}},{"type":"Feature","properties":{"population":962.288,"density_per_km2":3849.15,"area_km2":0.25},"geometry":{"type":"Polygon","coordinates":[[[69.23277,41.25868],[69.23874,41.25867],[69.23873,41.25417],[69.23276,41.25418],[69.23277,41.25868]]]}},{"type":"Feature","properties":{"population":1178.815,"density_per_km2":4715.26,"area_km2":0.25},"geometry":{"type":"Polygon","coordinates":[[[69.23874,41.25867],[69.24471,41.25866],[69.2447,41.25415],[69.23873,41.25417],[69.23874,41.25867]]]}},{"type":"Feature","properties":{"population":960.898,"density_per_km2":3843.59,"area_km2":0.25},"geometry":{"type":"Polygon","coordinates":[[[69.24471,41.25866],[69.25068,41.25864],[69.25066,41.25414],[69.2447,41.25415],[69.24471,41.25866]]]}},{"type":"Feature","properties":{"population":803.051,"density_per_km2":3212.21,"area_km2":0.25},"geometry":{"type":"Polygon","coordinates":[[[69.25068,41.25864],[69.25665,41.25863],[69.25663,41.25413],[69.25066,41.25414],[69.25068,41.25864]]]}},{"type":"Feature","properties":{"population":516.317,"density_per_km2":2065.27,"area_km2":0.25},"geometry":{"type":"Polygon","coordinates":[[[69.25665,41.25863],[69.26262,41.25862],[69.2626,41.25411],[69.25663,41.25413],[69.25665,41.25863]]]}},{"type":"Feature","properties":{"population":209.158,"density_per_km2":836.63,"area_km2":0.25},"geometry":{"type":"Polygon","coordinates":[[[69.26262,41.25862],[69.26859,41.2586],[69.26857,41.2541],[69.2626,41.25411],[69.26262,41.25862]]]}},{"type":"Feature","properties":{"population":178.972,"density_per_km2":715.89,"area_km2":0.25},"geometry":{"type":"Polygon","coordinates":[[[69.26859,41.2586],[69.27455,41.25859],[69.27454,41.25409],[69.26857,41.2541],[69.26859,41.2586]]]}},{"type":"Feature","properties":{"population":184.587,"density_per_km2":738.35,"area_km2":0.25},"geometry":{"type":"Polygon","coordinates":[[[69.27455,41.25859],[69.28052,41.25858],[69.2805,41.25407],[69.27454,41.25409],[69.27455,41.25859]]]}},{"type":"Feature","properties":{"population":212.318,"density_per_km2":849.27,"area_km2":0.25},"geometry":{"type":"Polygon","coordinates":[[[69.28052,41.25858],[69.28649,41.25856],[69.28647,41.25406],[69.2805,41.25407],[69.28052,41.25858]]]}},{"type":"Feature","properties":{"population":467.232,"density_per_km2":1868.93,"area_km2":0.25},"geometry":{"type":"Polygon","coordinates":[[[69.28649,41.25856],[69.29246,41.25855],[69.29244,41.25404],[69.28647,41.25406],[69.28649,41.25856]]]}},{"type":"Feature","properties":{"population":583.947,"density_per_km2":2335.79,"area_km2":0.25},"geometry":{"type":"Polygon","coordinates":[[[69.29246,41.25855],[69.29843,41.25853],[69.29841,41.25403],[69.29244,41.25404],[69.29246,41.25855]]]}},{"type":"Feature","properties":{"population":1050.15,"density_per_km2":4200.6,"area_km2":0.25},"geometry":{"type":"Polygon","coordinates":[[[69.29843,41.25853],[69.3044,41.25852],[69.30438,41.25401],[69.29841,41.25403],[69.29843,41.25853]]]}},{"type":"Feature","properties":{"population":1802.262,"density_per_km2":7209.05,"area_km2":0.25},"geometry":{"type":"Polygon","coordinates":[[[69.3044,41.25852],[69.31037,41.2585],[69.31034,41.254],[69.30438,41.25401],[69.3044,41.25852]]]}},{"type":"Feature","properties":{"population":1815.626,"density_per_km2":7262.51,"area_km2":0.25},"geometry":{"type":"Polygon","coordinates":[[[69.31037,41.2585],[69.31633,41.25848],[69.31631,41.25398],[69.31034,41.254],[69.31037,41.2585]]]}},{"type":"Feature","properties":{"population":1814.648,"density_per_km2":7258.59,"area_km2":0.25},"geometry":{"type":"Polygon","coordinates":[[[69.31633,41.25848],[69.3223,41.25847],[69.32228,41.25396],[69.31631,41.25398],[69.31633,41.25848]]]}},{"type":"Feature","properties":{"population":1192.985,"density_per_km2":4771.94,"area_km2":0.25},"geometry":{"type":"Polygon","coordinates":[[[69.3223,41.25847],[69.32827,41.25845],[69.32825,41.25395],[69.32228,41.25396],[69.3223,41.25847]]]}},{"type":"Feature","properties":{"population":1263.671,"density_per_km2":5054.69,"area_km2":0.25},"geometry":{"type":"Polygon","coordinates":[[[69.32827,41.25845],[69.33424,41.25843],[69.33422,41.25393],[69.32825,41.25395],[69.32827,41.25845]]]}},{"type":"Feature","properties":{"population":1042.897,"density_per_km2":4171.59,"area_km2":0.25},"geometry":{"type":"Polygon","coordinates":[[[69.33424,41.25843],[69.34021,41.25841],[69.34018,41.25391],[69.33422,41.25393],[69.33424,41.25843]]]}},{"type":"Feature","properties":{"population":1349.405,"density_per_km2":5397.62,"area_km2":0.25},"geometry":{"type":"Polygon","coordinates":[[[69.34021,41.25841],[69.34618,41.2584],[69.34615,41.25389],[69.34018,41.25391],[69.34021,41.25841]]]}},{"type":"Feature","properties":{"population":969.766,"density_per_km2":3879.06,"area_km2":0.25},"geometry":{"type":"Polygon","coordinates":[[[69.34618,41.2584],[69.35214,41.25838],[69.35212,41.25388],[69.34615,41.25389],[69.34618,41.2584]]]}},{"type":"Feature","properties":{"population":1066.44,"density_per_km2":4265.76,"area_km2":0.25},"geometry":{"type":"Polygon","coordinates":[[[69.35214,41.25838],[69.35811,41.25836],[69.35809,41.25386],[69.35212,41.25388],[69.35214,41.25838]]]}},{"type":"Feature","properties":{"population":665.161,"density_per_km2":2660.64,"area_km2":0.25},"geometry":{"type":"Polygon","coordinates":[[[69.35811,41.25836],[69.36408,41.25834],[69.36406,41.25384],[69.35809,41.25386],[69.35811,41.25836]]]}},{"type":"Feature","properties":{"population":452.09,"density_per_km2":1808.36,"area_km2":0.25},"geometry":{"type":"Polygon","coordinates":[[[69.36408,41.25834],[69.37005,41.25832],[69.37002,41.25382],[69.36406,41.25384],[69.36408,41.25834]]]}},{"type":"Feature","properties":{"population":759.233,"density_per_km2":3036.93,"area_km2":0.25},"geometry":{"type":"Polygon","coordinates":[[[69.37005,41.25832],[69.37602,41.2583],[69.37599,41.2538],[69.37002,41.25382],[69.37005,41.25832]]]}},{"type":"Feature","properties":{"population":791.119,"density_per_km2":3624.39,"area_km2":0.218277},"geometry":{"type":"Polygon","coordinates":[[[69.37599,41.2538],[69.37602,41.2583],[69.37905,41.25829],[69.38197,41.25596],[69.38196,41.25378],[69.37599,41.2538]]]}},{"type":"Feature","properties":{"population":79.553,"density_per_km2":3053.31,"area_km2":0.026055},"geometry":{"type":"Polygon","coordinates":[[[69.38197,41.25596],[69.38386,41.25445],[69.38372,41.2543],[69.38395,41.25412],[69.38401,41.25408],[69.3844,41.25377],[69.38196,41.25378],[69.38197,41.25596]]]}},{"type":"Feature","properties":{"population":265.031,"density_per_km2":10658.67,"area_km2":0.024865},"geometry":{"type":"Polygon","coordinates":[[[69.14922,41.26063],[69.14899,41.26087],[69.14897,41.26089],[69.14889,41.26098],[69.14883,41.26106],[69.14877,41.26114],[69.14857,41.26139],[69.14838,41.26166],[69.14812,41.26206],[69.14788,41.26247],[69.1477,41.26284],[69.14752,41.26327],[69.1475,41.26333],[69.14923,41.26332],[69.14922,41.26063]]]}},{"type":"Feature","properties":{"population":2382.236,"density_per_km2":10207.88,"area_km2":0.233372},"geometry":{"type":"Polygon","coordinates":[[[69.15519,41.26332],[69.15518,41.25881],[69.15135,41.25882],[69.15047,41.25947],[69.15001,41.25985],[69.14982,41.26002],[69.14959,41.26023],[69.14934,41.26049],[69.14925,41.26059],[69.14922,41.26063],[69.14923,41.26332],[69.15519,41.26332]]]}},{"type":"Feature","properties":{"population":2375.537,"density_per_km2":9502.15,"area_km2":0.25},"geometry":{"type":"Polygon","coordinates":[[[69.15519,41.26332],[69.16116,41.26331],[69.16115,41.2588],[69.15518,41.25881],[69.15519,41.26332]]]}},{"type":"Feature","properties":{"population":2050.262,"density_per_km2":8201.05,"area_km2":0.25},"geometry":{"type":"Polygon","coordinates":[[[69.16116,41.26331],[69.16713,41.2633],[69.16712,41.2588],[69.16115,41.2588],[69.16116,41.26331]]]}},{"type":"Feature","properties":{"population":1875.697,"density_per_km2":7502.79,"area_km2":0.25},"geometry":{"type":"Polygon","coordinates":[[[69.16713,41.2633],[69.1731,41.26329],[69.17309,41.25879],[69.16712,41.2588],[69.16713,41.2633]]]}},{"type":"Feature","properties":{"population":1821.215,"density_per_km2":7284.86,"area_km2":0.25},"geometry":{"type":"Polygon","coordinates":[[[69.1731,41.26329],[69.17907,41.26328],[69.17906,41.25878],[69.17309,41.25879],[69.1731,41.26329]]]}},{"type":"Feature","properties":{"population":2213.244,"density_per_km2":8852.98,"area_km2":0.25},"geometry":{"type":"Polygon","coordinates":[[[69.17907,41.26328],[69.18504,41.26327],[69.18503,41.25877],[69.17906,41.25878],[69.17907,41.26328]]]}},{"type":"Feature","properties":{"population":2655.859,"density_per_km2":10623.44,"area_km2":0.25},"geometry":{"type":"Polygon","coordinates":[[[69.18504,41.26327],[69.19101,41.26326],[69.191,41.25876],[69.18503,41.25877],[69.18504,41.26327]]]}},{"type":"Feature","properties":{"population":2393.087,"density_per_km2":9572.35,"area_km2":0.25},"geometry":{"type":"Polygon","coordinates":[[[69.19101,41.26326],[69.19698,41.26325],[69.19696,41.25875],[69.191,41.25876],[69.19101,41.26326]]]}},{"type":"Feature","properties":{"population":2973.643,"density_per_km2":11894.57,"area_km2":0.25},"geometry":{"type":"Polygon","coordinates":[[[69.19698,41.26325],[69.20295,41.26324],[69.20293,41.25874],[69.19696,41.25875],[69.19698,41.26325]]]}},{"type":"Feature","properties":{"population":2927.356,"density_per_km2":11709.42,"area_km2":0.25},"geometry":{"type":"Polygon","coordinates":[[[69.20295,41.26324],[69.20892,41.26323],[69.2089,41.25873],[69.20293,41.25874],[69.20295,41.26324]]]}},{"type":"Feature","properties":{"population":2863.573,"density_per_km2":11454.29,"area_km2":0.25},"geometry":{"type":"Polygon","coordinates":[[[69.20892,41.26323],[69.21488,41.26322],[69.21487,41.25872],[69.2089,41.25873],[69.20892,41.26323]]]}},{"type":"Feature","properties":{"population":2962.294,"density_per_km2":11849.18,"area_km2":0.25},"geometry":{"type":"Polygon","coordinates":[[[69.21488,41.26322],[69.22085,41.26321],[69.22084,41.25871],[69.21487,41.25872],[69.21488,41.26322]]]}},{"type":"Feature","properties":{"population":2744.67,"density_per_km2":10978.68,"area_km2":0.25},"geometry":{"type":"Polygon","coordinates":[[[69.22085,41.26321],[69.22682,41.2632],[69.22681,41.25869],[69.22084,41.25871],[69.22085,41.26321]]]}},{"type":"Feature","properties":{"population":1863.981,"density_per_km2":7455.93,"area_km2":0.25},"geometry":{"type":"Polygon","coordinates":[[[69.22682,41.2632],[69.23279,41.26319],[69.23277,41.25868],[69.22681,41.25869],[69.22682,41.2632]]]}},{"type":"Feature","properties":{"population":1550.527,"density_per_km2":6202.11,"area_km2":0.25},"geometry":{"type":"Polygon","coordinates":[[[69.23279,41.26319],[69.23876,41.26317],[69.23874,41.25867],[69.23277,41.25868],[69.23279,41.26319]]]}},{"type":"Feature","properties":{"population":1265.478,"density_per_km2":5061.91,"area_km2":0.25},"geometry":{"type":"Polygon","coordinates":[[[69.23876,41.26317],[69.24473,41.26316],[69.24471,41.25866],[69.23874,41.25867],[69.23876,41.26317]]]}},{"type":"Feature","properties":{"population":1326.985,"density_per_km2":5307.94,"area_km2":0.25},"geometry":{"type":"Polygon","coordinates":[[[69.24473,41.26316],[69.2507,41.26315],[69.25068,41.25864],[69.24471,41.25866],[69.24473,41.26316]]]}},{"type":"Feature","properties":{"population":1406.929,"density_per_km2":5627.71,"area_km2":0.25},"geometry":{"type":"Polygon","coordinates":[[[69.2507,41.26315],[69.25667,41.26314],[69.25665,41.25863],[69.25068,41.25864],[69.2507,41.26315]]]}},{"type":"Feature","properties":{"population":1437.374,"density_per_km2":5749.5,"area_km2":0.25},"geometry":{"type":"Polygon","coordinates":[[[69.25667,41.26314],[69.26264,41.26312],[69.26262,41.25862],[69.25665,41.25863],[69.25667,41.26314]]]}},{"type":"Feature","properties":{"population":992.297,"density_per_km2":3969.19,"area_km2":0.25},"geometry":{"type":"Polygon","coordinates":[[[69.26264,41.26312],[69.2686,41.26311],[69.26859,41.2586],[69.26262,41.25862],[69.26264,41.26312]]]}},{"type":"Feature","properties":{"population":425.094,"density_per_km2":1700.37,"area_km2":0.25},"geometry":{"type":"Polygon","coordinates":[[[69.2686,41.26311],[69.27457,41.26309],[69.27455,41.25859],[69.26859,41.2586],[69.2686,41.26311]]]}},{"type":"Feature","properties":{"population":488.803,"density_per_km2":1955.21,"area_km2":0.25},"geometry":{"type":"Polygon","coordinates":[[[69.27457,41.26309],[69.28054,41.26308],[69.28052,41.25858],[69.27455,41.25859],[69.27457,41.26309]]]}},{"type":"Feature","properties":{"population":207.19,"density_per_km2":828.76,"area_km2":0.25},"geometry":{"type":"Polygon","coordinates":[[[69.28054,41.26308],[69.28651,41.26306],[69.28649,41.25856],[69.28052,41.25858],[69.28054,41.26308]]]}},{"type":"Feature","properties":{"population":120.277,"density_per_km2":481.11,"area_km2":0.25},"geometry":{"type":"Polygon","coordinates":[[[69.28651,41.26306],[69.29248,41.26305],[69.29246,41.25855],[69.28649,41.25856],[69.28651,41.26306]]]}},{"type":"Feature","properties":{"population":294.11,"density_per_km2":1176.44,"area_km2":0.25},"geometry":{"type":"Polygon","coordinates":[[[69.29248,41.26305],[69.29845,41.26303],[69.29843,41.25853],[69.29246,41.25855],[69.29248,41.26305]]]}},{"type":"Feature","properties":{"population":535.491,"density_per_km2":2141.96,"area_km2":0.25},"geometry":{"type":"Polygon","coordinates":[[[69.29845,41.26303],[69.30442,41.26302],[69.3044,41.25852],[69.29843,41.25853],[69.29845,41.26303]]]}},{"type":"Feature","properties":{"population":658.85,"density_per_km2":2635.4,"area_km2":0.25},"geometry":{"type":"Polygon","coordinates":[[[69.30442,41.26302],[69.31039,41.263],[69.31037,41.2585],[69.3044,41.25852],[69.30442,41.26302]]]}},{"type":"Feature","properties":{"population":2264.634,"density_per_km2":9058.54,"area_km2":0.25},"geometry":{"type":"Polygon","coordinates":[[[69.31039,41.263],[69.31636,41.26299],[69.31633,41.25848],[69.31037,41.2585],[69.31039,41.263]]]}},{"type":"Feature","properties":{"population":1826.928,"density_per_km2":7307.71,"area_km2":0.25},"geometry":{"type":"Polygon","coordinates":[[[69.31636,41.26299],[69.32232,41.26297],[69.3223,41.25847],[69.31633,41.25848],[69.31636,41.26299]]]}},{"type":"Feature","properties":{"population":1546.918,"density_per_km2":6187.67,"area_km2":0.25},"geometry":{"type":"Polygon","coordinates":[[[69.32232,41.26297],[69.32829,41.26295],[69.32827,41.25845],[69.3223,41.25847],[69.32232,41.26297]]]}},{"type":"Feature","properties":{"population":1306.956,"density_per_km2":5227.83,"area_km2":0.25},"geometry":{"type":"Polygon","coordinates":[[[69.32829,41.26295],[69.33426,41.26294],[69.33424,41.25843],[69.32827,41.25845],[69.32829,41.26295]]]}},{"type":"Feature","properties":{"population":1299.425,"density_per_km2":5197.7,"area_km2":0.25},"geometry":{"type":"Polygon","coordinates":[[[69.33426,41.26294],[69.34023,41.26292],[69.34021,41.25841],[69.33424,41.25843],[69.33426,41.26294]]]}},{"type":"Feature","properties":{"population":887.919,"density_per_km2":3551.68,"area_km2":0.25},"geometry":{"type":"Polygon","coordinates":[[[69.34023,41.26292],[69.3462,41.2629],[69.34618,41.2584],[69.34021,41.25841],[69.34023,41.26292]]]}},{"type":"Feature","properties":{"population":926.627,"density_per_km2":3706.51,"area_km2":0.25},"geometry":{"type":"Polygon","coordinates":[[[69.3462,41.2629],[69.35217,41.26288],[69.35214,41.25838],[69.34618,41.2584],[69.3462,41.2629]]]}},{"type":"Feature","properties":{"population":1159.988,"density_per_km2":4639.95,"area_km2":0.25},"geometry":{"type":"Polygon","coordinates":[[[69.35217,41.26288],[69.35814,41.26286],[69.35811,41.25836],[69.35214,41.25838],[69.35217,41.26288]]]}},{"type":"Feature","properties":{"population":1156.959,"density_per_km2":4627.84,"area_km2":0.25},"geometry":{"type":"Polygon","coordinates":[[[69.35814,41.26286],[69.36411,41.26285],[69.36408,41.25834],[69.35811,41.25836],[69.35814,41.26286]]]}},{"type":"Feature","properties":{"population":767.747,"density_per_km2":3070.99,"area_km2":0.25},"geometry":{"type":"Polygon","coordinates":[[[69.36411,41.26285],[69.37008,41.26283],[69.37005,41.25832],[69.36408,41.25834],[69.36411,41.26285]]]}},{"type":"Feature","properties":{"population":449.928,"density_per_km2":1936.93,"area_km2":0.232289},"geometry":{"type":"Polygon","coordinates":[[[69.37005,41.25832],[69.37008,41.26283],[69.37556,41.26281],[69.37441,41.26201],[69.37603,41.26071],[69.37602,41.2583],[69.37005,41.25832]]]}},{"type":"Feature","properties":{"population":74.601,"density_per_km2":2196.25,"area_km2":0.033967},"geometry":{"type":"Polygon","coordinates":[[[69.37603,41.26071],[69.37905,41.25829],[69.37602,41.2583],[69.37603,41.26071]]]}},{"type":"Feature","properties":{"population":45.026,"density_per_km2":1650.98,"area_km2":0.027272},"geometry":{"type":"Polygon","coordinates":[[[69.12536,41.26693],[69.12518,41.26685],[69.12411,41.26726],[69.12362,41.26727],[69.12315,41.26714],[69.12286,41.26686],[69.12261,41.26646],[69.12258,41.26607],[69.12232,41.26607],[69.1218,41.26626],[69.12191,41.26652],[69.12197,41.26678],[69.12218,41.26717],[69.12248,41.26744],[69.12276,41.26786],[69.12536,41.26786],[69.12536,41.26693]]]}},{"type":"Feature","properties":{"population":27.061,"density_per_km2":3050.61,"area_km2":0.008871},"geometry":{"type":"Polygon","coordinates":[[[69.12759,41.26785],[69.12632,41.26741],[69.12595,41.26721],[69.12536,41.26693],[69.12536,41.26786],[69.12759,41.26785]]]}},{"type":"Feature","properties":{"population":910.878,"density_per_km2":10152.25,"area_km2":0.089722},"geometry":{"type":"Polygon","coordinates":[[[69.14923,41.26332],[69.1475,41.26333],[69.14744,41.2635],[69.14736,41.26373],[69.14729,41.26396],[69.14722,41.26419],[69.14715,41.26457],[69.1471,41.26485],[69.14707,41.26513],[69.147,41.26627],[69.14693,41.26755],[69.14691,41.26783],[69.14924,41.26783],[69.14923,41.26332]]]}},{"type":"Feature","properties":{"population":2655.622,"density_per_km2":10622.49,"area_km2":0.25},"geometry":{"type":"Polygon","coordinates":[[[69.14924,41.26783],[69.1552,41.26782],[69.15519,41.26332],[69.14923,41.26332],[69.14924,41.26783]]]}},{"type":"Feature","properties":{"population":2783.291,"density_per_km2":11133.16,"area_km2":0.25},"geometry":{"type":"Polygon","coordinates":[[[69.1552,41.26782],[69.16117,41.26781],[69.16116,41.26331],[69.15519,41.26332],[69.1552,41.26782]]]}},{"type":"Feature","properties":{"population":2889.248,"density_per_km2":11556.99,"area_km2":0.25},"geometry":{"type":"Polygon","coordinates":[[[69.16117,41.26781],[69.16714,41.2678],[69.16713,41.2633],[69.16116,41.26331],[69.16117,41.26781]]]}},{"type":"Feature","properties":{"population":2303.495,"density_per_km2":9213.98,"area_km2":0.25},"geometry":{"type":"Polygon","coordinates":[[[69.16714,41.2678],[69.17311,41.2678],[69.1731,41.26329],[69.16713,41.2633],[69.16714,41.2678]]]}},{"type":"Feature","properties":{"population":2121.132,"density_per_km2":8484.53,"area_km2":0.25},"geometry":{"type":"Polygon","coordinates":[[[69.17311,41.2678],[69.17908,41.26779],[69.17907,41.26328],[69.1731,41.26329],[69.17311,41.2678]]]}},{"type":"Feature","properties":{"population":2101.589,"density_per_km2":8406.35,"area_km2":0.25},"geometry":{"type":"Polygon","coordinates":[[[69.17908,41.26779],[69.18505,41.26778],[69.18504,41.26327],[69.17907,41.26328],[69.17908,41.26779]]]}},{"type":"Feature","properties":{"population":2574.933,"density_per_km2":10299.73,"area_km2":0.25},"geometry":{"type":"Polygon","coordinates":[[[69.18505,41.26778],[69.19102,41.26777],[69.19101,41.26326],[69.18504,41.26327],[69.18505,41.26778]]]}},{"type":"Feature","properties":{"population":2487.783,"density_per_km2":9951.13,"area_km2":0.25},"geometry":{"type":"Polygon","coordinates":[[[69.19102,41.26777],[69.19699,41.26776],[69.19698,41.26325],[69.19101,41.26326],[69.19102,41.26777]]]}},{"type":"Feature","properties":{"population":2635.648,"density_per_km2":10542.59,"area_km2":0.25},"geometry":{"type":"Polygon","coordinates":[[[69.19699,41.26776],[69.20296,41.26775],[69.20295,41.26324],[69.19698,41.26325],[69.19699,41.26776]]]}},{"type":"Feature","properties":{"population":2420.673,"density_per_km2":9682.69,"area_km2":0.25},"geometry":{"type":"Polygon","coordinates":[[[69.20296,41.26775],[69.20893,41.26774],[69.20892,41.26323],[69.20295,41.26324],[69.20296,41.26775]]]}},{"type":"Feature","properties":{"population":2548.691,"density_per_km2":10194.76,"area_km2":0.25},"geometry":{"type":"Polygon","coordinates":[[[69.20893,41.26774],[69.2149,41.26772],[69.21488,41.26322],[69.20892,41.26323],[69.20893,41.26774]]]}},{"type":"Feature","properties":{"population":2419.256,"density_per_km2":9677.02,"area_km2":0.25},"geometry":{"type":"Polygon","coordinates":[[[69.2149,41.26772],[69.22087,41.26771],[69.22085,41.26321],[69.21488,41.26322],[69.2149,41.26772]]]}},{"type":"Feature","properties":{"population":2647.119,"density_per_km2":10588.47,"area_km2":0.25},"geometry":{"type":"Polygon","coordinates":[[[69.22087,41.26771],[69.22684,41.2677],[69.22682,41.2632],[69.22085,41.26321],[69.22087,41.26771]]]}},{"type":"Feature","properties":{"population":2162.67,"density_per_km2":8650.68,"area_km2":0.25},"geometry":{"type":"Polygon","coordinates":[[[69.22684,41.2677],[69.23281,41.26769],[69.23279,41.26319],[69.22682,41.2632],[69.22684,41.2677]]]}},{"type":"Feature","properties":{"population":2688.28,"density_per_km2":10753.12,"area_km2":0.25},"geometry":{"type":"Polygon","coordinates":[[[69.23281,41.26769],[69.23878,41.26768],[69.23876,41.26317],[69.23279,41.26319],[69.23281,41.26769]]]}},{"type":"Feature","properties":{"population":2425.937,"density_per_km2":9703.75,"area_km2":0.25},"geometry":{"type":"Polygon","coordinates":[[[69.23878,41.26768],[69.24475,41.26767],[69.24473,41.26316],[69.23876,41.26317],[69.23878,41.26768]]]}},{"type":"Feature","properties":{"population":1956.858,"density_per_km2":7827.43,"area_km2":0.25},"geometry":{"type":"Polygon","coordinates":[[[69.24475,41.26767],[69.25072,41.26765],[69.2507,41.26315],[69.24473,41.26316],[69.24475,41.26767]]]}},{"type":"Feature","properties":{"population":1410.373,"density_per_km2":5641.49,"area_km2":0.25},"geometry":{"type":"Polygon","coordinates":[[[69.25072,41.26765],[69.25668,41.26764],[69.25667,41.26314],[69.2507,41.26315],[69.25072,41.26765]]]}},{"type":"Feature","properties":{"population":1355.714,"density_per_km2":5422.86,"area_km2":0.25},"geometry":{"type":"Polygon","coordinates":[[[69.25668,41.26764],[69.26265,41.26763],[69.26264,41.26312],[69.25667,41.26314],[69.25668,41.26764]]]}},{"type":"Feature","properties":{"population":907.63,"density_per_km2":3630.52,"area_km2":0.25},"geometry":{"type":"Polygon","coordinates":[[[69.26265,41.26763],[69.26862,41.26761],[69.2686,41.26311],[69.26264,41.26312],[69.26265,41.26763]]]}},{"type":"Feature","properties":{"population":1023.661,"density_per_km2":4094.64,"area_km2":0.25},"geometry":{"type":"Polygon","coordinates":[[[69.26862,41.26761],[69.27459,41.2676],[69.27457,41.26309],[69.2686,41.26311],[69.26862,41.26761]]]}},{"type":"Feature","properties":{"population":711.967,"density_per_km2":2847.87,"area_km2":0.25},"geometry":{"type":"Polygon","coordinates":[[[69.27459,41.2676],[69.28056,41.26758],[69.28054,41.26308],[69.27457,41.26309],[69.27459,41.2676]]]}},{"type":"Feature","properties":{"population":657.393,"density_per_km2":2629.57,"area_km2":0.25},"geometry":{"type":"Polygon","coordinates":[[[69.28056,41.26758],[69.28653,41.26757],[69.28651,41.26306],[69.28054,41.26308],[69.28056,41.26758]]]}},{"type":"Feature","properties":{"population":437.111,"density_per_km2":1748.44,"area_km2":0.25},"geometry":{"type":"Polygon","coordinates":[[[69.28653,41.26757],[69.2925,41.26755],[69.29248,41.26305],[69.28651,41.26306],[69.28653,41.26757]]]}},{"type":"Feature","properties":{"population":1628.813,"density_per_km2":6515.25,"area_km2":0.25},"geometry":{"type":"Polygon","coordinates":[[[69.2925,41.26755],[69.29847,41.26754],[69.29845,41.26303],[69.29248,41.26305],[69.2925,41.26755]]]}},{"type":"Feature","properties":{"population":1274.654,"density_per_km2":5098.62,"area_km2":0.25},"geometry":{"type":"Polygon","coordinates":[[[69.29847,41.26754],[69.30444,41.26752],[69.30442,41.26302],[69.29845,41.26303],[69.29847,41.26754]]]}},{"type":"Feature","properties":{"population":1400.322,"density_per_km2":5601.29,"area_km2":0.25},"geometry":{"type":"Polygon","coordinates":[[[69.30444,41.26752],[69.31041,41.26751],[69.31039,41.263],[69.30442,41.26302],[69.30444,41.26752]]]}},{"type":"Feature","properties":{"population":2127.203,"density_per_km2":8508.81,"area_km2":0.25},"geometry":{"type":"Polygon","coordinates":[[[69.31041,41.26751],[69.31638,41.26749],[69.31636,41.26299],[69.31039,41.263],[69.31041,41.26751]]]}},{"type":"Feature","properties":{"population":1297.193,"density_per_km2":5188.77,"area_km2":0.25},"geometry":{"type":"Polygon","coordinates":[[[69.31638,41.26749],[69.32235,41.26747],[69.32232,41.26297],[69.31636,41.26299],[69.31638,41.26749]]]}},{"type":"Feature","properties":{"population":1091.786,"density_per_km2":4367.15,"area_km2":0.25},"geometry":{"type":"Polygon","coordinates":[[[69.32235,41.26747],[69.32832,41.26746],[69.32829,41.26295],[69.32232,41.26297],[69.32235,41.26747]]]}},{"type":"Feature","properties":{"population":789.461,"density_per_km2":3157.85,"area_km2":0.25},"geometry":{"type":"Polygon","coordinates":[[[69.32832,41.26746],[69.33429,41.26744],[69.33426,41.26294],[69.32829,41.26295],[69.32832,41.26746]]]}},{"type":"Feature","properties":{"population":1003.166,"density_per_km2":4012.66,"area_km2":0.25},"geometry":{"type":"Polygon","coordinates":[[[69.33429,41.26744],[69.34025,41.26742],[69.34023,41.26292],[69.33426,41.26294],[69.33429,41.26744]]]}},{"type":"Feature","properties":{"population":1096.075,"density_per_km2":4384.3,"area_km2":0.25},"geometry":{"type":"Polygon","coordinates":[[[69.34025,41.26742],[69.34622,41.2674],[69.3462,41.2629],[69.34023,41.26292],[69.34025,41.26742]]]}},{"type":"Feature","properties":{"population":1740.246,"density_per_km2":6960.98,"area_km2":0.25},"geometry":{"type":"Polygon","coordinates":[[[69.34622,41.2674],[69.35219,41.26739],[69.35217,41.26288],[69.3462,41.2629],[69.34622,41.2674]]]}},{"type":"Feature","properties":{"population":1667.63,"density_per_km2":6670.52,"area_km2":0.25},"geometry":{"type":"Polygon","coordinates":[[[69.35219,41.26739],[69.35816,41.26737],[69.35814,41.26286],[69.35217,41.26288],[69.35219,41.26739]]]}},{"type":"Feature","properties":{"population":1721.299,"density_per_km2":6885.2,"area_km2":0.25},"geometry":{"type":"Polygon","coordinates":[[[69.35816,41.26737],[69.36413,41.26735],[69.36411,41.26285],[69.35814,41.26286],[69.35816,41.26737]]]}},{"type":"Feature","properties":{"population":1086.906,"density_per_km2":4347.63,"area_km2":0.25},"geometry":{"type":"Polygon","coordinates":[[[69.36413,41.26735],[69.3701,41.26733],[69.37008,41.26283],[69.36411,41.26285],[69.36413,41.26735]]]}},{"type":"Feature","properties":{"population":482.968,"density_per_km2":1938.52,"area_km2":0.249142},"geometry":{"type":"Polygon","coordinates":[[[69.3701,41.26733],[69.37607,41.26731],[69.37605,41.26321],[69.37574,41.26293],[69.37556,41.26281],[69.37008,41.26283],[69.3701,41.26733]]]}},{"type":"Feature","properties":{"population":89.135,"density_per_km2":1369.87,"area_km2":0.065068},"geometry":{"type":"Polygon","coordinates":[[[69.37901,41.2673],[69.37868,41.26657],[69.3778,41.26511],[69.37695,41.26404],[69.37605,41.26321],[69.37607,41.26731],[69.37901,41.2673]]]}},{"type":"Feature","properties":{"population":281.537,"density_per_km2":5542.18,"area_km2":0.050799},"geometry":{"type":"Polygon","coordinates":[[[69.12276,41.26786],[69.12281,41.26793],[69.12291,41.26856],[69.12287,41.26917],[69.12278,41.26959],[69.12279,41.26982],[69.1229,41.26994],[69.12309,41.26999],[69.12361,41.27006],[69.12417,41.27006],[69.12474,41.27002],[69.12506,41.27001],[69.1253,41.27009],[69.12536,41.27015],[69.12536,41.26786],[69.12276,41.26786]]]}},{"type":"Feature","properties":{"population":2272.689,"density_per_km2":10122.62,"area_km2":0.224516},"geometry":{"type":"Polygon","coordinates":[[[69.13133,41.26895],[69.13022,41.26863],[69.12838,41.26813],[69.12759,41.26785],[69.12536,41.26786],[69.12536,41.27015],[69.1255,41.2703],[69.12562,41.27059],[69.12573,41.27083],[69.12568,41.27116],[69.12564,41.27155],[69.12558,41.27168],[69.12558,41.27186],[69.12569,41.27216],[69.12598,41.27236],[69.13134,41.27235],[69.13133,41.26895]]]}},{"type":"Feature","properties":{"population":466.719,"density_per_km2":7455.34,"area_km2":0.062602},"geometry":{"type":"Polygon","coordinates":[[[69.13535,41.27235],[69.13526,41.27232],[69.13473,41.27187],[69.13366,41.27103],[69.13267,41.27011],[69.13187,41.2693],[69.13149,41.269],[69.13133,41.26895],[69.13134,41.27235],[69.13535,41.27235]]]}},{"type":"Feature","properties":{"population":1249.319,"density_per_km2":12156.21,"area_km2":0.102772},"geometry":{"type":"Polygon","coordinates":[[[69.14924,41.26783],[69.14691,41.26783],[69.1469,41.26807],[69.1468,41.26978],[69.14679,41.26986],[69.14675,41.2708],[69.14669,41.272],[69.14667,41.27229],[69.14667,41.27234],[69.14925,41.27233],[69.14924,41.26783]]]}},{"type":"Feature","properties":{"population":3105.975,"density_per_km2":12423.9,"area_km2":0.25},"geometry":{"type":"Polygon","coordinates":[[[69.14925,41.27233],[69.15522,41.27232],[69.1552,41.26782],[69.14924,41.26783],[69.14925,41.27233]]]}},{"type":"Feature","properties":{"population":3283.805,"density_per_km2":13135.22,"area_km2":0.25},"geometry":{"type":"Polygon","coordinates":[[[69.15522,41.27232],[69.16119,41.27232],[69.16117,41.26781],[69.1552,41.26782],[69.15522,41.27232]]]}},{"type":"Feature","properties":{"population":3787.603,"density_per_km2":15150.41,"area_km2":0.25},"geometry":{"type":"Polygon","coordinates":[[[69.16119,41.27232],[69.16716,41.27231],[69.16714,41.2678],[69.16117,41.26781],[69.16119,41.27232]]]}},{"type":"Feature","properties":{"population":3197.088,"density_per_km2":12788.35,"area_km2":0.25},"geometry":{"type":"Polygon","coordinates":[[[69.16716,41.27231],[69.17313,41.2723],[69.17311,41.2678],[69.16714,41.2678],[69.16716,41.27231]]]}},{"type":"Feature","properties":{"population":2404.267,"density_per_km2":9617.07,"area_km2":0.25},"geometry":{"type":"Polygon","coordinates":[[[69.17313,41.2723],[69.17909,41.27229],[69.17908,41.26779],[69.17311,41.2678],[69.17313,41.2723]]]}},{"type":"Feature","properties":{"population":2349.397,"density_per_km2":9397.59,"area_km2":0.25},"geometry":{"type":"Polygon","coordinates":[[[69.17909,41.27229],[69.18506,41.27228],[69.18505,41.26778],[69.17908,41.26779],[69.17909,41.27229]]]}},{"type":"Feature","properties":{"population":2399.505,"density_per_km2":9598.02,"area_km2":0.25},"geometry":{"type":"Polygon","coordinates":[[[69.18506,41.27228],[69.19103,41.27227],[69.19102,41.26777],[69.18505,41.26778],[69.18506,41.27228]]]}},{"type":"Feature","properties":{"population":2630.551,"density_per_km2":10522.2,"area_km2":0.25},"geometry":{"type":"Polygon","coordinates":[[[69.19103,41.27227],[69.197,41.27226],[69.19699,41.26776],[69.19102,41.26777],[69.19103,41.27227]]]}},{"type":"Feature","properties":{"population":2711.554,"density_per_km2":10846.22,"area_km2":0.25},"geometry":{"type":"Polygon","coordinates":[[[69.197,41.27226],[69.20297,41.27225],[69.20296,41.26775],[69.19699,41.26776],[69.197,41.27226]]]}},{"type":"Feature","properties":{"population":2591.621,"density_per_km2":10366.49,"area_km2":0.25},"geometry":{"type":"Polygon","coordinates":[[[69.20297,41.27225],[69.20894,41.27224],[69.20893,41.26774],[69.20296,41.26775],[69.20297,41.27225]]]}},{"type":"Feature","properties":{"population":3100.73,"density_per_km2":12402.92,"area_km2":0.25},"geometry":{"type":"Polygon","coordinates":[[[69.20894,41.27224],[69.21491,41.27223],[69.2149,41.26772],[69.20893,41.26774],[69.20894,41.27224]]]}},{"type":"Feature","properties":{"population":2709.009,"density_per_km2":10836.03,"area_km2":0.25},"geometry":{"type":"Polygon","coordinates":[[[69.21491,41.27223],[69.22088,41.27222],[69.22087,41.26771],[69.2149,41.26772],[69.21491,41.27223]]]}},{"type":"Feature","properties":{"population":3044.967,"density_per_km2":12179.87,"area_km2":0.25},"geometry":{"type":"Polygon","coordinates":[[[69.22088,41.27222],[69.22685,41.27221],[69.22684,41.2677],[69.22087,41.26771],[69.22088,41.27222]]]}},{"type":"Feature","properties":{"population":3288.838,"density_per_km2":13155.35,"area_km2":0.25},"geometry":{"type":"Polygon","coordinates":[[[69.22685,41.27221],[69.23282,41.27219],[69.23281,41.26769],[69.22684,41.2677],[69.22685,41.27221]]]}},{"type":"Feature","properties":{"population":2946.211,"density_per_km2":11784.84,"area_km2":0.25},"geometry":{"type":"Polygon","coordinates":[[[69.23282,41.27219],[69.23879,41.27218],[69.23878,41.26768],[69.23281,41.26769],[69.23282,41.27219]]]}},{"type":"Feature","properties":{"population":2264.606,"density_per_km2":9058.42,"area_km2":0.25},"geometry":{"type":"Polygon","coordinates":[[[69.23879,41.27218],[69.24476,41.27217],[69.24475,41.26767],[69.23878,41.26768],[69.23879,41.27218]]]}},{"type":"Feature","properties":{"population":2588.967,"density_per_km2":10355.87,"area_km2":0.25},"geometry":{"type":"Polygon","coordinates":[[[69.24476,41.27217],[69.25073,41.27216],[69.25072,41.26765],[69.24475,41.26767],[69.24476,41.27217]]]}},{"type":"Feature","properties":{"population":2238.635,"density_per_km2":8954.54,"area_km2":0.25},"geometry":{"type":"Polygon","coordinates":[[[69.25073,41.27216],[69.2567,41.27214],[69.25668,41.26764],[69.25072,41.26765],[69.25073,41.27216]]]}},{"type":"Feature","properties":{"population":2651.292,"density_per_km2":10605.17,"area_km2":0.25},"geometry":{"type":"Polygon","coordinates":[[[69.2567,41.27214],[69.26267,41.27213],[69.26265,41.26763],[69.25668,41.26764],[69.2567,41.27214]]]}},{"type":"Feature","properties":{"population":2878.982,"density_per_km2":11515.93,"area_km2":0.25},"geometry":{"type":"Polygon","coordinates":[[[69.26267,41.27213],[69.26864,41.27212],[69.26862,41.26761],[69.26265,41.26763],[69.26267,41.27213]]]}},{"type":"Feature","properties":{"population":2746.878,"density_per_km2":10987.51,"area_km2":0.25},"geometry":{"type":"Polygon","coordinates":[[[69.26864,41.27212],[69.27461,41.2721],[69.27459,41.2676],[69.26862,41.26761],[69.26864,41.27212]]]}},{"type":"Feature","properties":{"population":1788.062,"density_per_km2":7152.25,"area_km2":0.25},"geometry":{"type":"Polygon","coordinates":[[[69.27461,41.2721],[69.28058,41.27209],[69.28056,41.26758],[69.27459,41.2676],[69.27461,41.2721]]]}},{"type":"Feature","properties":{"population":1229.003,"density_per_km2":4916.01,"area_km2":0.25},"geometry":{"type":"Polygon","coordinates":[[[69.28058,41.27209],[69.28655,41.27207],[69.28653,41.26757],[69.28056,41.26758],[69.28058,41.27209]]]}},{"type":"Feature","properties":{"population":1777.53,"density_per_km2":7110.12,"area_km2":0.25},"geometry":{"type":"Polygon","coordinates":[[[69.28655,41.27207],[69.29252,41.27206],[69.2925,41.26755],[69.28653,41.26757],[69.28655,41.27207]]]}},{"type":"Feature","properties":{"population":2383.818,"density_per_km2":9535.27,"area_km2":0.25},"geometry":{"type":"Polygon","coordinates":[[[69.29252,41.27206],[69.29849,41.27204],[69.29847,41.26754],[69.2925,41.26755],[69.29252,41.27206]]]}},{"type":"Feature","properties":{"population":2259.606,"density_per_km2":9038.42,"area_km2":0.25},"geometry":{"type":"Polygon","coordinates":[[[69.29849,41.27204],[69.30446,41.27203],[69.30444,41.26752],[69.29847,41.26754],[69.29849,41.27204]]]}},{"type":"Feature","properties":{"population":2458.113,"density_per_km2":9832.45,"area_km2":0.25},"geometry":{"type":"Polygon","coordinates":[[[69.30446,41.27203],[69.31043,41.27201],[69.31041,41.26751],[69.30444,41.26752],[69.30446,41.27203]]]}},{"type":"Feature","properties":{"population":1683.436,"density_per_km2":6733.74,"area_km2":0.25},"geometry":{"type":"Polygon","coordinates":[[[69.31043,41.27201],[69.3164,41.27199],[69.31638,41.26749],[69.31041,41.26751],[69.31043,41.27201]]]}},{"type":"Feature","properties":{"population":1241.88,"density_per_km2":4967.52,"area_km2":0.25},"geometry":{"type":"Polygon","coordinates":[[[69.3164,41.27199],[69.32237,41.27198],[69.32235,41.26747],[69.31638,41.26749],[69.3164,41.27199]]]}},{"type":"Feature","properties":{"population":1087.661,"density_per_km2":4350.64,"area_km2":0.25},"geometry":{"type":"Polygon","coordinates":[[[69.32237,41.27198],[69.32834,41.27196],[69.32832,41.26746],[69.32235,41.26747],[69.32237,41.27198]]]}},{"type":"Feature","properties":{"population":730.261,"density_per_km2":2921.04,"area_km2":0.25},"geometry":{"type":"Polygon","coordinates":[[[69.32834,41.27196],[69.33431,41.27194],[69.33429,41.26744],[69.32832,41.26746],[69.32834,41.27196]]]}},{"type":"Feature","properties":{"population":730.297,"density_per_km2":2921.19,"area_km2":0.25},"geometry":{"type":"Polygon","coordinates":[[[69.33431,41.27194],[69.34028,41.27193],[69.34025,41.26742],[69.33429,41.26744],[69.33431,41.27194]]]}},{"type":"Feature","properties":{"population":1201.283,"density_per_km2":4805.13,"area_km2":0.25},"geometry":{"type":"Polygon","coordinates":[[[69.34028,41.27193],[69.34625,41.27191],[69.34622,41.2674],[69.34025,41.26742],[69.34028,41.27193]]]}},{"type":"Feature","properties":{"population":1377.261,"density_per_km2":5509.04,"area_km2":0.25},"geometry":{"type":"Polygon","coordinates":[[[69.34625,41.27191],[69.35222,41.27189],[69.35219,41.26739],[69.34622,41.2674],[69.34625,41.27191]]]}},{"type":"Feature","properties":{"population":1227.006,"density_per_km2":4908.03,"area_km2":0.25},"geometry":{"type":"Polygon","coordinates":[[[69.35222,41.27189],[69.35819,41.27187],[69.35816,41.26737],[69.35219,41.26739],[69.35222,41.27189]]]}},{"type":"Feature","properties":{"population":1393.614,"density_per_km2":5574.45,"area_km2":0.25},"geometry":{"type":"Polygon","coordinates":[[[69.35819,41.27187],[69.36416,41.27185],[69.36413,41.26735],[69.35816,41.26737],[69.35819,41.27187]]]}},{"type":"Feature","properties":{"population":1594.556,"density_per_km2":6378.23,"area_km2":0.25},"geometry":{"type":"Polygon","coordinates":[[[69.36416,41.27185],[69.37013,41.27183],[69.3701,41.26733],[69.36413,41.26735],[69.36416,41.27185]]]}},{"type":"Feature","properties":{"population":758.484,"density_per_km2":3033.94,"area_km2":0.25},"geometry":{"type":"Polygon","coordinates":[[[69.37013,41.27183],[69.3761,41.27181],[69.37607,41.26731],[69.3701,41.26733],[69.37013,41.27183]]]}},{"type":"Feature","properties":{"population":106.98,"density_per_km2":573.68,"area_km2":0.186482},"geometry":{"type":"Polygon","coordinates":[[[69.3761,41.27181],[69.38207,41.2718],[69.38205,41.2698],[69.37993,41.27015],[69.37941,41.26819],[69.37901,41.2673],[69.37607,41.26731],[69.3761,41.27181]]]}},{"type":"Feature","properties":{"population":10.537,"density_per_km2":231.44,"area_km2":0.045528},"geometry":{"type":"Polygon","coordinates":[[[69.38525,41.27178],[69.38412,41.27048],[69.38356,41.26956],[69.38205,41.2698],[69.38207,41.2718],[69.38525,41.27178]]]}},{"type":"Feature","properties":{"population":1339.66,"density_per_km2":9758.04,"area_km2":0.137288},"geometry":{"type":"Polygon","coordinates":[[[69.13134,41.27235],[69.12598,41.27236],[69.1264,41.27265],[69.12684,41.27292],[69.12723,41.27343],[69.12745,41.27363],[69.12768,41.27378],[69.12811,41.27405],[69.12828,41.27433],[69.12835,41.27453],[69.12838,41.2751],[69.12833,41.27534],[69.12843,41.27555],[69.12854,41.27573],[69.12879,41.27609],[69.12899,41.27624],[69.12959,41.27655],[69.12998,41.27686],[69.13135,41.27686],[69.13134,41.27235]]]}},{"type":"Feature","properties":{"population":2082.531,"density_per_km2":8572.67,"area_km2":0.242927},"geometry":{"type":"Polygon","coordinates":[[[69.13135,41.27686],[69.13732,41.27685],[69.13731,41.27328],[69.13712,41.27308],[69.1361,41.27262],[69.13535,41.27235],[69.13134,41.27235],[69.13135,41.27686]]]}},{"type":"Feature","properties":{"population":413.724,"density_per_km2":5963.32,"area_km2":0.069378},"geometry":{"type":"Polygon","coordinates":[[[69.14089,41.27685],[69.14076,41.27647],[69.14041,41.27587],[69.13988,41.27525],[69.13889,41.27456],[69.13743,41.27342],[69.13731,41.27328],[69.13732,41.27685],[69.14089,41.27685]]]}},{"type":"Feature","properties":{"population":1096.711,"density_per_km2":9690.09,"area_km2":0.113179},"geometry":{"type":"Polygon","coordinates":[[[69.14925,41.27233],[69.14667,41.27234],[69.14666,41.27242],[69.14664,41.27274],[69.14664,41.27285],[69.14662,41.27322],[69.14661,41.27343],[69.14652,41.27507],[69.14652,41.27511],[69.14646,41.27614],[69.14646,41.27658],[69.14648,41.27684],[69.14926,41.27684],[69.14925,41.27233]]]}},{"type":"Feature","properties":{"population":2684.042,"density_per_km2":10736.17,"area_km2":0.25},"geometry":{"type":"Polygon","coordinates":[[[69.14926,41.27684],[69.15523,41.27683],[69.15522,41.27232],[69.14925,41.27233],[69.14926,41.27684]]]}},{"type":"Feature","properties":{"population":2362.944,"density_per_km2":9451.78,"area_km2":0.25},"geometry":{"type":"Polygon","coordinates":[[[69.15523,41.27683],[69.1612,41.27682],[69.16119,41.27232],[69.15522,41.27232],[69.15523,41.27683]]]}},{"type":"Feature","properties":{"population":2867.418,"density_per_km2":11469.67,"area_km2":0.25},"geometry":{"type":"Polygon","coordinates":[[[69.1612,41.27682],[69.16717,41.27681],[69.16716,41.27231],[69.16119,41.27232],[69.1612,41.27682]]]}},{"type":"Feature","properties":{"population":2444.509,"density_per_km2":9778.04,"area_km2":0.25},"geometry":{"type":"Polygon","coordinates":[[[69.16717,41.27681],[69.17314,41.2768],[69.17313,41.2723],[69.16716,41.27231],[69.16717,41.27681]]]}},{"type":"Feature","properties":{"population":1956.69,"density_per_km2":7826.76,"area_km2":0.25},"geometry":{"type":"Polygon","coordinates":[[[69.17314,41.2768],[69.17911,41.27679],[69.17909,41.27229],[69.17313,41.2723],[69.17314,41.2768]]]}},{"type":"Feature","properties":{"population":1753.847,"density_per_km2":7015.39,"area_km2":0.25},"geometry":{"type":"Polygon","coordinates":[[[69.17911,41.27679],[69.18508,41.27678],[69.18506,41.27228],[69.17909,41.27229],[69.17911,41.27679]]]}},{"type":"Feature","properties":{"population":1978.155,"density_per_km2":7912.62,"area_km2":0.25},"geometry":{"type":"Polygon","coordinates":[[[69.18508,41.27678],[69.19105,41.27677],[69.19103,41.27227],[69.18506,41.27228],[69.18508,41.27678]]]}},{"type":"Feature","properties":{"population":2145.137,"density_per_km2":8580.55,"area_km2":0.25},"geometry":{"type":"Polygon","coordinates":[[[69.19105,41.27677],[69.19702,41.27676],[69.197,41.27226],[69.19103,41.27227],[69.19105,41.27677]]]}},{"type":"Feature","properties":{"population":2250.196,"density_per_km2":9000.79,"area_km2":0.25},"geometry":{"type":"Polygon","coordinates":[[[69.19702,41.27676],[69.20299,41.27675],[69.20297,41.27225],[69.197,41.27226],[69.19702,41.27676]]]}},{"type":"Feature","properties":{"population":1965.447,"density_per_km2":7861.79,"area_km2":0.25},"geometry":{"type":"Polygon","coordinates":[[[69.20299,41.27675],[69.20896,41.27674],[69.20894,41.27224],[69.20297,41.27225],[69.20299,41.27675]]]}},{"type":"Feature","properties":{"population":2108.253,"density_per_km2":8433.01,"area_km2":0.25},"geometry":{"type":"Polygon","coordinates":[[[69.20896,41.27674],[69.21493,41.27673],[69.21491,41.27223],[69.20894,41.27224],[69.20896,41.27674]]]}},{"type":"Feature","properties":{"population":2570.259,"density_per_km2":10281.03,"area_km2":0.25},"geometry":{"type":"Polygon","coordinates":[[[69.21493,41.27673],[69.2209,41.27672],[69.22088,41.27222],[69.21491,41.27223],[69.21493,41.27673]]]}},{"type":"Feature","properties":{"population":2545.996,"density_per_km2":10183.98,"area_km2":0.25},"geometry":{"type":"Polygon","coordinates":[[[69.2209,41.27672],[69.22687,41.27671],[69.22685,41.27221],[69.22088,41.27222],[69.2209,41.27672]]]}},{"type":"Feature","properties":{"population":2818.671,"density_per_km2":11274.69,"area_km2":0.25},"geometry":{"type":"Polygon","coordinates":[[[69.22687,41.27671],[69.23284,41.2767],[69.23282,41.27219],[69.22685,41.27221],[69.22687,41.27671]]]}},{"type":"Feature","properties":{"population":2931.782,"density_per_km2":11727.13,"area_km2":0.25},"geometry":{"type":"Polygon","coordinates":[[[69.23284,41.2767],[69.23881,41.27669],[69.23879,41.27218],[69.23282,41.27219],[69.23284,41.2767]]]}},{"type":"Feature","properties":{"population":2371.862,"density_per_km2":9487.45,"area_km2":0.25},"geometry":{"type":"Polygon","coordinates":[[[69.23881,41.27669],[69.24478,41.27667],[69.24476,41.27217],[69.23879,41.27218],[69.23881,41.27669]]]}},{"type":"Feature","properties":{"population":1325.741,"density_per_km2":5302.96,"area_km2":0.25},"geometry":{"type":"Polygon","coordinates":[[[69.24478,41.27667],[69.25075,41.27666],[69.25073,41.27216],[69.24476,41.27217],[69.24478,41.27667]]]}},{"type":"Feature","properties":{"population":1165.668,"density_per_km2":4662.67,"area_km2":0.25},"geometry":{"type":"Polygon","coordinates":[[[69.25075,41.27666],[69.25672,41.27665],[69.2567,41.27214],[69.25073,41.27216],[69.25075,41.27666]]]}},{"type":"Feature","properties":{"population":2128.67,"density_per_km2":8514.68,"area_km2":0.25},"geometry":{"type":"Polygon","coordinates":[[[69.25672,41.27665],[69.26269,41.27663],[69.26267,41.27213],[69.2567,41.27214],[69.25672,41.27665]]]}},{"type":"Feature","properties":{"population":2244.74,"density_per_km2":8978.96,"area_km2":0.25},"geometry":{"type":"Polygon","coordinates":[[[69.26269,41.27663],[69.26866,41.27662],[69.26864,41.27212],[69.26267,41.27213],[69.26269,41.27663]]]}},{"type":"Feature","properties":{"population":2658.407,"density_per_km2":10633.63,"area_km2":0.25},"geometry":{"type":"Polygon","coordinates":[[[69.26866,41.27662],[69.27463,41.27661],[69.27461,41.2721],[69.26864,41.27212],[69.26866,41.27662]]]}},{"type":"Feature","properties":{"population":2406.02,"density_per_km2":9624.08,"area_km2":0.25},"geometry":{"type":"Polygon","coordinates":[[[69.27463,41.27661],[69.2806,41.27659],[69.28058,41.27209],[69.27461,41.2721],[69.27463,41.27661]]]}},{"type":"Feature","properties":{"population":2219.613,"density_per_km2":8878.45,"area_km2":0.25},"geometry":{"type":"Polygon","coordinates":[[[69.2806,41.27659],[69.28657,41.27658],[69.28655,41.27207],[69.28058,41.27209],[69.2806,41.27659]]]}},{"type":"Feature","properties":{"population":2147.109,"density_per_km2":8588.44,"area_km2":0.25},"geometry":{"type":"Polygon","coordinates":[[[69.28657,41.27658],[69.29254,41.27656],[69.29252,41.27206],[69.28655,41.27207],[69.28657,41.27658]]]}},{"type":"Feature","properties":{"population":2989.834,"density_per_km2":11959.34,"area_km2":0.25},"geometry":{"type":"Polygon","coordinates":[[[69.29254,41.27656],[69.29851,41.27655],[69.29849,41.27204],[69.29252,41.27206],[69.29254,41.27656]]]}},{"type":"Feature","properties":{"population":2365.429,"density_per_km2":9461.72,"area_km2":0.25},"geometry":{"type":"Polygon","coordinates":[[[69.29851,41.27655],[69.30448,41.27653],[69.30446,41.27203],[69.29849,41.27204],[69.29851,41.27655]]]}},{"type":"Feature","properties":{"population":3021.751,"density_per_km2":12087.0,"area_km2":0.25},"geometry":{"type":"Polygon","coordinates":[[[69.30448,41.27653],[69.31045,41.27651],[69.31043,41.27201],[69.30446,41.27203],[69.30448,41.27653]]]}},{"type":"Feature","properties":{"population":1612.711,"density_per_km2":6450.84,"area_km2":0.25},"geometry":{"type":"Polygon","coordinates":[[[69.31045,41.27651],[69.31642,41.2765],[69.3164,41.27199],[69.31043,41.27201],[69.31045,41.27651]]]}},{"type":"Feature","properties":{"population":1074.921,"density_per_km2":4299.68,"area_km2":0.25},"geometry":{"type":"Polygon","coordinates":[[[69.31642,41.2765],[69.32239,41.27648],[69.32237,41.27198],[69.3164,41.27199],[69.31642,41.2765]]]}},{"type":"Feature","properties":{"population":1068.736,"density_per_km2":4274.94,"area_km2":0.25},"geometry":{"type":"Polygon","coordinates":[[[69.32239,41.27648],[69.32836,41.27646],[69.32834,41.27196],[69.32237,41.27198],[69.32239,41.27648]]]}},{"type":"Feature","properties":{"population":936.954,"density_per_km2":3747.82,"area_km2":0.25},"geometry":{"type":"Polygon","coordinates":[[[69.32836,41.27646],[69.33433,41.27645],[69.33431,41.27194],[69.32834,41.27196],[69.32836,41.27646]]]}},{"type":"Feature","properties":{"population":1048.479,"density_per_km2":4193.91,"area_km2":0.25},"geometry":{"type":"Polygon","coordinates":[[[69.33433,41.27645],[69.3403,41.27643],[69.34028,41.27193],[69.33431,41.27194],[69.33433,41.27645]]]}},{"type":"Feature","properties":{"population":1886.621,"density_per_km2":7546.48,"area_km2":0.25},"geometry":{"type":"Polygon","coordinates":[[[69.3403,41.27643],[69.34627,41.27641],[69.34625,41.27191],[69.34028,41.27193],[69.3403,41.27643]]]}},{"type":"Feature","properties":{"population":1702.927,"density_per_km2":6811.71,"area_km2":0.25},"geometry":{"type":"Polygon","coordinates":[[[69.34627,41.27641],[69.35224,41.27639],[69.35222,41.27189],[69.34625,41.27191],[69.34627,41.27641]]]}},{"type":"Feature","properties":{"population":1542.357,"density_per_km2":6169.43,"area_km2":0.25},"geometry":{"type":"Polygon","coordinates":[[[69.35224,41.27639],[69.35821,41.27638],[69.35819,41.27187],[69.35222,41.27189],[69.35224,41.27639]]]}},{"type":"Feature","properties":{"population":1474.585,"density_per_km2":5898.34,"area_km2":0.25},"geometry":{"type":"Polygon","coordinates":[[[69.35821,41.27638],[69.36418,41.27636],[69.36416,41.27185],[69.35819,41.27187],[69.35821,41.27638]]]}},{"type":"Feature","properties":{"population":1406.832,"density_per_km2":5627.33,"area_km2":0.25},"geometry":{"type":"Polygon","coordinates":[[[69.36418,41.27636],[69.37015,41.27634],[69.37013,41.27183],[69.36416,41.27185],[69.36418,41.27636]]]}},{"type":"Feature","properties":{"population":1714.972,"density_per_km2":6859.89,"area_km2":0.25},"geometry":{"type":"Polygon","coordinates":[[[69.37015,41.27634],[69.37612,41.27632],[69.3761,41.27181],[69.37013,41.27183],[69.37015,41.27634]]]}},{"type":"Feature","properties":{"population":1219.146,"density_per_km2":4876.58,"area_km2":0.25},"geometry":{"type":"Polygon","coordinates":[[[69.37612,41.27632],[69.38209,41.2763],[69.38207,41.2718],[69.3761,41.27181],[69.37612,41.27632]]]}},{"type":"Feature","properties":{"population":510.179,"density_per_km2":2378.5,"area_km2":0.214496},"geometry":{"type":"Polygon","coordinates":[[[69.38209,41.2763],[69.38806,41.27628],[69.38805,41.27407],[69.38654,41.27328],[69.38525,41.27178],[69.38207,41.2718],[69.38209,41.2763]]]}},{"type":"Feature","properties":{"population":55.117,"density_per_km2":1549.91,"area_km2":0.035561},"geometry":{"type":"Polygon","coordinates":[[[69.39118,41.27627],[69.38942,41.27479],[69.38805,41.27407],[69.38806,41.27628],[69.39118,41.27627]]]}},{"type":"Feature","properties":{"population":179.768,"density_per_km2":16634.41,"area_km2":0.010807},"geometry":{"type":"Polygon","coordinates":[[[69.12998,41.27686],[69.13001,41.27688],[69.1304,41.27719],[69.1306,41.27738],[69.13068,41.27759],[69.13069,41.2778],[69.13087,41.27811],[69.13102,41.27831],[69.13108,41.27843],[69.13122,41.27856],[69.13133,41.27873],[69.13135,41.27875],[69.13135,41.27686],[69.12998,41.27686]]]}},{"type":"Feature","properties":{"population":2364.752,"density_per_km2":11543.56,"area_km2":0.204855},"geometry":{"type":"Polygon","coordinates":[[[69.13732,41.27685],[69.13135,41.27686],[69.13135,41.27875],[69.13155,41.27895],[69.13184,41.27903],[69.13217,41.27907],[69.13261,41.27896],[69.13304,41.27881],[69.13324,41.27884],[69.13336,41.27887],[69.13346,41.27892],[69.13349,41.279],[69.13346,41.27913],[69.13332,41.27935],[69.13295,41.28007],[69.13292,41.28027],[69.13308,41.28051],[69.13339,41.28076],[69.13375,41.2809],[69.13406,41.28111],[69.13422,41.28136],[69.13733,41.28136],[69.13732,41.27685]]]}},{"type":"Feature","properties":{"population":2537.447,"density_per_km2":11472.53,"area_km2":0.221176},"geometry":{"type":"Polygon","coordinates":[[[69.13733,41.28136],[69.1433,41.28135],[69.14329,41.27878],[69.14316,41.27865],[69.14188,41.27796],[69.14139,41.27782],[69.14102,41.27786],[69.14087,41.27764],[69.14088,41.27732],[69.14093,41.27696],[69.14089,41.27685],[69.13732,41.27685],[69.13733,41.28136]]]}},{"type":"Feature","properties":{"population":1243.613,"density_per_km2":9576.12,"area_km2":0.129866},"geometry":{"type":"Polygon","coordinates":[[[69.14927,41.28134],[69.14926,41.27684],[69.14648,41.27684],[69.14651,41.27733],[69.14655,41.27764],[69.14657,41.27773],[69.1467,41.27822],[69.147,41.27916],[69.14749,41.28064],[69.14755,41.28096],[69.14695,41.28122],[69.14653,41.28122],[69.14576,41.28092],[69.14557,41.28072],[69.14529,41.28058],[69.14482,41.28048],[69.14425,41.2798],[69.1436,41.27908],[69.14329,41.27878],[69.1433,41.28135],[69.14927,41.28134]]]}},{"type":"Feature","properties":{"population":2732.441,"density_per_km2":10929.76,"area_km2":0.25},"geometry":{"type":"Polygon","coordinates":[[[69.14927,41.28134],[69.15524,41.28133],[69.15523,41.27683],[69.14926,41.27684],[69.14927,41.28134]]]}},{"type":"Feature","properties":{"population":3167.764,"density_per_km2":12671.05,"area_km2":0.25},"geometry":{"type":"Polygon","coordinates":[[[69.15524,41.28133],[69.16121,41.28132],[69.1612,41.27682],[69.15523,41.27683],[69.15524,41.28133]]]}},{"type":"Feature","properties":{"population":3439.76,"density_per_km2":13759.04,"area_km2":0.25},"geometry":{"type":"Polygon","coordinates":[[[69.16121,41.28132],[69.16718,41.28132],[69.16717,41.27681],[69.1612,41.27682],[69.16121,41.28132]]]}},{"type":"Feature","properties":{"population":2898.941,"density_per_km2":11595.76,"area_km2":0.25},"geometry":{"type":"Polygon","coordinates":[[[69.16718,41.28132],[69.17315,41.28131],[69.17314,41.2768],[69.16717,41.27681],[69.16718,41.28132]]]}},{"type":"Feature","properties":{"population":2456.883,"density_per_km2":9827.53,"area_km2":0.25},"geometry":{"type":"Polygon","coordinates":[[[69.17315,41.28131],[69.17912,41.2813],[69.17911,41.27679],[69.17314,41.2768],[69.17315,41.28131]]]}},{"type":"Feature","properties":{"population":2657.862,"density_per_km2":10631.45,"area_km2":0.25},"geometry":{"type":"Polygon","coordinates":[[[69.17912,41.2813],[69.18509,41.28129],[69.18508,41.27678],[69.17911,41.27679],[69.17912,41.2813]]]}},{"type":"Feature","properties":{"population":2347.865,"density_per_km2":9391.46,"area_km2":0.25},"geometry":{"type":"Polygon","coordinates":[[[69.18509,41.28129],[69.19106,41.28128],[69.19105,41.27677],[69.18508,41.27678],[69.18509,41.28129]]]}},{"type":"Feature","properties":{"population":2755.401,"density_per_km2":11021.61,"area_km2":0.25},"geometry":{"type":"Polygon","coordinates":[[[69.19106,41.28128],[69.19703,41.28127],[69.19702,41.27676],[69.19105,41.27677],[69.19106,41.28128]]]}},{"type":"Feature","properties":{"population":3127.532,"density_per_km2":12510.13,"area_km2":0.25},"geometry":{"type":"Polygon","coordinates":[[[69.19703,41.28127],[69.203,41.28126],[69.20299,41.27675],[69.19702,41.27676],[69.19703,41.28127]]]}},{"type":"Feature","properties":{"population":2491.793,"density_per_km2":9967.17,"area_km2":0.25},"geometry":{"type":"Polygon","coordinates":[[[69.203,41.28126],[69.20897,41.28125],[69.20896,41.27674],[69.20299,41.27675],[69.203,41.28126]]]}},{"type":"Feature","properties":{"population":1765.775,"density_per_km2":7063.1,"area_km2":0.25},"geometry":{"type":"Polygon","coordinates":[[[69.20897,41.28125],[69.21494,41.28124],[69.21493,41.27673],[69.20896,41.27674],[69.20897,41.28125]]]}},{"type":"Feature","properties":{"population":2301.002,"density_per_km2":9204.01,"area_km2":0.25},"geometry":{"type":"Polygon","coordinates":[[[69.21494,41.28124],[69.22091,41.28123],[69.2209,41.27672],[69.21493,41.27673],[69.21494,41.28124]]]}},{"type":"Feature","properties":{"population":2431.087,"density_per_km2":9724.35,"area_km2":0.25},"geometry":{"type":"Polygon","coordinates":[[[69.22091,41.28123],[69.22688,41.28121],[69.22687,41.27671],[69.2209,41.27672],[69.22091,41.28123]]]}},{"type":"Feature","properties":{"population":2120.117,"density_per_km2":8480.47,"area_km2":0.25},"geometry":{"type":"Polygon","coordinates":[[[69.22688,41.28121],[69.23285,41.2812],[69.23284,41.2767],[69.22687,41.27671],[69.22688,41.28121]]]}},{"type":"Feature","properties":{"population":3180.975,"density_per_km2":12723.9,"area_km2":0.25},"geometry":{"type":"Polygon","coordinates":[[[69.23285,41.2812],[69.23883,41.28119],[69.23881,41.27669],[69.23284,41.2767],[69.23285,41.2812]]]}},{"type":"Feature","properties":{"population":2549.919,"density_per_km2":10199.68,"area_km2":0.25},"geometry":{"type":"Polygon","coordinates":[[[69.23883,41.28119],[69.2448,41.28118],[69.24478,41.27667],[69.23881,41.27669],[69.23883,41.28119]]]}},{"type":"Feature","properties":{"population":2178.307,"density_per_km2":8713.23,"area_km2":0.25},"geometry":{"type":"Polygon","coordinates":[[[69.2448,41.28118],[69.25077,41.28116],[69.25075,41.27666],[69.24478,41.27667],[69.2448,41.28118]]]}},{"type":"Feature","properties":{"population":1422.584,"density_per_km2":5690.33,"area_km2":0.25},"geometry":{"type":"Polygon","coordinates":[[[69.25077,41.28116],[69.25674,41.28115],[69.25672,41.27665],[69.25075,41.27666],[69.25077,41.28116]]]}},{"type":"Feature","properties":{"population":2444.172,"density_per_km2":9776.69,"area_km2":0.25},"geometry":{"type":"Polygon","coordinates":[[[69.25674,41.28115],[69.26271,41.28114],[69.26269,41.27663],[69.25672,41.27665],[69.25674,41.28115]]]}},{"type":"Feature","properties":{"population":1604.736,"density_per_km2":6418.94,"area_km2":0.25},"geometry":{"type":"Polygon","coordinates":[[[69.26271,41.28114],[69.26868,41.28112],[69.26866,41.27662],[69.26269,41.27663],[69.26271,41.28114]]]}},{"type":"Feature","properties":{"population":2626.949,"density_per_km2":10507.79,"area_km2":0.25},"geometry":{"type":"Polygon","coordinates":[[[69.26868,41.28112],[69.27465,41.28111],[69.27463,41.27661],[69.26866,41.27662],[69.26868,41.28112]]]}},{"type":"Feature","properties":{"population":2391.213,"density_per_km2":9564.85,"area_km2":0.25},"geometry":{"type":"Polygon","coordinates":[[[69.27465,41.28111],[69.28062,41.28109],[69.2806,41.27659],[69.27463,41.27661],[69.27465,41.28111]]]}},{"type":"Feature","properties":{"population":2153.51,"density_per_km2":8614.04,"area_km2":0.25},"geometry":{"type":"Polygon","coordinates":[[[69.28062,41.28109],[69.28659,41.28108],[69.28657,41.27658],[69.2806,41.27659],[69.28062,41.28109]]]}},{"type":"Feature","properties":{"population":2166.84,"density_per_km2":8667.36,"area_km2":0.25},"geometry":{"type":"Polygon","coordinates":[[[69.28659,41.28108],[69.29256,41.28107],[69.29254,41.27656],[69.28657,41.27658],[69.28659,41.28108]]]}},{"type":"Feature","properties":{"population":2380.498,"density_per_km2":9521.99,"area_km2":0.25},"geometry":{"type":"Polygon","coordinates":[[[69.29256,41.28107],[69.29853,41.28105],[69.29851,41.27655],[69.29254,41.27656],[69.29256,41.28107]]]}},{"type":"Feature","properties":{"population":2520.897,"density_per_km2":10083.59,"area_km2":0.25},"geometry":{"type":"Polygon","coordinates":[[[69.29853,41.28105],[69.3045,41.28103],[69.30448,41.27653],[69.29851,41.27655],[69.29853,41.28105]]]}},{"type":"Feature","properties":{"population":2014.465,"density_per_km2":8057.86,"area_km2":0.25},"geometry":{"type":"Polygon","coordinates":[[[69.3045,41.28103],[69.31047,41.28102],[69.31045,41.27651],[69.30448,41.27653],[69.3045,41.28103]]]}},{"type":"Feature","properties":{"population":1234.51,"density_per_km2":4938.04,"area_km2":0.25},"geometry":{"type":"Polygon","coordinates":[[[69.31047,41.28102],[69.31644,41.281],[69.31642,41.2765],[69.31045,41.27651],[69.31047,41.28102]]]}},{"type":"Feature","properties":{"population":848.817,"density_per_km2":3395.27,"area_km2":0.25},"geometry":{"type":"Polygon","coordinates":[[[69.31644,41.281],[69.32241,41.28099],[69.32239,41.27648],[69.31642,41.2765],[69.31644,41.281]]]}},{"type":"Feature","properties":{"population":1146.156,"density_per_km2":4584.62,"area_km2":0.25},"geometry":{"type":"Polygon","coordinates":[[[69.32241,41.28099],[69.32838,41.28097],[69.32836,41.27646],[69.32239,41.27648],[69.32241,41.28099]]]}},{"type":"Feature","properties":{"population":1138.196,"density_per_km2":4552.78,"area_km2":0.25},"geometry":{"type":"Polygon","coordinates":[[[69.32838,41.28097],[69.33435,41.28095],[69.33433,41.27645],[69.32836,41.27646],[69.32838,41.28097]]]}},{"type":"Feature","properties":{"population":1436.33,"density_per_km2":5745.32,"area_km2":0.25},"geometry":{"type":"Polygon","coordinates":[[[69.33435,41.28095],[69.34032,41.28093],[69.3403,41.27643],[69.33433,41.27645],[69.33435,41.28095]]]}},{"type":"Feature","properties":{"population":1982.479,"density_per_km2":7929.92,"area_km2":0.25},"geometry":{"type":"Polygon","coordinates":[[[69.34032,41.28093],[69.3463,41.28092],[69.34627,41.27641],[69.3403,41.27643],[69.34032,41.28093]]]}},{"type":"Feature","properties":{"population":1548.704,"density_per_km2":6194.82,"area_km2":0.25},"geometry":{"type":"Polygon","coordinates":[[[69.3463,41.28092],[69.35227,41.2809],[69.35224,41.27639],[69.34627,41.27641],[69.3463,41.28092]]]}},{"type":"Feature","properties":{"population":1368.344,"density_per_km2":5473.37,"area_km2":0.25},"geometry":{"type":"Polygon","coordinates":[[[69.35227,41.2809],[69.35824,41.28088],[69.35821,41.27638],[69.35224,41.27639],[69.35227,41.2809]]]}},{"type":"Feature","properties":{"population":979.721,"density_per_km2":3918.88,"area_km2":0.25},"geometry":{"type":"Polygon","coordinates":[[[69.35824,41.28088],[69.36421,41.28086],[69.36418,41.27636],[69.35821,41.27638],[69.35824,41.28088]]]}},{"type":"Feature","properties":{"population":1043.492,"density_per_km2":4173.97,"area_km2":0.25},"geometry":{"type":"Polygon","coordinates":[[[69.36421,41.28086],[69.37018,41.28084],[69.37015,41.27634],[69.36418,41.27636],[69.36421,41.28086]]]}},{"type":"Feature","properties":{"population":1115.906,"density_per_km2":4463.63,"area_km2":0.25},"geometry":{"type":"Polygon","coordinates":[[[69.37018,41.28084],[69.37615,41.28082],[69.37612,41.27632],[69.37015,41.27634],[69.37018,41.28084]]]}},{"type":"Feature","properties":{"population":1139.554,"density_per_km2":4558.22,"area_km2":0.25},"geometry":{"type":"Polygon","coordinates":[[[69.37615,41.28082],[69.38212,41.2808],[69.38209,41.2763],[69.37612,41.27632],[69.37615,41.28082]]]}},{"type":"Feature","properties":{"population":607.02,"density_per_km2":2428.08,"area_km2":0.25},"geometry":{"type":"Polygon","coordinates":[[[69.38212,41.2808],[69.38809,41.28078],[69.38806,41.27628],[69.38209,41.2763],[69.38212,41.2808]]]}},{"type":"Feature","properties":{"population":394.111,"density_per_km2":1806.58,"area_km2":0.218153},"geometry":{"type":"Polygon","coordinates":[[[69.38809,41.28078],[69.39406,41.28076],[69.39405,41.27866],[69.39118,41.27627],[69.38806,41.27628],[69.38809,41.28078]]]}},{"type":"Feature","properties":{"population":12.324,"density_per_km2":530.46,"area_km2":0.023232},"geometry":{"type":"Polygon","coordinates":[[[69.3964,41.28075],[69.39474,41.27924],[69.39405,41.27866],[69.39406,41.28076],[69.3964,41.28075]]]}},{"type":"Feature","properties":{"population":1268.154,"density_per_km2":10043.59,"area_km2":0.126265},"geometry":{"type":"Polygon","coordinates":[[[69.13733,41.28136],[69.13422,41.28136],[69.13424,41.28138],[69.1343,41.28169],[69.13441,41.28209],[69.13424,41.28244],[69.13427,41.28266],[69.13438,41.2829],[69.13455,41.28323],[69.1349,41.28354],[69.13496,41.28383],[69.13493,41.28412],[69.13471,41.28435],[69.13441,41.28449],[69.13398,41.28497],[69.13351,41.28555],[69.13325,41.28586],[69.13733,41.28586],[69.13733,41.28136]]]}},{"type":"Feature","properties":{"population":2313.394,"density_per_km2":9253.58,"area_km2":0.25},"geometry":{"type":"Polygon","coordinates":[[[69.13733,41.28586],[69.14331,41.28585],[69.1433,41.28135],[69.13733,41.28136],[69.13733,41.28586]]]}},{"type":"Feature","properties":{"population":2953.64,"density_per_km2":11814.56,"area_km2":0.25},"geometry":{"type":"Polygon","coordinates":[[[69.14331,41.28585],[69.14928,41.28584],[69.14927,41.28134],[69.1433,41.28135],[69.14331,41.28585]]]}},{"type":"Feature","properties":{"population":2344.621,"density_per_km2":9378.48,"area_km2":0.25},"geometry":{"type":"Polygon","coordinates":[[[69.14928,41.28584],[69.15525,41.28584],[69.15524,41.28133],[69.14927,41.28134],[69.14928,41.28584]]]}},{"type":"Feature","properties":{"population":2777.497,"density_per_km2":11109.99,"area_km2":0.25},"geometry":{"type":"Polygon","coordinates":[[[69.15525,41.28584],[69.16122,41.28583],[69.16121,41.28132],[69.15524,41.28133],[69.15525,41.28584]]]}},{"type":"Feature","properties":{"population":3259.163,"density_per_km2":13036.65,"area_km2":0.25},"geometry":{"type":"Polygon","coordinates":[[[69.16122,41.28583],[69.16719,41.28582],[69.16718,41.28132],[69.16121,41.28132],[69.16122,41.28583]]]}},{"type":"Feature","properties":{"population":2423.571,"density_per_km2":9694.29,"area_km2":0.25},"geometry":{"type":"Polygon","coordinates":[[[69.16719,41.28582],[69.17316,41.28581],[69.17315,41.28131],[69.16718,41.28132],[69.16719,41.28582]]]}},{"type":"Feature","properties":{"population":2333.806,"density_per_km2":9335.22,"area_km2":0.25},"geometry":{"type":"Polygon","coordinates":[[[69.17316,41.28581],[69.17913,41.2858],[69.17912,41.2813],[69.17315,41.28131],[69.17316,41.28581]]]}},{"type":"Feature","properties":{"population":2277.205,"density_per_km2":9108.82,"area_km2":0.25},"geometry":{"type":"Polygon","coordinates":[[[69.17913,41.2858],[69.1851,41.28579],[69.18509,41.28129],[69.17912,41.2813],[69.17913,41.2858]]]}},{"type":"Feature","properties":{"population":2432.826,"density_per_km2":9731.3,"area_km2":0.25},"geometry":{"type":"Polygon","coordinates":[[[69.1851,41.28579],[69.19107,41.28578],[69.19106,41.28128],[69.18509,41.28129],[69.1851,41.28579]]]}},{"type":"Feature","properties":{"population":2086.201,"density_per_km2":8344.8,"area_km2":0.25},"geometry":{"type":"Polygon","coordinates":[[[69.19107,41.28578],[69.19704,41.28577],[69.19703,41.28127],[69.19106,41.28128],[69.19107,41.28578]]]}},{"type":"Feature","properties":{"population":2318.708,"density_per_km2":9274.83,"area_km2":0.25},"geometry":{"type":"Polygon","coordinates":[[[69.19704,41.28577],[69.20302,41.28576],[69.203,41.28126],[69.19703,41.28127],[69.19704,41.28577]]]}},{"type":"Feature","properties":{"population":2684.957,"density_per_km2":10739.83,"area_km2":0.25},"geometry":{"type":"Polygon","coordinates":[[[69.20302,41.28576],[69.20899,41.28575],[69.20897,41.28125],[69.203,41.28126],[69.20302,41.28576]]]}},{"type":"Feature","properties":{"population":2501.07,"density_per_km2":10004.28,"area_km2":0.25},"geometry":{"type":"Polygon","coordinates":[[[69.20899,41.28575],[69.21496,41.28574],[69.21494,41.28124],[69.20897,41.28125],[69.20899,41.28575]]]}},{"type":"Feature","properties":{"population":2267.08,"density_per_km2":9068.32,"area_km2":0.25},"geometry":{"type":"Polygon","coordinates":[[[69.21496,41.28574],[69.22093,41.28573],[69.22091,41.28123],[69.21494,41.28124],[69.21496,41.28574]]]}},{"type":"Feature","properties":{"population":3150.793,"density_per_km2":12603.17,"area_km2":0.25},"geometry":{"type":"Polygon","coordinates":[[[69.22093,41.28573],[69.2269,41.28572],[69.22688,41.28121],[69.22091,41.28123],[69.22093,41.28573]]]}},{"type":"Feature","properties":{"population":3045.3,"density_per_km2":12181.2,"area_km2":0.25},"geometry":{"type":"Polygon","coordinates":[[[69.2269,41.28572],[69.23287,41.28571],[69.23285,41.2812],[69.22688,41.28121],[69.2269,41.28572]]]}},{"type":"Feature","properties":{"population":3692.579,"density_per_km2":14770.32,"area_km2":0.25},"geometry":{"type":"Polygon","coordinates":[[[69.23287,41.28571],[69.23884,41.28569],[69.23883,41.28119],[69.23285,41.2812],[69.23287,41.28571]]]}},{"type":"Feature","properties":{"population":3444.564,"density_per_km2":13778.25,"area_km2":0.25},"geometry":{"type":"Polygon","coordinates":[[[69.23884,41.28569],[69.24481,41.28568],[69.2448,41.28118],[69.23883,41.28119],[69.23884,41.28569]]]}},{"type":"Feature","properties":{"population":2620.298,"density_per_km2":10481.19,"area_km2":0.25},"geometry":{"type":"Polygon","coordinates":[[[69.24481,41.28568],[69.25078,41.28567],[69.25077,41.28116],[69.2448,41.28118],[69.24481,41.28568]]]}},{"type":"Feature","properties":{"population":2550.076,"density_per_km2":10200.31,"area_km2":0.25},"geometry":{"type":"Polygon","coordinates":[[[69.25078,41.28567],[69.25675,41.28565],[69.25674,41.28115],[69.25077,41.28116],[69.25078,41.28567]]]}},{"type":"Feature","properties":{"population":3342.203,"density_per_km2":13368.81,"area_km2":0.25},"geometry":{"type":"Polygon","coordinates":[[[69.25675,41.28565],[69.26273,41.28564],[69.26271,41.28114],[69.25674,41.28115],[69.25675,41.28565]]]}},{"type":"Feature","properties":{"population":3283.384,"density_per_km2":13133.53,"area_km2":0.25},"geometry":{"type":"Polygon","coordinates":[[[69.26273,41.28564],[69.2687,41.28563],[69.26868,41.28112],[69.26271,41.28114],[69.26273,41.28564]]]}},{"type":"Feature","properties":{"population":3179.597,"density_per_km2":12718.39,"area_km2":0.25},"geometry":{"type":"Polygon","coordinates":[[[69.2687,41.28563],[69.27467,41.28561],[69.27465,41.28111],[69.26868,41.28112],[69.2687,41.28563]]]}},{"type":"Feature","properties":{"population":2669.995,"density_per_km2":10679.98,"area_km2":0.25},"geometry":{"type":"Polygon","coordinates":[[[69.27467,41.28561],[69.28064,41.2856],[69.28062,41.28109],[69.27465,41.28111],[69.27467,41.28561]]]}},{"type":"Feature","properties":{"population":3049.936,"density_per_km2":12199.74,"area_km2":0.25},"geometry":{"type":"Polygon","coordinates":[[[69.28064,41.2856],[69.28661,41.28558],[69.28659,41.28108],[69.28062,41.28109],[69.28064,41.2856]]]}},{"type":"Feature","properties":{"population":2593.992,"density_per_km2":10375.97,"area_km2":0.25},"geometry":{"type":"Polygon","coordinates":[[[69.28661,41.28558],[69.29258,41.28557],[69.29256,41.28107],[69.28659,41.28108],[69.28661,41.28558]]]}},{"type":"Feature","properties":{"population":2775.226,"density_per_km2":11100.91,"area_km2":0.25},"geometry":{"type":"Polygon","coordinates":[[[69.29258,41.28557],[69.29855,41.28555],[69.29853,41.28105],[69.29256,41.28107],[69.29258,41.28557]]]}},{"type":"Feature","properties":{"population":2921.552,"density_per_km2":11686.21,"area_km2":0.25},"geometry":{"type":"Polygon","coordinates":[[[69.29855,41.28555],[69.30452,41.28554],[69.3045,41.28103],[69.29853,41.28105],[69.29855,41.28555]]]}},{"type":"Feature","properties":{"population":2281.687,"density_per_km2":9126.75,"area_km2":0.25},"geometry":{"type":"Polygon","coordinates":[[[69.30452,41.28554],[69.31049,41.28552],[69.31047,41.28102],[69.3045,41.28103],[69.30452,41.28554]]]}},{"type":"Feature","properties":{"population":1265.703,"density_per_km2":5062.81,"area_km2":0.25},"geometry":{"type":"Polygon","coordinates":[[[69.31049,41.28552],[69.31646,41.28551],[69.31644,41.281],[69.31047,41.28102],[69.31049,41.28552]]]}},{"type":"Feature","properties":{"population":1582.891,"density_per_km2":6331.57,"area_km2":0.25},"geometry":{"type":"Polygon","coordinates":[[[69.31646,41.28551],[69.32244,41.28549],[69.32241,41.28099],[69.31644,41.281],[69.31646,41.28551]]]}},{"type":"Feature","properties":{"population":1742.884,"density_per_km2":6971.54,"area_km2":0.25},"geometry":{"type":"Polygon","coordinates":[[[69.32244,41.28549],[69.32841,41.28547],[69.32838,41.28097],[69.32241,41.28099],[69.32244,41.28549]]]}},{"type":"Feature","properties":{"population":2037.719,"density_per_km2":8150.88,"area_km2":0.25},"geometry":{"type":"Polygon","coordinates":[[[69.32841,41.28547],[69.33438,41.28546],[69.33435,41.28095],[69.32838,41.28097],[69.32841,41.28547]]]}},{"type":"Feature","properties":{"population":2053.511,"density_per_km2":8214.04,"area_km2":0.25},"geometry":{"type":"Polygon","coordinates":[[[69.33438,41.28546],[69.34035,41.28544],[69.34032,41.28093],[69.33435,41.28095],[69.33438,41.28546]]]}},{"type":"Feature","properties":{"population":2373.663,"density_per_km2":9494.65,"area_km2":0.25},"geometry":{"type":"Polygon","coordinates":[[[69.34035,41.28544],[69.34632,41.28542],[69.3463,41.28092],[69.34032,41.28093],[69.34035,41.28544]]]}},{"type":"Feature","properties":{"population":1635.308,"density_per_km2":6541.23,"area_km2":0.25},"geometry":{"type":"Polygon","coordinates":[[[69.34632,41.28542],[69.35229,41.2854],[69.35227,41.2809],[69.3463,41.28092],[69.34632,41.28542]]]}},{"type":"Feature","properties":{"population":1210.852,"density_per_km2":4843.41,"area_km2":0.25},"geometry":{"type":"Polygon","coordinates":[[[69.35229,41.2854],[69.35826,41.28538],[69.35824,41.28088],[69.35227,41.2809],[69.35229,41.2854]]]}},{"type":"Feature","properties":{"population":1208.727,"density_per_km2":4834.91,"area_km2":0.25},"geometry":{"type":"Polygon","coordinates":[[[69.35826,41.28538],[69.36423,41.28536],[69.36421,41.28086],[69.35824,41.28088],[69.35826,41.28538]]]}},{"type":"Feature","properties":{"population":1061.467,"density_per_km2":4245.87,"area_km2":0.25},"geometry":{"type":"Polygon","coordinates":[[[69.36423,41.28536],[69.3702,41.28535],[69.37018,41.28084],[69.36421,41.28086],[69.36423,41.28536]]]}},{"type":"Feature","properties":{"population":794.739,"density_per_km2":3178.95,"area_km2":0.25},"geometry":{"type":"Polygon","coordinates":[[[69.3702,41.28535],[69.37617,41.28533],[69.37615,41.28082],[69.37018,41.28084],[69.3702,41.28535]]]}},{"type":"Feature","properties":{"population":359.495,"density_per_km2":1437.98,"area_km2":0.25},"geometry":{"type":"Polygon","coordinates":[[[69.37617,41.28533],[69.38214,41.28531],[69.38212,41.2808],[69.37615,41.28082],[69.37617,41.28533]]]}},{"type":"Feature","properties":{"population":762.497,"density_per_km2":3049.99,"area_km2":0.25},"geometry":{"type":"Polygon","coordinates":[[[69.38214,41.28531],[69.38812,41.28529],[69.38809,41.28078],[69.38212,41.2808],[69.38214,41.28531]]]}},{"type":"Feature","properties":{"population":366.944,"density_per_km2":1467.78,"area_km2":0.25},"geometry":{"type":"Polygon","coordinates":[[[69.38812,41.28529],[69.39409,41.28527],[69.39406,41.28076],[69.38809,41.28078],[69.38812,41.28529]]]}},{"type":"Feature","properties":{"population":518.137,"density_per_km2":2671.66,"area_km2":0.193939},"geometry":{"type":"Polygon","coordinates":[[[69.39409,41.28527],[69.40006,41.28525],[69.40005,41.28407],[69.3964,41.28075],[69.39406,41.28076],[69.39409,41.28527]]]}},{"type":"Feature","properties":{"population":1.76,"density_per_km2":249.53,"area_km2":0.007052},"geometry":{"type":"Polygon","coordinates":[[[69.40134,41.28524],[69.40005,41.28407],[69.40006,41.28525],[69.40134,41.28524]]]}},{"type":"Feature","properties":{"population":1754.817,"density_per_km2":9951.36,"area_km2":0.176339},"geometry":{"type":"Polygon","coordinates":[[[69.13733,41.28586],[69.13325,41.28586],[69.13311,41.28603],[69.13274,41.28648],[69.13242,41.2869],[69.13195,41.28743],[69.13192,41.28762],[69.132,41.28777],[69.13212,41.288],[69.13241,41.28819],[69.13287,41.28846],[69.13321,41.28863],[69.13338,41.28868],[69.13354,41.28868],[69.13372,41.28867],[69.13388,41.2887],[69.13399,41.28875],[69.13406,41.28883],[69.13412,41.28898],[69.13411,41.28908],[69.13407,41.28916],[69.13388,41.28937],[69.13376,41.28953],[69.13372,41.28967],[69.13377,41.28977],[69.13398,41.28984],[69.1342,41.28986],[69.13456,41.28996],[69.13489,41.29018],[69.13496,41.29037],[69.13734,41.29036],[69.13733,41.28586]]]}},{"type":"Feature","properties":{"population":2352.973,"density_per_km2":9411.89,"area_km2":0.25},"geometry":{"type":"Polygon","coordinates":[[[69.13734,41.29036],[69.14332,41.29036],[69.14331,41.28585],[69.13733,41.28586],[69.13734,41.29036]]]}},{"type":"Feature","properties":{"population":2729.333,"density_per_km2":10917.33,"area_km2":0.25},"geometry":{"type":"Polygon","coordinates":[[[69.14332,41.29036],[69.14929,41.29035],[69.14928,41.28584],[69.14331,41.28585],[69.14332,41.29036]]]}},{"type":"Feature","properties":{"population":2395.689,"density_per_km2":9582.75,"area_km2":0.25},"geometry":{"type":"Polygon","coordinates":[[[69.14929,41.29035],[69.15526,41.29034],[69.15525,41.28584],[69.14928,41.28584],[69.14929,41.29035]]]}},{"type":"Feature","properties":{"population":2365.146,"density_per_km2":9460.59,"area_km2":0.25},"geometry":{"type":"Polygon","coordinates":[[[69.15526,41.29034],[69.16123,41.29033],[69.16122,41.28583],[69.15525,41.28584],[69.15526,41.29034]]]}},{"type":"Feature","properties":{"population":3251.03,"density_per_km2":13004.12,"area_km2":0.25},"geometry":{"type":"Polygon","coordinates":[[[69.16123,41.29033],[69.1672,41.29032],[69.16719,41.28582],[69.16122,41.28583],[69.16123,41.29033]]]}},{"type":"Feature","properties":{"population":3020.395,"density_per_km2":12081.58,"area_km2":0.25},"geometry":{"type":"Polygon","coordinates":[[[69.1672,41.29032],[69.17317,41.29031],[69.17316,41.28581],[69.16719,41.28582],[69.1672,41.29032]]]}},{"type":"Feature","properties":{"population":2602.129,"density_per_km2":10408.52,"area_km2":0.25},"geometry":{"type":"Polygon","coordinates":[[[69.17317,41.29031],[69.17914,41.29031],[69.17913,41.2858],[69.17316,41.28581],[69.17317,41.29031]]]}},{"type":"Feature","properties":{"population":2372.402,"density_per_km2":9489.61,"area_km2":0.25},"geometry":{"type":"Polygon","coordinates":[[[69.17914,41.29031],[69.18512,41.2903],[69.1851,41.28579],[69.17913,41.2858],[69.17914,41.29031]]]}},{"type":"Feature","properties":{"population":2358.947,"density_per_km2":9435.79,"area_km2":0.25},"geometry":{"type":"Polygon","coordinates":[[[69.18512,41.2903],[69.19109,41.29029],[69.19107,41.28578],[69.1851,41.28579],[69.18512,41.2903]]]}},{"type":"Feature","properties":{"population":2316.559,"density_per_km2":9266.23,"area_km2":0.25},"geometry":{"type":"Polygon","coordinates":[[[69.19109,41.29029],[69.19706,41.29028],[69.19704,41.28577],[69.19107,41.28578],[69.19109,41.29029]]]}},{"type":"Feature","properties":{"population":2341.123,"density_per_km2":9364.49,"area_km2":0.25},"geometry":{"type":"Polygon","coordinates":[[[69.19706,41.29028],[69.20303,41.29027],[69.20302,41.28576],[69.19704,41.28577],[69.19706,41.29028]]]}},{"type":"Feature","properties":{"population":2450.606,"density_per_km2":9802.43,"area_km2":0.25},"geometry":{"type":"Polygon","coordinates":[[[69.20303,41.29027],[69.209,41.29026],[69.20899,41.28575],[69.20302,41.28576],[69.20303,41.29027]]]}},{"type":"Feature","properties":{"population":2377.081,"density_per_km2":9508.33,"area_km2":0.25},"geometry":{"type":"Polygon","coordinates":[[[69.209,41.29026],[69.21497,41.29024],[69.21496,41.28574],[69.20899,41.28575],[69.209,41.29026]]]}},{"type":"Feature","properties":{"population":2182.643,"density_per_km2":8730.57,"area_km2":0.25},"geometry":{"type":"Polygon","coordinates":[[[69.21497,41.29024],[69.22094,41.29023],[69.22093,41.28573],[69.21496,41.28574],[69.21497,41.29024]]]}},{"type":"Feature","properties":{"population":2567.083,"density_per_km2":10268.33,"area_km2":0.25},"geometry":{"type":"Polygon","coordinates":[[[69.22094,41.29023],[69.22692,41.29022],[69.2269,41.28572],[69.22093,41.28573],[69.22094,41.29023]]]}},{"type":"Feature","properties":{"population":2756.775,"density_per_km2":11027.1,"area_km2":0.25},"geometry":{"type":"Polygon","coordinates":[[[69.22692,41.29022],[69.23289,41.29021],[69.23287,41.28571],[69.2269,41.28572],[69.22692,41.29022]]]}},{"type":"Feature","properties":{"population":3148.115,"density_per_km2":12592.46,"area_km2":0.25},"geometry":{"type":"Polygon","coordinates":[[[69.23289,41.29021],[69.23886,41.2902],[69.23884,41.28569],[69.23287,41.28571],[69.23289,41.29021]]]}},{"type":"Feature","properties":{"population":2982.062,"density_per_km2":11928.25,"area_km2":0.25},"geometry":{"type":"Polygon","coordinates":[[[69.23886,41.2902],[69.24483,41.29018],[69.24481,41.28568],[69.23884,41.28569],[69.23886,41.2902]]]}},{"type":"Feature","properties":{"population":2779.608,"density_per_km2":11118.43,"area_km2":0.25},"geometry":{"type":"Polygon","coordinates":[[[69.24483,41.29018],[69.2508,41.29017],[69.25078,41.28567],[69.24481,41.28568],[69.24483,41.29018]]]}},{"type":"Feature","properties":{"population":2599.633,"density_per_km2":10398.53,"area_km2":0.25},"geometry":{"type":"Polygon","coordinates":[[[69.2508,41.29017],[69.25677,41.29016],[69.25675,41.28565],[69.25078,41.28567],[69.2508,41.29017]]]}},{"type":"Feature","properties":{"population":2777.641,"density_per_km2":11110.56,"area_km2":0.25},"geometry":{"type":"Polygon","coordinates":[[[69.25677,41.29016],[69.26274,41.29014],[69.26273,41.28564],[69.25675,41.28565],[69.25677,41.29016]]]}},{"type":"Feature","properties":{"population":2592.567,"density_per_km2":10370.27,"area_km2":0.25},"geometry":{"type":"Polygon","coordinates":[[[69.26274,41.29014],[69.26872,41.29013],[69.2687,41.28563],[69.26273,41.28564],[69.26274,41.29014]]]}},{"type":"Feature","properties":{"population":2805.671,"density_per_km2":11222.68,"area_km2":0.25},"geometry":{"type":"Polygon","coordinates":[[[69.26872,41.29013],[69.27469,41.29012],[69.27467,41.28561],[69.2687,41.28563],[69.26872,41.29013]]]}},{"type":"Feature","properties":{"population":2310.832,"density_per_km2":9243.33,"area_km2":0.25},"geometry":{"type":"Polygon","coordinates":[[[69.27469,41.29012],[69.28066,41.2901],[69.28064,41.2856],[69.27467,41.28561],[69.27469,41.29012]]]}},{"type":"Feature","properties":{"population":2188.601,"density_per_km2":8754.4,"area_km2":0.25},"geometry":{"type":"Polygon","coordinates":[[[69.28066,41.2901],[69.28663,41.29009],[69.28661,41.28558],[69.28064,41.2856],[69.28066,41.2901]]]}},{"type":"Feature","properties":{"population":1880.545,"density_per_km2":7522.18,"area_km2":0.25},"geometry":{"type":"Polygon","coordinates":[[[69.28663,41.29009],[69.2926,41.29007],[69.29258,41.28557],[69.28661,41.28558],[69.28663,41.29009]]]}},{"type":"Feature","properties":{"population":1831.289,"density_per_km2":7325.16,"area_km2":0.25},"geometry":{"type":"Polygon","coordinates":[[[69.2926,41.29007],[69.29857,41.29006],[69.29855,41.28555],[69.29258,41.28557],[69.2926,41.29007]]]}},{"type":"Feature","properties":{"population":2354.67,"density_per_km2":9418.68,"area_km2":0.25},"geometry":{"type":"Polygon","coordinates":[[[69.29857,41.29006],[69.30454,41.29004],[69.30452,41.28554],[69.29855,41.28555],[69.29857,41.29006]]]}},{"type":"Feature","properties":{"population":1769.214,"density_per_km2":7076.85,"area_km2":0.25},"geometry":{"type":"Polygon","coordinates":[[[69.30454,41.29004],[69.31052,41.29003],[69.31049,41.28552],[69.30452,41.28554],[69.30454,41.29004]]]}},{"type":"Feature","properties":{"population":1432.692,"density_per_km2":5730.77,"area_km2":0.25},"geometry":{"type":"Polygon","coordinates":[[[69.31052,41.29003],[69.31649,41.29001],[69.31646,41.28551],[69.31049,41.28552],[69.31052,41.29003]]]}},{"type":"Feature","properties":{"population":1338.127,"density_per_km2":5352.51,"area_km2":0.25},"geometry":{"type":"Polygon","coordinates":[[[69.31649,41.29001],[69.32246,41.28999],[69.32244,41.28549],[69.31646,41.28551],[69.31649,41.29001]]]}},{"type":"Feature","properties":{"population":1293.777,"density_per_km2":5175.11,"area_km2":0.25},"geometry":{"type":"Polygon","coordinates":[[[69.32246,41.28999],[69.32843,41.28998],[69.32841,41.28547],[69.32244,41.28549],[69.32246,41.28999]]]}},{"type":"Feature","properties":{"population":1493.482,"density_per_km2":5973.93,"area_km2":0.25},"geometry":{"type":"Polygon","coordinates":[[[69.32843,41.28998],[69.3344,41.28996],[69.33438,41.28546],[69.32841,41.28547],[69.32843,41.28998]]]}},{"type":"Feature","properties":{"population":1678.485,"density_per_km2":6713.94,"area_km2":0.25},"geometry":{"type":"Polygon","coordinates":[[[69.3344,41.28996],[69.34037,41.28994],[69.34035,41.28544],[69.33438,41.28546],[69.3344,41.28996]]]}},{"type":"Feature","properties":{"population":1954.217,"density_per_km2":7816.87,"area_km2":0.25},"geometry":{"type":"Polygon","coordinates":[[[69.34037,41.28994],[69.34634,41.28992],[69.34632,41.28542],[69.34035,41.28544],[69.34037,41.28994]]]}},{"type":"Feature","properties":{"population":1671.4,"density_per_km2":6685.6,"area_km2":0.25},"geometry":{"type":"Polygon","coordinates":[[[69.34634,41.28992],[69.35231,41.28991],[69.35229,41.2854],[69.34632,41.28542],[69.34634,41.28992]]]}},{"type":"Feature","properties":{"population":1463.987,"density_per_km2":5855.95,"area_km2":0.25},"geometry":{"type":"Polygon","coordinates":[[[69.35231,41.28991],[69.35829,41.28989],[69.35826,41.28538],[69.35229,41.2854],[69.35231,41.28991]]]}},{"type":"Feature","properties":{"population":1456.463,"density_per_km2":5825.85,"area_km2":0.25},"geometry":{"type":"Polygon","coordinates":[[[69.35829,41.28989],[69.36426,41.28987],[69.36423,41.28536],[69.35826,41.28538],[69.35829,41.28989]]]}},{"type":"Feature","properties":{"population":1395.301,"density_per_km2":5581.21,"area_km2":0.25},"geometry":{"type":"Polygon","coordinates":[[[69.36426,41.28987],[69.37023,41.28985],[69.3702,41.28535],[69.36423,41.28536],[69.36426,41.28987]]]}},{"type":"Feature","properties":{"population":1381.66,"density_per_km2":5526.64,"area_km2":0.25},"geometry":{"type":"Polygon","coordinates":[[[69.37023,41.28985],[69.3762,41.28983],[69.37617,41.28533],[69.3702,41.28535],[69.37023,41.28985]]]}},{"type":"Feature","properties":{"population":716.73,"density_per_km2":2866.92,"area_km2":0.25},"geometry":{"type":"Polygon","coordinates":[[[69.3762,41.28983],[69.38217,41.28981],[69.38214,41.28531],[69.37617,41.28533],[69.3762,41.28983]]]}},{"type":"Feature","properties":{"population":888.175,"density_per_km2":3552.7,"area_km2":0.25},"geometry":{"type":"Polygon","coordinates":[[[69.38217,41.28981],[69.38814,41.28979],[69.38812,41.28529],[69.38214,41.28531],[69.38217,41.28981]]]}},{"type":"Feature","properties":{"population":1202.41,"density_per_km2":4809.64,"area_km2":0.25},"geometry":{"type":"Polygon","coordinates":[[[69.38814,41.28979],[69.39411,41.28977],[69.39409,41.28527],[69.38812,41.28529],[69.38814,41.28979]]]}},{"type":"Feature","properties":{"population":835.13,"density_per_km2":3340.52,"area_km2":0.25},"geometry":{"type":"Polygon","coordinates":[[[69.39411,41.28977],[69.40008,41.28975],[69.40006,41.28525],[69.39409,41.28527],[69.39411,41.28977]]]}},{"type":"Feature","properties":{"population":429.816,"density_per_km2":2521.63,"area_km2":0.170451},"geometry":{"type":"Polygon","coordinates":[[[69.40008,41.28975],[69.40606,41.28973],[69.40605,41.28888],[69.40135,41.28525],[69.40134,41.28524],[69.40006,41.28525],[69.40008,41.28975]]]}},{"type":"Feature","properties":{"population":0.717,"density_per_km2":163.93,"area_km2":0.004375},"geometry":{"type":"Polygon","coordinates":[[[69.40719,41.28972],[69.40684,41.28948],[69.40605,41.28888],[69.40606,41.28973],[69.40719,41.28972]]]}},{"type":"Feature","properties":{"population":226.257,"density_per_km2":13424.17,"area_km2":0.016854},"geometry":{"type":"Polygon","coordinates":[[[69.13496,41.29037],[69.135,41.29048],[69.13507,41.29067],[69.13521,41.29077],[69.13553,41.29085],[69.1358,41.29085],[69.13605,41.29084],[69.1362,41.29092],[69.1365,41.29118],[69.13668,41.29142],[69.13675,41.29154],[69.13692,41.29169],[69.13735,41.29191],[69.13734,41.29036],[69.13496,41.29037]]]}},{"type":"Feature","properties":{"population":2520.601,"density_per_km2":11399.33,"area_km2":0.221118},"geometry":{"type":"Polygon","coordinates":[[[69.14332,41.29036],[69.13734,41.29036],[69.13735,41.29191],[69.13746,41.29197],[69.13826,41.29241],[69.13843,41.29268],[69.13851,41.29313],[69.1386,41.2935],[69.13872,41.29375],[69.13877,41.29393],[69.13869,41.29411],[69.1385,41.2943],[69.13839,41.29448],[69.13839,41.29471],[69.13843,41.29487],[69.14333,41.29486],[69.14332,41.29036]]]}},{"type":"Feature","properties":{"population":3080.085,"density_per_km2":12320.34,"area_km2":0.25},"geometry":{"type":"Polygon","coordinates":[[[69.14333,41.29486],[69.1493,41.29485],[69.14929,41.29035],[69.14332,41.29036],[69.14333,41.29486]]]}},{"type":"Feature","properties":{"population":2505.772,"density_per_km2":10023.09,"area_km2":0.25},"geometry":{"type":"Polygon","coordinates":[[[69.1493,41.29485],[69.15527,41.29484],[69.15526,41.29034],[69.14929,41.29035],[69.1493,41.29485]]]}},{"type":"Feature","properties":{"population":3155.539,"density_per_km2":12622.16,"area_km2":0.25},"geometry":{"type":"Polygon","coordinates":[[[69.15527,41.29484],[69.16124,41.29484],[69.16123,41.29033],[69.15526,41.29034],[69.15527,41.29484]]]}},{"type":"Feature","properties":{"population":3830.963,"density_per_km2":15323.85,"area_km2":0.25},"geometry":{"type":"Polygon","coordinates":[[[69.16124,41.29484],[69.16721,41.29483],[69.1672,41.29032],[69.16123,41.29033],[69.16124,41.29484]]]}},{"type":"Feature","properties":{"population":3521.074,"density_per_km2":14084.3,"area_km2":0.25},"geometry":{"type":"Polygon","coordinates":[[[69.16721,41.29483],[69.17318,41.29482],[69.17317,41.29031],[69.1672,41.29032],[69.16721,41.29483]]]}},{"type":"Feature","properties":{"population":3555.693,"density_per_km2":14222.77,"area_km2":0.25},"geometry":{"type":"Polygon","coordinates":[[[69.17318,41.29482],[69.17916,41.29481],[69.17914,41.29031],[69.17317,41.29031],[69.17318,41.29482]]]}},{"type":"Feature","properties":{"population":2915.841,"density_per_km2":11663.37,"area_km2":0.25},"geometry":{"type":"Polygon","coordinates":[[[69.17916,41.29481],[69.18513,41.2948],[69.18512,41.2903],[69.17914,41.29031],[69.17916,41.29481]]]}},{"type":"Feature","properties":{"population":2938.059,"density_per_km2":11752.24,"area_km2":0.25},"geometry":{"type":"Polygon","coordinates":[[[69.18513,41.2948],[69.1911,41.29479],[69.19109,41.29029],[69.18512,41.2903],[69.18513,41.2948]]]}},{"type":"Feature","properties":{"population":3064.766,"density_per_km2":12259.06,"area_km2":0.25},"geometry":{"type":"Polygon","coordinates":[[[69.1911,41.29479],[69.19707,41.29478],[69.19706,41.29028],[69.19109,41.29029],[69.1911,41.29479]]]}},{"type":"Feature","properties":{"population":3302.222,"density_per_km2":13208.89,"area_km2":0.25},"geometry":{"type":"Polygon","coordinates":[[[69.19707,41.29478],[69.20304,41.29477],[69.20303,41.29027],[69.19706,41.29028],[69.19707,41.29478]]]}},{"type":"Feature","properties":{"population":2925.707,"density_per_km2":11702.83,"area_km2":0.25},"geometry":{"type":"Polygon","coordinates":[[[69.20304,41.29477],[69.20902,41.29476],[69.209,41.29026],[69.20303,41.29027],[69.20304,41.29477]]]}},{"type":"Feature","properties":{"population":2881.021,"density_per_km2":11524.08,"area_km2":0.25},"geometry":{"type":"Polygon","coordinates":[[[69.20902,41.29476],[69.21499,41.29475],[69.21497,41.29024],[69.209,41.29026],[69.20902,41.29476]]]}},{"type":"Feature","properties":{"population":2777.678,"density_per_km2":11110.71,"area_km2":0.25},"geometry":{"type":"Polygon","coordinates":[[[69.21499,41.29475],[69.22096,41.29474],[69.22094,41.29023],[69.21497,41.29024],[69.21499,41.29475]]]}},{"type":"Feature","properties":{"population":2770.97,"density_per_km2":11083.88,"area_km2":0.25},"geometry":{"type":"Polygon","coordinates":[[[69.22096,41.29474],[69.22693,41.29472],[69.22692,41.29022],[69.22094,41.29023],[69.22096,41.29474]]]}},{"type":"Feature","properties":{"population":3247.849,"density_per_km2":12991.39,"area_km2":0.25},"geometry":{"type":"Polygon","coordinates":[[[69.22693,41.29472],[69.2329,41.29471],[69.23289,41.29021],[69.22692,41.29022],[69.22693,41.29472]]]}},{"type":"Feature","properties":{"population":3010.079,"density_per_km2":12040.31,"area_km2":0.25},"geometry":{"type":"Polygon","coordinates":[[[69.2329,41.29471],[69.23887,41.2947],[69.23886,41.2902],[69.23289,41.29021],[69.2329,41.29471]]]}},{"type":"Feature","properties":{"population":3145.79,"density_per_km2":12583.16,"area_km2":0.25},"geometry":{"type":"Polygon","coordinates":[[[69.23887,41.2947],[69.24485,41.29469],[69.24483,41.29018],[69.23886,41.2902],[69.23887,41.2947]]]}},{"type":"Feature","properties":{"population":3378.004,"density_per_km2":13512.02,"area_km2":0.25},"geometry":{"type":"Polygon","coordinates":[[[69.24485,41.29469],[69.25082,41.29468],[69.2508,41.29017],[69.24483,41.29018],[69.24485,41.29469]]]}},{"type":"Feature","properties":{"population":3061.17,"density_per_km2":12244.68,"area_km2":0.25},"geometry":{"type":"Polygon","coordinates":[[[69.25082,41.29468],[69.25679,41.29466],[69.25677,41.29016],[69.2508,41.29017],[69.25082,41.29468]]]}},{"type":"Feature","properties":{"population":3466.164,"density_per_km2":13864.66,"area_km2":0.25},"geometry":{"type":"Polygon","coordinates":[[[69.25679,41.29466],[69.26276,41.29465],[69.26274,41.29014],[69.25677,41.29016],[69.25679,41.29466]]]}},{"type":"Feature","properties":{"population":2961.028,"density_per_km2":11844.11,"area_km2":0.25},"geometry":{"type":"Polygon","coordinates":[[[69.26276,41.29465],[69.26873,41.29463],[69.26872,41.29013],[69.26274,41.29014],[69.26276,41.29465]]]}},{"type":"Feature","properties":{"population":3354.796,"density_per_km2":13419.18,"area_km2":0.25},"geometry":{"type":"Polygon","coordinates":[[[69.26873,41.29463],[69.27471,41.29462],[69.27469,41.29012],[69.26872,41.29013],[69.26873,41.29463]]]}},{"type":"Feature","properties":{"population":2559.346,"density_per_km2":10237.39,"area_km2":0.25},"geometry":{"type":"Polygon","coordinates":[[[69.27471,41.29462],[69.28068,41.29461],[69.28066,41.2901],[69.27469,41.29012],[69.27471,41.29462]]]}},{"type":"Feature","properties":{"population":2886.563,"density_per_km2":11546.25,"area_km2":0.25},"geometry":{"type":"Polygon","coordinates":[[[69.28068,41.29461],[69.28665,41.29459],[69.28663,41.29009],[69.28066,41.2901],[69.28068,41.29461]]]}},{"type":"Feature","properties":{"population":2168.516,"density_per_km2":8674.06,"area_km2":0.25},"geometry":{"type":"Polygon","coordinates":[[[69.28665,41.29459],[69.29262,41.29458],[69.2926,41.29007],[69.28663,41.29009],[69.28665,41.29459]]]}},{"type":"Feature","properties":{"population":1685.711,"density_per_km2":6742.84,"area_km2":0.25},"geometry":{"type":"Polygon","coordinates":[[[69.29262,41.29458],[69.29859,41.29456],[69.29857,41.29006],[69.2926,41.29007],[69.29262,41.29458]]]}},{"type":"Feature","properties":{"population":1585.981,"density_per_km2":6343.92,"area_km2":0.25},"geometry":{"type":"Polygon","coordinates":[[[69.29859,41.29456],[69.30456,41.29455],[69.30454,41.29004],[69.29857,41.29006],[69.29859,41.29456]]]}},{"type":"Feature","properties":{"population":1342.63,"density_per_km2":5370.52,"area_km2":0.25},"geometry":{"type":"Polygon","coordinates":[[[69.30456,41.29455],[69.31054,41.29453],[69.31052,41.29003],[69.30454,41.29004],[69.30456,41.29455]]]}},{"type":"Feature","properties":{"population":1439.539,"density_per_km2":5758.16,"area_km2":0.25},"geometry":{"type":"Polygon","coordinates":[[[69.31054,41.29453],[69.31651,41.29451],[69.31649,41.29001],[69.31052,41.29003],[69.31054,41.29453]]]}},{"type":"Feature","properties":{"population":1650.095,"density_per_km2":6600.38,"area_km2":0.25},"geometry":{"type":"Polygon","coordinates":[[[69.31651,41.29451],[69.32248,41.2945],[69.32246,41.28999],[69.31649,41.29001],[69.31651,41.29451]]]}},{"type":"Feature","properties":{"population":1581.382,"density_per_km2":6325.53,"area_km2":0.25},"geometry":{"type":"Polygon","coordinates":[[[69.32248,41.2945],[69.32845,41.29448],[69.32843,41.28998],[69.32246,41.28999],[69.32248,41.2945]]]}},{"type":"Feature","properties":{"population":1457.769,"density_per_km2":5831.08,"area_km2":0.25},"geometry":{"type":"Polygon","coordinates":[[[69.32845,41.29448],[69.33442,41.29446],[69.3344,41.28996],[69.32843,41.28998],[69.32845,41.29448]]]}},{"type":"Feature","properties":{"population":1658.06,"density_per_km2":6632.24,"area_km2":0.25},"geometry":{"type":"Polygon","coordinates":[[[69.33442,41.29446],[69.3404,41.29445],[69.34037,41.28994],[69.3344,41.28996],[69.33442,41.29446]]]}},{"type":"Feature","properties":{"population":1854.087,"density_per_km2":7416.35,"area_km2":0.25},"geometry":{"type":"Polygon","coordinates":[[[69.3404,41.29445],[69.34637,41.29443],[69.34634,41.28992],[69.34037,41.28994],[69.3404,41.29445]]]}},{"type":"Feature","properties":{"population":1346.836,"density_per_km2":5387.34,"area_km2":0.25},"geometry":{"type":"Polygon","coordinates":[[[69.34637,41.29443],[69.35234,41.29441],[69.35231,41.28991],[69.34634,41.28992],[69.34637,41.29443]]]}},{"type":"Feature","properties":{"population":1293.806,"density_per_km2":5175.23,"area_km2":0.25},"geometry":{"type":"Polygon","coordinates":[[[69.35234,41.29441],[69.35831,41.29439],[69.35829,41.28989],[69.35231,41.28991],[69.35234,41.29441]]]}},{"type":"Feature","properties":{"population":1275.8,"density_per_km2":5103.2,"area_km2":0.25},"geometry":{"type":"Polygon","coordinates":[[[69.35831,41.29439],[69.36428,41.29437],[69.36426,41.28987],[69.35829,41.28989],[69.35831,41.29439]]]}},{"type":"Feature","properties":{"population":1267.318,"density_per_km2":5069.27,"area_km2":0.25},"geometry":{"type":"Polygon","coordinates":[[[69.36428,41.29437],[69.37025,41.29435],[69.37023,41.28985],[69.36426,41.28987],[69.36428,41.29437]]]}},{"type":"Feature","properties":{"population":836.807,"density_per_km2":3347.23,"area_km2":0.25},"geometry":{"type":"Polygon","coordinates":[[[69.37025,41.29435],[69.37623,41.29433],[69.3762,41.28983],[69.37023,41.28985],[69.37025,41.29435]]]}},{"type":"Feature","properties":{"population":101.794,"density_per_km2":407.18,"area_km2":0.25},"geometry":{"type":"Polygon","coordinates":[[[69.37623,41.29433],[69.3822,41.29431],[69.38217,41.28981],[69.3762,41.28983],[69.37623,41.29433]]]}},{"type":"Feature","properties":{"population":373.925,"density_per_km2":1495.7,"area_km2":0.25},"geometry":{"type":"Polygon","coordinates":[[[69.3822,41.29431],[69.38817,41.29429],[69.38814,41.28979],[69.38217,41.28981],[69.3822,41.29431]]]}},{"type":"Feature","properties":{"population":995.122,"density_per_km2":3980.49,"area_km2":0.25},"geometry":{"type":"Polygon","coordinates":[[[69.38817,41.29429],[69.39414,41.29427],[69.39411,41.28977],[69.38814,41.28979],[69.38817,41.29429]]]}},{"type":"Feature","properties":{"population":898.469,"density_per_km2":3593.87,"area_km2":0.25},"geometry":{"type":"Polygon","coordinates":[[[69.39414,41.29427],[69.40011,41.29425],[69.40008,41.28975],[69.39411,41.28977],[69.39414,41.29427]]]}},{"type":"Feature","properties":{"population":1014.839,"density_per_km2":4059.36,"area_km2":0.25},"geometry":{"type":"Polygon","coordinates":[[[69.40011,41.29425],[69.40608,41.29423],[69.40606,41.28973],[69.40008,41.28975],[69.40011,41.29425]]]}},{"type":"Feature","properties":{"population":349.41,"density_per_km2":1998.09,"area_km2":0.174872},"geometry":{"type":"Polygon","coordinates":[[[69.40608,41.29423],[69.41206,41.29421],[69.41205,41.29315],[69.41138,41.29258],[69.40719,41.28972],[69.40606,41.28973],[69.40608,41.29423]]]}},{"type":"Feature","properties":{"population":1.917,"density_per_km2":312.61,"area_km2":0.006133},"geometry":{"type":"Polygon","coordinates":[[[69.4133,41.29421],[69.41205,41.29315],[69.41206,41.29421],[69.4133,41.29421]]]}},{"type":"Feature","properties":{"population":826.768,"density_per_km2":8906.87,"area_km2":0.092824},"geometry":{"type":"Polygon","coordinates":[[[69.14333,41.29486],[69.13843,41.29487],[69.13845,41.29493],[69.13862,41.29501],[69.13915,41.29513],[69.13929,41.29516],[69.13944,41.29523],[69.13958,41.29534],[69.13971,41.29545],[69.13981,41.29567],[69.13987,41.29576],[69.13996,41.29581],[69.14014,41.29589],[69.14019,41.29595],[69.1402,41.29601],[69.14016,41.29618],[69.14008,41.29639],[69.1402,41.29654],[69.14039,41.29665],[69.14085,41.29665],[69.14093,41.29667],[69.14101,41.29671],[69.14113,41.29676],[69.14121,41.29685],[69.14125,41.29696],[69.1413,41.29704],[69.14141,41.29713],[69.14153,41.29734],[69.14157,41.29749],[69.14175,41.29778],[69.14185,41.29806],[69.14199,41.29829],[69.14223,41.29844],[69.1425,41.29863],[69.14271,41.2987],[69.14289,41.2988],[69.143,41.29902],[69.14305,41.29926],[69.143,41.29936],[69.14334,41.29936],[69.14333,41.29486]]]}},{"type":"Feature","properties":{"population":2407.214,"density_per_km2":9628.86,"area_km2":0.25},"geometry":{"type":"Polygon","coordinates":[[[69.14334,41.29936],[69.14931,41.29936],[69.1493,41.29485],[69.14333,41.29486],[69.14334,41.29936]]]}},{"type":"Feature","properties":{"population":2536.368,"density_per_km2":10145.47,"area_km2":0.25},"geometry":{"type":"Polygon","coordinates":[[[69.14931,41.29936],[69.15528,41.29935],[69.15527,41.29484],[69.1493,41.29485],[69.14931,41.29936]]]}},{"type":"Feature","properties":{"population":2517.332,"density_per_km2":10069.33,"area_km2":0.25},"geometry":{"type":"Polygon","coordinates":[[[69.15528,41.29935],[69.16125,41.29934],[69.16124,41.29484],[69.15527,41.29484],[69.15528,41.29935]]]}},{"type":"Feature","properties":{"population":3120.201,"density_per_km2":12480.8,"area_km2":0.25},"geometry":{"type":"Polygon","coordinates":[[[69.16125,41.29934],[69.16722,41.29933],[69.16721,41.29483],[69.16124,41.29484],[69.16125,41.29934]]]}},{"type":"Feature","properties":{"population":2763.29,"density_per_km2":11053.16,"area_km2":0.25},"geometry":{"type":"Polygon","coordinates":[[[69.16722,41.29933],[69.1732,41.29932],[69.17318,41.29482],[69.16721,41.29483],[69.16722,41.29933]]]}},{"type":"Feature","properties":{"population":2772.81,"density_per_km2":11091.24,"area_km2":0.25},"geometry":{"type":"Polygon","coordinates":[[[69.1732,41.29932],[69.17917,41.29931],[69.17916,41.29481],[69.17318,41.29482],[69.1732,41.29932]]]}},{"type":"Feature","properties":{"population":2740.327,"density_per_km2":10961.31,"area_km2":0.25},"geometry":{"type":"Polygon","coordinates":[[[69.17917,41.29931],[69.18514,41.2993],[69.18513,41.2948],[69.17916,41.29481],[69.17917,41.29931]]]}},{"type":"Feature","properties":{"population":2828.414,"density_per_km2":11313.66,"area_km2":0.25},"geometry":{"type":"Polygon","coordinates":[[[69.18514,41.2993],[69.19111,41.29929],[69.1911,41.29479],[69.18513,41.2948],[69.18514,41.2993]]]}},{"type":"Feature","properties":{"population":2821.354,"density_per_km2":11285.42,"area_km2":0.25},"geometry":{"type":"Polygon","coordinates":[[[69.19111,41.29929],[69.19709,41.29928],[69.19707,41.29478],[69.1911,41.29479],[69.19111,41.29929]]]}},{"type":"Feature","properties":{"population":3024.625,"density_per_km2":12098.5,"area_km2":0.25},"geometry":{"type":"Polygon","coordinates":[[[69.19709,41.29928],[69.20306,41.29927],[69.20304,41.29477],[69.19707,41.29478],[69.19709,41.29928]]]}},{"type":"Feature","properties":{"population":2340.42,"density_per_km2":9361.68,"area_km2":0.25},"geometry":{"type":"Polygon","coordinates":[[[69.20306,41.29927],[69.20903,41.29926],[69.20902,41.29476],[69.20304,41.29477],[69.20306,41.29927]]]}},{"type":"Feature","properties":{"population":2517.542,"density_per_km2":10070.17,"area_km2":0.25},"geometry":{"type":"Polygon","coordinates":[[[69.20903,41.29926],[69.215,41.29925],[69.21499,41.29475],[69.20902,41.29476],[69.20903,41.29926]]]}},{"type":"Feature","properties":{"population":2687.705,"density_per_km2":10750.82,"area_km2":0.25},"geometry":{"type":"Polygon","coordinates":[[[69.215,41.29925],[69.22097,41.29924],[69.22096,41.29474],[69.21499,41.29475],[69.215,41.29925]]]}},{"type":"Feature","properties":{"population":2499.468,"density_per_km2":9997.87,"area_km2":0.25},"geometry":{"type":"Polygon","coordinates":[[[69.22097,41.29924],[69.22695,41.29923],[69.22693,41.29472],[69.22096,41.29474],[69.22097,41.29924]]]}},{"type":"Feature","properties":{"population":2562.167,"density_per_km2":10248.67,"area_km2":0.25},"geometry":{"type":"Polygon","coordinates":[[[69.22695,41.29923],[69.23292,41.29922],[69.2329,41.29471],[69.22693,41.29472],[69.22695,41.29923]]]}},{"type":"Feature","properties":{"population":2554.328,"density_per_km2":10217.31,"area_km2":0.25},"geometry":{"type":"Polygon","coordinates":[[[69.23292,41.29922],[69.23889,41.2992],[69.23887,41.2947],[69.2329,41.29471],[69.23292,41.29922]]]}},{"type":"Feature","properties":{"population":1866.174,"density_per_km2":7464.7,"area_km2":0.25},"geometry":{"type":"Polygon","coordinates":[[[69.23889,41.2992],[69.24486,41.29919],[69.24485,41.29469],[69.23887,41.2947],[69.23889,41.2992]]]}},{"type":"Feature","properties":{"population":2552.295,"density_per_km2":10209.18,"area_km2":0.25},"geometry":{"type":"Polygon","coordinates":[[[69.24486,41.29919],[69.25084,41.29918],[69.25082,41.29468],[69.24485,41.29469],[69.24486,41.29919]]]}},{"type":"Feature","properties":{"population":2808.928,"density_per_km2":11235.71,"area_km2":0.25},"geometry":{"type":"Polygon","coordinates":[[[69.25084,41.29918],[69.25681,41.29917],[69.25679,41.29466],[69.25082,41.29468],[69.25084,41.29918]]]}},{"type":"Feature","properties":{"population":2766.645,"density_per_km2":11066.58,"area_km2":0.25},"geometry":{"type":"Polygon","coordinates":[[[69.25681,41.29917],[69.26278,41.29915],[69.26276,41.29465],[69.25679,41.29466],[69.25681,41.29917]]]}},{"type":"Feature","properties":{"population":2382.887,"density_per_km2":9531.55,"area_km2":0.25},"geometry":{"type":"Polygon","coordinates":[[[69.26278,41.29915],[69.26875,41.29914],[69.26873,41.29463],[69.26276,41.29465],[69.26278,41.29915]]]}},{"type":"Feature","properties":{"population":2279.615,"density_per_km2":9118.46,"area_km2":0.25},"geometry":{"type":"Polygon","coordinates":[[[69.26875,41.29914],[69.27472,41.29912],[69.27471,41.29462],[69.26873,41.29463],[69.26875,41.29914]]]}},{"type":"Feature","properties":{"population":2442.644,"density_per_km2":9770.58,"area_km2":0.25},"geometry":{"type":"Polygon","coordinates":[[[69.27472,41.29912],[69.2807,41.29911],[69.28068,41.29461],[69.27471,41.29462],[69.27472,41.29912]]]}},{"type":"Feature","properties":{"population":2230.232,"density_per_km2":8920.93,"area_km2":0.25},"geometry":{"type":"Polygon","coordinates":[[[69.2807,41.29911],[69.28667,41.2991],[69.28665,41.29459],[69.28068,41.29461],[69.2807,41.29911]]]}},{"type":"Feature","properties":{"population":2795.752,"density_per_km2":11183.01,"area_km2":0.25},"geometry":{"type":"Polygon","coordinates":[[[69.28667,41.2991],[69.29264,41.29908],[69.29262,41.29458],[69.28665,41.29459],[69.28667,41.2991]]]}},{"type":"Feature","properties":{"population":1854.674,"density_per_km2":7418.69,"area_km2":0.25},"geometry":{"type":"Polygon","coordinates":[[[69.29264,41.29908],[69.29861,41.29907],[69.29859,41.29456],[69.29262,41.29458],[69.29264,41.29908]]]}},{"type":"Feature","properties":{"population":907.436,"density_per_km2":3629.74,"area_km2":0.25},"geometry":{"type":"Polygon","coordinates":[[[69.29861,41.29907],[69.30459,41.29905],[69.30456,41.29455],[69.29859,41.29456],[69.29861,41.29907]]]}},{"type":"Feature","properties":{"population":1534.126,"density_per_km2":6136.51,"area_km2":0.25},"geometry":{"type":"Polygon","coordinates":[[[69.30459,41.29905],[69.31056,41.29903],[69.31054,41.29453],[69.30456,41.29455],[69.30459,41.29905]]]}},{"type":"Feature","properties":{"population":927.745,"density_per_km2":3710.98,"area_km2":0.25},"geometry":{"type":"Polygon","coordinates":[[[69.31056,41.29903],[69.31653,41.29902],[69.31651,41.29451],[69.31054,41.29453],[69.31056,41.29903]]]}},{"type":"Feature","properties":{"population":1146.909,"density_per_km2":4587.64,"area_km2":0.25},"geometry":{"type":"Polygon","coordinates":[[[69.31653,41.29902],[69.3225,41.299],[69.32248,41.2945],[69.31651,41.29451],[69.31653,41.29902]]]}},{"type":"Feature","properties":{"population":1108.141,"density_per_km2":4432.57,"area_km2":0.25},"geometry":{"type":"Polygon","coordinates":[[[69.3225,41.299],[69.32847,41.29898],[69.32845,41.29448],[69.32248,41.2945],[69.3225,41.299]]]}},{"type":"Feature","properties":{"population":1239.411,"density_per_km2":4957.64,"area_km2":0.25},"geometry":{"type":"Polygon","coordinates":[[[69.32847,41.29898],[69.33445,41.29897],[69.33442,41.29446],[69.32845,41.29448],[69.32847,41.29898]]]}},{"type":"Feature","properties":{"population":1524.728,"density_per_km2":6098.91,"area_km2":0.25},"geometry":{"type":"Polygon","coordinates":[[[69.33445,41.29897],[69.34042,41.29895],[69.3404,41.29445],[69.33442,41.29446],[69.33445,41.29897]]]}},{"type":"Feature","properties":{"population":1664.651,"density_per_km2":6658.6,"area_km2":0.25},"geometry":{"type":"Polygon","coordinates":[[[69.34042,41.29895],[69.34639,41.29893],[69.34637,41.29443],[69.3404,41.29445],[69.34042,41.29895]]]}},{"type":"Feature","properties":{"population":1391.231,"density_per_km2":5564.92,"area_km2":0.25},"geometry":{"type":"Polygon","coordinates":[[[69.34639,41.29893],[69.35236,41.29891],[69.35234,41.29441],[69.34637,41.29443],[69.34639,41.29893]]]}},{"type":"Feature","properties":{"population":1505.974,"density_per_km2":6023.9,"area_km2":0.25},"geometry":{"type":"Polygon","coordinates":[[[69.35236,41.29891],[69.35834,41.29889],[69.35831,41.29439],[69.35234,41.29441],[69.35236,41.29891]]]}},{"type":"Feature","properties":{"population":1571.648,"density_per_km2":6286.59,"area_km2":0.25},"geometry":{"type":"Polygon","coordinates":[[[69.35834,41.29889],[69.36431,41.29888],[69.36428,41.29437],[69.35831,41.29439],[69.35834,41.29889]]]}},{"type":"Feature","properties":{"population":1764.491,"density_per_km2":7057.96,"area_km2":0.25},"geometry":{"type":"Polygon","coordinates":[[[69.36431,41.29888],[69.37028,41.29886],[69.37025,41.29435],[69.36428,41.29437],[69.36431,41.29888]]]}},{"type":"Feature","properties":{"population":1227.587,"density_per_km2":4910.35,"area_km2":0.25},"geometry":{"type":"Polygon","coordinates":[[[69.37028,41.29886],[69.37625,41.29884],[69.37623,41.29433],[69.37025,41.29435],[69.37028,41.29886]]]}},{"type":"Feature","properties":{"population":329.101,"density_per_km2":1316.41,"area_km2":0.25},"geometry":{"type":"Polygon","coordinates":[[[69.37625,41.29884],[69.38222,41.29882],[69.3822,41.29431],[69.37623,41.29433],[69.37625,41.29884]]]}},{"type":"Feature","properties":{"population":509.896,"density_per_km2":2039.58,"area_km2":0.25},"geometry":{"type":"Polygon","coordinates":[[[69.38222,41.29882],[69.3882,41.2988],[69.38817,41.29429],[69.3822,41.29431],[69.38222,41.29882]]]}},{"type":"Feature","properties":{"population":1587.893,"density_per_km2":6351.57,"area_km2":0.25},"geometry":{"type":"Polygon","coordinates":[[[69.3882,41.2988],[69.39417,41.29878],[69.39414,41.29427],[69.38817,41.29429],[69.3882,41.2988]]]}},{"type":"Feature","properties":{"population":1562.953,"density_per_km2":6251.81,"area_km2":0.25},"geometry":{"type":"Polygon","coordinates":[[[69.39417,41.29878],[69.40014,41.29876],[69.40011,41.29425],[69.39414,41.29427],[69.39417,41.29878]]]}},{"type":"Feature","properties":{"population":905.688,"density_per_km2":3622.75,"area_km2":0.25},"geometry":{"type":"Polygon","coordinates":[[[69.40014,41.29876],[69.40611,41.29874],[69.40608,41.29423],[69.40011,41.29425],[69.40014,41.29876]]]}},{"type":"Feature","properties":{"population":885.548,"density_per_km2":3542.19,"area_km2":0.25},"geometry":{"type":"Polygon","coordinates":[[[69.40611,41.29874],[69.41208,41.29871],[69.41206,41.29421],[69.40608,41.29423],[69.40611,41.29874]]]}},{"type":"Feature","properties":{"population":416.341,"density_per_km2":2591.13,"area_km2":0.16068},"geometry":{"type":"Polygon","coordinates":[[[69.41208,41.29871],[69.41806,41.29869],[69.41805,41.29825],[69.4133,41.29421],[69.41206,41.29421],[69.41208,41.29871]]]}},{"type":"Feature","properties":{"population":57.696,"density_per_km2":22201.42,"area_km2":0.002599},"geometry":{"type":"Polygon","coordinates":[[[69.143,41.29936],[69.14292,41.29951],[69.14287,41.29967],[69.1429,41.29984],[69.14304,41.29997],[69.14319,41.30009],[69.14334,41.30014],[69.14334,41.29936],[69.143,41.29936]]]}},{"type":"Feature","properties":{"population":1818.343,"density_per_km2":9830.91,"area_km2":0.184962},"geometry":{"type":"Polygon","coordinates":[[[69.14931,41.29936],[69.14334,41.29936],[69.14334,41.30014],[69.14338,41.30015],[69.14375,41.30018],[69.14397,41.30018],[69.14435,41.30028],[69.1449,41.30064],[69.14498,41.30097],[69.14496,41.30115],[69.14472,41.30144],[69.14468,41.30173],[69.14485,41.30201],[69.14495,41.30216],[69.14533,41.30277],[69.14551,41.30284],[69.14581,41.30291],[69.14598,41.30302],[69.14609,41.30317],[69.1465,41.3038],[69.14672,41.30386],[69.14932,41.30386],[69.14931,41.29936]]]}},{"type":"Feature","properties":{"population":3171.316,"density_per_km2":12685.27,"area_km2":0.25},"geometry":{"type":"Polygon","coordinates":[[[69.14932,41.30386],[69.15529,41.30385],[69.15528,41.29935],[69.14931,41.29936],[69.14932,41.30386]]]}},{"type":"Feature","properties":{"population":3196.816,"density_per_km2":12787.26,"area_km2":0.25},"geometry":{"type":"Polygon","coordinates":[[[69.15529,41.30385],[69.16126,41.30384],[69.16125,41.29934],[69.15528,41.29935],[69.15529,41.30385]]]}},{"type":"Feature","properties":{"population":3064.161,"density_per_km2":12256.64,"area_km2":0.25},"geometry":{"type":"Polygon","coordinates":[[[69.16126,41.30384],[69.16724,41.30383],[69.16722,41.29933],[69.16125,41.29934],[69.16126,41.30384]]]}},{"type":"Feature","properties":{"population":3373.434,"density_per_km2":13493.74,"area_km2":0.25},"geometry":{"type":"Polygon","coordinates":[[[69.16724,41.30383],[69.17321,41.30383],[69.1732,41.29932],[69.16722,41.29933],[69.16724,41.30383]]]}},{"type":"Feature","properties":{"population":3381.106,"density_per_km2":13524.42,"area_km2":0.25},"geometry":{"type":"Polygon","coordinates":[[[69.17321,41.30383],[69.17918,41.30382],[69.17917,41.29931],[69.1732,41.29932],[69.17321,41.30383]]]}},{"type":"Feature","properties":{"population":3298.228,"density_per_km2":13192.91,"area_km2":0.25},"geometry":{"type":"Polygon","coordinates":[[[69.17918,41.30382],[69.18515,41.30381],[69.18514,41.2993],[69.17917,41.29931],[69.17918,41.30382]]]}},{"type":"Feature","properties":{"population":3093.897,"density_per_km2":12375.59,"area_km2":0.25},"geometry":{"type":"Polygon","coordinates":[[[69.18515,41.30381],[69.19113,41.3038],[69.19111,41.29929],[69.18514,41.2993],[69.18515,41.30381]]]}},{"type":"Feature","properties":{"population":3546.481,"density_per_km2":14185.93,"area_km2":0.25},"geometry":{"type":"Polygon","coordinates":[[[69.19113,41.3038],[69.1971,41.30379],[69.19709,41.29928],[69.19111,41.29929],[69.19113,41.3038]]]}},{"type":"Feature","properties":{"population":3693.191,"density_per_km2":14772.76,"area_km2":0.25},"geometry":{"type":"Polygon","coordinates":[[[69.1971,41.30379],[69.20307,41.30378],[69.20306,41.29927],[69.19709,41.29928],[69.1971,41.30379]]]}},{"type":"Feature","properties":{"population":3697.445,"density_per_km2":14789.78,"area_km2":0.25},"geometry":{"type":"Polygon","coordinates":[[[69.20307,41.30378],[69.20904,41.30377],[69.20903,41.29926],[69.20306,41.29927],[69.20307,41.30378]]]}},{"type":"Feature","properties":{"population":3776.359,"density_per_km2":15105.44,"area_km2":0.25},"geometry":{"type":"Polygon","coordinates":[[[69.20904,41.30377],[69.21502,41.30376],[69.215,41.29925],[69.20903,41.29926],[69.20904,41.30377]]]}},{"type":"Feature","properties":{"population":3133.07,"density_per_km2":12532.28,"area_km2":0.25},"geometry":{"type":"Polygon","coordinates":[[[69.21502,41.30376],[69.22099,41.30374],[69.22097,41.29924],[69.215,41.29925],[69.21502,41.30376]]]}},{"type":"Feature","properties":{"population":2554.511,"density_per_km2":10218.04,"area_km2":0.25},"geometry":{"type":"Polygon","coordinates":[[[69.22099,41.30374],[69.22696,41.30373],[69.22695,41.29923],[69.22097,41.29924],[69.22099,41.30374]]]}},{"type":"Feature","properties":{"population":3542.433,"density_per_km2":14169.73,"area_km2":0.25},"geometry":{"type":"Polygon","coordinates":[[[69.22696,41.30373],[69.23294,41.30372],[69.23292,41.29922],[69.22695,41.29923],[69.22696,41.30373]]]}},{"type":"Feature","properties":{"population":1639.927,"density_per_km2":6559.71,"area_km2":0.25},"geometry":{"type":"Polygon","coordinates":[[[69.23294,41.30372],[69.23891,41.30371],[69.23889,41.2992],[69.23292,41.29922],[69.23294,41.30372]]]}},{"type":"Feature","properties":{"population":1192.444,"density_per_km2":4769.78,"area_km2":0.25},"geometry":{"type":"Polygon","coordinates":[[[69.23891,41.30371],[69.24488,41.3037],[69.24486,41.29919],[69.23889,41.2992],[69.23891,41.30371]]]}},{"type":"Feature","properties":{"population":1639.499,"density_per_km2":6558.0,"area_km2":0.25},"geometry":{"type":"Polygon","coordinates":[[[69.24488,41.3037],[69.25085,41.30368],[69.25084,41.29918],[69.24486,41.29919],[69.24488,41.3037]]]}},{"type":"Feature","properties":{"population":2415.432,"density_per_km2":9661.73,"area_km2":0.25},"geometry":{"type":"Polygon","coordinates":[[[69.25085,41.30368],[69.25683,41.30367],[69.25681,41.29917],[69.25084,41.29918],[69.25085,41.30368]]]}},{"type":"Feature","properties":{"population":2699.538,"density_per_km2":10798.15,"area_km2":0.25},"geometry":{"type":"Polygon","coordinates":[[[69.25683,41.30367],[69.2628,41.30366],[69.26278,41.29915],[69.25681,41.29917],[69.25683,41.30367]]]}},{"type":"Feature","properties":{"population":2826.269,"density_per_km2":11305.08,"area_km2":0.25},"geometry":{"type":"Polygon","coordinates":[[[69.2628,41.30366],[69.26877,41.30364],[69.26875,41.29914],[69.26278,41.29915],[69.2628,41.30366]]]}},{"type":"Feature","properties":{"population":2188.982,"density_per_km2":8755.93,"area_km2":0.25},"geometry":{"type":"Polygon","coordinates":[[[69.26877,41.30364],[69.27474,41.30363],[69.27472,41.29912],[69.26875,41.29914],[69.26877,41.30364]]]}},{"type":"Feature","properties":{"population":2197.83,"density_per_km2":8791.32,"area_km2":0.25},"geometry":{"type":"Polygon","coordinates":[[[69.27474,41.30363],[69.28072,41.30361],[69.2807,41.29911],[69.27472,41.29912],[69.27474,41.30363]]]}},{"type":"Feature","properties":{"population":2412.776,"density_per_km2":9651.1,"area_km2":0.25},"geometry":{"type":"Polygon","coordinates":[[[69.28072,41.30361],[69.28669,41.3036],[69.28667,41.2991],[69.2807,41.29911],[69.28072,41.30361]]]}},{"type":"Feature","properties":{"population":2045.736,"density_per_km2":8182.94,"area_km2":0.25},"geometry":{"type":"Polygon","coordinates":[[[69.28669,41.3036],[69.29266,41.30358],[69.29264,41.29908],[69.28667,41.2991],[69.28669,41.3036]]]}},{"type":"Feature","properties":{"population":760.432,"density_per_km2":3041.73,"area_km2":0.25},"geometry":{"type":"Polygon","coordinates":[[[69.29266,41.30358],[69.29863,41.30357],[69.29861,41.29907],[69.29264,41.29908],[69.29266,41.30358]]]}},{"type":"Feature","properties":{"population":1504.484,"density_per_km2":6017.94,"area_km2":0.25},"geometry":{"type":"Polygon","coordinates":[[[69.29863,41.30357],[69.30461,41.30355],[69.30459,41.29905],[69.29861,41.29907],[69.29863,41.30357]]]}},{"type":"Feature","properties":{"population":1597.556,"density_per_km2":6390.22,"area_km2":0.25},"geometry":{"type":"Polygon","coordinates":[[[69.30461,41.30355],[69.31058,41.30354],[69.31056,41.29903],[69.30459,41.29905],[69.30461,41.30355]]]}},{"type":"Feature","properties":{"population":1023.393,"density_per_km2":4093.57,"area_km2":0.25},"geometry":{"type":"Polygon","coordinates":[[[69.31058,41.30354],[69.31655,41.30352],[69.31653,41.29902],[69.31056,41.29903],[69.31058,41.30354]]]}},{"type":"Feature","properties":{"population":776.575,"density_per_km2":3106.3,"area_km2":0.25},"geometry":{"type":"Polygon","coordinates":[[[69.31655,41.30352],[69.32252,41.3035],[69.3225,41.299],[69.31653,41.29902],[69.31655,41.30352]]]}},{"type":"Feature","properties":{"population":401.094,"density_per_km2":1604.37,"area_km2":0.25},"geometry":{"type":"Polygon","coordinates":[[[69.32252,41.3035],[69.3285,41.30349],[69.32847,41.29898],[69.3225,41.299],[69.32252,41.3035]]]}},{"type":"Feature","properties":{"population":782.253,"density_per_km2":3129.01,"area_km2":0.25},"geometry":{"type":"Polygon","coordinates":[[[69.3285,41.30349],[69.33447,41.30347],[69.33445,41.29897],[69.32847,41.29898],[69.3285,41.30349]]]}},{"type":"Feature","properties":{"population":971.501,"density_per_km2":3886.0,"area_km2":0.25},"geometry":{"type":"Polygon","coordinates":[[[69.33447,41.30347],[69.34044,41.30345],[69.34042,41.29895],[69.33445,41.29897],[69.33447,41.30347]]]}},{"type":"Feature","properties":{"population":1128.147,"density_per_km2":4512.59,"area_km2":0.25},"geometry":{"type":"Polygon","coordinates":[[[69.34044,41.30345],[69.34641,41.30344],[69.34639,41.29893],[69.34042,41.29895],[69.34044,41.30345]]]}},{"type":"Feature","properties":{"population":925.83,"density_per_km2":3703.32,"area_km2":0.25},"geometry":{"type":"Polygon","coordinates":[[[69.34641,41.30344],[69.35239,41.30342],[69.35236,41.29891],[69.34639,41.29893],[69.34641,41.30344]]]}},{"type":"Feature","properties":{"population":985.954,"density_per_km2":3943.82,"area_km2":0.25},"geometry":{"type":"Polygon","coordinates":[[[69.35239,41.30342],[69.35836,41.3034],[69.35834,41.29889],[69.35236,41.29891],[69.35239,41.30342]]]}},{"type":"Feature","properties":{"population":1321.189,"density_per_km2":5284.76,"area_km2":0.25},"geometry":{"type":"Polygon","coordinates":[[[69.35836,41.3034],[69.36433,41.30338],[69.36431,41.29888],[69.35834,41.29889],[69.35836,41.3034]]]}},{"type":"Feature","properties":{"population":1281.182,"density_per_km2":5124.73,"area_km2":0.25},"geometry":{"type":"Polygon","coordinates":[[[69.36433,41.30338],[69.3703,41.30336],[69.37028,41.29886],[69.36431,41.29888],[69.36433,41.30338]]]}},{"type":"Feature","properties":{"population":1261.289,"density_per_km2":5045.16,"area_km2":0.25},"geometry":{"type":"Polygon","coordinates":[[[69.3703,41.30336],[69.37628,41.30334],[69.37625,41.29884],[69.37028,41.29886],[69.3703,41.30336]]]}},{"type":"Feature","properties":{"population":451.348,"density_per_km2":1805.39,"area_km2":0.25},"geometry":{"type":"Polygon","coordinates":[[[69.37628,41.30334],[69.38225,41.30332],[69.38222,41.29882],[69.37625,41.29884],[69.37628,41.30334]]]}},{"type":"Feature","properties":{"population":580.871,"density_per_km2":2323.49,"area_km2":0.25},"geometry":{"type":"Polygon","coordinates":[[[69.38225,41.30332],[69.38822,41.3033],[69.3882,41.2988],[69.38222,41.29882],[69.38225,41.30332]]]}},{"type":"Feature","properties":{"population":670.156,"density_per_km2":2680.62,"area_km2":0.25},"geometry":{"type":"Polygon","coordinates":[[[69.38822,41.3033],[69.39419,41.30328],[69.39417,41.29878],[69.3882,41.2988],[69.38822,41.3033]]]}},{"type":"Feature","properties":{"population":1136.69,"density_per_km2":4546.76,"area_km2":0.25},"geometry":{"type":"Polygon","coordinates":[[[69.39419,41.30328],[69.40017,41.30326],[69.40014,41.29876],[69.39417,41.29878],[69.39419,41.30328]]]}},{"type":"Feature","properties":{"population":613.722,"density_per_km2":2454.89,"area_km2":0.25},"geometry":{"type":"Polygon","coordinates":[[[69.40017,41.30326],[69.40614,41.30324],[69.40611,41.29874],[69.40014,41.29876],[69.40017,41.30326]]]}},{"type":"Feature","properties":{"population":357.828,"density_per_km2":1431.31,"area_km2":0.25},"geometry":{"type":"Polygon","coordinates":[[[69.40614,41.30324],[69.41211,41.30322],[69.41208,41.29871],[69.40611,41.29874],[69.40614,41.30324]]]}},{"type":"Feature","properties":{"population":868.17,"density_per_km2":3472.68,"area_km2":0.25},"geometry":{"type":"Polygon","coordinates":[[[69.41211,41.30322],[69.41808,41.3032],[69.41806,41.29869],[69.41208,41.29871],[69.41211,41.30322]]]}},{"type":"Feature","properties":{"population":407.399,"density_per_km2":2874.66,"area_km2":0.14172},"geometry":{"type":"Polygon","coordinates":[[[69.41808,41.3032],[69.42406,41.30318],[69.42405,41.30278],[69.42012,41.30001],[69.41857,41.29869],[69.41806,41.29869],[69.41808,41.3032]]]}},{"type":"Feature","properties":{"population":119.954,"density_per_km2":3858.33,"area_km2":0.03109},"geometry":{"type":"Polygon","coordinates":[[[69.14932,41.30386],[69.14672,41.30386],[69.1468,41.30389],[69.14724,41.30388],[69.14758,41.30406],[69.14793,41.3043],[69.1485,41.30511],[69.14868,41.30558],[69.14871,41.30569],[69.14875,41.30592],[69.14878,41.30623],[69.1487,41.30657],[69.14868,41.30671],[69.14869,41.30683],[69.14873,41.30693],[69.14879,41.30703],[69.14888,41.30709],[69.14893,41.30715],[69.14891,41.30738],[69.14889,41.30758],[69.14909,41.30816],[69.14902,41.30836],[69.14933,41.30836],[69.14932,41.30386]]]}},{"type":"Feature","properties":{"population":2376.552,"density_per_km2":9506.21,"area_km2":0.25},"geometry":{"type":"Polygon","coordinates":[[[69.14933,41.30836],[69.1553,41.30836],[69.15529,41.30385],[69.14932,41.30386],[69.14933,41.30836]]]}},{"type":"Feature","properties":{"population":3165.891,"density_per_km2":12663.56,"area_km2":0.25},"geometry":{"type":"Polygon","coordinates":[[[69.1553,41.30836],[69.16127,41.30835],[69.16126,41.30384],[69.15529,41.30385],[69.1553,41.30836]]]}},{"type":"Feature","properties":{"population":2434.89,"density_per_km2":9739.56,"area_km2":0.25},"geometry":{"type":"Polygon","coordinates":[[[69.16127,41.30835],[69.16725,41.30834],[69.16724,41.30383],[69.16126,41.30384],[69.16127,41.30835]]]}},{"type":"Feature","properties":{"population":2389.563,"density_per_km2":9558.25,"area_km2":0.25},"geometry":{"type":"Polygon","coordinates":[[[69.16725,41.30834],[69.17322,41.30833],[69.17321,41.30383],[69.16724,41.30383],[69.16725,41.30834]]]}},{"type":"Feature","properties":{"population":2343.474,"density_per_km2":9373.9,"area_km2":0.25},"geometry":{"type":"Polygon","coordinates":[[[69.17322,41.30833],[69.17919,41.30832],[69.17918,41.30382],[69.17321,41.30383],[69.17322,41.30833]]]}},{"type":"Feature","properties":{"population":2813.013,"density_per_km2":11252.05,"area_km2":0.25},"geometry":{"type":"Polygon","coordinates":[[[69.17919,41.30832],[69.18517,41.30831],[69.18515,41.30381],[69.17918,41.30382],[69.17919,41.30832]]]}},{"type":"Feature","properties":{"population":2842.062,"density_per_km2":11368.25,"area_km2":0.25},"geometry":{"type":"Polygon","coordinates":[[[69.18517,41.30831],[69.19114,41.3083],[69.19113,41.3038],[69.18515,41.30381],[69.18517,41.30831]]]}},{"type":"Feature","properties":{"population":3510.933,"density_per_km2":14043.73,"area_km2":0.25},"geometry":{"type":"Polygon","coordinates":[[[69.19114,41.3083],[69.19711,41.30829],[69.1971,41.30379],[69.19113,41.3038],[69.19114,41.3083]]]}},{"type":"Feature","properties":{"population":3343.104,"density_per_km2":13372.41,"area_km2":0.25},"geometry":{"type":"Polygon","coordinates":[[[69.19711,41.30829],[69.20309,41.30828],[69.20307,41.30378],[69.1971,41.30379],[69.19711,41.30829]]]}},{"type":"Feature","properties":{"population":3348.351,"density_per_km2":13393.41,"area_km2":0.25},"geometry":{"type":"Polygon","coordinates":[[[69.20309,41.30828],[69.20906,41.30827],[69.20904,41.30377],[69.20307,41.30378],[69.20309,41.30828]]]}},{"type":"Feature","properties":{"population":3236.774,"density_per_km2":12947.09,"area_km2":0.25},"geometry":{"type":"Polygon","coordinates":[[[69.20906,41.30827],[69.21503,41.30826],[69.21502,41.30376],[69.20904,41.30377],[69.20906,41.30827]]]}},{"type":"Feature","properties":{"population":3658.825,"density_per_km2":14635.3,"area_km2":0.25},"geometry":{"type":"Polygon","coordinates":[[[69.21503,41.30826],[69.221,41.30825],[69.22099,41.30374],[69.21502,41.30376],[69.21503,41.30826]]]}},{"type":"Feature","properties":{"population":3923.514,"density_per_km2":15694.06,"area_km2":0.25},"geometry":{"type":"Polygon","coordinates":[[[69.221,41.30825],[69.22698,41.30824],[69.22696,41.30373],[69.22099,41.30374],[69.221,41.30825]]]}},{"type":"Feature","properties":{"population":4991.339,"density_per_km2":19965.36,"area_km2":0.25},"geometry":{"type":"Polygon","coordinates":[[[69.22698,41.30824],[69.23295,41.30822],[69.23294,41.30372],[69.22696,41.30373],[69.22698,41.30824]]]}},{"type":"Feature","properties":{"population":3180.704,"density_per_km2":12722.82,"area_km2":0.25},"geometry":{"type":"Polygon","coordinates":[[[69.23295,41.30822],[69.23892,41.30821],[69.23891,41.30371],[69.23294,41.30372],[69.23295,41.30822]]]}},{"type":"Feature","properties":{"population":1944.35,"density_per_km2":7777.4,"area_km2":0.25},"geometry":{"type":"Polygon","coordinates":[[[69.23892,41.30821],[69.2449,41.3082],[69.24488,41.3037],[69.23891,41.30371],[69.23892,41.30821]]]}},{"type":"Feature","properties":{"population":2816.355,"density_per_km2":11265.42,"area_km2":0.25},"geometry":{"type":"Polygon","coordinates":[[[69.2449,41.3082],[69.25087,41.30819],[69.25085,41.30368],[69.24488,41.3037],[69.2449,41.3082]]]}},{"type":"Feature","properties":{"population":2520.069,"density_per_km2":10080.28,"area_km2":0.25},"geometry":{"type":"Polygon","coordinates":[[[69.25087,41.30819],[69.25684,41.30817],[69.25683,41.30367],[69.25085,41.30368],[69.25087,41.30819]]]}},{"type":"Feature","properties":{"population":2586.819,"density_per_km2":10347.28,"area_km2":0.25},"geometry":{"type":"Polygon","coordinates":[[[69.25684,41.30817],[69.26282,41.30816],[69.2628,41.30366],[69.25683,41.30367],[69.25684,41.30817]]]}},{"type":"Feature","properties":{"population":3049.981,"density_per_km2":12199.92,"area_km2":0.25},"geometry":{"type":"Polygon","coordinates":[[[69.26282,41.30816],[69.26879,41.30815],[69.26877,41.30364],[69.2628,41.30366],[69.26282,41.30816]]]}},{"type":"Feature","properties":{"population":2742.251,"density_per_km2":10969.0,"area_km2":0.25},"geometry":{"type":"Polygon","coordinates":[[[69.26879,41.30815],[69.27476,41.30813],[69.27474,41.30363],[69.26877,41.30364],[69.26879,41.30815]]]}},{"type":"Feature","properties":{"population":2547.724,"density_per_km2":10190.9,"area_km2":0.25},"geometry":{"type":"Polygon","coordinates":[[[69.27476,41.30813],[69.28074,41.30812],[69.28072,41.30361],[69.27474,41.30363],[69.27476,41.30813]]]}},{"type":"Feature","properties":{"population":2799.007,"density_per_km2":11196.03,"area_km2":0.25},"geometry":{"type":"Polygon","coordinates":[[[69.28074,41.30812],[69.28671,41.3081],[69.28669,41.3036],[69.28072,41.30361],[69.28074,41.30812]]]}},{"type":"Feature","properties":{"population":2344.363,"density_per_km2":9377.45,"area_km2":0.25},"geometry":{"type":"Polygon","coordinates":[[[69.28671,41.3081],[69.29268,41.30809],[69.29266,41.30358],[69.28669,41.3036],[69.28671,41.3081]]]}},{"type":"Feature","properties":{"population":1789.168,"density_per_km2":7156.67,"area_km2":0.25},"geometry":{"type":"Polygon","coordinates":[[[69.29268,41.30809],[69.29865,41.30807],[69.29863,41.30357],[69.29266,41.30358],[69.29268,41.30809]]]}},{"type":"Feature","properties":{"population":1449.606,"density_per_km2":5798.42,"area_km2":0.25},"geometry":{"type":"Polygon","coordinates":[[[69.29865,41.30807],[69.30463,41.30806],[69.30461,41.30355],[69.29863,41.30357],[69.29865,41.30807]]]}},{"type":"Feature","properties":{"population":1686.798,"density_per_km2":6747.19,"area_km2":0.25},"geometry":{"type":"Polygon","coordinates":[[[69.30463,41.30806],[69.3106,41.30804],[69.31058,41.30354],[69.30461,41.30355],[69.30463,41.30806]]]}},{"type":"Feature","properties":{"population":1283.452,"density_per_km2":5133.81,"area_km2":0.25},"geometry":{"type":"Polygon","coordinates":[[[69.3106,41.30804],[69.31657,41.30802],[69.31655,41.30352],[69.31058,41.30354],[69.3106,41.30804]]]}},{"type":"Feature","properties":{"population":1037.36,"density_per_km2":4149.44,"area_km2":0.25},"geometry":{"type":"Polygon","coordinates":[[[69.31657,41.30802],[69.32255,41.30801],[69.32252,41.3035],[69.31655,41.30352],[69.31657,41.30802]]]}},{"type":"Feature","properties":{"population":1448.807,"density_per_km2":5795.23,"area_km2":0.25},"geometry":{"type":"Polygon","coordinates":[[[69.32255,41.30801],[69.32852,41.30799],[69.3285,41.30349],[69.32252,41.3035],[69.32255,41.30801]]]}},{"type":"Feature","properties":{"population":1193.266,"density_per_km2":4773.06,"area_km2":0.25},"geometry":{"type":"Polygon","coordinates":[[[69.32852,41.30799],[69.33449,41.30797],[69.33447,41.30347],[69.3285,41.30349],[69.32852,41.30799]]]}},{"type":"Feature","properties":{"population":1709.438,"density_per_km2":6837.75,"area_km2":0.25},"geometry":{"type":"Polygon","coordinates":[[[69.33449,41.30797],[69.34047,41.30796],[69.34044,41.30345],[69.33447,41.30347],[69.33449,41.30797]]]}},{"type":"Feature","properties":{"population":1527.156,"density_per_km2":6108.62,"area_km2":0.25},"geometry":{"type":"Polygon","coordinates":[[[69.34047,41.30796],[69.34644,41.30794],[69.34641,41.30344],[69.34044,41.30345],[69.34047,41.30796]]]}},{"type":"Feature","properties":{"population":1052.465,"density_per_km2":4209.86,"area_km2":0.25},"geometry":{"type":"Polygon","coordinates":[[[69.34644,41.30794],[69.35241,41.30792],[69.35239,41.30342],[69.34641,41.30344],[69.34644,41.30794]]]}},{"type":"Feature","properties":{"population":855.709,"density_per_km2":3422.84,"area_km2":0.25},"geometry":{"type":"Polygon","coordinates":[[[69.35241,41.30792],[69.35838,41.3079],[69.35836,41.3034],[69.35239,41.30342],[69.35241,41.30792]]]}},{"type":"Feature","properties":{"population":665.038,"density_per_km2":2660.15,"area_km2":0.25},"geometry":{"type":"Polygon","coordinates":[[[69.35838,41.3079],[69.36436,41.30788],[69.36433,41.30338],[69.35836,41.3034],[69.35838,41.3079]]]}},{"type":"Feature","properties":{"population":651.123,"density_per_km2":2604.49,"area_km2":0.25},"geometry":{"type":"Polygon","coordinates":[[[69.36436,41.30788],[69.37033,41.30786],[69.3703,41.30336],[69.36433,41.30338],[69.36436,41.30788]]]}},{"type":"Feature","properties":{"population":500.08,"density_per_km2":2000.32,"area_km2":0.25},"geometry":{"type":"Polygon","coordinates":[[[69.37033,41.30786],[69.3763,41.30785],[69.37628,41.30334],[69.3703,41.30336],[69.37033,41.30786]]]}},{"type":"Feature","properties":{"population":1001.93,"density_per_km2":4007.72,"area_km2":0.25},"geometry":{"type":"Polygon","coordinates":[[[69.3763,41.30785],[69.38228,41.30783],[69.38225,41.30332],[69.37628,41.30334],[69.3763,41.30785]]]}},{"type":"Feature","properties":{"population":1276.658,"density_per_km2":5106.63,"area_km2":0.25},"geometry":{"type":"Polygon","coordinates":[[[69.38228,41.30783],[69.38825,41.30781],[69.38822,41.3033],[69.38225,41.30332],[69.38228,41.30783]]]}},{"type":"Feature","properties":{"population":1004.142,"density_per_km2":4016.57,"area_km2":0.25},"geometry":{"type":"Polygon","coordinates":[[[69.38825,41.30781],[69.39422,41.30779],[69.39419,41.30328],[69.38822,41.3033],[69.38825,41.30781]]]}},{"type":"Feature","properties":{"population":1177.085,"density_per_km2":4708.34,"area_km2":0.25},"geometry":{"type":"Polygon","coordinates":[[[69.39422,41.30779],[69.40019,41.30776],[69.40017,41.30326],[69.39419,41.30328],[69.39422,41.30779]]]}},{"type":"Feature","properties":{"population":1062.826,"density_per_km2":4251.3,"area_km2":0.25},"geometry":{"type":"Polygon","coordinates":[[[69.40019,41.30776],[69.40617,41.30774],[69.40614,41.30324],[69.40017,41.30326],[69.40019,41.30776]]]}},{"type":"Feature","properties":{"population":1094.908,"density_per_km2":4379.63,"area_km2":0.25},"geometry":{"type":"Polygon","coordinates":[[[69.40617,41.30774],[69.41214,41.30772],[69.41211,41.30322],[69.40614,41.30324],[69.40617,41.30774]]]}},{"type":"Feature","properties":{"population":1076.686,"density_per_km2":4306.74,"area_km2":0.25},"geometry":{"type":"Polygon","coordinates":[[[69.41214,41.30772],[69.41811,41.3077],[69.41808,41.3032],[69.41211,41.30322],[69.41214,41.30772]]]}},{"type":"Feature","properties":{"population":1060.799,"density_per_km2":4243.2,"area_km2":0.25},"geometry":{"type":"Polygon","coordinates":[[[69.41811,41.3077],[69.42409,41.30768],[69.42406,41.30318],[69.41808,41.3032],[69.41811,41.3077]]]}},{"type":"Feature","properties":{"population":196.855,"density_per_km2":1716.17,"area_km2":0.114706},"geometry":{"type":"Polygon","coordinates":[[[69.42409,41.30768],[69.42919,41.30766],[69.42876,41.30718],[69.42716,41.30594],[69.42483,41.30332],[69.42462,41.30317],[69.42406,41.30318],[69.42409,41.30768]]]}},{"type":"Feature","properties":{"population":397.29,"density_per_km2":6753.73,"area_km2":0.058825},"geometry":{"type":"Polygon","coordinates":[[[69.14933,41.30836],[69.14902,41.30836],[69.14897,41.30849],[69.14873,41.30888],[69.14866,41.30915],[69.1485,41.30938],[69.14846,41.30963],[69.14847,41.30983],[69.14839,41.30994],[69.14828,41.30997],[69.14805,41.30996],[69.14788,41.30997],[69.14771,41.30995],[69.14758,41.30995],[69.14733,41.31008],[69.14729,41.31035],[69.1474,41.31082],[69.14763,41.31116],[69.14794,41.31128],[69.14808,41.31135],[69.14815,41.31162],[69.1481,41.3117],[69.14805,41.31177],[69.14793,41.31178],[69.14772,41.31173],[69.14762,41.31179],[69.14751,41.31189],[69.14751,41.31206],[69.1474,41.31241],[69.14713,41.31287],[69.14934,41.31287],[69.14933,41.30836]]]}},{"type":"Feature","properties":{"population":2334.138,"density_per_km2":9336.55,"area_km2":0.25},"geometry":{"type":"Polygon","coordinates":[[[69.14934,41.31287],[69.15531,41.31286],[69.1553,41.30836],[69.14933,41.30836],[69.14934,41.31287]]]}},{"type":"Feature","properties":{"population":3230.725,"density_per_km2":12922.9,"area_km2":0.25},"geometry":{"type":"Polygon","coordinates":[[[69.15531,41.31286],[69.16129,41.31285],[69.16127,41.30835],[69.1553,41.30836],[69.15531,41.31286]]]}},{"type":"Feature","properties":{"population":2444.128,"density_per_km2":9776.51,"area_km2":0.25},"geometry":{"type":"Polygon","coordinates":[[[69.16129,41.31285],[69.16726,41.31284],[69.16725,41.30834],[69.16127,41.30835],[69.16129,41.31285]]]}},{"type":"Feature","properties":{"population":2287.106,"density_per_km2":9148.42,"area_km2":0.25},"geometry":{"type":"Polygon","coordinates":[[[69.16726,41.31284],[69.17323,41.31283],[69.17322,41.30833],[69.16725,41.30834],[69.16726,41.31284]]]}},{"type":"Feature","properties":{"population":2251.721,"density_per_km2":9006.89,"area_km2":0.25},"geometry":{"type":"Polygon","coordinates":[[[69.17323,41.31283],[69.17921,41.31282],[69.17919,41.30832],[69.17322,41.30833],[69.17323,41.31283]]]}},{"type":"Feature","properties":{"population":2429.668,"density_per_km2":9718.67,"area_km2":0.25},"geometry":{"type":"Polygon","coordinates":[[[69.17921,41.31282],[69.18518,41.31282],[69.18517,41.30831],[69.17919,41.30832],[69.17921,41.31282]]]}},{"type":"Feature","properties":{"population":2536.019,"density_per_km2":10144.08,"area_km2":0.25},"geometry":{"type":"Polygon","coordinates":[[[69.18518,41.31282],[69.19115,41.31281],[69.19114,41.3083],[69.18517,41.30831],[69.18518,41.31282]]]}},{"type":"Feature","properties":{"population":3683.316,"density_per_km2":14733.26,"area_km2":0.25},"geometry":{"type":"Polygon","coordinates":[[[69.19115,41.31281],[69.19713,41.3128],[69.19711,41.30829],[69.19114,41.3083],[69.19115,41.31281]]]}},{"type":"Feature","properties":{"population":2746.236,"density_per_km2":10984.94,"area_km2":0.25},"geometry":{"type":"Polygon","coordinates":[[[69.19713,41.3128],[69.2031,41.31278],[69.20309,41.30828],[69.19711,41.30829],[69.19713,41.3128]]]}},{"type":"Feature","properties":{"population":3235.523,"density_per_km2":12942.09,"area_km2":0.25},"geometry":{"type":"Polygon","coordinates":[[[69.2031,41.31278],[69.20907,41.31277],[69.20906,41.30827],[69.20309,41.30828],[69.2031,41.31278]]]}},{"type":"Feature","properties":{"population":3176.818,"density_per_km2":12707.27,"area_km2":0.25},"geometry":{"type":"Polygon","coordinates":[[[69.20907,41.31277],[69.21505,41.31276],[69.21503,41.30826],[69.20906,41.30827],[69.20907,41.31277]]]}},{"type":"Feature","properties":{"population":3400.518,"density_per_km2":13602.07,"area_km2":0.25},"geometry":{"type":"Polygon","coordinates":[[[69.21505,41.31276],[69.22102,41.31275],[69.221,41.30825],[69.21503,41.30826],[69.21505,41.31276]]]}},{"type":"Feature","properties":{"population":3506.401,"density_per_km2":14025.6,"area_km2":0.25},"geometry":{"type":"Polygon","coordinates":[[[69.22102,41.31275],[69.22699,41.31274],[69.22698,41.30824],[69.221,41.30825],[69.22102,41.31275]]]}},{"type":"Feature","properties":{"population":3759.809,"density_per_km2":15039.23,"area_km2":0.25},"geometry":{"type":"Polygon","coordinates":[[[69.22699,41.31274],[69.23297,41.31273],[69.23295,41.30822],[69.22698,41.30824],[69.22699,41.31274]]]}},{"type":"Feature","properties":{"population":3544.976,"density_per_km2":14179.9,"area_km2":0.25},"geometry":{"type":"Polygon","coordinates":[[[69.23297,41.31273],[69.23894,41.31272],[69.23892,41.30821],[69.23295,41.30822],[69.23297,41.31273]]]}},{"type":"Feature","properties":{"population":2612.848,"density_per_km2":10451.39,"area_km2":0.25},"geometry":{"type":"Polygon","coordinates":[[[69.23894,41.31272],[69.24491,41.3127],[69.2449,41.3082],[69.23892,41.30821],[69.23894,41.31272]]]}},{"type":"Feature","properties":{"population":2539.564,"density_per_km2":10158.26,"area_km2":0.25},"geometry":{"type":"Polygon","coordinates":[[[69.24491,41.3127],[69.25089,41.31269],[69.25087,41.30819],[69.2449,41.3082],[69.24491,41.3127]]]}},{"type":"Feature","properties":{"population":2717.262,"density_per_km2":10869.05,"area_km2":0.25},"geometry":{"type":"Polygon","coordinates":[[[69.25089,41.31269],[69.25686,41.31268],[69.25684,41.30817],[69.25087,41.30819],[69.25089,41.31269]]]}},{"type":"Feature","properties":{"population":1817.115,"density_per_km2":7268.46,"area_km2":0.25},"geometry":{"type":"Polygon","coordinates":[[[69.25686,41.31268],[69.26283,41.31266],[69.26282,41.30816],[69.25684,41.30817],[69.25686,41.31268]]]}},{"type":"Feature","properties":{"population":2357.794,"density_per_km2":9431.18,"area_km2":0.25},"geometry":{"type":"Polygon","coordinates":[[[69.26283,41.31266],[69.26881,41.31265],[69.26879,41.30815],[69.26282,41.30816],[69.26283,41.31266]]]}},{"type":"Feature","properties":{"population":2389.508,"density_per_km2":9558.03,"area_km2":0.25},"geometry":{"type":"Polygon","coordinates":[[[69.26881,41.31265],[69.27478,41.31264],[69.27476,41.30813],[69.26879,41.30815],[69.26881,41.31265]]]}},{"type":"Feature","properties":{"population":2381.079,"density_per_km2":9524.31,"area_km2":0.25},"geometry":{"type":"Polygon","coordinates":[[[69.27478,41.31264],[69.28075,41.31262],[69.28074,41.30812],[69.27476,41.30813],[69.27478,41.31264]]]}},{"type":"Feature","properties":{"population":2224.32,"density_per_km2":8897.28,"area_km2":0.25},"geometry":{"type":"Polygon","coordinates":[[[69.28075,41.31262],[69.28673,41.31261],[69.28671,41.3081],[69.28074,41.30812],[69.28075,41.31262]]]}},{"type":"Feature","properties":{"population":2897.534,"density_per_km2":11590.14,"area_km2":0.25},"geometry":{"type":"Polygon","coordinates":[[[69.28673,41.31261],[69.2927,41.31259],[69.29268,41.30809],[69.28671,41.3081],[69.28673,41.31261]]]}},{"type":"Feature","properties":{"population":2117.109,"density_per_km2":8468.43,"area_km2":0.25},"geometry":{"type":"Polygon","coordinates":[[[69.2927,41.31259],[69.29868,41.31258],[69.29865,41.30807],[69.29268,41.30809],[69.2927,41.31259]]]}},{"type":"Feature","properties":{"population":1815.061,"density_per_km2":7260.24,"area_km2":0.25},"geometry":{"type":"Polygon","coordinates":[[[69.29868,41.31258],[69.30465,41.31256],[69.30463,41.30806],[69.29865,41.30807],[69.29868,41.31258]]]}},{"type":"Feature","properties":{"population":1450.075,"density_per_km2":5800.3,"area_km2":0.25},"geometry":{"type":"Polygon","coordinates":[[[69.30465,41.31256],[69.31062,41.31255],[69.3106,41.30804],[69.30463,41.30806],[69.30465,41.31256]]]}},{"type":"Feature","properties":{"population":1371.512,"density_per_km2":5486.05,"area_km2":0.25},"geometry":{"type":"Polygon","coordinates":[[[69.31062,41.31255],[69.3166,41.31253],[69.31657,41.30802],[69.3106,41.30804],[69.31062,41.31255]]]}},{"type":"Feature","properties":{"population":1660.561,"density_per_km2":6642.24,"area_km2":0.25},"geometry":{"type":"Polygon","coordinates":[[[69.3166,41.31253],[69.32257,41.31251],[69.32255,41.30801],[69.31657,41.30802],[69.3166,41.31253]]]}},{"type":"Feature","properties":{"population":1677.073,"density_per_km2":6708.29,"area_km2":0.25},"geometry":{"type":"Polygon","coordinates":[[[69.32257,41.31251],[69.32854,41.3125],[69.32852,41.30799],[69.32255,41.30801],[69.32257,41.31251]]]}},{"type":"Feature","properties":{"population":1650.761,"density_per_km2":6603.04,"area_km2":0.25},"geometry":{"type":"Polygon","coordinates":[[[69.32854,41.3125],[69.33452,41.31248],[69.33449,41.30797],[69.32852,41.30799],[69.32854,41.3125]]]}},{"type":"Feature","properties":{"population":2402.52,"density_per_km2":9610.08,"area_km2":0.25},"geometry":{"type":"Polygon","coordinates":[[[69.33452,41.31248],[69.34049,41.31246],[69.34047,41.30796],[69.33449,41.30797],[69.33452,41.31248]]]}},{"type":"Feature","properties":{"population":2029.759,"density_per_km2":8119.04,"area_km2":0.25},"geometry":{"type":"Polygon","coordinates":[[[69.34049,41.31246],[69.34646,41.31244],[69.34644,41.30794],[69.34047,41.30796],[69.34049,41.31246]]]}},{"type":"Feature","properties":{"population":1038.937,"density_per_km2":4155.75,"area_km2":0.25},"geometry":{"type":"Polygon","coordinates":[[[69.34646,41.31244],[69.35244,41.31242],[69.35241,41.30792],[69.34644,41.30794],[69.34646,41.31244]]]}},{"type":"Feature","properties":{"population":1146.094,"density_per_km2":4584.38,"area_km2":0.25},"geometry":{"type":"Polygon","coordinates":[[[69.35244,41.31242],[69.35841,41.31241],[69.35838,41.3079],[69.35241,41.30792],[69.35244,41.31242]]]}},{"type":"Feature","properties":{"population":486.481,"density_per_km2":1945.92,"area_km2":0.25},"geometry":{"type":"Polygon","coordinates":[[[69.35841,41.31241],[69.36438,41.31239],[69.36436,41.30788],[69.35838,41.3079],[69.35841,41.31241]]]}},{"type":"Feature","properties":{"population":204.025,"density_per_km2":816.1,"area_km2":0.25},"geometry":{"type":"Polygon","coordinates":[[[69.36438,41.31239],[69.37036,41.31237],[69.37033,41.30786],[69.36436,41.30788],[69.36438,41.31239]]]}},{"type":"Feature","properties":{"population":257.861,"density_per_km2":1031.45,"area_km2":0.25},"geometry":{"type":"Polygon","coordinates":[[[69.37036,41.31237],[69.37633,41.31235],[69.3763,41.30785],[69.37033,41.30786],[69.37036,41.31237]]]}},{"type":"Feature","properties":{"population":266.266,"density_per_km2":1065.07,"area_km2":0.25},"geometry":{"type":"Polygon","coordinates":[[[69.37633,41.31235],[69.3823,41.31233],[69.38228,41.30783],[69.3763,41.30785],[69.37633,41.31235]]]}},{"type":"Feature","properties":{"population":369.819,"density_per_km2":1479.28,"area_km2":0.25},"geometry":{"type":"Polygon","coordinates":[[[69.3823,41.31233],[69.38828,41.31231],[69.38825,41.30781],[69.38228,41.30783],[69.3823,41.31233]]]}},{"type":"Feature","properties":{"population":533.716,"density_per_km2":2134.86,"area_km2":0.25},"geometry":{"type":"Polygon","coordinates":[[[69.38828,41.31231],[69.39425,41.31229],[69.39422,41.30779],[69.38825,41.30781],[69.38828,41.31231]]]}},{"type":"Feature","properties":{"population":835.949,"density_per_km2":3343.8,"area_km2":0.25},"geometry":{"type":"Polygon","coordinates":[[[69.39425,41.31229],[69.40022,41.31227],[69.40019,41.30776],[69.39422,41.30779],[69.39425,41.31229]]]}},{"type":"Feature","properties":{"population":572.849,"density_per_km2":2291.4,"area_km2":0.25},"geometry":{"type":"Polygon","coordinates":[[[69.40022,41.31227],[69.4062,41.31225],[69.40617,41.30774],[69.40019,41.30776],[69.40022,41.31227]]]}},{"type":"Feature","properties":{"population":969.017,"density_per_km2":3876.07,"area_km2":0.25},"geometry":{"type":"Polygon","coordinates":[[[69.4062,41.31225],[69.41217,41.31223],[69.41214,41.30772],[69.40617,41.30774],[69.4062,41.31225]]]}},{"type":"Feature","properties":{"population":791.893,"density_per_km2":3167.57,"area_km2":0.25},"geometry":{"type":"Polygon","coordinates":[[[69.41217,41.31223],[69.41814,41.3122],[69.41811,41.3077],[69.41214,41.30772],[69.41217,41.31223]]]}},{"type":"Feature","properties":{"population":1332.546,"density_per_km2":5330.18,"area_km2":0.25},"geometry":{"type":"Polygon","coordinates":[[[69.41814,41.3122],[69.42412,41.31218],[69.42409,41.30768],[69.41811,41.3077],[69.41814,41.3122]]]}},{"type":"Feature","properties":{"population":1307.146,"density_per_km2":5312.46,"area_km2":0.246053},"geometry":{"type":"Polygon","coordinates":[[[69.42412,41.31218],[69.43009,41.31216],[69.43007,41.30863],[69.42919,41.30766],[69.42409,41.30768],[69.42412,41.31218]]]}},{"type":"Feature","properties":{"population":202.036,"density_per_km2":1811.55,"area_km2":0.111527},"geometry":{"type":"Polygon","coordinates":[[[69.43606,41.31214],[69.43606,41.31185],[69.43477,41.31073],[69.43165,41.30959],[69.43025,41.30884],[69.43007,41.30863],[69.43009,41.31216],[69.43606,41.31214]]]}},{"type":"Feature","properties":{"population":1.587,"density_per_km2":3680.61,"area_km2":0.000431},"geometry":{"type":"Polygon","coordinates":[[[69.43639,41.31214],[69.43606,41.31185],[69.43606,41.31214],[69.43639,41.31214]]]}},{"type":"Feature","properties":{"population":111.42,"density_per_km2":3864.31,"area_km2":0.028833},"geometry":{"type":"Polygon","coordinates":[[[69.14713,41.31287],[69.14706,41.31299],[69.1469,41.31319],[69.14664,41.3134],[69.14659,41.31355],[69.14663,41.31366],[69.14674,41.31374],[69.14698,41.31373],[69.14712,41.3136],[69.14728,41.31324],[69.14741,41.31323],[69.14747,41.31319],[69.14747,41.31314],[69.14754,41.31312],[69.14764,41.31318],[69.14767,41.31323],[69.14778,41.3133],[69.14785,41.31336],[69.14792,41.31344],[69.14809,41.31369],[69.14817,41.3137],[69.14826,41.31377],[69.14829,41.31382],[69.14834,41.31393],[69.14834,41.31415],[69.14833,41.31455],[69.14851,41.31478],[69.14885,41.31507],[69.14905,41.31524],[69.14927,41.31536],[69.14934,41.31538],[69.14934,41.31287],[69.14713,41.31287]]]}},{"type":"Feature","properties":{"population":2177.206,"density_per_km2":9188.43,"area_km2":0.236951},"geometry":{"type":"Polygon","coordinates":[[[69.15531,41.31286],[69.14934,41.31287],[69.14934,41.31538],[69.14954,41.31547],[69.14974,41.31566],[69.14977,41.31586],[69.14983,41.31614],[69.15011,41.31643],[69.15035,41.31693],[69.15064,41.31737],[69.15532,41.31736],[69.15531,41.31286]]]}},{"type":"Feature","properties":{"population":3924.151,"density_per_km2":15696.6,"area_km2":0.25},"geometry":{"type":"Polygon","coordinates":[[[69.15532,41.31736],[69.1613,41.31736],[69.16129,41.31285],[69.15531,41.31286],[69.15532,41.31736]]]}},{"type":"Feature","properties":{"population":2796.825,"density_per_km2":11187.3,"area_km2":0.25},"geometry":{"type":"Polygon","coordinates":[[[69.1613,41.31736],[69.16727,41.31735],[69.16726,41.31284],[69.16129,41.31285],[69.1613,41.31736]]]}},{"type":"Feature","properties":{"population":2541.554,"density_per_km2":10166.22,"area_km2":0.25},"geometry":{"type":"Polygon","coordinates":[[[69.16727,41.31735],[69.17324,41.31734],[69.17323,41.31283],[69.16726,41.31284],[69.16727,41.31735]]]}},{"type":"Feature","properties":{"population":2492.746,"density_per_km2":9970.98,"area_km2":0.25},"geometry":{"type":"Polygon","coordinates":[[[69.17324,41.31734],[69.17922,41.31733],[69.17921,41.31282],[69.17323,41.31283],[69.17324,41.31734]]]}},{"type":"Feature","properties":{"population":2811.022,"density_per_km2":11244.09,"area_km2":0.25},"geometry":{"type":"Polygon","coordinates":[[[69.17922,41.31733],[69.18519,41.31732],[69.18518,41.31282],[69.17921,41.31282],[69.17922,41.31733]]]}},{"type":"Feature","properties":{"population":2821.289,"density_per_km2":11285.16,"area_km2":0.25},"geometry":{"type":"Polygon","coordinates":[[[69.18519,41.31732],[69.19117,41.31731],[69.19115,41.31281],[69.18518,41.31282],[69.18519,41.31732]]]}},{"type":"Feature","properties":{"population":4319.43,"density_per_km2":17277.72,"area_km2":0.25},"geometry":{"type":"Polygon","coordinates":[[[69.19117,41.31731],[69.19714,41.3173],[69.19713,41.3128],[69.19115,41.31281],[69.19117,41.31731]]]}},{"type":"Feature","properties":{"population":3773.481,"density_per_km2":15093.92,"area_km2":0.25},"geometry":{"type":"Polygon","coordinates":[[[69.19714,41.3173],[69.20311,41.31729],[69.2031,41.31278],[69.19713,41.3128],[69.19714,41.3173]]]}},{"type":"Feature","properties":{"population":3796.899,"density_per_km2":15187.59,"area_km2":0.25},"geometry":{"type":"Polygon","coordinates":[[[69.20311,41.31729],[69.20909,41.31728],[69.20907,41.31277],[69.2031,41.31278],[69.20311,41.31729]]]}},{"type":"Feature","properties":{"population":3761.375,"density_per_km2":15045.5,"area_km2":0.25},"geometry":{"type":"Polygon","coordinates":[[[69.20909,41.31728],[69.21506,41.31727],[69.21505,41.31276],[69.20907,41.31277],[69.20909,41.31728]]]}},{"type":"Feature","properties":{"population":3719.959,"density_per_km2":14879.84,"area_km2":0.25},"geometry":{"type":"Polygon","coordinates":[[[69.21506,41.31727],[69.22104,41.31726],[69.22102,41.31275],[69.21505,41.31276],[69.21506,41.31727]]]}},{"type":"Feature","properties":{"population":4026.812,"density_per_km2":16107.25,"area_km2":0.25},"geometry":{"type":"Polygon","coordinates":[[[69.22104,41.31726],[69.22701,41.31724],[69.22699,41.31274],[69.22102,41.31275],[69.22104,41.31726]]]}},{"type":"Feature","properties":{"population":4948.352,"density_per_km2":19793.41,"area_km2":0.25},"geometry":{"type":"Polygon","coordinates":[[[69.22701,41.31724],[69.23298,41.31723],[69.23297,41.31273],[69.22699,41.31274],[69.22701,41.31724]]]}},{"type":"Feature","properties":{"population":4342.591,"density_per_km2":17370.37,"area_km2":0.25},"geometry":{"type":"Polygon","coordinates":[[[69.23298,41.31723],[69.23896,41.31722],[69.23894,41.31272],[69.23297,41.31273],[69.23298,41.31723]]]}},{"type":"Feature","properties":{"population":4349.455,"density_per_km2":17397.82,"area_km2":0.25},"geometry":{"type":"Polygon","coordinates":[[[69.23896,41.31722],[69.24493,41.31721],[69.24491,41.3127],[69.23894,41.31272],[69.23896,41.31722]]]}},{"type":"Feature","properties":{"population":3187.204,"density_per_km2":12748.81,"area_km2":0.25},"geometry":{"type":"Polygon","coordinates":[[[69.24493,41.31721],[69.2509,41.31719],[69.25089,41.31269],[69.24491,41.3127],[69.24493,41.31721]]]}},{"type":"Feature","properties":{"population":3678.382,"density_per_km2":14713.53,"area_km2":0.25},"geometry":{"type":"Polygon","coordinates":[[[69.2509,41.31719],[69.25688,41.31718],[69.25686,41.31268],[69.25089,41.31269],[69.2509,41.31719]]]}},{"type":"Feature","properties":{"population":2454.874,"density_per_km2":9819.5,"area_km2":0.25},"geometry":{"type":"Polygon","coordinates":[[[69.25688,41.31718],[69.26285,41.31717],[69.26283,41.31266],[69.25686,41.31268],[69.25688,41.31718]]]}},{"type":"Feature","properties":{"population":2561.805,"density_per_km2":10247.22,"area_km2":0.25},"geometry":{"type":"Polygon","coordinates":[[[69.26285,41.31717],[69.26883,41.31715],[69.26881,41.31265],[69.26283,41.31266],[69.26285,41.31717]]]}},{"type":"Feature","properties":{"population":2891.678,"density_per_km2":11566.71,"area_km2":0.25},"geometry":{"type":"Polygon","coordinates":[[[69.26883,41.31715],[69.2748,41.31714],[69.27478,41.31264],[69.26881,41.31265],[69.26883,41.31715]]]}},{"type":"Feature","properties":{"population":3175.081,"density_per_km2":12700.32,"area_km2":0.25},"geometry":{"type":"Polygon","coordinates":[[[69.2748,41.31714],[69.28077,41.31713],[69.28075,41.31262],[69.27478,41.31264],[69.2748,41.31714]]]}},{"type":"Feature","properties":{"population":3477.947,"density_per_km2":13911.79,"area_km2":0.25},"geometry":{"type":"Polygon","coordinates":[[[69.28077,41.31713],[69.28675,41.31711],[69.28673,41.31261],[69.28075,41.31262],[69.28077,41.31713]]]}},{"type":"Feature","properties":{"population":3451.964,"density_per_km2":13807.86,"area_km2":0.25},"geometry":{"type":"Polygon","coordinates":[[[69.28675,41.31711],[69.29272,41.3171],[69.2927,41.31259],[69.28673,41.31261],[69.28675,41.31711]]]}},{"type":"Feature","properties":{"population":2827.36,"density_per_km2":11309.44,"area_km2":0.25},"geometry":{"type":"Polygon","coordinates":[[[69.29272,41.3171],[69.2987,41.31708],[69.29868,41.31258],[69.2927,41.31259],[69.29272,41.3171]]]}},{"type":"Feature","properties":{"population":3098.47,"density_per_km2":12393.88,"area_km2":0.25},"geometry":{"type":"Polygon","coordinates":[[[69.2987,41.31708],[69.30467,41.31706],[69.30465,41.31256],[69.29868,41.31258],[69.2987,41.31708]]]}},{"type":"Feature","properties":{"population":2091.247,"density_per_km2":8364.99,"area_km2":0.25},"geometry":{"type":"Polygon","coordinates":[[[69.30467,41.31706],[69.31064,41.31705],[69.31062,41.31255],[69.30465,41.31256],[69.30467,41.31706]]]}},{"type":"Feature","properties":{"population":1839.455,"density_per_km2":7357.82,"area_km2":0.25},"geometry":{"type":"Polygon","coordinates":[[[69.31064,41.31705],[69.31662,41.31703],[69.3166,41.31253],[69.31062,41.31255],[69.31064,41.31705]]]}},{"type":"Feature","properties":{"population":2017.811,"density_per_km2":8071.24,"area_km2":0.25},"geometry":{"type":"Polygon","coordinates":[[[69.31662,41.31703],[69.32259,41.31702],[69.32257,41.31251],[69.3166,41.31253],[69.31662,41.31703]]]}},{"type":"Feature","properties":{"population":2006.418,"density_per_km2":8025.67,"area_km2":0.25},"geometry":{"type":"Polygon","coordinates":[[[69.32259,41.31702],[69.32856,41.317],[69.32854,41.3125],[69.32257,41.31251],[69.32259,41.31702]]]}},{"type":"Feature","properties":{"population":2481.143,"density_per_km2":9924.57,"area_km2":0.25},"geometry":{"type":"Polygon","coordinates":[[[69.32856,41.317],[69.33454,41.31698],[69.33452,41.31248],[69.32854,41.3125],[69.32856,41.317]]]}},{"type":"Feature","properties":{"population":2479.786,"density_per_km2":9919.14,"area_km2":0.25},"geometry":{"type":"Polygon","coordinates":[[[69.33454,41.31698],[69.34051,41.31696],[69.34049,41.31246],[69.33452,41.31248],[69.33454,41.31698]]]}},{"type":"Feature","properties":{"population":2032.643,"density_per_km2":8130.57,"area_km2":0.25},"geometry":{"type":"Polygon","coordinates":[[[69.34051,41.31696],[69.34649,41.31695],[69.34646,41.31244],[69.34049,41.31246],[69.34051,41.31696]]]}},{"type":"Feature","properties":{"population":2020.904,"density_per_km2":8083.61,"area_km2":0.25},"geometry":{"type":"Polygon","coordinates":[[[69.34649,41.31695],[69.35246,41.31693],[69.35244,41.31242],[69.34646,41.31244],[69.34649,41.31695]]]}},{"type":"Feature","properties":{"population":1766.847,"density_per_km2":7067.39,"area_km2":0.25},"geometry":{"type":"Polygon","coordinates":[[[69.35246,41.31693],[69.35843,41.31691],[69.35841,41.31241],[69.35244,41.31242],[69.35246,41.31693]]]}},{"type":"Feature","properties":{"population":1102.021,"density_per_km2":4408.09,"area_km2":0.25},"geometry":{"type":"Polygon","coordinates":[[[69.35843,41.31691],[69.36441,41.31689],[69.36438,41.31239],[69.35841,41.31241],[69.35843,41.31691]]]}},{"type":"Feature","properties":{"population":1320.696,"density_per_km2":5282.78,"area_km2":0.25},"geometry":{"type":"Polygon","coordinates":[[[69.36441,41.31689],[69.37038,41.31687],[69.37036,41.31237],[69.36438,41.31239],[69.36441,41.31689]]]}},{"type":"Feature","properties":{"population":784.246,"density_per_km2":3136.98,"area_km2":0.25},"geometry":{"type":"Polygon","coordinates":[[[69.37038,41.31687],[69.37636,41.31685],[69.37633,41.31235],[69.37036,41.31237],[69.37038,41.31687]]]}},{"type":"Feature","properties":{"population":66.903,"density_per_km2":267.61,"area_km2":0.25},"geometry":{"type":"Polygon","coordinates":[[[69.37636,41.31685],[69.38233,41.31683],[69.3823,41.31233],[69.37633,41.31235],[69.37636,41.31685]]]}},{"type":"Feature","properties":{"population":71.462,"density_per_km2":285.85,"area_km2":0.25},"geometry":{"type":"Polygon","coordinates":[[[69.38233,41.31683],[69.3883,41.31681],[69.38828,41.31231],[69.3823,41.31233],[69.38233,41.31683]]]}},{"type":"Feature","properties":{"population":11.388,"density_per_km2":45.55,"area_km2":0.25},"geometry":{"type":"Polygon","coordinates":[[[69.3883,41.31681],[69.39428,41.31679],[69.39425,41.31229],[69.38828,41.31231],[69.3883,41.31681]]]}},{"type":"Feature","properties":{"population":19.686,"density_per_km2":78.74,"area_km2":0.25},"geometry":{"type":"Polygon","coordinates":[[[69.39428,41.31679],[69.40025,41.31677],[69.40022,41.31227],[69.39425,41.31229],[69.39428,41.31679]]]}},{"type":"Feature","properties":{"population":42.531,"density_per_km2":170.12,"area_km2":0.25},"geometry":{"type":"Polygon","coordinates":[[[69.40025,41.31677],[69.40622,41.31675],[69.4062,41.31225],[69.40022,41.31227],[69.40025,41.31677]]]}},{"type":"Feature","properties":{"population":161.177,"density_per_km2":644.71,"area_km2":0.25},"geometry":{"type":"Polygon","coordinates":[[[69.40622,41.31675],[69.4122,41.31673],[69.41217,41.31223],[69.4062,41.31225],[69.40622,41.31675]]]}},{"type":"Feature","properties":{"population":55.075,"density_per_km2":220.3,"area_km2":0.25},"geometry":{"type":"Polygon","coordinates":[[[69.4122,41.31673],[69.41817,41.31671],[69.41814,41.3122],[69.41217,41.31223],[69.4122,41.31673]]]}},{"type":"Feature","properties":{"population":411.081,"density_per_km2":1644.33,"area_km2":0.25},"geometry":{"type":"Polygon","coordinates":[[[69.41817,41.31671],[69.42414,41.31669],[69.42412,41.31218],[69.41814,41.3122],[69.41817,41.31671]]]}},{"type":"Feature","properties":{"population":865.713,"density_per_km2":3462.85,"area_km2":0.25},"geometry":{"type":"Polygon","coordinates":[[[69.42414,41.31669],[69.43012,41.31666],[69.43009,41.31216],[69.42412,41.31218],[69.42414,41.31669]]]}},{"type":"Feature","properties":{"population":1256.505,"density_per_km2":5026.02,"area_km2":0.25},"geometry":{"type":"Polygon","coordinates":[[[69.43012,41.31666],[69.43609,41.31664],[69.43606,41.31214],[69.43009,41.31216],[69.43012,41.31666]]]}},{"type":"Feature","properties":{"population":365.335,"density_per_km2":2671.11,"area_km2":0.136773},"geometry":{"type":"Polygon","coordinates":[[[69.43609,41.31664],[69.44207,41.31662],[69.44206,41.31598],[69.4388,41.31422],[69.43639,41.31214],[69.43606,41.31214],[69.43609,41.31664]]]}},{"type":"Feature","properties":{"population":822.01,"density_per_km2":6409.23,"area_km2":0.128254},"geometry":{"type":"Polygon","coordinates":[[[69.15532,41.31736],[69.15064,41.31737],[69.15065,41.31738],[69.15114,41.31812],[69.15154,41.31868],[69.1518,41.31895],[69.1519,41.31926],[69.15191,41.31946],[69.15209,41.31975],[69.15228,41.31998],[69.15257,41.32036],[69.15274,41.32045],[69.15342,41.32099],[69.15348,41.32117],[69.15365,41.32127],[69.15374,41.32132],[69.15401,41.32145],[69.15429,41.32159],[69.15432,41.32187],[69.15533,41.32187],[69.15532,41.31736]]]}},{"type":"Feature","properties":{"population":2934.526,"density_per_km2":11738.1,"area_km2":0.25},"geometry":{"type":"Polygon","coordinates":[[[69.15533,41.32187],[69.16131,41.32186],[69.1613,41.31736],[69.15532,41.31736],[69.15533,41.32187]]]}},{"type":"Feature","properties":{"population":2446.354,"density_per_km2":9785.42,"area_km2":0.25},"geometry":{"type":"Polygon","coordinates":[[[69.16131,41.32186],[69.16728,41.32185],[69.16727,41.31735],[69.1613,41.31736],[69.16131,41.32186]]]}},{"type":"Feature","properties":{"population":2298.085,"density_per_km2":9192.34,"area_km2":0.25},"geometry":{"type":"Polygon","coordinates":[[[69.16728,41.32185],[69.17326,41.32184],[69.17324,41.31734],[69.16727,41.31735],[69.16728,41.32185]]]}},{"type":"Feature","properties":{"population":2151.778,"density_per_km2":8607.11,"area_km2":0.25},"geometry":{"type":"Polygon","coordinates":[[[69.17326,41.32184],[69.17923,41.32183],[69.17922,41.31733],[69.17324,41.31734],[69.17326,41.32184]]]}},{"type":"Feature","properties":{"population":2312.852,"density_per_km2":9251.41,"area_km2":0.25},"geometry":{"type":"Polygon","coordinates":[[[69.17923,41.32183],[69.1852,41.32182],[69.18519,41.31732],[69.17922,41.31733],[69.17923,41.32183]]]}},{"type":"Feature","properties":{"population":2633.952,"density_per_km2":10535.81,"area_km2":0.25},"geometry":{"type":"Polygon","coordinates":[[[69.1852,41.32182],[69.19118,41.32181],[69.19117,41.31731],[69.18519,41.31732],[69.1852,41.32182]]]}},{"type":"Feature","properties":{"population":4017.616,"density_per_km2":16070.46,"area_km2":0.25},"geometry":{"type":"Polygon","coordinates":[[[69.19118,41.32181],[69.19715,41.3218],[69.19714,41.3173],[69.19117,41.31731],[69.19118,41.32181]]]}},{"type":"Feature","properties":{"population":3546.746,"density_per_km2":14186.98,"area_km2":0.25},"geometry":{"type":"Polygon","coordinates":[[[69.19715,41.3218],[69.20313,41.32179],[69.20311,41.31729],[69.19714,41.3173],[69.19715,41.3218]]]}},{"type":"Feature","properties":{"population":3311.46,"density_per_km2":13245.84,"area_km2":0.25},"geometry":{"type":"Polygon","coordinates":[[[69.20313,41.32179],[69.2091,41.32178],[69.20909,41.31728],[69.20311,41.31729],[69.20313,41.32179]]]}},{"type":"Feature","properties":{"population":3472.32,"density_per_km2":13889.28,"area_km2":0.25},"geometry":{"type":"Polygon","coordinates":[[[69.2091,41.32178],[69.21508,41.32177],[69.21506,41.31727],[69.20909,41.31728],[69.2091,41.32178]]]}},{"type":"Feature","properties":{"population":3094.87,"density_per_km2":12379.48,"area_km2":0.25},"geometry":{"type":"Polygon","coordinates":[[[69.21508,41.32177],[69.22105,41.32176],[69.22104,41.31726],[69.21506,41.31727],[69.21508,41.32177]]]}},{"type":"Feature","properties":{"population":3560.561,"density_per_km2":14242.24,"area_km2":0.25},"geometry":{"type":"Polygon","coordinates":[[[69.22105,41.32176],[69.22702,41.32175],[69.22701,41.31724],[69.22104,41.31726],[69.22105,41.32176]]]}},{"type":"Feature","properties":{"population":4036.198,"density_per_km2":16144.79,"area_km2":0.25},"geometry":{"type":"Polygon","coordinates":[[[69.22702,41.32175],[69.233,41.32174],[69.23298,41.31723],[69.22701,41.31724],[69.22702,41.32175]]]}},{"type":"Feature","properties":{"population":3522.581,"density_per_km2":14090.32,"area_km2":0.25},"geometry":{"type":"Polygon","coordinates":[[[69.233,41.32174],[69.23897,41.32172],[69.23896,41.31722],[69.23298,41.31723],[69.233,41.32174]]]}},{"type":"Feature","properties":{"population":3496.804,"density_per_km2":13987.22,"area_km2":0.25},"geometry":{"type":"Polygon","coordinates":[[[69.23897,41.32172],[69.24495,41.32171],[69.24493,41.31721],[69.23896,41.31722],[69.23897,41.32172]]]}},{"type":"Feature","properties":{"population":3004.817,"density_per_km2":12019.27,"area_km2":0.25},"geometry":{"type":"Polygon","coordinates":[[[69.24495,41.32171],[69.25092,41.3217],[69.2509,41.31719],[69.24493,41.31721],[69.24495,41.32171]]]}},{"type":"Feature","properties":{"population":3058.72,"density_per_km2":12234.88,"area_km2":0.25},"geometry":{"type":"Polygon","coordinates":[[[69.25092,41.3217],[69.2569,41.32169],[69.25688,41.31718],[69.2509,41.31719],[69.25092,41.3217]]]}},{"type":"Feature","properties":{"population":3557.143,"density_per_km2":14228.57,"area_km2":0.25},"geometry":{"type":"Polygon","coordinates":[[[69.2569,41.32169],[69.26287,41.32167],[69.26285,41.31717],[69.25688,41.31718],[69.2569,41.32169]]]}},{"type":"Feature","properties":{"population":3283.141,"density_per_km2":13132.56,"area_km2":0.25},"geometry":{"type":"Polygon","coordinates":[[[69.26287,41.32167],[69.26884,41.32166],[69.26883,41.31715],[69.26285,41.31717],[69.26287,41.32167]]]}},{"type":"Feature","properties":{"population":2111.206,"density_per_km2":8444.82,"area_km2":0.25},"geometry":{"type":"Polygon","coordinates":[[[69.26884,41.32166],[69.27482,41.32164],[69.2748,41.31714],[69.26883,41.31715],[69.26884,41.32166]]]}},{"type":"Feature","properties":{"population":2835.992,"density_per_km2":11343.97,"area_km2":0.25},"geometry":{"type":"Polygon","coordinates":[[[69.27482,41.32164],[69.28079,41.32163],[69.28077,41.31713],[69.2748,41.31714],[69.27482,41.32164]]]}},{"type":"Feature","properties":{"population":2063.973,"density_per_km2":8255.89,"area_km2":0.25},"geometry":{"type":"Polygon","coordinates":[[[69.28079,41.32163],[69.28677,41.32161],[69.28675,41.31711],[69.28077,41.31713],[69.28079,41.32163]]]}},{"type":"Feature","properties":{"population":2776.435,"density_per_km2":11105.74,"area_km2":0.25},"geometry":{"type":"Polygon","coordinates":[[[69.28677,41.32161],[69.29274,41.3216],[69.29272,41.3171],[69.28675,41.31711],[69.28677,41.32161]]]}},{"type":"Feature","properties":{"population":3048.282,"density_per_km2":12193.13,"area_km2":0.25},"geometry":{"type":"Polygon","coordinates":[[[69.29274,41.3216],[69.29872,41.32158],[69.2987,41.31708],[69.29272,41.3171],[69.29274,41.3216]]]}},{"type":"Feature","properties":{"population":4160.487,"density_per_km2":16641.95,"area_km2":0.25},"geometry":{"type":"Polygon","coordinates":[[[69.29872,41.32158],[69.30469,41.32157],[69.30467,41.31706],[69.2987,41.31708],[69.29872,41.32158]]]}},{"type":"Feature","properties":{"population":2897.597,"density_per_km2":11590.39,"area_km2":0.25},"geometry":{"type":"Polygon","coordinates":[[[69.30469,41.32157],[69.31066,41.32155],[69.31064,41.31705],[69.30467,41.31706],[69.30469,41.32157]]]}},{"type":"Feature","properties":{"population":2843.434,"density_per_km2":11373.74,"area_km2":0.25},"geometry":{"type":"Polygon","coordinates":[[[69.31066,41.32155],[69.31664,41.32154],[69.31662,41.31703],[69.31064,41.31705],[69.31066,41.32155]]]}},{"type":"Feature","properties":{"population":3243.367,"density_per_km2":12973.47,"area_km2":0.25},"geometry":{"type":"Polygon","coordinates":[[[69.31664,41.32154],[69.32261,41.32152],[69.32259,41.31702],[69.31662,41.31703],[69.31664,41.32154]]]}},{"type":"Feature","properties":{"population":2883.532,"density_per_km2":11534.13,"area_km2":0.25},"geometry":{"type":"Polygon","coordinates":[[[69.32261,41.32152],[69.32859,41.3215],[69.32856,41.317],[69.32259,41.31702],[69.32261,41.32152]]]}},{"type":"Feature","properties":{"population":2471.471,"density_per_km2":9885.88,"area_km2":0.25},"geometry":{"type":"Polygon","coordinates":[[[69.32859,41.3215],[69.33456,41.32149],[69.33454,41.31698],[69.32856,41.317],[69.32859,41.3215]]]}},{"type":"Feature","properties":{"population":3105.878,"density_per_km2":12423.51,"area_km2":0.25},"geometry":{"type":"Polygon","coordinates":[[[69.33456,41.32149],[69.34054,41.32147],[69.34051,41.31696],[69.33454,41.31698],[69.33456,41.32149]]]}},{"type":"Feature","properties":{"population":2822.05,"density_per_km2":11288.2,"area_km2":0.25},"geometry":{"type":"Polygon","coordinates":[[[69.34054,41.32147],[69.34651,41.32145],[69.34649,41.31695],[69.34051,41.31696],[69.34054,41.32147]]]}},{"type":"Feature","properties":{"population":2682.59,"density_per_km2":10730.36,"area_km2":0.25},"geometry":{"type":"Polygon","coordinates":[[[69.34651,41.32145],[69.35248,41.32143],[69.35246,41.31693],[69.34649,41.31695],[69.34651,41.32145]]]}},{"type":"Feature","properties":{"population":2806.74,"density_per_km2":11226.96,"area_km2":0.25},"geometry":{"type":"Polygon","coordinates":[[[69.35248,41.32143],[69.35846,41.32141],[69.35843,41.31691],[69.35246,41.31693],[69.35248,41.32143]]]}},{"type":"Feature","properties":{"population":2184.884,"density_per_km2":8739.54,"area_km2":0.25},"geometry":{"type":"Polygon","coordinates":[[[69.35846,41.32141],[69.36443,41.32139],[69.36441,41.31689],[69.35843,41.31691],[69.35846,41.32141]]]}},{"type":"Feature","properties":{"population":1692.917,"density_per_km2":6771.67,"area_km2":0.25},"geometry":{"type":"Polygon","coordinates":[[[69.36443,41.32139],[69.37041,41.32138],[69.37038,41.31687],[69.36441,41.31689],[69.36443,41.32139]]]}},{"type":"Feature","properties":{"population":1634.732,"density_per_km2":6538.93,"area_km2":0.25},"geometry":{"type":"Polygon","coordinates":[[[69.37041,41.32138],[69.37638,41.32136],[69.37636,41.31685],[69.37038,41.31687],[69.37041,41.32138]]]}},{"type":"Feature","properties":{"population":326.962,"density_per_km2":1307.85,"area_km2":0.25},"geometry":{"type":"Polygon","coordinates":[[[69.37638,41.32136],[69.38236,41.32134],[69.38233,41.31683],[69.37636,41.31685],[69.37638,41.32136]]]}},{"type":"Feature","properties":{"population":326.23,"density_per_km2":1304.92,"area_km2":0.25},"geometry":{"type":"Polygon","coordinates":[[[69.38236,41.32134],[69.38833,41.32132],[69.3883,41.31681],[69.38233,41.31683],[69.38236,41.32134]]]}},{"type":"Feature","properties":{"population":291.379,"density_per_km2":1165.52,"area_km2":0.25},"geometry":{"type":"Polygon","coordinates":[[[69.38833,41.32132],[69.3943,41.3213],[69.39428,41.31679],[69.3883,41.31681],[69.38833,41.32132]]]}},{"type":"Feature","properties":{"population":584.472,"density_per_km2":2337.89,"area_km2":0.25},"geometry":{"type":"Polygon","coordinates":[[[69.3943,41.3213],[69.40028,41.32128],[69.40025,41.31677],[69.39428,41.31679],[69.3943,41.3213]]]}},{"type":"Feature","properties":{"population":57.002,"density_per_km2":228.01,"area_km2":0.25},"geometry":{"type":"Polygon","coordinates":[[[69.40028,41.32128],[69.40625,41.32125],[69.40622,41.31675],[69.40025,41.31677],[69.40028,41.32128]]]}},{"type":"Feature","properties":{"population":0.588,"density_per_km2":2.35,"area_km2":0.25},"geometry":{"type":"Polygon","coordinates":[[[69.40625,41.32125],[69.41223,41.32123],[69.4122,41.31673],[69.40622,41.31675],[69.40625,41.32125]]]}},{"type":"Feature","properties":{"population":10.052,"density_per_km2":40.21,"area_km2":0.25},"geometry":{"type":"Polygon","coordinates":[[[69.41223,41.32123],[69.4182,41.32121],[69.41817,41.31671],[69.4122,41.31673],[69.41223,41.32123]]]}},{"type":"Feature","properties":{"population":77.166,"density_per_km2":308.67,"area_km2":0.25},"geometry":{"type":"Polygon","coordinates":[[[69.4182,41.32121],[69.42417,41.32119],[69.42414,41.31669],[69.41817,41.31671],[69.4182,41.32121]]]}},{"type":"Feature","properties":{"population":43.075,"density_per_km2":172.3,"area_km2":0.25},"geometry":{"type":"Polygon","coordinates":[[[69.42417,41.32119],[69.43015,41.32117],[69.43012,41.31666],[69.42414,41.31669],[69.42417,41.32119]]]}},{"type":"Feature","properties":{"population":471.754,"density_per_km2":1887.01,"area_km2":0.25},"geometry":{"type":"Polygon","coordinates":[[[69.43015,41.32117],[69.43612,41.32115],[69.43609,41.31664],[69.43012,41.31666],[69.43015,41.32117]]]}},{"type":"Feature","properties":{"population":1258.47,"density_per_km2":5033.88,"area_km2":0.25},"geometry":{"type":"Polygon","coordinates":[[[69.43612,41.32115],[69.4421,41.32112],[69.44207,41.31662],[69.43609,41.31664],[69.43612,41.32115]]]}},{"type":"Feature","properties":{"population":343.049,"density_per_km2":1781.12,"area_km2":0.192604},"geometry":{"type":"Polygon","coordinates":[[[69.4421,41.32112],[69.44807,41.3211],[69.44806,41.31912],[69.44577,41.31798],[69.44324,41.31661],[69.44207,41.31662],[69.4421,41.32112]]]}},{"type":"Feature","properties":{"population":7.642,"density_per_km2":415.67,"area_km2":0.018384},"geometry":{"type":"Polygon","coordinates":[[[69.4501,41.32109],[69.44963,41.32082],[69.44841,41.3193],[69.44806,41.31912],[69.44807,41.3211],[69.4501,41.32109]]]}},{"type":"Feature","properties":{"population":382.854,"density_per_km2":7322.02,"area_km2":0.052288},"geometry":{"type":"Polygon","coordinates":[[[69.15533,41.32187],[69.15432,41.32187],[69.15432,41.32193],[69.15445,41.32221],[69.15456,41.32231],[69.1546,41.32235],[69.15461,41.32242],[69.15451,41.32264],[69.15435,41.32283],[69.15381,41.32316],[69.1536,41.32338],[69.15365,41.32372],[69.1539,41.32404],[69.15392,41.32412],[69.15392,41.32423],[69.15402,41.32446],[69.15401,41.32455],[69.15397,41.32466],[69.15374,41.32491],[69.15354,41.32519],[69.15356,41.32528],[69.15362,41.32531],[69.15386,41.32539],[69.15404,41.32544],[69.15409,41.32553],[69.15418,41.32562],[69.15438,41.32576],[69.15446,41.32584],[69.15466,41.32591],[69.15474,41.326],[69.15462,41.32621],[69.15451,41.32631],[69.1545,41.32637],[69.15534,41.32637],[69.15533,41.32187]]]}},{"type":"Feature","properties":{"population":2797.24,"density_per_km2":11188.96,"area_km2":0.25},"geometry":{"type":"Polygon","coordinates":[[[69.15534,41.32637],[69.16132,41.32636],[69.16131,41.32186],[69.15533,41.32187],[69.15534,41.32637]]]}},{"type":"Feature","properties":{"population":3105.774,"density_per_km2":12423.1,"area_km2":0.25},"geometry":{"type":"Polygon","coordinates":[[[69.16132,41.32636],[69.16729,41.32635],[69.16728,41.32185],[69.16131,41.32186],[69.16132,41.32636]]]}},{"type":"Feature","properties":{"population":2664.889,"density_per_km2":10659.55,"area_km2":0.25},"geometry":{"type":"Polygon","coordinates":[[[69.16729,41.32635],[69.17327,41.32635],[69.17326,41.32184],[69.16728,41.32185],[69.16729,41.32635]]]}},{"type":"Feature","properties":{"population":2837.921,"density_per_km2":11351.68,"area_km2":0.25},"geometry":{"type":"Polygon","coordinates":[[[69.17327,41.32635],[69.17924,41.32634],[69.17923,41.32183],[69.17326,41.32184],[69.17327,41.32635]]]}},{"type":"Feature","properties":{"population":2925.079,"density_per_km2":11700.31,"area_km2":0.25},"geometry":{"type":"Polygon","coordinates":[[[69.17924,41.32634],[69.18522,41.32633],[69.1852,41.32182],[69.17923,41.32183],[69.17924,41.32634]]]}},{"type":"Feature","properties":{"population":3201.615,"density_per_km2":12806.46,"area_km2":0.25},"geometry":{"type":"Polygon","coordinates":[[[69.18522,41.32633],[69.19119,41.32632],[69.19118,41.32181],[69.1852,41.32182],[69.18522,41.32633]]]}},{"type":"Feature","properties":{"population":3681.859,"density_per_km2":14727.44,"area_km2":0.25},"geometry":{"type":"Polygon","coordinates":[[[69.19119,41.32632],[69.19717,41.32631],[69.19715,41.3218],[69.19118,41.32181],[69.19119,41.32632]]]}},{"type":"Feature","properties":{"population":3463.498,"density_per_km2":13853.99,"area_km2":0.25},"geometry":{"type":"Polygon","coordinates":[[[69.19717,41.32631],[69.20314,41.3263],[69.20313,41.32179],[69.19715,41.3218],[69.19717,41.32631]]]}},{"type":"Feature","properties":{"population":3792.008,"density_per_km2":15168.03,"area_km2":0.25},"geometry":{"type":"Polygon","coordinates":[[[69.20314,41.3263],[69.20912,41.32629],[69.2091,41.32178],[69.20313,41.32179],[69.20314,41.3263]]]}},{"type":"Feature","properties":{"population":3653.164,"density_per_km2":14612.66,"area_km2":0.25},"geometry":{"type":"Polygon","coordinates":[[[69.20912,41.32629],[69.21509,41.32627],[69.21508,41.32177],[69.2091,41.32178],[69.20912,41.32629]]]}},{"type":"Feature","properties":{"population":3708.081,"density_per_km2":14832.32,"area_km2":0.25},"geometry":{"type":"Polygon","coordinates":[[[69.21509,41.32627],[69.22107,41.32626],[69.22105,41.32176],[69.21508,41.32177],[69.21509,41.32627]]]}},{"type":"Feature","properties":{"population":4056.77,"density_per_km2":16227.08,"area_km2":0.25},"geometry":{"type":"Polygon","coordinates":[[[69.22107,41.32626],[69.22704,41.32625],[69.22702,41.32175],[69.22105,41.32176],[69.22107,41.32626]]]}},{"type":"Feature","properties":{"population":3984.43,"density_per_km2":15937.72,"area_km2":0.25},"geometry":{"type":"Polygon","coordinates":[[[69.22704,41.32625],[69.23302,41.32624],[69.233,41.32174],[69.22702,41.32175],[69.22704,41.32625]]]}},{"type":"Feature","properties":{"population":2677.883,"density_per_km2":10711.53,"area_km2":0.25},"geometry":{"type":"Polygon","coordinates":[[[69.23302,41.32624],[69.23899,41.32623],[69.23897,41.32172],[69.233,41.32174],[69.23302,41.32624]]]}},{"type":"Feature","properties":{"population":3504.707,"density_per_km2":14018.83,"area_km2":0.25},"geometry":{"type":"Polygon","coordinates":[[[69.23899,41.32623],[69.24496,41.32622],[69.24495,41.32171],[69.23897,41.32172],[69.23899,41.32623]]]}},{"type":"Feature","properties":{"population":3667.225,"density_per_km2":14668.9,"area_km2":0.25},"geometry":{"type":"Polygon","coordinates":[[[69.24496,41.32622],[69.25094,41.3262],[69.25092,41.3217],[69.24495,41.32171],[69.24496,41.32622]]]}},{"type":"Feature","properties":{"population":3607.282,"density_per_km2":14429.13,"area_km2":0.25},"geometry":{"type":"Polygon","coordinates":[[[69.25094,41.3262],[69.25691,41.32619],[69.2569,41.32169],[69.25092,41.3217],[69.25094,41.3262]]]}},{"type":"Feature","properties":{"population":3269.663,"density_per_km2":13078.65,"area_km2":0.25},"geometry":{"type":"Polygon","coordinates":[[[69.25691,41.32619],[69.26289,41.32618],[69.26287,41.32167],[69.2569,41.32169],[69.25691,41.32619]]]}},{"type":"Feature","properties":{"population":3486.442,"density_per_km2":13945.77,"area_km2":0.25},"geometry":{"type":"Polygon","coordinates":[[[69.26289,41.32618],[69.26886,41.32616],[69.26884,41.32166],[69.26287,41.32167],[69.26289,41.32618]]]}},{"type":"Feature","properties":{"population":1974.592,"density_per_km2":7898.37,"area_km2":0.25},"geometry":{"type":"Polygon","coordinates":[[[69.26886,41.32616],[69.27484,41.32615],[69.27482,41.32164],[69.26884,41.32166],[69.26886,41.32616]]]}},{"type":"Feature","properties":{"population":2742.802,"density_per_km2":10971.21,"area_km2":0.25},"geometry":{"type":"Polygon","coordinates":[[[69.27484,41.32615],[69.28081,41.32613],[69.28079,41.32163],[69.27482,41.32164],[69.27484,41.32615]]]}},{"type":"Feature","properties":{"population":2609.569,"density_per_km2":10438.28,"area_km2":0.25},"geometry":{"type":"Polygon","coordinates":[[[69.28081,41.32613],[69.28679,41.32612],[69.28677,41.32161],[69.28079,41.32163],[69.28081,41.32613]]]}},{"type":"Feature","properties":{"population":2647.742,"density_per_km2":10590.97,"area_km2":0.25},"geometry":{"type":"Polygon","coordinates":[[[69.28679,41.32612],[69.29276,41.3261],[69.29274,41.3216],[69.28677,41.32161],[69.28679,41.32612]]]}},{"type":"Feature","properties":{"population":2425.345,"density_per_km2":9701.38,"area_km2":0.25},"geometry":{"type":"Polygon","coordinates":[[[69.29276,41.3261],[69.29874,41.32609],[69.29872,41.32158],[69.29274,41.3216],[69.29276,41.3261]]]}},{"type":"Feature","properties":{"population":3506.577,"density_per_km2":14026.31,"area_km2":0.25},"geometry":{"type":"Polygon","coordinates":[[[69.29874,41.32609],[69.30471,41.32607],[69.30469,41.32157],[69.29872,41.32158],[69.29874,41.32609]]]}},{"type":"Feature","properties":{"population":2809.071,"density_per_km2":11236.28,"area_km2":0.25},"geometry":{"type":"Polygon","coordinates":[[[69.30471,41.32607],[69.31069,41.32606],[69.31066,41.32155],[69.30469,41.32157],[69.30471,41.32607]]]}},{"type":"Feature","properties":{"population":2532.284,"density_per_km2":10129.14,"area_km2":0.25},"geometry":{"type":"Polygon","coordinates":[[[69.31069,41.32606],[69.31666,41.32604],[69.31664,41.32154],[69.31066,41.32155],[69.31069,41.32606]]]}},{"type":"Feature","properties":{"population":2517.127,"density_per_km2":10068.51,"area_km2":0.25},"geometry":{"type":"Polygon","coordinates":[[[69.31666,41.32604],[69.32264,41.32602],[69.32261,41.32152],[69.31664,41.32154],[69.31666,41.32604]]]}},{"type":"Feature","properties":{"population":2420.118,"density_per_km2":9680.47,"area_km2":0.25},"geometry":{"type":"Polygon","coordinates":[[[69.32264,41.32602],[69.32861,41.32601],[69.32859,41.3215],[69.32261,41.32152],[69.32264,41.32602]]]}},{"type":"Feature","properties":{"population":2367.891,"density_per_km2":9471.57,"area_km2":0.25},"geometry":{"type":"Polygon","coordinates":[[[69.32861,41.32601],[69.33458,41.32599],[69.33456,41.32149],[69.32859,41.3215],[69.32861,41.32601]]]}},{"type":"Feature","properties":{"population":2879.848,"density_per_km2":11519.39,"area_km2":0.25},"geometry":{"type":"Polygon","coordinates":[[[69.33458,41.32599],[69.34056,41.32597],[69.34054,41.32147],[69.33456,41.32149],[69.33458,41.32599]]]}},{"type":"Feature","properties":{"population":2566.764,"density_per_km2":10267.06,"area_km2":0.25},"geometry":{"type":"Polygon","coordinates":[[[69.34056,41.32597],[69.34653,41.32595],[69.34651,41.32145],[69.34054,41.32147],[69.34056,41.32597]]]}},{"type":"Feature","properties":{"population":2540.847,"density_per_km2":10163.39,"area_km2":0.25},"geometry":{"type":"Polygon","coordinates":[[[69.34653,41.32595],[69.35251,41.32594],[69.35248,41.32143],[69.34651,41.32145],[69.34653,41.32595]]]}},{"type":"Feature","properties":{"population":2436.725,"density_per_km2":9746.9,"area_km2":0.25},"geometry":{"type":"Polygon","coordinates":[[[69.35251,41.32594],[69.35848,41.32592],[69.35846,41.32141],[69.35248,41.32143],[69.35251,41.32594]]]}},{"type":"Feature","properties":{"population":2464.676,"density_per_km2":9858.7,"area_km2":0.25},"geometry":{"type":"Polygon","coordinates":[[[69.35848,41.32592],[69.36446,41.3259],[69.36443,41.32139],[69.35846,41.32141],[69.35848,41.32592]]]}},{"type":"Feature","properties":{"population":1868.154,"density_per_km2":7472.62,"area_km2":0.25},"geometry":{"type":"Polygon","coordinates":[[[69.36446,41.3259],[69.37043,41.32588],[69.37041,41.32138],[69.36443,41.32139],[69.36446,41.3259]]]}},{"type":"Feature","properties":{"population":1337.873,"density_per_km2":5351.49,"area_km2":0.25},"geometry":{"type":"Polygon","coordinates":[[[69.37043,41.32588],[69.37641,41.32586],[69.37638,41.32136],[69.37041,41.32138],[69.37043,41.32588]]]}},{"type":"Feature","properties":{"population":821.467,"density_per_km2":3285.87,"area_km2":0.25},"geometry":{"type":"Polygon","coordinates":[[[69.37641,41.32586],[69.38238,41.32584],[69.38236,41.32134],[69.37638,41.32136],[69.37641,41.32586]]]}},{"type":"Feature","properties":{"population":167.968,"density_per_km2":671.87,"area_km2":0.25},"geometry":{"type":"Polygon","coordinates":[[[69.38238,41.32584],[69.38836,41.32582],[69.38833,41.32132],[69.38236,41.32134],[69.38238,41.32584]]]}},{"type":"Feature","properties":{"population":859.169,"density_per_km2":3436.67,"area_km2":0.25},"geometry":{"type":"Polygon","coordinates":[[[69.38836,41.32582],[69.39433,41.3258],[69.3943,41.3213],[69.38833,41.32132],[69.38836,41.32582]]]}},{"type":"Feature","properties":{"population":958.466,"density_per_km2":3833.86,"area_km2":0.25},"geometry":{"type":"Polygon","coordinates":[[[69.39433,41.3258],[69.40031,41.32578],[69.40028,41.32128],[69.3943,41.3213],[69.39433,41.3258]]]}},{"type":"Feature","properties":{"population":383.249,"density_per_km2":1533.0,"area_km2":0.25},"geometry":{"type":"Polygon","coordinates":[[[69.40031,41.32578],[69.40628,41.32576],[69.40625,41.32125],[69.40028,41.32128],[69.40031,41.32578]]]}},{"type":"Feature","properties":{"population":330.978,"density_per_km2":1323.91,"area_km2":0.25},"geometry":{"type":"Polygon","coordinates":[[[69.40628,41.32576],[69.41225,41.32574],[69.41223,41.32123],[69.40625,41.32125],[69.40628,41.32576]]]}},{"type":"Feature","properties":{"population":308.766,"density_per_km2":1235.06,"area_km2":0.25},"geometry":{"type":"Polygon","coordinates":[[[69.41225,41.32574],[69.41823,41.32572],[69.4182,41.32121],[69.41223,41.32123],[69.41225,41.32574]]]}},{"type":"Feature","properties":{"population":316.151,"density_per_km2":1264.6,"area_km2":0.25},"geometry":{"type":"Polygon","coordinates":[[[69.41823,41.32572],[69.4242,41.32569],[69.42417,41.32119],[69.4182,41.32121],[69.41823,41.32572]]]}},{"type":"Feature","properties":{"population":152.34,"density_per_km2":609.36,"area_km2":0.25},"geometry":{"type":"Polygon","coordinates":[[[69.4242,41.32569],[69.43018,41.32567],[69.43015,41.32117],[69.42417,41.32119],[69.4242,41.32569]]]}},{"type":"Feature","properties":{"population":36.167,"density_per_km2":144.67,"area_km2":0.25},"geometry":{"type":"Polygon","coordinates":[[[69.43018,41.32567],[69.43615,41.32565],[69.43612,41.32115],[69.43015,41.32117],[69.43018,41.32567]]]}},{"type":"Feature","properties":{"population":652.59,"density_per_km2":2610.36,"area_km2":0.25},"geometry":{"type":"Polygon","coordinates":[[[69.43615,41.32565],[69.44213,41.32563],[69.4421,41.32112],[69.43612,41.32115],[69.43615,41.32565]]]}},{"type":"Feature","properties":{"population":1153.202,"density_per_km2":4612.81,"area_km2":0.25},"geometry":{"type":"Polygon","coordinates":[[[69.44213,41.32563],[69.4481,41.3256],[69.44807,41.3211],[69.4421,41.32112],[69.44213,41.32563]]]}},{"type":"Feature","properties":{"population":298.286,"density_per_km2":1462.81,"area_km2":0.203913},"geometry":{"type":"Polygon","coordinates":[[[69.4481,41.3256],[69.45408,41.32558],[69.45406,41.32388],[69.45211,41.32222],[69.4501,41.32109],[69.44807,41.3211],[69.4481,41.3256]]]}},{"type":"Feature","properties":{"population":1221.492,"density_per_km2":11187.12,"area_km2":0.109187},"geometry":{"type":"Polygon","coordinates":[[[69.16132,41.32636],[69.15534,41.32637],[69.15535,41.32743],[69.15545,41.3274],[69.15565,41.32736],[69.15594,41.32726],[69.15617,41.32726],[69.15639,41.32725],[69.15664,41.32724],[69.15682,41.32731],[69.15705,41.32744],[69.15725,41.3277],[69.15736,41.32781],[69.15748,41.32792],[69.15766,41.32812],[69.15772,41.32818],[69.15784,41.32824],[69.15798,41.32824],[69.15813,41.32824],[69.15841,41.32825],[69.15861,41.32834],[69.15884,41.32847],[69.15924,41.32845],[69.15937,41.32853],[69.15986,41.3282],[69.15993,41.32837],[69.16083,41.33029],[69.16116,41.33087],[69.16133,41.33087],[69.16132,41.32636]]]}},{"type":"Feature","properties":{"population":2857.934,"density_per_km2":11431.73,"area_km2":0.25},"geometry":{"type":"Polygon","coordinates":[[[69.16133,41.33087],[69.1673,41.33086],[69.16729,41.32635],[69.16132,41.32636],[69.16133,41.33087]]]}},{"type":"Feature","properties":{"population":2722.166,"density_per_km2":10888.66,"area_km2":0.25},"geometry":{"type":"Polygon","coordinates":[[[69.1673,41.33086],[69.17328,41.33085],[69.17327,41.32635],[69.16729,41.32635],[69.1673,41.33086]]]}},{"type":"Feature","properties":{"population":2589.372,"density_per_km2":10357.49,"area_km2":0.25},"geometry":{"type":"Polygon","coordinates":[[[69.17328,41.33085],[69.17926,41.33084],[69.17924,41.32634],[69.17327,41.32635],[69.17328,41.33085]]]}},{"type":"Feature","properties":{"population":2762.362,"density_per_km2":11049.45,"area_km2":0.25},"geometry":{"type":"Polygon","coordinates":[[[69.17926,41.33084],[69.18523,41.33083],[69.18522,41.32633],[69.17924,41.32634],[69.17926,41.33084]]]}},{"type":"Feature","properties":{"population":3206.78,"density_per_km2":12827.12,"area_km2":0.25},"geometry":{"type":"Polygon","coordinates":[[[69.18523,41.33083],[69.19121,41.33082],[69.19119,41.32632],[69.18522,41.32633],[69.18523,41.33083]]]}},{"type":"Feature","properties":{"population":3490.269,"density_per_km2":13961.08,"area_km2":0.25},"geometry":{"type":"Polygon","coordinates":[[[69.19121,41.33082],[69.19718,41.33081],[69.19717,41.32631],[69.19119,41.32632],[69.19121,41.33082]]]}},{"type":"Feature","properties":{"population":3389.837,"density_per_km2":13559.35,"area_km2":0.25},"geometry":{"type":"Polygon","coordinates":[[[69.19718,41.33081],[69.20316,41.3308],[69.20314,41.3263],[69.19717,41.32631],[69.19718,41.33081]]]}},{"type":"Feature","properties":{"population":2858.22,"density_per_km2":11432.88,"area_km2":0.25},"geometry":{"type":"Polygon","coordinates":[[[69.20316,41.3308],[69.20913,41.33079],[69.20912,41.32629],[69.20314,41.3263],[69.20316,41.3308]]]}},{"type":"Feature","properties":{"population":2775.511,"density_per_km2":11102.04,"area_km2":0.25},"geometry":{"type":"Polygon","coordinates":[[[69.20913,41.33079],[69.21511,41.33078],[69.21509,41.32627],[69.20912,41.32629],[69.20913,41.33079]]]}},{"type":"Feature","properties":{"population":2976.78,"density_per_km2":11907.12,"area_km2":0.25},"geometry":{"type":"Polygon","coordinates":[[[69.21511,41.33078],[69.22108,41.33077],[69.22107,41.32626],[69.21509,41.32627],[69.21511,41.33078]]]}},{"type":"Feature","properties":{"population":2989.795,"density_per_km2":11959.18,"area_km2":0.25},"geometry":{"type":"Polygon","coordinates":[[[69.22108,41.33077],[69.22706,41.33076],[69.22704,41.32625],[69.22107,41.32626],[69.22108,41.33077]]]}},{"type":"Feature","properties":{"population":4308.481,"density_per_km2":17233.93,"area_km2":0.25},"geometry":{"type":"Polygon","coordinates":[[[69.22706,41.33076],[69.23303,41.33074],[69.23302,41.32624],[69.22704,41.32625],[69.22706,41.33076]]]}},{"type":"Feature","properties":{"population":3183.745,"density_per_km2":12734.98,"area_km2":0.25},"geometry":{"type":"Polygon","coordinates":[[[69.23303,41.33074],[69.23901,41.33073],[69.23899,41.32623],[69.23302,41.32624],[69.23303,41.33074]]]}},{"type":"Feature","properties":{"population":3482.393,"density_per_km2":13929.57,"area_km2":0.25},"geometry":{"type":"Polygon","coordinates":[[[69.23901,41.33073],[69.24498,41.33072],[69.24496,41.32622],[69.23899,41.32623],[69.23901,41.33073]]]}},{"type":"Feature","properties":{"population":3913.433,"density_per_km2":15653.73,"area_km2":0.25},"geometry":{"type":"Polygon","coordinates":[[[69.24498,41.33072],[69.25096,41.33071],[69.25094,41.3262],[69.24496,41.32622],[69.24498,41.33072]]]}},{"type":"Feature","properties":{"population":4461.198,"density_per_km2":17844.79,"area_km2":0.25},"geometry":{"type":"Polygon","coordinates":[[[69.25096,41.33071],[69.25693,41.33069],[69.25691,41.32619],[69.25094,41.3262],[69.25096,41.33071]]]}},{"type":"Feature","properties":{"population":4435.184,"density_per_km2":17740.74,"area_km2":0.25},"geometry":{"type":"Polygon","coordinates":[[[69.25693,41.33069],[69.26291,41.33068],[69.26289,41.32618],[69.25691,41.32619],[69.25693,41.33069]]]}},{"type":"Feature","properties":{"population":4846.812,"density_per_km2":19387.25,"area_km2":0.25},"geometry":{"type":"Polygon","coordinates":[[[69.26291,41.33068],[69.26888,41.33067],[69.26886,41.32616],[69.26289,41.32618],[69.26291,41.33068]]]}},{"type":"Feature","properties":{"population":2752.232,"density_per_km2":11008.93,"area_km2":0.25},"geometry":{"type":"Polygon","coordinates":[[[69.26888,41.33067],[69.27486,41.33065],[69.27484,41.32615],[69.26886,41.32616],[69.26888,41.33067]]]}},{"type":"Feature","properties":{"population":3488.977,"density_per_km2":13955.91,"area_km2":0.25},"geometry":{"type":"Polygon","coordinates":[[[69.27486,41.33065],[69.28083,41.33064],[69.28081,41.32613],[69.27484,41.32615],[69.27486,41.33065]]]}},{"type":"Feature","properties":{"population":3393.17,"density_per_km2":13572.68,"area_km2":0.25},"geometry":{"type":"Polygon","coordinates":[[[69.28083,41.33064],[69.28681,41.33062],[69.28679,41.32612],[69.28081,41.32613],[69.28083,41.33064]]]}},{"type":"Feature","properties":{"population":3004.126,"density_per_km2":12016.5,"area_km2":0.25},"geometry":{"type":"Polygon","coordinates":[[[69.28681,41.33062],[69.29278,41.33061],[69.29276,41.3261],[69.28679,41.32612],[69.28681,41.33062]]]}},{"type":"Feature","properties":{"population":2810.393,"density_per_km2":11241.57,"area_km2":0.25},"geometry":{"type":"Polygon","coordinates":[[[69.29278,41.33061],[69.29876,41.33059],[69.29874,41.32609],[69.29276,41.3261],[69.29278,41.33061]]]}},{"type":"Feature","properties":{"population":3795.498,"density_per_km2":15181.99,"area_km2":0.25},"geometry":{"type":"Polygon","coordinates":[[[69.29876,41.33059],[69.30473,41.33058],[69.30471,41.32607],[69.29874,41.32609],[69.29876,41.33059]]]}},{"type":"Feature","properties":{"population":3382.288,"density_per_km2":13529.15,"area_km2":0.25},"geometry":{"type":"Polygon","coordinates":[[[69.30473,41.33058],[69.31071,41.33056],[69.31069,41.32606],[69.30471,41.32607],[69.30473,41.33058]]]}},{"type":"Feature","properties":{"population":2764.353,"density_per_km2":11057.41,"area_km2":0.25},"geometry":{"type":"Polygon","coordinates":[[[69.31071,41.33056],[69.31668,41.33054],[69.31666,41.32604],[69.31069,41.32606],[69.31071,41.33056]]]}},{"type":"Feature","properties":{"population":2851.185,"density_per_km2":11404.74,"area_km2":0.25},"geometry":{"type":"Polygon","coordinates":[[[69.31668,41.33054],[69.32266,41.33053],[69.32264,41.32602],[69.31666,41.32604],[69.31668,41.33054]]]}},{"type":"Feature","properties":{"population":2919.694,"density_per_km2":11678.78,"area_km2":0.25},"geometry":{"type":"Polygon","coordinates":[[[69.32266,41.33053],[69.32863,41.33051],[69.32861,41.32601],[69.32264,41.32602],[69.32266,41.33053]]]}},{"type":"Feature","properties":{"population":3675.315,"density_per_km2":14701.26,"area_km2":0.25},"geometry":{"type":"Polygon","coordinates":[[[69.32863,41.33051],[69.33461,41.33049],[69.33458,41.32599],[69.32861,41.32601],[69.32863,41.33051]]]}},{"type":"Feature","properties":{"population":3372.754,"density_per_km2":13491.02,"area_km2":0.25},"geometry":{"type":"Polygon","coordinates":[[[69.33461,41.33049],[69.34058,41.33048],[69.34056,41.32597],[69.33458,41.32599],[69.33461,41.33049]]]}},{"type":"Feature","properties":{"population":3169.656,"density_per_km2":12678.63,"area_km2":0.25},"geometry":{"type":"Polygon","coordinates":[[[69.34058,41.33048],[69.34656,41.33046],[69.34653,41.32595],[69.34056,41.32597],[69.34058,41.33048]]]}},{"type":"Feature","properties":{"population":3271.146,"density_per_km2":13084.58,"area_km2":0.25},"geometry":{"type":"Polygon","coordinates":[[[69.34656,41.33046],[69.35253,41.33044],[69.35251,41.32594],[69.34653,41.32595],[69.34656,41.33046]]]}},{"type":"Feature","properties":{"population":3264.022,"density_per_km2":13056.09,"area_km2":0.25},"geometry":{"type":"Polygon","coordinates":[[[69.35253,41.33044],[69.35851,41.33042],[69.35848,41.32592],[69.35251,41.32594],[69.35253,41.33044]]]}},{"type":"Feature","properties":{"population":2823.526,"density_per_km2":11294.1,"area_km2":0.25},"geometry":{"type":"Polygon","coordinates":[[[69.35851,41.33042],[69.36448,41.3304],[69.36446,41.3259],[69.35848,41.32592],[69.35851,41.33042]]]}},{"type":"Feature","properties":{"population":2459.574,"density_per_km2":9838.3,"area_km2":0.25},"geometry":{"type":"Polygon","coordinates":[[[69.36448,41.3304],[69.37046,41.33038],[69.37043,41.32588],[69.36446,41.3259],[69.36448,41.3304]]]}},{"type":"Feature","properties":{"population":1607.101,"density_per_km2":6428.4,"area_km2":0.25},"geometry":{"type":"Polygon","coordinates":[[[69.37046,41.33038],[69.37643,41.33036],[69.37641,41.32586],[69.37043,41.32588],[69.37046,41.33038]]]}},{"type":"Feature","properties":{"population":1145.373,"density_per_km2":4581.49,"area_km2":0.25},"geometry":{"type":"Polygon","coordinates":[[[69.37643,41.33036],[69.38241,41.33034],[69.38238,41.32584],[69.37641,41.32586],[69.37643,41.33036]]]}},{"type":"Feature","properties":{"population":152.385,"density_per_km2":609.54,"area_km2":0.25},"geometry":{"type":"Polygon","coordinates":[[[69.38241,41.33034],[69.38838,41.33032],[69.38836,41.32582],[69.38238,41.32584],[69.38241,41.33034]]]}},{"type":"Feature","properties":{"population":428.735,"density_per_km2":1714.94,"area_km2":0.25},"geometry":{"type":"Polygon","coordinates":[[[69.38838,41.33032],[69.39436,41.3303],[69.39433,41.3258],[69.38836,41.32582],[69.38838,41.33032]]]}},{"type":"Feature","properties":{"population":1229.391,"density_per_km2":4917.56,"area_km2":0.25},"geometry":{"type":"Polygon","coordinates":[[[69.39436,41.3303],[69.40033,41.33028],[69.40031,41.32578],[69.39433,41.3258],[69.39436,41.3303]]]}},{"type":"Feature","properties":{"population":1186.164,"density_per_km2":4744.66,"area_km2":0.25},"geometry":{"type":"Polygon","coordinates":[[[69.40033,41.33028],[69.40631,41.33026],[69.40628,41.32576],[69.40031,41.32578],[69.40033,41.33028]]]}},{"type":"Feature","properties":{"population":1172.851,"density_per_km2":4691.4,"area_km2":0.25},"geometry":{"type":"Polygon","coordinates":[[[69.40631,41.33026],[69.41228,41.33024],[69.41225,41.32574],[69.40628,41.32576],[69.40631,41.33026]]]}},{"type":"Feature","properties":{"population":1085.841,"density_per_km2":4343.37,"area_km2":0.25},"geometry":{"type":"Polygon","coordinates":[[[69.41228,41.33024],[69.41826,41.33022],[69.41823,41.32572],[69.41225,41.32574],[69.41228,41.33024]]]}},{"type":"Feature","properties":{"population":862.265,"density_per_km2":3449.06,"area_km2":0.25},"geometry":{"type":"Polygon","coordinates":[[[69.41826,41.33022],[69.42423,41.3302],[69.4242,41.32569],[69.41823,41.32572],[69.41826,41.33022]]]}},{"type":"Feature","properties":{"population":672.727,"density_per_km2":2690.91,"area_km2":0.25},"geometry":{"type":"Polygon","coordinates":[[[69.42423,41.3302],[69.43021,41.33018],[69.43018,41.32567],[69.4242,41.32569],[69.42423,41.3302]]]}},{"type":"Feature","properties":{"population":69.661,"density_per_km2":278.64,"area_km2":0.25},"geometry":{"type":"Polygon","coordinates":[[[69.43021,41.33018],[69.43618,41.33015],[69.43615,41.32565],[69.43018,41.32567],[69.43021,41.33018]]]}},{"type":"Feature","properties":{"population":115.897,"density_per_km2":463.59,"area_km2":0.25},"geometry":{"type":"Polygon","coordinates":[[[69.43618,41.33015],[69.44216,41.33013],[69.44213,41.32563],[69.43615,41.32565],[69.43618,41.33015]]]}},{"type":"Feature","properties":{"population":734.776,"density_per_km2":2939.1,"area_km2":0.25},"geometry":{"type":"Polygon","coordinates":[[[69.44216,41.33013],[69.44813,41.33011],[69.4481,41.3256],[69.44213,41.32563],[69.44216,41.33013]]]}},{"type":"Feature","properties":{"population":1005.976,"density_per_km2":4023.9,"area_km2":0.25},"geometry":{"type":"Polygon","coordinates":[[[69.44813,41.33011],[69.45411,41.33008],[69.45408,41.32558],[69.4481,41.3256],[69.44813,41.33011]]]}},{"type":"Feature","properties":{"population":81.542,"density_per_km2":518.02,"area_km2":0.157411},"geometry":{"type":"Polygon","coordinates":[[[69.45411,41.33008],[69.46008,41.33006],[69.46008,41.32945],[69.45782,41.32828],[69.45639,41.32618],[69.45578,41.32557],[69.45408,41.32558],[69.45411,41.33008]]]}},{"type":"Feature","properties":{"population":3014.962,"density_per_km2":14896.4,"area_km2":0.202395},"geometry":{"type":"Polygon","coordinates":[[[69.1673,41.33086],[69.16133,41.33087],[69.16133,41.33117],[69.16151,41.33149],[69.16271,41.33333],[69.16355,41.33537],[69.16732,41.33536],[69.1673,41.33086]]]}},{"type":"Feature","properties":{"population":3264.439,"density_per_km2":13057.76,"area_km2":0.25},"geometry":{"type":"Polygon","coordinates":[[[69.16732,41.33536],[69.17329,41.33535],[69.17328,41.33085],[69.1673,41.33086],[69.16732,41.33536]]]}},{"type":"Feature","properties":{"population":2936.683,"density_per_km2":11746.73,"area_km2":0.25},"geometry":{"type":"Polygon","coordinates":[[[69.17329,41.33535],[69.17927,41.33534],[69.17926,41.33084],[69.17328,41.33085],[69.17329,41.33535]]]}},{"type":"Feature","properties":{"population":2896.812,"density_per_km2":11587.25,"area_km2":0.25},"geometry":{"type":"Polygon","coordinates":[[[69.17927,41.33534],[69.18524,41.33533],[69.18523,41.33083],[69.17926,41.33084],[69.17927,41.33534]]]}},{"type":"Feature","properties":{"population":2223.298,"density_per_km2":8893.19,"area_km2":0.25},"geometry":{"type":"Polygon","coordinates":[[[69.18524,41.33533],[69.19122,41.33532],[69.19121,41.33082],[69.18523,41.33083],[69.18524,41.33533]]]}},{"type":"Feature","properties":{"population":2648.79,"density_per_km2":10595.16,"area_km2":0.25},"geometry":{"type":"Polygon","coordinates":[[[69.19122,41.33532],[69.19719,41.33531],[69.19718,41.33081],[69.19121,41.33082],[69.19122,41.33532]]]}},{"type":"Feature","properties":{"population":2997.614,"density_per_km2":11990.46,"area_km2":0.25},"geometry":{"type":"Polygon","coordinates":[[[69.19719,41.33531],[69.20317,41.3353],[69.20316,41.3308],[69.19718,41.33081],[69.19719,41.33531]]]}},{"type":"Feature","properties":{"population":2711.846,"density_per_km2":10847.39,"area_km2":0.25},"geometry":{"type":"Polygon","coordinates":[[[69.20317,41.3353],[69.20915,41.33529],[69.20913,41.33079],[69.20316,41.3308],[69.20317,41.3353]]]}},{"type":"Feature","properties":{"population":2716.088,"density_per_km2":10864.35,"area_km2":0.25},"geometry":{"type":"Polygon","coordinates":[[[69.20915,41.33529],[69.21512,41.33528],[69.21511,41.33078],[69.20913,41.33079],[69.20915,41.33529]]]}},{"type":"Feature","properties":{"population":2991.862,"density_per_km2":11967.45,"area_km2":0.25},"geometry":{"type":"Polygon","coordinates":[[[69.21512,41.33528],[69.2211,41.33527],[69.22108,41.33077],[69.21511,41.33078],[69.21512,41.33528]]]}},{"type":"Feature","properties":{"population":2851.896,"density_per_km2":11407.59,"area_km2":0.25},"geometry":{"type":"Polygon","coordinates":[[[69.2211,41.33527],[69.22707,41.33526],[69.22706,41.33076],[69.22108,41.33077],[69.2211,41.33527]]]}},{"type":"Feature","properties":{"population":3312.877,"density_per_km2":13251.51,"area_km2":0.25},"geometry":{"type":"Polygon","coordinates":[[[69.22707,41.33526],[69.23305,41.33525],[69.23303,41.33074],[69.22706,41.33076],[69.22707,41.33526]]]}},{"type":"Feature","properties":{"population":3310.797,"density_per_km2":13243.19,"area_km2":0.25},"geometry":{"type":"Polygon","coordinates":[[[69.23305,41.33525],[69.23902,41.33524],[69.23901,41.33073],[69.23303,41.33074],[69.23305,41.33525]]]}},{"type":"Feature","properties":{"population":3676.175,"density_per_km2":14704.7,"area_km2":0.25},"geometry":{"type":"Polygon","coordinates":[[[69.23902,41.33524],[69.245,41.33522],[69.24498,41.33072],[69.23901,41.33073],[69.23902,41.33524]]]}},{"type":"Feature","properties":{"population":3598.25,"density_per_km2":14393.0,"area_km2":0.25},"geometry":{"type":"Polygon","coordinates":[[[69.245,41.33522],[69.25097,41.33521],[69.25096,41.33071],[69.24498,41.33072],[69.245,41.33522]]]}},{"type":"Feature","properties":{"population":3565.465,"density_per_km2":14261.86,"area_km2":0.25},"geometry":{"type":"Polygon","coordinates":[[[69.25097,41.33521],[69.25695,41.3352],[69.25693,41.33069],[69.25096,41.33071],[69.25097,41.33521]]]}},{"type":"Feature","properties":{"population":3908.866,"density_per_km2":15635.46,"area_km2":0.25},"geometry":{"type":"Polygon","coordinates":[[[69.25695,41.3352],[69.26292,41.33518],[69.26291,41.33068],[69.25693,41.33069],[69.25695,41.3352]]]}},{"type":"Feature","properties":{"population":4066.169,"density_per_km2":16264.67,"area_km2":0.25},"geometry":{"type":"Polygon","coordinates":[[[69.26292,41.33518],[69.2689,41.33517],[69.26888,41.33067],[69.26291,41.33068],[69.26292,41.33518]]]}},{"type":"Feature","properties":{"population":2727.445,"density_per_km2":10909.78,"area_km2":0.25},"geometry":{"type":"Polygon","coordinates":[[[69.2689,41.33517],[69.27488,41.33516],[69.27486,41.33065],[69.26888,41.33067],[69.2689,41.33517]]]}},{"type":"Feature","properties":{"population":2462.734,"density_per_km2":9850.94,"area_km2":0.25},"geometry":{"type":"Polygon","coordinates":[[[69.27488,41.33516],[69.28085,41.33514],[69.28083,41.33064],[69.27486,41.33065],[69.27488,41.33516]]]}},{"type":"Feature","properties":{"population":2687.573,"density_per_km2":10750.29,"area_km2":0.25},"geometry":{"type":"Polygon","coordinates":[[[69.28085,41.33514],[69.28683,41.33513],[69.28681,41.33062],[69.28083,41.33064],[69.28085,41.33514]]]}},{"type":"Feature","properties":{"population":2647.235,"density_per_km2":10588.94,"area_km2":0.25},"geometry":{"type":"Polygon","coordinates":[[[69.28683,41.33513],[69.2928,41.33511],[69.29278,41.33061],[69.28681,41.33062],[69.28683,41.33513]]]}},{"type":"Feature","properties":{"population":2766.148,"density_per_km2":11064.59,"area_km2":0.25},"geometry":{"type":"Polygon","coordinates":[[[69.2928,41.33511],[69.29878,41.3351],[69.29876,41.33059],[69.29278,41.33061],[69.2928,41.33511]]]}},{"type":"Feature","properties":{"population":2682.266,"density_per_km2":10729.06,"area_km2":0.25},"geometry":{"type":"Polygon","coordinates":[[[69.29878,41.3351],[69.30475,41.33508],[69.30473,41.33058],[69.29876,41.33059],[69.29878,41.3351]]]}},{"type":"Feature","properties":{"population":2054.648,"density_per_km2":8218.59,"area_km2":0.25},"geometry":{"type":"Polygon","coordinates":[[[69.30475,41.33508],[69.31073,41.33506],[69.31071,41.33056],[69.30473,41.33058],[69.30475,41.33508]]]}},{"type":"Feature","properties":{"population":2212.204,"density_per_km2":8848.81,"area_km2":0.25},"geometry":{"type":"Polygon","coordinates":[[[69.31073,41.33506],[69.3167,41.33505],[69.31668,41.33054],[69.31071,41.33056],[69.31073,41.33506]]]}},{"type":"Feature","properties":{"population":1027.106,"density_per_km2":4108.43,"area_km2":0.25},"geometry":{"type":"Polygon","coordinates":[[[69.3167,41.33505],[69.32268,41.33503],[69.32266,41.33053],[69.31668,41.33054],[69.3167,41.33505]]]}},{"type":"Feature","properties":{"population":2186.282,"density_per_km2":8745.13,"area_km2":0.25},"geometry":{"type":"Polygon","coordinates":[[[69.32268,41.33503],[69.32866,41.33501],[69.32863,41.33051],[69.32266,41.33053],[69.32268,41.33503]]]}},{"type":"Feature","properties":{"population":2788.873,"density_per_km2":11155.49,"area_km2":0.25},"geometry":{"type":"Polygon","coordinates":[[[69.32866,41.33501],[69.33463,41.335],[69.33461,41.33049],[69.32863,41.33051],[69.32866,41.33501]]]}},{"type":"Feature","properties":{"population":2613.232,"density_per_km2":10452.93,"area_km2":0.25},"geometry":{"type":"Polygon","coordinates":[[[69.33463,41.335],[69.34061,41.33498],[69.34058,41.33048],[69.33461,41.33049],[69.33463,41.335]]]}},{"type":"Feature","properties":{"population":2561.977,"density_per_km2":10247.91,"area_km2":0.25},"geometry":{"type":"Polygon","coordinates":[[[69.34061,41.33498],[69.34658,41.33496],[69.34656,41.33046],[69.34058,41.33048],[69.34061,41.33498]]]}},{"type":"Feature","properties":{"population":2524.021,"density_per_km2":10096.08,"area_km2":0.25},"geometry":{"type":"Polygon","coordinates":[[[69.34658,41.33496],[69.35256,41.33494],[69.35253,41.33044],[69.34656,41.33046],[69.34658,41.33496]]]}},{"type":"Feature","properties":{"population":2439.891,"density_per_km2":9759.56,"area_km2":0.25},"geometry":{"type":"Polygon","coordinates":[[[69.35256,41.33494],[69.35853,41.33493],[69.35851,41.33042],[69.35253,41.33044],[69.35256,41.33494]]]}},{"type":"Feature","properties":{"population":2709.312,"density_per_km2":10837.25,"area_km2":0.25},"geometry":{"type":"Polygon","coordinates":[[[69.35853,41.33493],[69.36451,41.33491],[69.36448,41.3304],[69.35851,41.33042],[69.35853,41.33493]]]}},{"type":"Feature","properties":{"population":3355.098,"density_per_km2":13420.39,"area_km2":0.25},"geometry":{"type":"Polygon","coordinates":[[[69.36451,41.33491],[69.37048,41.33489],[69.37046,41.33038],[69.36448,41.3304],[69.36451,41.33491]]]}},{"type":"Feature","properties":{"population":2663.137,"density_per_km2":10652.55,"area_km2":0.25},"geometry":{"type":"Polygon","coordinates":[[[69.37048,41.33489],[69.37646,41.33487],[69.37643,41.33036],[69.37046,41.33038],[69.37048,41.33489]]]}},{"type":"Feature","properties":{"population":1561.257,"density_per_km2":6245.03,"area_km2":0.25},"geometry":{"type":"Polygon","coordinates":[[[69.37646,41.33487],[69.38243,41.33485],[69.38241,41.33034],[69.37643,41.33036],[69.37646,41.33487]]]}},{"type":"Feature","properties":{"population":763.593,"density_per_km2":3054.37,"area_km2":0.25},"geometry":{"type":"Polygon","coordinates":[[[69.38243,41.33485],[69.38841,41.33483],[69.38838,41.33032],[69.38241,41.33034],[69.38243,41.33485]]]}},{"type":"Feature","properties":{"population":1089.618,"density_per_km2":4358.47,"area_km2":0.25},"geometry":{"type":"Polygon","coordinates":[[[69.38841,41.33483],[69.39438,41.33481],[69.39436,41.3303],[69.38838,41.33032],[69.38841,41.33483]]]}},{"type":"Feature","properties":{"population":1148.974,"density_per_km2":4595.9,"area_km2":0.25},"geometry":{"type":"Polygon","coordinates":[[[69.39438,41.33481],[69.40036,41.33479],[69.40033,41.33028],[69.39436,41.3303],[69.39438,41.33481]]]}},{"type":"Feature","properties":{"population":1625.972,"density_per_km2":6503.89,"area_km2":0.25},"geometry":{"type":"Polygon","coordinates":[[[69.40036,41.33479],[69.40634,41.33477],[69.40631,41.33026],[69.40033,41.33028],[69.40036,41.33479]]]}},{"type":"Feature","properties":{"population":1427.361,"density_per_km2":5709.44,"area_km2":0.25},"geometry":{"type":"Polygon","coordinates":[[[69.40634,41.33477],[69.41231,41.33474],[69.41228,41.33024],[69.40631,41.33026],[69.40634,41.33477]]]}},{"type":"Feature","properties":{"population":1434.834,"density_per_km2":5739.34,"area_km2":0.25},"geometry":{"type":"Polygon","coordinates":[[[69.41231,41.33474],[69.41829,41.33472],[69.41826,41.33022],[69.41228,41.33024],[69.41231,41.33474]]]}},{"type":"Feature","properties":{"population":1183.111,"density_per_km2":4732.44,"area_km2":0.25},"geometry":{"type":"Polygon","coordinates":[[[69.41829,41.33472],[69.42426,41.3347],[69.42423,41.3302],[69.41826,41.33022],[69.41829,41.33472]]]}},{"type":"Feature","properties":{"population":1328.741,"density_per_km2":5314.96,"area_km2":0.25},"geometry":{"type":"Polygon","coordinates":[[[69.42426,41.3347],[69.43024,41.33468],[69.43021,41.33018],[69.42423,41.3302],[69.42426,41.3347]]]}},{"type":"Feature","properties":{"population":901.205,"density_per_km2":3604.82,"area_km2":0.25},"geometry":{"type":"Polygon","coordinates":[[[69.43024,41.33468],[69.43621,41.33466],[69.43618,41.33015],[69.43021,41.33018],[69.43024,41.33468]]]}},{"type":"Feature","properties":{"population":703.277,"density_per_km2":2813.11,"area_km2":0.25},"geometry":{"type":"Polygon","coordinates":[[[69.43621,41.33466],[69.44219,41.33463],[69.44216,41.33013],[69.43618,41.33015],[69.43621,41.33466]]]}},{"type":"Feature","properties":{"population":1168.273,"density_per_km2":4673.09,"area_km2":0.25},"geometry":{"type":"Polygon","coordinates":[[[69.44219,41.33463],[69.44816,41.33461],[69.44813,41.33011],[69.44216,41.33013],[69.44219,41.33463]]]}},{"type":"Feature","properties":{"population":1587.054,"density_per_km2":6348.21,"area_km2":0.25},"geometry":{"type":"Polygon","coordinates":[[[69.44816,41.33461],[69.45414,41.33459],[69.45411,41.33008],[69.44813,41.33011],[69.44816,41.33461]]]}},{"type":"Feature","properties":{"population":1215.363,"density_per_km2":4861.45,"area_km2":0.25},"geometry":{"type":"Polygon","coordinates":[[[69.45414,41.33459],[69.46011,41.33456],[69.46008,41.33006],[69.45411,41.33008],[69.45414,41.33459]]]}},{"type":"Feature","properties":{"population":532.288,"density_per_km2":2845.75,"area_km2":0.187047},"geometry":{"type":"Polygon","coordinates":[[[69.46011,41.33456],[69.46609,41.33454],[69.46608,41.33322],[69.46379,41.33136],[69.46126,41.33006],[69.46008,41.33006],[69.46011,41.33456]]]}},{"type":"Feature","properties":{"population":0.116,"density_per_km2":11.72,"area_km2":0.009893},"geometry":{"type":"Polygon","coordinates":[[[69.4677,41.33453],[69.46608,41.33322],[69.46609,41.33454],[69.4677,41.33453]]]}},{"type":"Feature","properties":{"population":2282.72,"density_per_km2":16484.52,"area_km2":0.138477},"geometry":{"type":"Polygon","coordinates":[[[69.16732,41.33536],[69.16355,41.33537],[69.16358,41.33543],[69.16399,41.33692],[69.16417,41.33859],[69.16424,41.33987],[69.16733,41.33987],[69.16732,41.33536]]]}},{"type":"Feature","properties":{"population":3761.139,"density_per_km2":15044.56,"area_km2":0.25},"geometry":{"type":"Polygon","coordinates":[[[69.16733,41.33987],[69.1733,41.33986],[69.17329,41.33535],[69.16732,41.33536],[69.16733,41.33987]]]}},{"type":"Feature","properties":{"population":3809.982,"density_per_km2":15239.93,"area_km2":0.25},"geometry":{"type":"Polygon","coordinates":[[[69.1733,41.33986],[69.17928,41.33985],[69.17927,41.33534],[69.17329,41.33535],[69.1733,41.33986]]]}},{"type":"Feature","properties":{"population":3336.871,"density_per_km2":13347.48,"area_km2":0.25},"geometry":{"type":"Polygon","coordinates":[[[69.17928,41.33985],[69.18526,41.33984],[69.18524,41.33533],[69.17927,41.33534],[69.17928,41.33985]]]}},{"type":"Feature","properties":{"population":3118.8,"density_per_km2":12475.2,"area_km2":0.25},"geometry":{"type":"Polygon","coordinates":[[[69.18526,41.33984],[69.19123,41.33983],[69.19122,41.33532],[69.18524,41.33533],[69.18526,41.33984]]]}},{"type":"Feature","properties":{"population":3502.244,"density_per_km2":14008.98,"area_km2":0.25},"geometry":{"type":"Polygon","coordinates":[[[69.19123,41.33983],[69.19721,41.33982],[69.19719,41.33531],[69.19122,41.33532],[69.19123,41.33983]]]}},{"type":"Feature","properties":{"population":3314.754,"density_per_km2":13259.02,"area_km2":0.25},"geometry":{"type":"Polygon","coordinates":[[[69.19721,41.33982],[69.20318,41.33981],[69.20317,41.3353],[69.19719,41.33531],[69.19721,41.33982]]]}},{"type":"Feature","properties":{"population":3414.052,"density_per_km2":13656.21,"area_km2":0.25},"geometry":{"type":"Polygon","coordinates":[[[69.20318,41.33981],[69.20916,41.3398],[69.20915,41.33529],[69.20317,41.3353],[69.20318,41.33981]]]}},{"type":"Feature","properties":{"population":3229.1,"density_per_km2":12916.4,"area_km2":0.25},"geometry":{"type":"Polygon","coordinates":[[[69.20916,41.3398],[69.21514,41.33979],[69.21512,41.33528],[69.20915,41.33529],[69.20916,41.3398]]]}},{"type":"Feature","properties":{"population":3260.992,"density_per_km2":13043.97,"area_km2":0.25},"geometry":{"type":"Polygon","coordinates":[[[69.21514,41.33979],[69.22111,41.33977],[69.2211,41.33527],[69.21512,41.33528],[69.21514,41.33979]]]}},{"type":"Feature","properties":{"population":3395.723,"density_per_km2":13582.89,"area_km2":0.25},"geometry":{"type":"Polygon","coordinates":[[[69.22111,41.33977],[69.22709,41.33976],[69.22707,41.33526],[69.2211,41.33527],[69.22111,41.33977]]]}},{"type":"Feature","properties":{"population":3871.154,"density_per_km2":15484.61,"area_km2":0.25},"geometry":{"type":"Polygon","coordinates":[[[69.22709,41.33976],[69.23306,41.33975],[69.23305,41.33525],[69.22707,41.33526],[69.22709,41.33976]]]}},{"type":"Feature","properties":{"population":3519.281,"density_per_km2":14077.12,"area_km2":0.25},"geometry":{"type":"Polygon","coordinates":[[[69.23306,41.33975],[69.23904,41.33974],[69.23902,41.33524],[69.23305,41.33525],[69.23306,41.33975]]]}},{"type":"Feature","properties":{"population":3756.93,"density_per_km2":15027.72,"area_km2":0.25},"geometry":{"type":"Polygon","coordinates":[[[69.23904,41.33974],[69.24502,41.33973],[69.245,41.33522],[69.23902,41.33524],[69.23904,41.33974]]]}},{"type":"Feature","properties":{"population":3774.764,"density_per_km2":15099.05,"area_km2":0.25},"geometry":{"type":"Polygon","coordinates":[[[69.24502,41.33973],[69.25099,41.33971],[69.25097,41.33521],[69.245,41.33522],[69.24502,41.33973]]]}},{"type":"Feature","properties":{"population":4368.89,"density_per_km2":17475.56,"area_km2":0.25},"geometry":{"type":"Polygon","coordinates":[[[69.25099,41.33971],[69.25697,41.3397],[69.25695,41.3352],[69.25097,41.33521],[69.25099,41.33971]]]}},{"type":"Feature","properties":{"population":5083.85,"density_per_km2":20335.4,"area_km2":0.25},"geometry":{"type":"Polygon","coordinates":[[[69.25697,41.3397],[69.26294,41.33969],[69.26292,41.33518],[69.25695,41.3352],[69.25697,41.3397]]]}},{"type":"Feature","properties":{"population":4435.135,"density_per_km2":17740.54,"area_km2":0.25},"geometry":{"type":"Polygon","coordinates":[[[69.26294,41.33969],[69.26892,41.33967],[69.2689,41.33517],[69.26292,41.33518],[69.26294,41.33969]]]}},{"type":"Feature","properties":{"population":3218.649,"density_per_km2":12874.6,"area_km2":0.25},"geometry":{"type":"Polygon","coordinates":[[[69.26892,41.33967],[69.27489,41.33966],[69.27488,41.33516],[69.2689,41.33517],[69.26892,41.33967]]]}},{"type":"Feature","properties":{"population":2867.358,"density_per_km2":11469.43,"area_km2":0.25},"geometry":{"type":"Polygon","coordinates":[[[69.27489,41.33966],[69.28087,41.33964],[69.28085,41.33514],[69.27488,41.33516],[69.27489,41.33966]]]}},{"type":"Feature","properties":{"population":2681.859,"density_per_km2":10727.44,"area_km2":0.25},"geometry":{"type":"Polygon","coordinates":[[[69.28087,41.33964],[69.28685,41.33963],[69.28683,41.33513],[69.28085,41.33514],[69.28087,41.33964]]]}},{"type":"Feature","properties":{"population":3428.678,"density_per_km2":13714.71,"area_km2":0.25},"geometry":{"type":"Polygon","coordinates":[[[69.28685,41.33963],[69.29282,41.33961],[69.2928,41.33511],[69.28683,41.33513],[69.28685,41.33963]]]}},{"type":"Feature","properties":{"population":3447.004,"density_per_km2":13788.02,"area_km2":0.25},"geometry":{"type":"Polygon","coordinates":[[[69.29282,41.33961],[69.2988,41.3396],[69.29878,41.3351],[69.2928,41.33511],[69.29282,41.33961]]]}},{"type":"Feature","properties":{"population":2525.813,"density_per_km2":10103.25,"area_km2":0.25},"geometry":{"type":"Polygon","coordinates":[[[69.2988,41.3396],[69.30477,41.33958],[69.30475,41.33508],[69.29878,41.3351],[69.2988,41.3396]]]}},{"type":"Feature","properties":{"population":1806.617,"density_per_km2":7226.47,"area_km2":0.25},"geometry":{"type":"Polygon","coordinates":[[[69.30477,41.33958],[69.31075,41.33957],[69.31073,41.33506],[69.30475,41.33508],[69.30477,41.33958]]]}},{"type":"Feature","properties":{"population":2425.414,"density_per_km2":9701.66,"area_km2":0.25},"geometry":{"type":"Polygon","coordinates":[[[69.31075,41.33957],[69.31673,41.33955],[69.3167,41.33505],[69.31073,41.33506],[69.31075,41.33957]]]}},{"type":"Feature","properties":{"population":2018.714,"density_per_km2":8074.86,"area_km2":0.25},"geometry":{"type":"Polygon","coordinates":[[[69.31673,41.33955],[69.3227,41.33953],[69.32268,41.33503],[69.3167,41.33505],[69.31673,41.33955]]]}},{"type":"Feature","properties":{"population":1950.87,"density_per_km2":7803.48,"area_km2":0.25},"geometry":{"type":"Polygon","coordinates":[[[69.3227,41.33953],[69.32868,41.33952],[69.32866,41.33501],[69.32268,41.33503],[69.3227,41.33953]]]}},{"type":"Feature","properties":{"population":2747.977,"density_per_km2":10991.91,"area_km2":0.25},"geometry":{"type":"Polygon","coordinates":[[[69.32868,41.33952],[69.33465,41.3395],[69.33463,41.335],[69.32866,41.33501],[69.32868,41.33952]]]}},{"type":"Feature","properties":{"population":2494.408,"density_per_km2":9977.63,"area_km2":0.25},"geometry":{"type":"Polygon","coordinates":[[[69.33465,41.3395],[69.34063,41.33948],[69.34061,41.33498],[69.33463,41.335],[69.33465,41.3395]]]}},{"type":"Feature","properties":{"population":2241.6,"density_per_km2":8966.4,"area_km2":0.25},"geometry":{"type":"Polygon","coordinates":[[[69.34063,41.33948],[69.34661,41.33947],[69.34658,41.33496],[69.34061,41.33498],[69.34063,41.33948]]]}},{"type":"Feature","properties":{"population":2038.814,"density_per_km2":8155.26,"area_km2":0.25},"geometry":{"type":"Polygon","coordinates":[[[69.34661,41.33947],[69.35258,41.33945],[69.35256,41.33494],[69.34658,41.33496],[69.34661,41.33947]]]}},{"type":"Feature","properties":{"population":2179.45,"density_per_km2":8717.8,"area_km2":0.25},"geometry":{"type":"Polygon","coordinates":[[[69.35258,41.33945],[69.35856,41.33943],[69.35853,41.33493],[69.35256,41.33494],[69.35258,41.33945]]]}},{"type":"Feature","properties":{"population":1970.635,"density_per_km2":7882.54,"area_km2":0.25},"geometry":{"type":"Polygon","coordinates":[[[69.35856,41.33943],[69.36453,41.33941],[69.36451,41.33491],[69.35853,41.33493],[69.35856,41.33943]]]}},{"type":"Feature","properties":{"population":2609.253,"density_per_km2":10437.01,"area_km2":0.25},"geometry":{"type":"Polygon","coordinates":[[[69.36453,41.33941],[69.37051,41.33939],[69.37048,41.33489],[69.36451,41.33491],[69.36453,41.33941]]]}},{"type":"Feature","properties":{"population":2247.666,"density_per_km2":8990.66,"area_km2":0.25},"geometry":{"type":"Polygon","coordinates":[[[69.37051,41.33939],[69.37648,41.33937],[69.37646,41.33487],[69.37048,41.33489],[69.37051,41.33939]]]}},{"type":"Feature","properties":{"population":1659.059,"density_per_km2":6636.24,"area_km2":0.25},"geometry":{"type":"Polygon","coordinates":[[[69.37648,41.33937],[69.38246,41.33935],[69.38243,41.33485],[69.37646,41.33487],[69.37648,41.33937]]]}},{"type":"Feature","properties":{"population":1675.035,"density_per_km2":6700.14,"area_km2":0.25},"geometry":{"type":"Polygon","coordinates":[[[69.38246,41.33935],[69.38844,41.33933],[69.38841,41.33483],[69.38243,41.33485],[69.38246,41.33935]]]}},{"type":"Feature","properties":{"population":1471.883,"density_per_km2":5887.53,"area_km2":0.25},"geometry":{"type":"Polygon","coordinates":[[[69.38844,41.33933],[69.39441,41.33931],[69.39438,41.33481],[69.38841,41.33483],[69.38844,41.33933]]]}},{"type":"Feature","properties":{"population":688.154,"density_per_km2":2752.62,"area_km2":0.25},"geometry":{"type":"Polygon","coordinates":[[[69.39441,41.33931],[69.40039,41.33929],[69.40036,41.33479],[69.39438,41.33481],[69.39441,41.33931]]]}},{"type":"Feature","properties":{"population":918.745,"density_per_km2":3674.98,"area_km2":0.25},"geometry":{"type":"Polygon","coordinates":[[[69.40039,41.33929],[69.40636,41.33927],[69.40634,41.33477],[69.40036,41.33479],[69.40039,41.33929]]]}},{"type":"Feature","properties":{"population":1111.903,"density_per_km2":4447.61,"area_km2":0.25},"geometry":{"type":"Polygon","coordinates":[[[69.40636,41.33927],[69.41234,41.33925],[69.41231,41.33474],[69.40634,41.33477],[69.40636,41.33927]]]}},{"type":"Feature","properties":{"population":832.192,"density_per_km2":3328.77,"area_km2":0.25},"geometry":{"type":"Polygon","coordinates":[[[69.41234,41.33925],[69.41832,41.33923],[69.41829,41.33472],[69.41231,41.33474],[69.41234,41.33925]]]}},{"type":"Feature","properties":{"population":703.27,"density_per_km2":2813.08,"area_km2":0.25},"geometry":{"type":"Polygon","coordinates":[[[69.41832,41.33923],[69.42429,41.33921],[69.42426,41.3347],[69.41829,41.33472],[69.41832,41.33923]]]}},{"type":"Feature","properties":{"population":643.555,"density_per_km2":2574.22,"area_km2":0.25},"geometry":{"type":"Polygon","coordinates":[[[69.42429,41.33921],[69.43027,41.33918],[69.43024,41.33468],[69.42426,41.3347],[69.42429,41.33921]]]}},{"type":"Feature","properties":{"population":541.727,"density_per_km2":2166.91,"area_km2":0.25},"geometry":{"type":"Polygon","coordinates":[[[69.43027,41.33918],[69.43624,41.33916],[69.43621,41.33466],[69.43024,41.33468],[69.43027,41.33918]]]}},{"type":"Feature","properties":{"population":511.017,"density_per_km2":2044.07,"area_km2":0.25},"geometry":{"type":"Polygon","coordinates":[[[69.43624,41.33916],[69.44222,41.33914],[69.44219,41.33463],[69.43621,41.33466],[69.43624,41.33916]]]}},{"type":"Feature","properties":{"population":1170.713,"density_per_km2":4682.85,"area_km2":0.25},"geometry":{"type":"Polygon","coordinates":[[[69.44222,41.33914],[69.44819,41.33911],[69.44816,41.33461],[69.44219,41.33463],[69.44222,41.33914]]]}},{"type":"Feature","properties":{"population":884.43,"density_per_km2":3537.72,"area_km2":0.25},"geometry":{"type":"Polygon","coordinates":[[[69.44819,41.33911],[69.45417,41.33909],[69.45414,41.33459],[69.44816,41.33461],[69.44819,41.33911]]]}},{"type":"Feature","properties":{"population":855.812,"density_per_km2":3423.25,"area_km2":0.25},"geometry":{"type":"Polygon","coordinates":[[[69.45417,41.33909],[69.46015,41.33907],[69.46011,41.33456],[69.45414,41.33459],[69.45417,41.33909]]]}},{"type":"Feature","properties":{"population":700.412,"density_per_km2":2801.65,"area_km2":0.25},"geometry":{"type":"Polygon","coordinates":[[[69.46015,41.33907],[69.46612,41.33904],[69.46609,41.33454],[69.46011,41.33456],[69.46015,41.33907]]]}},{"type":"Feature","properties":{"population":181.289,"density_per_km2":1083.92,"area_km2":0.167253},"geometry":{"type":"Polygon","coordinates":[[[69.46612,41.33904],[69.47192,41.33902],[69.47158,41.33808],[69.46822,41.33496],[69.4677,41.33453],[69.46609,41.33454],[69.46612,41.33904]]]}},{"type":"Feature","properties":{"population":1919.225,"density_per_km2":15449.11,"area_km2":0.124229},"geometry":{"type":"Polygon","coordinates":[[[69.16733,41.33987],[69.16424,41.33987],[69.16437,41.34237],[69.16451,41.34437],[69.16734,41.34437],[69.16733,41.33987]]]}},{"type":"Feature","properties":{"population":3217.399,"density_per_km2":12869.6,"area_km2":0.25},"geometry":{"type":"Polygon","coordinates":[[[69.16734,41.34437],[69.17332,41.34436],[69.1733,41.33986],[69.16733,41.33987],[69.16734,41.34437]]]}},{"type":"Feature","properties":{"population":3258.031,"density_per_km2":13032.12,"area_km2":0.25},"geometry":{"type":"Polygon","coordinates":[[[69.17332,41.34436],[69.17929,41.34435],[69.17928,41.33985],[69.1733,41.33986],[69.17332,41.34436]]]}},{"type":"Feature","properties":{"population":2728.192,"density_per_km2":10912.77,"area_km2":0.25},"geometry":{"type":"Polygon","coordinates":[[[69.17929,41.34435],[69.18527,41.34434],[69.18526,41.33984],[69.17928,41.33985],[69.17929,41.34435]]]}},{"type":"Feature","properties":{"population":2384.843,"density_per_km2":9539.37,"area_km2":0.25},"geometry":{"type":"Polygon","coordinates":[[[69.18527,41.34434],[69.19124,41.34433],[69.19123,41.33983],[69.18526,41.33984],[69.18527,41.34434]]]}},{"type":"Feature","properties":{"population":2712.084,"density_per_km2":10848.34,"area_km2":0.25},"geometry":{"type":"Polygon","coordinates":[[[69.19124,41.34433],[69.19722,41.34432],[69.19721,41.33982],[69.19123,41.33983],[69.19124,41.34433]]]}},{"type":"Feature","properties":{"population":2430.078,"density_per_km2":9720.31,"area_km2":0.25},"geometry":{"type":"Polygon","coordinates":[[[69.19722,41.34432],[69.2032,41.34431],[69.20318,41.33981],[69.19721,41.33982],[69.19722,41.34432]]]}},{"type":"Feature","properties":{"population":2651.801,"density_per_km2":10607.21,"area_km2":0.25},"geometry":{"type":"Polygon","coordinates":[[[69.2032,41.34431],[69.20917,41.3443],[69.20916,41.3398],[69.20318,41.33981],[69.2032,41.34431]]]}},{"type":"Feature","properties":{"population":2721.283,"density_per_km2":10885.13,"area_km2":0.25},"geometry":{"type":"Polygon","coordinates":[[[69.20917,41.3443],[69.21515,41.34429],[69.21514,41.33979],[69.20916,41.3398],[69.20917,41.3443]]]}},{"type":"Feature","properties":{"population":2631.608,"density_per_km2":10526.43,"area_km2":0.25},"geometry":{"type":"Polygon","coordinates":[[[69.21515,41.34429],[69.22113,41.34428],[69.22111,41.33977],[69.21514,41.33979],[69.21515,41.34429]]]}},{"type":"Feature","properties":{"population":3009.919,"density_per_km2":12039.68,"area_km2":0.25},"geometry":{"type":"Polygon","coordinates":[[[69.22113,41.34428],[69.2271,41.34427],[69.22709,41.33976],[69.22111,41.33977],[69.22113,41.34428]]]}},{"type":"Feature","properties":{"population":2929.845,"density_per_km2":11719.38,"area_km2":0.25},"geometry":{"type":"Polygon","coordinates":[[[69.2271,41.34427],[69.23308,41.34426],[69.23306,41.33975],[69.22709,41.33976],[69.2271,41.34427]]]}},{"type":"Feature","properties":{"population":3333.314,"density_per_km2":13333.26,"area_km2":0.25},"geometry":{"type":"Polygon","coordinates":[[[69.23308,41.34426],[69.23906,41.34424],[69.23904,41.33974],[69.23306,41.33975],[69.23308,41.34426]]]}},{"type":"Feature","properties":{"population":3531.762,"density_per_km2":14127.05,"area_km2":0.25},"geometry":{"type":"Polygon","coordinates":[[[69.23906,41.34424],[69.24503,41.34423],[69.24502,41.33973],[69.23904,41.33974],[69.23906,41.34424]]]}},{"type":"Feature","properties":{"population":3493.399,"density_per_km2":13973.6,"area_km2":0.25},"geometry":{"type":"Polygon","coordinates":[[[69.24503,41.34423],[69.25101,41.34422],[69.25099,41.33971],[69.24502,41.33973],[69.24503,41.34423]]]}},{"type":"Feature","properties":{"population":3589.329,"density_per_km2":14357.31,"area_km2":0.25},"geometry":{"type":"Polygon","coordinates":[[[69.25101,41.34422],[69.25698,41.3442],[69.25697,41.3397],[69.25099,41.33971],[69.25101,41.34422]]]}},{"type":"Feature","properties":{"population":4161.772,"density_per_km2":16647.09,"area_km2":0.25},"geometry":{"type":"Polygon","coordinates":[[[69.25698,41.3442],[69.26296,41.34419],[69.26294,41.33969],[69.25697,41.3397],[69.25698,41.3442]]]}},{"type":"Feature","properties":{"population":3333.181,"density_per_km2":13332.72,"area_km2":0.25},"geometry":{"type":"Polygon","coordinates":[[[69.26296,41.34419],[69.26894,41.34418],[69.26892,41.33967],[69.26294,41.33969],[69.26296,41.34419]]]}},{"type":"Feature","properties":{"population":2944.625,"density_per_km2":11778.5,"area_km2":0.25},"geometry":{"type":"Polygon","coordinates":[[[69.26894,41.34418],[69.27491,41.34416],[69.27489,41.33966],[69.26892,41.33967],[69.26894,41.34418]]]}},{"type":"Feature","properties":{"population":2793.855,"density_per_km2":11175.42,"area_km2":0.25},"geometry":{"type":"Polygon","coordinates":[[[69.27491,41.34416],[69.28089,41.34415],[69.28087,41.33964],[69.27489,41.33966],[69.27491,41.34416]]]}},{"type":"Feature","properties":{"population":1918.111,"density_per_km2":7672.44,"area_km2":0.25},"geometry":{"type":"Polygon","coordinates":[[[69.28089,41.34415],[69.28687,41.34413],[69.28685,41.33963],[69.28087,41.33964],[69.28089,41.34415]]]}},{"type":"Feature","properties":{"population":2783.277,"density_per_km2":11133.11,"area_km2":0.25},"geometry":{"type":"Polygon","coordinates":[[[69.28687,41.34413],[69.29284,41.34412],[69.29282,41.33961],[69.28685,41.33963],[69.28687,41.34413]]]}},{"type":"Feature","properties":{"population":3239.523,"density_per_km2":12958.09,"area_km2":0.25},"geometry":{"type":"Polygon","coordinates":[[[69.29284,41.34412],[69.29882,41.3441],[69.2988,41.3396],[69.29282,41.33961],[69.29284,41.34412]]]}},{"type":"Feature","properties":{"population":2382.074,"density_per_km2":9528.3,"area_km2":0.25},"geometry":{"type":"Polygon","coordinates":[[[69.29882,41.3441],[69.3048,41.34409],[69.30477,41.33958],[69.2988,41.3396],[69.29882,41.3441]]]}},{"type":"Feature","properties":{"population":2275.011,"density_per_km2":9100.04,"area_km2":0.25},"geometry":{"type":"Polygon","coordinates":[[[69.3048,41.34409],[69.31077,41.34407],[69.31075,41.33957],[69.30477,41.33958],[69.3048,41.34409]]]}},{"type":"Feature","properties":{"population":754.973,"density_per_km2":3019.89,"area_km2":0.25},"geometry":{"type":"Polygon","coordinates":[[[69.31077,41.34407],[69.31675,41.34406],[69.31673,41.33955],[69.31075,41.33957],[69.31077,41.34407]]]}},{"type":"Feature","properties":{"population":1820.84,"density_per_km2":7283.36,"area_km2":0.25},"geometry":{"type":"Polygon","coordinates":[[[69.31675,41.34406],[69.32272,41.34404],[69.3227,41.33953],[69.31673,41.33955],[69.31675,41.34406]]]}},{"type":"Feature","properties":{"population":2209.22,"density_per_km2":8836.88,"area_km2":0.25},"geometry":{"type":"Polygon","coordinates":[[[69.32272,41.34404],[69.3287,41.34402],[69.32868,41.33952],[69.3227,41.33953],[69.32272,41.34404]]]}},{"type":"Feature","properties":{"population":3518.094,"density_per_km2":14072.37,"area_km2":0.25},"geometry":{"type":"Polygon","coordinates":[[[69.3287,41.34402],[69.33468,41.344],[69.33465,41.3395],[69.32868,41.33952],[69.3287,41.34402]]]}},{"type":"Feature","properties":{"population":2459.998,"density_per_km2":9839.99,"area_km2":0.25},"geometry":{"type":"Polygon","coordinates":[[[69.33468,41.344],[69.34065,41.34399],[69.34063,41.33948],[69.33465,41.3395],[69.33468,41.344]]]}},{"type":"Feature","properties":{"population":2546.532,"density_per_km2":10186.13,"area_km2":0.25},"geometry":{"type":"Polygon","coordinates":[[[69.34065,41.34399],[69.34663,41.34397],[69.34661,41.33947],[69.34063,41.33948],[69.34065,41.34399]]]}},{"type":"Feature","properties":{"population":2723.186,"density_per_km2":10892.74,"area_km2":0.25},"geometry":{"type":"Polygon","coordinates":[[[69.34663,41.34397],[69.35261,41.34395],[69.35258,41.33945],[69.34661,41.33947],[69.34663,41.34397]]]}},{"type":"Feature","properties":{"population":2481.733,"density_per_km2":9926.93,"area_km2":0.25},"geometry":{"type":"Polygon","coordinates":[[[69.35261,41.34395],[69.35858,41.34393],[69.35856,41.33943],[69.35258,41.33945],[69.35261,41.34395]]]}},{"type":"Feature","properties":{"population":2618.933,"density_per_km2":10475.73,"area_km2":0.25},"geometry":{"type":"Polygon","coordinates":[[[69.35858,41.34393],[69.36456,41.34391],[69.36453,41.33941],[69.35856,41.33943],[69.35858,41.34393]]]}},{"type":"Feature","properties":{"population":2786.942,"density_per_km2":11147.77,"area_km2":0.25},"geometry":{"type":"Polygon","coordinates":[[[69.36456,41.34391],[69.37053,41.34389],[69.37051,41.33939],[69.36453,41.33941],[69.36456,41.34391]]]}},{"type":"Feature","properties":{"population":1049.986,"density_per_km2":4199.95,"area_km2":0.25},"geometry":{"type":"Polygon","coordinates":[[[69.37053,41.34389],[69.37651,41.34388],[69.37648,41.33937],[69.37051,41.33939],[69.37053,41.34389]]]}},{"type":"Feature","properties":{"population":1668.428,"density_per_km2":6673.71,"area_km2":0.25},"geometry":{"type":"Polygon","coordinates":[[[69.37651,41.34388],[69.38249,41.34386],[69.38246,41.33935],[69.37648,41.33937],[69.37651,41.34388]]]}},{"type":"Feature","properties":{"population":2580.28,"density_per_km2":10321.12,"area_km2":0.25},"geometry":{"type":"Polygon","coordinates":[[[69.38249,41.34386],[69.38846,41.34384],[69.38844,41.33933],[69.38246,41.33935],[69.38249,41.34386]]]}},{"type":"Feature","properties":{"population":2404.073,"density_per_km2":9616.29,"area_km2":0.25},"geometry":{"type":"Polygon","coordinates":[[[69.38846,41.34384],[69.39444,41.34382],[69.39441,41.33931],[69.38844,41.33933],[69.38846,41.34384]]]}},{"type":"Feature","properties":{"population":1775.912,"density_per_km2":7103.65,"area_km2":0.25},"geometry":{"type":"Polygon","coordinates":[[[69.39444,41.34382],[69.40042,41.34379],[69.40039,41.33929],[69.39441,41.33931],[69.39444,41.34382]]]}},{"type":"Feature","properties":{"population":1148.776,"density_per_km2":4595.1,"area_km2":0.25},"geometry":{"type":"Polygon","coordinates":[[[69.40042,41.34379],[69.40639,41.34377],[69.40636,41.33927],[69.40039,41.33929],[69.40042,41.34379]]]}},{"type":"Feature","properties":{"population":367.55,"density_per_km2":1804.26,"area_km2":0.203713},"geometry":{"type":"Polygon","coordinates":[[[69.40636,41.33927],[69.40639,41.34377],[69.40932,41.34376],[69.40789,41.34222],[69.41236,41.34258],[69.41234,41.33925],[69.40636,41.33927]]]}},{"type":"Feature","properties":{"population":186.216,"density_per_km2":937.58,"area_km2":0.198613},"geometry":{"type":"Polygon","coordinates":[[[69.41234,41.33925],[69.41236,41.34258],[69.41834,41.34305],[69.41832,41.33923],[69.41234,41.33925]]]}},{"type":"Feature","properties":{"population":132.879,"density_per_km2":587.57,"area_km2":0.226152},"geometry":{"type":"Polygon","coordinates":[[[69.41832,41.33923],[69.41834,41.34305],[69.42432,41.34353],[69.42429,41.33921],[69.41832,41.33923]]]}},{"type":"Feature","properties":{"population":230.96,"density_per_km2":930.71,"area_km2":0.248156},"geometry":{"type":"Polygon","coordinates":[[[69.43027,41.33918],[69.42429,41.33921],[69.42432,41.34353],[69.42651,41.3437],[69.4303,41.34369],[69.43027,41.33918]]]}},{"type":"Feature","properties":{"population":81.662,"density_per_km2":326.65,"area_km2":0.25},"geometry":{"type":"Polygon","coordinates":[[[69.4303,41.34369],[69.43627,41.34366],[69.43624,41.33916],[69.43027,41.33918],[69.4303,41.34369]]]}},{"type":"Feature","properties":{"population":142.796,"density_per_km2":571.18,"area_km2":0.25},"geometry":{"type":"Polygon","coordinates":[[[69.43627,41.34366],[69.44225,41.34364],[69.44222,41.33914],[69.43624,41.33916],[69.43627,41.34366]]]}},{"type":"Feature","properties":{"population":96.453,"density_per_km2":385.81,"area_km2":0.25},"geometry":{"type":"Polygon","coordinates":[[[69.44225,41.34364],[69.44822,41.34362],[69.44819,41.33911],[69.44222,41.33914],[69.44225,41.34364]]]}},{"type":"Feature","properties":{"population":133.869,"density_per_km2":535.47,"area_km2":0.25},"geometry":{"type":"Polygon","coordinates":[[[69.44822,41.34362],[69.4542,41.34359],[69.45417,41.33909],[69.44819,41.33911],[69.44822,41.34362]]]}},{"type":"Feature","properties":{"population":420.553,"density_per_km2":1682.21,"area_km2":0.25},"geometry":{"type":"Polygon","coordinates":[[[69.4542,41.34359],[69.46018,41.34357],[69.46015,41.33907],[69.45417,41.33909],[69.4542,41.34359]]]}},{"type":"Feature","properties":{"population":185.679,"density_per_km2":742.72,"area_km2":0.25},"geometry":{"type":"Polygon","coordinates":[[[69.46018,41.34357],[69.46615,41.34355],[69.46612,41.33904],[69.46015,41.33907],[69.46018,41.34357]]]}},{"type":"Feature","properties":{"population":72.243,"density_per_km2":289.48,"area_km2":0.24956},"geometry":{"type":"Polygon","coordinates":[[[69.46615,41.34355],[69.47213,41.34352],[69.4721,41.33954],[69.47192,41.33902],[69.46612,41.33904],[69.46615,41.34355]]]}},{"type":"Feature","properties":{"population":4.793,"density_per_km2":186.19,"area_km2":0.025744},"geometry":{"type":"Polygon","coordinates":[[[69.47352,41.34352],[69.4721,41.33954],[69.47213,41.34352],[69.47352,41.34352]]]}},{"type":"Feature","properties":{"population":1956.48,"density_per_km2":17916.79,"area_km2":0.109198},"geometry":{"type":"Polygon","coordinates":[[[69.16734,41.34437],[69.16451,41.34437],[69.16457,41.34519],[69.16457,41.34625],[69.16504,41.34837],[69.16505,41.34845],[69.16516,41.34888],[69.16735,41.34887],[69.16734,41.34437]]]}},{"type":"Feature","properties":{"population":3990.657,"density_per_km2":15962.63,"area_km2":0.25},"geometry":{"type":"Polygon","coordinates":[[[69.16735,41.34887],[69.17333,41.34886],[69.17332,41.34436],[69.16734,41.34437],[69.16735,41.34887]]]}},{"type":"Feature","properties":{"population":3920.902,"density_per_km2":15683.61,"area_km2":0.25},"geometry":{"type":"Polygon","coordinates":[[[69.17333,41.34886],[69.1793,41.34886],[69.17929,41.34435],[69.17332,41.34436],[69.17333,41.34886]]]}},{"type":"Feature","properties":{"population":3329.768,"density_per_km2":13319.07,"area_km2":0.25},"geometry":{"type":"Polygon","coordinates":[[[69.1793,41.34886],[69.18528,41.34885],[69.18527,41.34434],[69.17929,41.34435],[69.1793,41.34886]]]}},{"type":"Feature","properties":{"population":3457.416,"density_per_km2":13829.66,"area_km2":0.25},"geometry":{"type":"Polygon","coordinates":[[[69.18528,41.34885],[69.19126,41.34884],[69.19124,41.34433],[69.18527,41.34434],[69.18528,41.34885]]]}},{"type":"Feature","properties":{"population":3474.215,"density_per_km2":13896.86,"area_km2":0.25},"geometry":{"type":"Polygon","coordinates":[[[69.19126,41.34884],[69.19723,41.34883],[69.19722,41.34432],[69.19124,41.34433],[69.19126,41.34884]]]}},{"type":"Feature","properties":{"population":3252.602,"density_per_km2":13010.41,"area_km2":0.25},"geometry":{"type":"Polygon","coordinates":[[[69.19723,41.34883],[69.20321,41.34882],[69.2032,41.34431],[69.19722,41.34432],[69.19723,41.34883]]]}},{"type":"Feature","properties":{"population":3021.907,"density_per_km2":12087.63,"area_km2":0.25},"geometry":{"type":"Polygon","coordinates":[[[69.20321,41.34882],[69.20919,41.3488],[69.20917,41.3443],[69.2032,41.34431],[69.20321,41.34882]]]}},{"type":"Feature","properties":{"population":3176.658,"density_per_km2":12706.63,"area_km2":0.25},"geometry":{"type":"Polygon","coordinates":[[[69.20919,41.3488],[69.21517,41.34879],[69.21515,41.34429],[69.20917,41.3443],[69.20919,41.3488]]]}},{"type":"Feature","properties":{"population":3323.32,"density_per_km2":13293.28,"area_km2":0.25},"geometry":{"type":"Polygon","coordinates":[[[69.21517,41.34879],[69.22114,41.34878],[69.22113,41.34428],[69.21515,41.34429],[69.21517,41.34879]]]}},{"type":"Feature","properties":{"population":3907.927,"density_per_km2":15631.71,"area_km2":0.25},"geometry":{"type":"Polygon","coordinates":[[[69.22114,41.34878],[69.22712,41.34877],[69.2271,41.34427],[69.22113,41.34428],[69.22114,41.34878]]]}},{"type":"Feature","properties":{"population":3719.762,"density_per_km2":14879.05,"area_km2":0.25},"geometry":{"type":"Polygon","coordinates":[[[69.22712,41.34877],[69.2331,41.34876],[69.23308,41.34426],[69.2271,41.34427],[69.22712,41.34877]]]}},{"type":"Feature","properties":{"population":3648.093,"density_per_km2":14592.37,"area_km2":0.25},"geometry":{"type":"Polygon","coordinates":[[[69.2331,41.34876],[69.23907,41.34875],[69.23906,41.34424],[69.23308,41.34426],[69.2331,41.34876]]]}},{"type":"Feature","properties":{"population":3643.679,"density_per_km2":14574.71,"area_km2":0.25},"geometry":{"type":"Polygon","coordinates":[[[69.23907,41.34875],[69.24505,41.34873],[69.24503,41.34423],[69.23906,41.34424],[69.23907,41.34875]]]}},{"type":"Feature","properties":{"population":2969.871,"density_per_km2":11879.48,"area_km2":0.25},"geometry":{"type":"Polygon","coordinates":[[[69.24505,41.34873],[69.25103,41.34872],[69.25101,41.34422],[69.24503,41.34423],[69.24505,41.34873]]]}},{"type":"Feature","properties":{"population":3531.81,"density_per_km2":14127.24,"area_km2":0.25},"geometry":{"type":"Polygon","coordinates":[[[69.25103,41.34872],[69.257,41.34871],[69.25698,41.3442],[69.25101,41.34422],[69.25103,41.34872]]]}},{"type":"Feature","properties":{"population":3793.697,"density_per_km2":15174.79,"area_km2":0.25},"geometry":{"type":"Polygon","coordinates":[[[69.257,41.34871],[69.26298,41.34869],[69.26296,41.34419],[69.25698,41.3442],[69.257,41.34871]]]}},{"type":"Feature","properties":{"population":2607.781,"density_per_km2":10431.12,"area_km2":0.25},"geometry":{"type":"Polygon","coordinates":[[[69.26298,41.34869],[69.26896,41.34868],[69.26894,41.34418],[69.26296,41.34419],[69.26298,41.34869]]]}},{"type":"Feature","properties":{"population":2628.291,"density_per_km2":10513.16,"area_km2":0.25},"geometry":{"type":"Polygon","coordinates":[[[69.26896,41.34868],[69.27493,41.34867],[69.27491,41.34416],[69.26894,41.34418],[69.26896,41.34868]]]}},{"type":"Feature","properties":{"population":2806.152,"density_per_km2":11224.61,"area_km2":0.25},"geometry":{"type":"Polygon","coordinates":[[[69.27493,41.34867],[69.28091,41.34865],[69.28089,41.34415],[69.27491,41.34416],[69.27493,41.34867]]]}},{"type":"Feature","properties":{"population":2472.363,"density_per_km2":9889.45,"area_km2":0.25},"geometry":{"type":"Polygon","coordinates":[[[69.28091,41.34865],[69.28689,41.34864],[69.28687,41.34413],[69.28089,41.34415],[69.28091,41.34865]]]}},{"type":"Feature","properties":{"population":2049.095,"density_per_km2":8196.38,"area_km2":0.25},"geometry":{"type":"Polygon","coordinates":[[[69.28689,41.34864],[69.29286,41.34862],[69.29284,41.34412],[69.28687,41.34413],[69.28689,41.34864]]]}},{"type":"Feature","properties":{"population":2597.909,"density_per_km2":10391.64,"area_km2":0.25},"geometry":{"type":"Polygon","coordinates":[[[69.29286,41.34862],[69.29884,41.34861],[69.29882,41.3441],[69.29284,41.34412],[69.29286,41.34862]]]}},{"type":"Feature","properties":{"population":2479.888,"density_per_km2":9919.55,"area_km2":0.25},"geometry":{"type":"Polygon","coordinates":[[[69.29884,41.34861],[69.30482,41.34859],[69.3048,41.34409],[69.29882,41.3441],[69.29884,41.34861]]]}},{"type":"Feature","properties":{"population":2022.975,"density_per_km2":8091.9,"area_km2":0.25},"geometry":{"type":"Polygon","coordinates":[[[69.30482,41.34859],[69.31079,41.34858],[69.31077,41.34407],[69.3048,41.34409],[69.30482,41.34859]]]}},{"type":"Feature","properties":{"population":568.368,"density_per_km2":2273.47,"area_km2":0.25},"geometry":{"type":"Polygon","coordinates":[[[69.31079,41.34858],[69.31677,41.34856],[69.31675,41.34406],[69.31077,41.34407],[69.31079,41.34858]]]}},{"type":"Feature","properties":{"population":693.299,"density_per_km2":2773.2,"area_km2":0.25},"geometry":{"type":"Polygon","coordinates":[[[69.31677,41.34856],[69.32275,41.34854],[69.32272,41.34404],[69.31675,41.34406],[69.31677,41.34856]]]}},{"type":"Feature","properties":{"population":2001.513,"density_per_km2":8006.05,"area_km2":0.25},"geometry":{"type":"Polygon","coordinates":[[[69.32275,41.34854],[69.32872,41.34853],[69.3287,41.34402],[69.32272,41.34404],[69.32275,41.34854]]]}},{"type":"Feature","properties":{"population":2828.212,"density_per_km2":11312.85,"area_km2":0.25},"geometry":{"type":"Polygon","coordinates":[[[69.32872,41.34853],[69.3347,41.34851],[69.33468,41.344],[69.3287,41.34402],[69.32872,41.34853]]]}},{"type":"Feature","properties":{"population":2230.432,"density_per_km2":8921.73,"area_km2":0.25},"geometry":{"type":"Polygon","coordinates":[[[69.3347,41.34851],[69.34068,41.34849],[69.34065,41.34399],[69.33468,41.344],[69.3347,41.34851]]]}},{"type":"Feature","properties":{"population":2289.304,"density_per_km2":9157.22,"area_km2":0.25},"geometry":{"type":"Polygon","coordinates":[[[69.34068,41.34849],[69.34665,41.34847],[69.34663,41.34397],[69.34065,41.34399],[69.34068,41.34849]]]}},{"type":"Feature","properties":{"population":2320.539,"density_per_km2":9282.16,"area_km2":0.25},"geometry":{"type":"Polygon","coordinates":[[[69.34665,41.34847],[69.35263,41.34845],[69.35261,41.34395],[69.34663,41.34397],[69.34665,41.34847]]]}},{"type":"Feature","properties":{"population":2022.1,"density_per_km2":8088.4,"area_km2":0.25},"geometry":{"type":"Polygon","coordinates":[[[69.35263,41.34845],[69.35861,41.34844],[69.35858,41.34393],[69.35261,41.34395],[69.35263,41.34845]]]}},{"type":"Feature","properties":{"population":2195.156,"density_per_km2":8780.62,"area_km2":0.25},"geometry":{"type":"Polygon","coordinates":[[[69.35861,41.34844],[69.36458,41.34842],[69.36456,41.34391],[69.35858,41.34393],[69.35861,41.34844]]]}},{"type":"Feature","properties":{"population":2143.818,"density_per_km2":8575.27,"area_km2":0.25},"geometry":{"type":"Polygon","coordinates":[[[69.36458,41.34842],[69.37056,41.3484],[69.37053,41.34389],[69.36456,41.34391],[69.36458,41.34842]]]}},{"type":"Feature","properties":{"population":924.238,"density_per_km2":3696.95,"area_km2":0.25},"geometry":{"type":"Polygon","coordinates":[[[69.37056,41.3484],[69.37654,41.34838],[69.37651,41.34388],[69.37053,41.34389],[69.37056,41.3484]]]}},{"type":"Feature","properties":{"population":1330.016,"density_per_km2":5320.06,"area_km2":0.25},"geometry":{"type":"Polygon","coordinates":[[[69.37654,41.34838],[69.38251,41.34836],[69.38249,41.34386],[69.37651,41.34388],[69.37654,41.34838]]]}},{"type":"Feature","properties":{"population":1729.216,"density_per_km2":6916.86,"area_km2":0.25},"geometry":{"type":"Polygon","coordinates":[[[69.38251,41.34836],[69.38849,41.34834],[69.38846,41.34384],[69.38249,41.34386],[69.38251,41.34836]]]}},{"type":"Feature","properties":{"population":1706.348,"density_per_km2":6825.39,"area_km2":0.25},"geometry":{"type":"Polygon","coordinates":[[[69.38849,41.34834],[69.39447,41.34832],[69.39444,41.34382],[69.38846,41.34384],[69.38849,41.34834]]]}},{"type":"Feature","properties":{"population":2007.0,"density_per_km2":8028.0,"area_km2":0.25},"geometry":{"type":"Polygon","coordinates":[[[69.39447,41.34832],[69.40044,41.3483],[69.40042,41.34379],[69.39444,41.34382],[69.39447,41.34832]]]}},{"type":"Feature","properties":{"population":1023.137,"density_per_km2":4092.55,"area_km2":0.25},"geometry":{"type":"Polygon","coordinates":[[[69.40044,41.3483],[69.40642,41.34828],[69.40639,41.34377],[69.40042,41.34379],[69.40044,41.3483]]]}},{"type":"Feature","properties":{"population":114.718,"density_per_km2":675.92,"area_km2":0.169722},"geometry":{"type":"Polygon","coordinates":[[[69.40642,41.34828],[69.41124,41.34826],[69.41115,41.34777],[69.41064,41.34627],[69.40971,41.34419],[69.40932,41.34376],[69.40639,41.34377],[69.40642,41.34828]]]}},{"type":"Feature","properties":{"population":0.22,"density_per_km2":7.04,"area_km2":0.031229},"geometry":{"type":"Polygon","coordinates":[[[69.4303,41.34369],[69.4303,41.344],[69.43628,41.34447],[69.43627,41.34366],[69.4303,41.34369]]]}},{"type":"Feature","properties":{"population":22.6,"density_per_km2":390.19,"area_km2":0.05792},"geometry":{"type":"Polygon","coordinates":[[[69.43627,41.34366],[69.43628,41.34447],[69.44045,41.34481],[69.44226,41.34485],[69.44225,41.34364],[69.43627,41.34366]]]}},{"type":"Feature","properties":{"population":37.126,"density_per_km2":519.72,"area_km2":0.071436},"geometry":{"type":"Polygon","coordinates":[[[69.44225,41.34364],[69.44226,41.34485],[69.44823,41.34499],[69.44822,41.34362],[69.44225,41.34364]]]}},{"type":"Feature","properties":{"population":57.506,"density_per_km2":714.85,"area_km2":0.080445},"geometry":{"type":"Polygon","coordinates":[[[69.44822,41.34362],[69.44823,41.34499],[69.45421,41.34513],[69.4542,41.34359],[69.44822,41.34362]]]}},{"type":"Feature","properties":{"population":161.838,"density_per_km2":1748.81,"area_km2":0.092542},"geometry":{"type":"Polygon","coordinates":[[[69.4542,41.34359],[69.45421,41.34513],[69.4573,41.3452],[69.46019,41.34549],[69.46018,41.34357],[69.4542,41.34359]]]}},{"type":"Feature","properties":{"population":54.439,"density_per_km2":402.42,"area_km2":0.135277},"geometry":{"type":"Polygon","coordinates":[[[69.46018,41.34357],[69.46019,41.34549],[69.46147,41.34563],[69.46618,41.3466],[69.46615,41.34355],[69.46018,41.34357]]]}},{"type":"Feature","properties":{"population":32.054,"density_per_km2":153.62,"area_km2":0.208659},"geometry":{"type":"Polygon","coordinates":[[[69.47213,41.34352],[69.46615,41.34355],[69.46618,41.3466],[69.46992,41.34738],[69.47152,41.34803],[69.47216,41.34803],[69.47213,41.34352]]]}},{"type":"Feature","properties":{"population":54.229,"density_per_km2":422.74,"area_km2":0.128281},"geometry":{"type":"Polygon","coordinates":[[[69.47216,41.34803],[69.47579,41.34801],[69.47714,41.34704],[69.47402,41.3449],[69.47352,41.34352],[69.47213,41.34352],[69.47216,41.34803]]]}},{"type":"Feature","properties":{"population":809.36,"density_per_km2":12319.94,"area_km2":0.065695},"geometry":{"type":"Polygon","coordinates":[[[69.16735,41.34887],[69.16516,41.34888],[69.1657,41.35109],[69.16656,41.35338],[69.16736,41.35338],[69.16735,41.34887]]]}},{"type":"Feature","properties":{"population":2310.523,"density_per_km2":9242.09,"area_km2":0.25},"geometry":{"type":"Polygon","coordinates":[[[69.16736,41.35338],[69.17334,41.35337],[69.17333,41.34886],[69.16735,41.34887],[69.16736,41.35338]]]}},{"type":"Feature","properties":{"population":2448.429,"density_per_km2":9793.71,"area_km2":0.25},"geometry":{"type":"Polygon","coordinates":[[[69.17334,41.35337],[69.17932,41.35336],[69.1793,41.34886],[69.17333,41.34886],[69.17334,41.35337]]]}},{"type":"Feature","properties":{"population":2746.391,"density_per_km2":10985.57,"area_km2":0.25},"geometry":{"type":"Polygon","coordinates":[[[69.17932,41.35336],[69.18529,41.35335],[69.18528,41.34885],[69.1793,41.34886],[69.17932,41.35336]]]}},{"type":"Feature","properties":{"population":3064.236,"density_per_km2":12256.94,"area_km2":0.25},"geometry":{"type":"Polygon","coordinates":[[[69.18529,41.35335],[69.19127,41.35334],[69.19126,41.34884],[69.18528,41.34885],[69.18529,41.35335]]]}},{"type":"Feature","properties":{"population":3006.283,"density_per_km2":12025.13,"area_km2":0.25},"geometry":{"type":"Polygon","coordinates":[[[69.19127,41.35334],[69.19725,41.35333],[69.19723,41.34883],[69.19126,41.34884],[69.19127,41.35334]]]}},{"type":"Feature","properties":{"population":2395.82,"density_per_km2":9583.28,"area_km2":0.25},"geometry":{"type":"Polygon","coordinates":[[[69.19725,41.35333],[69.20323,41.35332],[69.20321,41.34882],[69.19723,41.34883],[69.19725,41.35333]]]}},{"type":"Feature","properties":{"population":2261.526,"density_per_km2":9046.11,"area_km2":0.25},"geometry":{"type":"Polygon","coordinates":[[[69.20323,41.35332],[69.2092,41.35331],[69.20919,41.3488],[69.20321,41.34882],[69.20323,41.35332]]]}},{"type":"Feature","properties":{"population":2659.431,"density_per_km2":10637.72,"area_km2":0.25},"geometry":{"type":"Polygon","coordinates":[[[69.2092,41.35331],[69.21518,41.3533],[69.21517,41.34879],[69.20919,41.3488],[69.2092,41.35331]]]}},{"type":"Feature","properties":{"population":3182.357,"density_per_km2":12729.43,"area_km2":0.25},"geometry":{"type":"Polygon","coordinates":[[[69.21518,41.3533],[69.22116,41.35329],[69.22114,41.34878],[69.21517,41.34879],[69.21518,41.3533]]]}},{"type":"Feature","properties":{"population":3315.08,"density_per_km2":13260.32,"area_km2":0.25},"geometry":{"type":"Polygon","coordinates":[[[69.22116,41.35329],[69.22713,41.35327],[69.22712,41.34877],[69.22114,41.34878],[69.22116,41.35329]]]}},{"type":"Feature","properties":{"population":3241.09,"density_per_km2":12964.36,"area_km2":0.25},"geometry":{"type":"Polygon","coordinates":[[[69.22713,41.35327],[69.23311,41.35326],[69.2331,41.34876],[69.22712,41.34877],[69.22713,41.35327]]]}},{"type":"Feature","properties":{"population":3570.516,"density_per_km2":14282.07,"area_km2":0.25},"geometry":{"type":"Polygon","coordinates":[[[69.23311,41.35326],[69.23909,41.35325],[69.23907,41.34875],[69.2331,41.34876],[69.23311,41.35326]]]}},{"type":"Feature","properties":{"population":3583.41,"density_per_km2":14333.64,"area_km2":0.25},"geometry":{"type":"Polygon","coordinates":[[[69.23909,41.35325],[69.24507,41.35324],[69.24505,41.34873],[69.23907,41.34875],[69.23909,41.35325]]]}},{"type":"Feature","properties":{"population":3213.353,"density_per_km2":12853.41,"area_km2":0.25},"geometry":{"type":"Polygon","coordinates":[[[69.24507,41.35324],[69.25104,41.35323],[69.25103,41.34872],[69.24505,41.34873],[69.24507,41.35324]]]}},{"type":"Feature","properties":{"population":3702.751,"density_per_km2":14811.0,"area_km2":0.25},"geometry":{"type":"Polygon","coordinates":[[[69.25104,41.35323],[69.25702,41.35321],[69.257,41.34871],[69.25103,41.34872],[69.25104,41.35323]]]}},{"type":"Feature","properties":{"population":3642.843,"density_per_km2":14571.37,"area_km2":0.25},"geometry":{"type":"Polygon","coordinates":[[[69.25702,41.35321],[69.263,41.3532],[69.26298,41.34869],[69.257,41.34871],[69.25702,41.35321]]]}},{"type":"Feature","properties":{"population":2804.549,"density_per_km2":11218.19,"area_km2":0.25},"geometry":{"type":"Polygon","coordinates":[[[69.263,41.3532],[69.26897,41.35318],[69.26896,41.34868],[69.26298,41.34869],[69.263,41.3532]]]}},{"type":"Feature","properties":{"population":2782.565,"density_per_km2":11130.26,"area_km2":0.25},"geometry":{"type":"Polygon","coordinates":[[[69.26897,41.35318],[69.27495,41.35317],[69.27493,41.34867],[69.26896,41.34868],[69.26897,41.35318]]]}},{"type":"Feature","properties":{"population":2962.909,"density_per_km2":11851.64,"area_km2":0.25},"geometry":{"type":"Polygon","coordinates":[[[69.27495,41.35317],[69.28093,41.35316],[69.28091,41.34865],[69.27493,41.34867],[69.27495,41.35317]]]}},{"type":"Feature","properties":{"population":3356.446,"density_per_km2":13425.79,"area_km2":0.25},"geometry":{"type":"Polygon","coordinates":[[[69.28093,41.35316],[69.28691,41.35314],[69.28689,41.34864],[69.28091,41.34865],[69.28093,41.35316]]]}},{"type":"Feature","properties":{"population":2950.723,"density_per_km2":11802.89,"area_km2":0.25},"geometry":{"type":"Polygon","coordinates":[[[69.28691,41.35314],[69.29288,41.35313],[69.29286,41.34862],[69.28689,41.34864],[69.28691,41.35314]]]}},{"type":"Feature","properties":{"population":3344.159,"density_per_km2":13376.63,"area_km2":0.25},"geometry":{"type":"Polygon","coordinates":[[[69.29288,41.35313],[69.29886,41.35311],[69.29884,41.34861],[69.29286,41.34862],[69.29288,41.35313]]]}},{"type":"Feature","properties":{"population":2847.799,"density_per_km2":11391.2,"area_km2":0.25},"geometry":{"type":"Polygon","coordinates":[[[69.29886,41.35311],[69.30484,41.3531],[69.30482,41.34859],[69.29884,41.34861],[69.29886,41.35311]]]}},{"type":"Feature","properties":{"population":2431.75,"density_per_km2":9727.0,"area_km2":0.25},"geometry":{"type":"Polygon","coordinates":[[[69.30484,41.3531],[69.31081,41.35308],[69.31079,41.34858],[69.30482,41.34859],[69.30484,41.3531]]]}},{"type":"Feature","properties":{"population":852.22,"density_per_km2":3408.88,"area_km2":0.25},"geometry":{"type":"Polygon","coordinates":[[[69.31081,41.35308],[69.31679,41.35306],[69.31677,41.34856],[69.31079,41.34858],[69.31081,41.35308]]]}},{"type":"Feature","properties":{"population":3052.527,"density_per_km2":12210.11,"area_km2":0.25},"geometry":{"type":"Polygon","coordinates":[[[69.31679,41.35306],[69.32277,41.35305],[69.32275,41.34854],[69.31677,41.34856],[69.31679,41.35306]]]}},{"type":"Feature","properties":{"population":3387.824,"density_per_km2":13551.3,"area_km2":0.25},"geometry":{"type":"Polygon","coordinates":[[[69.32277,41.35305],[69.32875,41.35303],[69.32872,41.34853],[69.32275,41.34854],[69.32277,41.35305]]]}},{"type":"Feature","properties":{"population":3352.419,"density_per_km2":13409.68,"area_km2":0.25},"geometry":{"type":"Polygon","coordinates":[[[69.32875,41.35303],[69.33472,41.35301],[69.3347,41.34851],[69.32872,41.34853],[69.32875,41.35303]]]}},{"type":"Feature","properties":{"population":2621.73,"density_per_km2":10486.92,"area_km2":0.25},"geometry":{"type":"Polygon","coordinates":[[[69.33472,41.35301],[69.3407,41.35299],[69.34068,41.34849],[69.3347,41.34851],[69.33472,41.35301]]]}},{"type":"Feature","properties":{"population":2793.811,"density_per_km2":11175.24,"area_km2":0.25},"geometry":{"type":"Polygon","coordinates":[[[69.3407,41.35299],[69.34668,41.35298],[69.34665,41.34847],[69.34068,41.34849],[69.3407,41.35299]]]}},{"type":"Feature","properties":{"population":3134.411,"density_per_km2":12537.65,"area_km2":0.25},"geometry":{"type":"Polygon","coordinates":[[[69.34668,41.35298],[69.35265,41.35296],[69.35263,41.34845],[69.34665,41.34847],[69.34668,41.35298]]]}},{"type":"Feature","properties":{"population":2766.217,"density_per_km2":11064.87,"area_km2":0.25},"geometry":{"type":"Polygon","coordinates":[[[69.35265,41.35296],[69.35863,41.35294],[69.35861,41.34844],[69.35263,41.34845],[69.35265,41.35296]]]}},{"type":"Feature","properties":{"population":2616.397,"density_per_km2":10465.59,"area_km2":0.25},"geometry":{"type":"Polygon","coordinates":[[[69.35863,41.35294],[69.36461,41.35292],[69.36458,41.34842],[69.35861,41.34844],[69.35863,41.35294]]]}},{"type":"Feature","properties":{"population":1877.622,"density_per_km2":7510.49,"area_km2":0.25},"geometry":{"type":"Polygon","coordinates":[[[69.36461,41.35292],[69.37059,41.3529],[69.37056,41.3484],[69.36458,41.34842],[69.36461,41.35292]]]}},{"type":"Feature","properties":{"population":1722.906,"density_per_km2":6891.62,"area_km2":0.25},"geometry":{"type":"Polygon","coordinates":[[[69.37059,41.3529],[69.37656,41.35288],[69.37654,41.34838],[69.37056,41.3484],[69.37059,41.3529]]]}},{"type":"Feature","properties":{"population":1935.604,"density_per_km2":7742.41,"area_km2":0.25},"geometry":{"type":"Polygon","coordinates":[[[69.37656,41.35288],[69.38254,41.35286],[69.38251,41.34836],[69.37654,41.34838],[69.37656,41.35288]]]}},{"type":"Feature","properties":{"population":2043.928,"density_per_km2":8175.71,"area_km2":0.25},"geometry":{"type":"Polygon","coordinates":[[[69.38254,41.35286],[69.38852,41.35284],[69.38849,41.34834],[69.38251,41.34836],[69.38254,41.35286]]]}},{"type":"Feature","properties":{"population":1854.08,"density_per_km2":7416.32,"area_km2":0.25},"geometry":{"type":"Polygon","coordinates":[[[69.38852,41.35284],[69.39449,41.35282],[69.39447,41.34832],[69.38849,41.34834],[69.38852,41.35284]]]}},{"type":"Feature","properties":{"population":1872.699,"density_per_km2":7490.79,"area_km2":0.25},"geometry":{"type":"Polygon","coordinates":[[[69.39449,41.35282],[69.40047,41.3528],[69.40044,41.3483],[69.39447,41.34832],[69.39449,41.35282]]]}},{"type":"Feature","properties":{"population":1137.886,"density_per_km2":4551.54,"area_km2":0.25},"geometry":{"type":"Polygon","coordinates":[[[69.40047,41.3528],[69.40645,41.35278],[69.40642,41.34828],[69.40044,41.3483],[69.40047,41.3528]]]}},{"type":"Feature","properties":{"population":201.214,"density_per_km2":964.8,"area_km2":0.208556},"geometry":{"type":"Polygon","coordinates":[[[69.40645,41.35278],[69.41122,41.35276],[69.41125,41.35262],[69.41161,41.35023],[69.41124,41.34826],[69.40642,41.34828],[69.40645,41.35278]]]}},{"type":"Feature","properties":{"population":6.542,"density_per_km2":309.23,"area_km2":0.021155},"geometry":{"type":"Polygon","coordinates":[[[69.47216,41.34829],[69.47424,41.34912],[69.47579,41.34801],[69.47216,41.34803],[69.47216,41.34829]]]}},{"type":"Feature","properties":{"population":55.153,"density_per_km2":10116.4,"area_km2":0.005452},"geometry":{"type":"Polygon","coordinates":[[[69.16656,41.35338],[69.1667,41.35376],[69.16737,41.35469],[69.16736,41.35338],[69.16656,41.35338]]]}},{"type":"Feature","properties":{"population":1261.882,"density_per_km2":5884.12,"area_km2":0.214456},"geometry":{"type":"Polygon","coordinates":[[[69.17334,41.35337],[69.16736,41.35338],[69.16737,41.35469],[69.16888,41.35684],[69.17009,41.35788],[69.17335,41.35787],[69.17334,41.35337]]]}},{"type":"Feature","properties":{"population":2402.019,"density_per_km2":9608.08,"area_km2":0.25},"geometry":{"type":"Polygon","coordinates":[[[69.17335,41.35787],[69.17933,41.35786],[69.17932,41.35336],[69.17334,41.35337],[69.17335,41.35787]]]}},{"type":"Feature","properties":{"population":2851.169,"density_per_km2":11404.68,"area_km2":0.25},"geometry":{"type":"Polygon","coordinates":[[[69.17933,41.35786],[69.18531,41.35785],[69.18529,41.35335],[69.17932,41.35336],[69.17933,41.35786]]]}},{"type":"Feature","properties":{"population":2880.973,"density_per_km2":11523.89,"area_km2":0.25},"geometry":{"type":"Polygon","coordinates":[[[69.18531,41.35785],[69.19128,41.35784],[69.19127,41.35334],[69.18529,41.35335],[69.18531,41.35785]]]}},{"type":"Feature","properties":{"population":3176.9,"density_per_km2":12707.6,"area_km2":0.25},"geometry":{"type":"Polygon","coordinates":[[[69.19128,41.35784],[69.19726,41.35783],[69.19725,41.35333],[69.19127,41.35334],[69.19128,41.35784]]]}},{"type":"Feature","properties":{"population":2927.418,"density_per_km2":11709.67,"area_km2":0.25},"geometry":{"type":"Polygon","coordinates":[[[69.19726,41.35783],[69.20324,41.35782],[69.20323,41.35332],[69.19725,41.35333],[69.19726,41.35783]]]}},{"type":"Feature","properties":{"population":2604.319,"density_per_km2":10417.28,"area_km2":0.25},"geometry":{"type":"Polygon","coordinates":[[[69.20324,41.35782],[69.20922,41.35781],[69.2092,41.35331],[69.20323,41.35332],[69.20324,41.35782]]]}},{"type":"Feature","properties":{"population":3187.38,"density_per_km2":12749.52,"area_km2":0.25},"geometry":{"type":"Polygon","coordinates":[[[69.20922,41.35781],[69.21519,41.3578],[69.21518,41.3533],[69.2092,41.35331],[69.20922,41.35781]]]}},{"type":"Feature","properties":{"population":3443.516,"density_per_km2":13774.06,"area_km2":0.25},"geometry":{"type":"Polygon","coordinates":[[[69.21519,41.3578],[69.22117,41.35779],[69.22116,41.35329],[69.21518,41.3533],[69.21519,41.3578]]]}},{"type":"Feature","properties":{"population":3271.892,"density_per_km2":13087.57,"area_km2":0.25},"geometry":{"type":"Polygon","coordinates":[[[69.22117,41.35779],[69.22715,41.35778],[69.22713,41.35327],[69.22116,41.35329],[69.22117,41.35779]]]}},{"type":"Feature","properties":{"population":2143.578,"density_per_km2":8574.31,"area_km2":0.25},"geometry":{"type":"Polygon","coordinates":[[[69.22715,41.35778],[69.23313,41.35777],[69.23311,41.35326],[69.22713,41.35327],[69.22715,41.35778]]]}},{"type":"Feature","properties":{"population":2979.11,"density_per_km2":11916.44,"area_km2":0.25},"geometry":{"type":"Polygon","coordinates":[[[69.23313,41.35777],[69.23911,41.35775],[69.23909,41.35325],[69.23311,41.35326],[69.23313,41.35777]]]}},{"type":"Feature","properties":{"population":3006.446,"density_per_km2":12025.78,"area_km2":0.25},"geometry":{"type":"Polygon","coordinates":[[[69.23911,41.35775],[69.24508,41.35774],[69.24507,41.35324],[69.23909,41.35325],[69.23911,41.35775]]]}},{"type":"Feature","properties":{"population":1963.523,"density_per_km2":7854.09,"area_km2":0.25},"geometry":{"type":"Polygon","coordinates":[[[69.24508,41.35774],[69.25106,41.35773],[69.25104,41.35323],[69.24507,41.35324],[69.24508,41.35774]]]}},{"type":"Feature","properties":{"population":2263.004,"density_per_km2":9052.02,"area_km2":0.25},"geometry":{"type":"Polygon","coordinates":[[[69.25106,41.35773],[69.25704,41.35772],[69.25702,41.35321],[69.25104,41.35323],[69.25106,41.35773]]]}},{"type":"Feature","properties":{"population":1746.928,"density_per_km2":6987.71,"area_km2":0.25},"geometry":{"type":"Polygon","coordinates":[[[69.25704,41.35772],[69.26302,41.3577],[69.263,41.3532],[69.25702,41.35321],[69.25704,41.35772]]]}},{"type":"Feature","properties":{"population":1664.091,"density_per_km2":6656.36,"area_km2":0.25},"geometry":{"type":"Polygon","coordinates":[[[69.26302,41.3577],[69.26899,41.35769],[69.26897,41.35318],[69.263,41.3532],[69.26302,41.3577]]]}},{"type":"Feature","properties":{"population":2353.857,"density_per_km2":9415.43,"area_km2":0.25},"geometry":{"type":"Polygon","coordinates":[[[69.26899,41.35769],[69.27497,41.35767],[69.27495,41.35317],[69.26897,41.35318],[69.26899,41.35769]]]}},{"type":"Feature","properties":{"population":2509.855,"density_per_km2":10039.42,"area_km2":0.25},"geometry":{"type":"Polygon","coordinates":[[[69.27497,41.35767],[69.28095,41.35766],[69.28093,41.35316],[69.27495,41.35317],[69.27497,41.35767]]]}},{"type":"Feature","properties":{"population":2579.699,"density_per_km2":10318.79,"area_km2":0.25},"geometry":{"type":"Polygon","coordinates":[[[69.28095,41.35766],[69.28693,41.35765],[69.28691,41.35314],[69.28093,41.35316],[69.28095,41.35766]]]}},{"type":"Feature","properties":{"population":2881.893,"density_per_km2":11527.57,"area_km2":0.25},"geometry":{"type":"Polygon","coordinates":[[[69.28693,41.35765],[69.2929,41.35763],[69.29288,41.35313],[69.28691,41.35314],[69.28693,41.35765]]]}},{"type":"Feature","properties":{"population":2449.395,"density_per_km2":9797.58,"area_km2":0.25},"geometry":{"type":"Polygon","coordinates":[[[69.2929,41.35763],[69.29888,41.35761],[69.29886,41.35311],[69.29288,41.35313],[69.2929,41.35763]]]}},{"type":"Feature","properties":{"population":2052.724,"density_per_km2":8210.89,"area_km2":0.25},"geometry":{"type":"Polygon","coordinates":[[[69.29888,41.35761],[69.30486,41.3576],[69.30484,41.3531],[69.29886,41.35311],[69.29888,41.35761]]]}},{"type":"Feature","properties":{"population":2124.553,"density_per_km2":8498.21,"area_km2":0.25},"geometry":{"type":"Polygon","coordinates":[[[69.30486,41.3576],[69.31084,41.35758],[69.31081,41.35308],[69.30484,41.3531],[69.30486,41.3576]]]}},{"type":"Feature","properties":{"population":2398.237,"density_per_km2":9592.95,"area_km2":0.25},"geometry":{"type":"Polygon","coordinates":[[[69.31084,41.35758],[69.31681,41.35757],[69.31679,41.35306],[69.31081,41.35308],[69.31084,41.35758]]]}},{"type":"Feature","properties":{"population":711.045,"density_per_km2":2844.18,"area_km2":0.25},"geometry":{"type":"Polygon","coordinates":[[[69.31681,41.35757],[69.32279,41.35755],[69.32277,41.35305],[69.31679,41.35306],[69.31681,41.35757]]]}},{"type":"Feature","properties":{"population":2513.428,"density_per_km2":10053.71,"area_km2":0.25},"geometry":{"type":"Polygon","coordinates":[[[69.32279,41.35755],[69.32877,41.35753],[69.32875,41.35303],[69.32277,41.35305],[69.32279,41.35755]]]}},{"type":"Feature","properties":{"population":2202.576,"density_per_km2":8810.3,"area_km2":0.25},"geometry":{"type":"Polygon","coordinates":[[[69.32877,41.35753],[69.33475,41.35752],[69.33472,41.35301],[69.32875,41.35303],[69.32877,41.35753]]]}},{"type":"Feature","properties":{"population":2503.795,"density_per_km2":10015.18,"area_km2":0.25},"geometry":{"type":"Polygon","coordinates":[[[69.33475,41.35752],[69.34072,41.3575],[69.3407,41.35299],[69.33472,41.35301],[69.33475,41.35752]]]}},{"type":"Feature","properties":{"population":1862.782,"density_per_km2":9471.61,"area_km2":0.19667},"geometry":{"type":"Polygon","coordinates":[[[69.3407,41.35299],[69.34072,41.3575],[69.34164,41.3575],[69.34361,41.35628],[69.34379,41.35618],[69.34406,41.35601],[69.34426,41.35602],[69.34458,41.35603],[69.34508,41.35604],[69.34552,41.35601],[69.34596,41.35596],[69.34634,41.3559],[69.34669,41.35584],[69.34668,41.35298],[69.3407,41.35299]]]}},{"type":"Feature","properties":{"population":1116.2,"density_per_km2":9543.06,"area_km2":0.116964},"geometry":{"type":"Polygon","coordinates":[[[69.34668,41.35298],[69.34669,41.35584],[69.34677,41.35582],[69.34715,41.35573],[69.34758,41.35562],[69.34928,41.35508],[69.3499,41.35492],[69.35038,41.35481],[69.35078,41.35474],[69.35133,41.35466],[69.35196,41.35463],[69.35246,41.35463],[69.35266,41.35464],[69.35265,41.35296],[69.34668,41.35298]]]}},{"type":"Feature","properties":{"population":1215.662,"density_per_km2":8389.74,"area_km2":0.144899},"geometry":{"type":"Polygon","coordinates":[[[69.35863,41.35294],[69.35265,41.35296],[69.35266,41.35464],[69.35291,41.35465],[69.35323,41.35467],[69.3536,41.35472],[69.35396,41.35476],[69.35437,41.35486],[69.35482,41.35497],[69.3552,41.35509],[69.35551,41.3552],[69.35586,41.35533],[69.35613,41.35546],[69.35647,41.35562],[69.35676,41.35579],[69.35753,41.35651],[69.35767,41.35665],[69.35838,41.35744],[69.35866,41.35744],[69.35863,41.35294]]]}},{"type":"Feature","properties":{"population":2391.694,"density_per_km2":9566.78,"area_km2":0.25},"geometry":{"type":"Polygon","coordinates":[[[69.35866,41.35744],[69.36463,41.35743],[69.36461,41.35292],[69.35863,41.35294],[69.35866,41.35744]]]}},{"type":"Feature","properties":{"population":2374.556,"density_per_km2":9498.22,"area_km2":0.25},"geometry":{"type":"Polygon","coordinates":[[[69.36463,41.35743],[69.37061,41.35741],[69.37059,41.3529],[69.36461,41.35292],[69.36463,41.35743]]]}},{"type":"Feature","properties":{"population":2236.82,"density_per_km2":8947.28,"area_km2":0.25},"geometry":{"type":"Polygon","coordinates":[[[69.37061,41.35741],[69.37659,41.35739],[69.37656,41.35288],[69.37059,41.3529],[69.37061,41.35741]]]}},{"type":"Feature","properties":{"population":2229.154,"density_per_km2":8916.62,"area_km2":0.25},"geometry":{"type":"Polygon","coordinates":[[[69.37659,41.35739],[69.38257,41.35737],[69.38254,41.35286],[69.37656,41.35288],[69.37659,41.35739]]]}},{"type":"Feature","properties":{"population":2472.363,"density_per_km2":9889.45,"area_km2":0.25},"geometry":{"type":"Polygon","coordinates":[[[69.38257,41.35737],[69.38854,41.35735],[69.38852,41.35284],[69.38254,41.35286],[69.38257,41.35737]]]}},{"type":"Feature","properties":{"population":2397.538,"density_per_km2":9590.15,"area_km2":0.25},"geometry":{"type":"Polygon","coordinates":[[[69.38854,41.35735],[69.39452,41.35733],[69.39449,41.35282],[69.38852,41.35284],[69.38854,41.35735]]]}},{"type":"Feature","properties":{"population":2589.551,"density_per_km2":10358.2,"area_km2":0.25},"geometry":{"type":"Polygon","coordinates":[[[69.39452,41.35733],[69.4005,41.35731],[69.40047,41.3528],[69.39449,41.35282],[69.39452,41.35733]]]}},{"type":"Feature","properties":{"population":2462.837,"density_per_km2":9851.35,"area_km2":0.25},"geometry":{"type":"Polygon","coordinates":[[[69.4005,41.35731],[69.40648,41.35728],[69.40645,41.35278],[69.40047,41.3528],[69.4005,41.35731]]]}},{"type":"Feature","properties":{"population":620.724,"density_per_km2":3453.51,"area_km2":0.179737},"geometry":{"type":"Polygon","coordinates":[[[69.40648,41.35728],[69.4098,41.35727],[69.4108,41.35566],[69.41122,41.35276],[69.40645,41.35278],[69.40648,41.35728]]]}},{"type":"Feature","properties":{"population":734.034,"density_per_km2":17097.33,"area_km2":0.042933},"geometry":{"type":"Polygon","coordinates":[[[69.17009,41.35788],[69.17336,41.36071],[69.17335,41.35787],[69.17009,41.35788]]]}},{"type":"Feature","properties":{"population":3684.648,"density_per_km2":15768.77,"area_km2":0.233667},"geometry":{"type":"Polygon","coordinates":[[[69.17933,41.35786],[69.17335,41.35787],[69.17336,41.36071],[69.17436,41.36157],[69.17567,41.36237],[69.17934,41.36237],[69.17933,41.35786]]]}},{"type":"Feature","properties":{"population":3792.568,"density_per_km2":15170.27,"area_km2":0.25},"geometry":{"type":"Polygon","coordinates":[[[69.17934,41.36237],[69.18532,41.36236],[69.18531,41.35785],[69.17933,41.35786],[69.17934,41.36237]]]}},{"type":"Feature","properties":{"population":4536.775,"density_per_km2":18147.1,"area_km2":0.25},"geometry":{"type":"Polygon","coordinates":[[[69.18532,41.36236],[69.1913,41.36235],[69.19128,41.35784],[69.18531,41.35785],[69.18532,41.36236]]]}},{"type":"Feature","properties":{"population":3900.606,"density_per_km2":15602.43,"area_km2":0.25},"geometry":{"type":"Polygon","coordinates":[[[69.1913,41.36235],[69.19728,41.36234],[69.19726,41.35783],[69.19128,41.35784],[69.1913,41.36235]]]}},{"type":"Feature","properties":{"population":4124.798,"density_per_km2":16499.19,"area_km2":0.25},"geometry":{"type":"Polygon","coordinates":[[[69.19728,41.36234],[69.20325,41.36233],[69.20324,41.35782],[69.19726,41.35783],[69.19728,41.36234]]]}},{"type":"Feature","properties":{"population":4111.822,"density_per_km2":16447.29,"area_km2":0.25},"geometry":{"type":"Polygon","coordinates":[[[69.20325,41.36233],[69.20923,41.36232],[69.20922,41.35781],[69.20324,41.35782],[69.20325,41.36233]]]}},{"type":"Feature","properties":{"population":4211.054,"density_per_km2":16844.22,"area_km2":0.25},"geometry":{"type":"Polygon","coordinates":[[[69.20923,41.36232],[69.21521,41.36231],[69.21519,41.3578],[69.20922,41.35781],[69.20923,41.36232]]]}},{"type":"Feature","properties":{"population":4214.238,"density_per_km2":16856.95,"area_km2":0.25},"geometry":{"type":"Polygon","coordinates":[[[69.21521,41.36231],[69.22119,41.36229],[69.22117,41.35779],[69.21519,41.3578],[69.21521,41.36231]]]}},{"type":"Feature","properties":{"population":4692.198,"density_per_km2":18768.79,"area_km2":0.25},"geometry":{"type":"Polygon","coordinates":[[[69.22119,41.36229],[69.22717,41.36228],[69.22715,41.35778],[69.22117,41.35779],[69.22119,41.36229]]]}},{"type":"Feature","properties":{"population":4218.661,"density_per_km2":16874.64,"area_km2":0.25},"geometry":{"type":"Polygon","coordinates":[[[69.22717,41.36228],[69.23314,41.36227],[69.23313,41.35777],[69.22715,41.35778],[69.22717,41.36228]]]}},{"type":"Feature","properties":{"population":4003.928,"density_per_km2":16015.71,"area_km2":0.25},"geometry":{"type":"Polygon","coordinates":[[[69.23314,41.36227],[69.23912,41.36226],[69.23911,41.35775],[69.23313,41.35777],[69.23314,41.36227]]]}},{"type":"Feature","properties":{"population":2375.112,"density_per_km2":9500.45,"area_km2":0.25},"geometry":{"type":"Polygon","coordinates":[[[69.23912,41.36226],[69.2451,41.36225],[69.24508,41.35774],[69.23911,41.35775],[69.23912,41.36226]]]}},{"type":"Feature","properties":{"population":2227.494,"density_per_km2":8909.98,"area_km2":0.25},"geometry":{"type":"Polygon","coordinates":[[[69.2451,41.36225],[69.25108,41.36223],[69.25106,41.35773],[69.24508,41.35774],[69.2451,41.36225]]]}},{"type":"Feature","properties":{"population":1582.037,"density_per_km2":6328.15,"area_km2":0.25},"geometry":{"type":"Polygon","coordinates":[[[69.25108,41.36223],[69.25706,41.36222],[69.25704,41.35772],[69.25106,41.35773],[69.25108,41.36223]]]}},{"type":"Feature","properties":{"population":1703.524,"density_per_km2":6814.09,"area_km2":0.25},"geometry":{"type":"Polygon","coordinates":[[[69.25706,41.36222],[69.26303,41.36221],[69.26302,41.3577],[69.25704,41.35772],[69.25706,41.36222]]]}},{"type":"Feature","properties":{"population":2183.349,"density_per_km2":8733.4,"area_km2":0.25},"geometry":{"type":"Polygon","coordinates":[[[69.26303,41.36221],[69.26901,41.36219],[69.26899,41.35769],[69.26302,41.3577],[69.26303,41.36221]]]}},{"type":"Feature","properties":{"population":2778.106,"density_per_km2":11112.42,"area_km2":0.25},"geometry":{"type":"Polygon","coordinates":[[[69.26901,41.36219],[69.27499,41.36218],[69.27497,41.35767],[69.26899,41.35769],[69.26901,41.36219]]]}},{"type":"Feature","properties":{"population":2749.851,"density_per_km2":10999.41,"area_km2":0.25},"geometry":{"type":"Polygon","coordinates":[[[69.27499,41.36218],[69.28097,41.36216],[69.28095,41.35766],[69.27497,41.35767],[69.27499,41.36218]]]}},{"type":"Feature","properties":{"population":2866.583,"density_per_km2":11466.33,"area_km2":0.25},"geometry":{"type":"Polygon","coordinates":[[[69.28097,41.36216],[69.28695,41.36215],[69.28693,41.35765],[69.28095,41.35766],[69.28097,41.36216]]]}},{"type":"Feature","properties":{"population":3215.835,"density_per_km2":12863.34,"area_km2":0.25},"geometry":{"type":"Polygon","coordinates":[[[69.28695,41.36215],[69.29292,41.36213],[69.2929,41.35763],[69.28693,41.35765],[69.28695,41.36215]]]}},{"type":"Feature","properties":{"population":2832.094,"density_per_km2":11328.38,"area_km2":0.25},"geometry":{"type":"Polygon","coordinates":[[[69.29292,41.36213],[69.2989,41.36212],[69.29888,41.35761],[69.2929,41.35763],[69.29292,41.36213]]]}},{"type":"Feature","properties":{"population":2397.209,"density_per_km2":9588.84,"area_km2":0.25},"geometry":{"type":"Polygon","coordinates":[[[69.2989,41.36212],[69.30488,41.3621],[69.30486,41.3576],[69.29888,41.35761],[69.2989,41.36212]]]}},{"type":"Feature","properties":{"population":2327.525,"density_per_km2":9310.1,"area_km2":0.25},"geometry":{"type":"Polygon","coordinates":[[[69.30488,41.3621],[69.31086,41.36209],[69.31084,41.35758],[69.30486,41.3576],[69.30488,41.3621]]]}},{"type":"Feature","properties":{"population":2173.751,"density_per_km2":8695.0,"area_km2":0.25},"geometry":{"type":"Polygon","coordinates":[[[69.31086,41.36209],[69.31684,41.36207],[69.31681,41.35757],[69.31084,41.35758],[69.31086,41.36209]]]}},{"type":"Feature","properties":{"population":1870.892,"density_per_km2":7483.57,"area_km2":0.25},"geometry":{"type":"Polygon","coordinates":[[[69.31684,41.36207],[69.32281,41.36205],[69.32279,41.35755],[69.31681,41.35757],[69.31684,41.36207]]]}},{"type":"Feature","properties":{"population":1999.137,"density_per_km2":7996.55,"area_km2":0.25},"geometry":{"type":"Polygon","coordinates":[[[69.32281,41.36205],[69.32879,41.36204],[69.32877,41.35753],[69.32279,41.35755],[69.32281,41.36205]]]}},{"type":"Feature","properties":{"population":2638.876,"density_per_km2":10555.5,"area_km2":0.25},"geometry":{"type":"Polygon","coordinates":[[[69.32879,41.36204],[69.33477,41.36202],[69.33475,41.35752],[69.32877,41.35753],[69.32879,41.36204]]]}},{"type":"Feature","properties":{"population":1618.096,"density_per_km2":11554.3,"area_km2":0.140043},"geometry":{"type":"Polygon","coordinates":[[[69.33475,41.35752],[69.33477,41.36202],[69.33502,41.36202],[69.33563,41.36155],[69.33583,41.36143],[69.33828,41.35955],[69.34073,41.35806],[69.34072,41.3575],[69.33475,41.35752]]]}},{"type":"Feature","properties":{"population":1520.711,"density_per_km2":8307.55,"area_km2":0.183052},"geometry":{"type":"Polygon","coordinates":[[[69.36463,41.35743],[69.35866,41.35744],[69.35866,41.35776],[69.35907,41.35823],[69.36166,41.36143],[69.36191,41.36166],[69.36216,41.36185],[69.3623,41.36194],[69.36466,41.36193],[69.36463,41.35743]]]}},{"type":"Feature","properties":{"population":1940.318,"density_per_km2":7766.56,"area_km2":0.24983},"geometry":{"type":"Polygon","coordinates":[[[69.36463,41.35743],[69.36466,41.36193],[69.37011,41.36191],[69.37064,41.36184],[69.37061,41.35741],[69.36463,41.35743]]]}},{"type":"Feature","properties":{"population":1858.074,"density_per_km2":8121.25,"area_km2":0.228792},"geometry":{"type":"Polygon","coordinates":[[[69.37061,41.35741],[69.37064,41.36184],[69.37301,41.36152],[69.37421,41.36138],[69.37542,41.36134],[69.37661,41.36152],[69.37659,41.35739],[69.37061,41.35741]]]}},{"type":"Feature","properties":{"population":1942.586,"density_per_km2":7868.95,"area_km2":0.246867},"geometry":{"type":"Polygon","coordinates":[[[69.38257,41.35737],[69.37659,41.35739],[69.37661,41.36152],[69.3774,41.36163],[69.37811,41.36189],[69.38259,41.36187],[69.38257,41.35737]]]}},{"type":"Feature","properties":{"population":2093.738,"density_per_km2":8374.95,"area_km2":0.25},"geometry":{"type":"Polygon","coordinates":[[[69.38259,41.36187],[69.38857,41.36185],[69.38854,41.35735],[69.38257,41.35737],[69.38259,41.36187]]]}},{"type":"Feature","properties":{"population":1866.752,"density_per_km2":7467.01,"area_km2":0.25},"geometry":{"type":"Polygon","coordinates":[[[69.38857,41.36185],[69.39455,41.36183],[69.39452,41.35733],[69.38854,41.35735],[69.38857,41.36185]]]}},{"type":"Feature","properties":{"population":1394.195,"density_per_km2":5576.78,"area_km2":0.25},"geometry":{"type":"Polygon","coordinates":[[[69.39455,41.36183],[69.40053,41.36181],[69.4005,41.35731],[69.39452,41.35733],[69.39455,41.36183]]]}},{"type":"Feature","properties":{"population":1110.145,"density_per_km2":4440.58,"area_km2":0.25},"geometry":{"type":"Polygon","coordinates":[[[69.40053,41.36181],[69.4065,41.36179],[69.40648,41.35728],[69.4005,41.35731],[69.40053,41.36181]]]}},{"type":"Feature","properties":{"population":341.842,"density_per_km2":5254.05,"area_km2":0.065063},"geometry":{"type":"Polygon","coordinates":[[[69.4065,41.36179],[69.4067,41.36179],[69.40712,41.36105],[69.4088,41.35805],[69.40952,41.35773],[69.4098,41.35727],[69.40648,41.35728],[69.4065,41.36179]]]}},{"type":"Feature","properties":{"population":326.225,"density_per_km2":8464.79,"area_km2":0.038539},"geometry":{"type":"Polygon","coordinates":[[[69.17567,41.36237],[69.17935,41.36463],[69.17934,41.36237],[69.17567,41.36237]]]}},{"type":"Feature","properties":{"population":2797.726,"density_per_km2":13198.47,"area_km2":0.211974},"geometry":{"type":"Polygon","coordinates":[[[69.18532,41.36236],[69.17934,41.36237],[69.17935,41.36463],[69.18274,41.3667],[69.183,41.36686],[69.18533,41.36686],[69.18532,41.36236]]]}},{"type":"Feature","properties":{"population":3921.524,"density_per_km2":15686.09,"area_km2":0.25},"geometry":{"type":"Polygon","coordinates":[[[69.18533,41.36686],[69.19131,41.36685],[69.1913,41.36235],[69.18532,41.36236],[69.18533,41.36686]]]}},{"type":"Feature","properties":{"population":2960.435,"density_per_km2":11841.74,"area_km2":0.25},"geometry":{"type":"Polygon","coordinates":[[[69.19131,41.36685],[69.19729,41.36684],[69.19728,41.36234],[69.1913,41.36235],[69.19131,41.36685]]]}},{"type":"Feature","properties":{"population":3468.528,"density_per_km2":13874.11,"area_km2":0.25},"geometry":{"type":"Polygon","coordinates":[[[69.19729,41.36684],[69.20327,41.36683],[69.20325,41.36233],[69.19728,41.36234],[69.19729,41.36684]]]}},{"type":"Feature","properties":{"population":3568.72,"density_per_km2":14274.88,"area_km2":0.25},"geometry":{"type":"Polygon","coordinates":[[[69.20327,41.36683],[69.20925,41.36682],[69.20923,41.36232],[69.20325,41.36233],[69.20327,41.36683]]]}},{"type":"Feature","properties":{"population":3555.856,"density_per_km2":14223.43,"area_km2":0.25},"geometry":{"type":"Polygon","coordinates":[[[69.20925,41.36682],[69.21522,41.36681],[69.21521,41.36231],[69.20923,41.36232],[69.20925,41.36682]]]}},{"type":"Feature","properties":{"population":3388.952,"density_per_km2":13555.81,"area_km2":0.25},"geometry":{"type":"Polygon","coordinates":[[[69.21522,41.36681],[69.2212,41.3668],[69.22119,41.36229],[69.21521,41.36231],[69.21522,41.36681]]]}},{"type":"Feature","properties":{"population":4020.928,"density_per_km2":16083.71,"area_km2":0.25},"geometry":{"type":"Polygon","coordinates":[[[69.2212,41.3668],[69.22718,41.36679],[69.22717,41.36228],[69.22119,41.36229],[69.2212,41.3668]]]}},{"type":"Feature","properties":{"population":3251.203,"density_per_km2":13004.81,"area_km2":0.25},"geometry":{"type":"Polygon","coordinates":[[[69.22718,41.36679],[69.23316,41.36677],[69.23314,41.36227],[69.22717,41.36228],[69.22718,41.36679]]]}},{"type":"Feature","properties":{"population":3198.593,"density_per_km2":12794.37,"area_km2":0.25},"geometry":{"type":"Polygon","coordinates":[[[69.23316,41.36677],[69.23914,41.36676],[69.23912,41.36226],[69.23314,41.36227],[69.23316,41.36677]]]}},{"type":"Feature","properties":{"population":2156.707,"density_per_km2":8626.83,"area_km2":0.25},"geometry":{"type":"Polygon","coordinates":[[[69.23914,41.36676],[69.24512,41.36675],[69.2451,41.36225],[69.23912,41.36226],[69.23914,41.36676]]]}},{"type":"Feature","properties":{"population":1330.004,"density_per_km2":5320.02,"area_km2":0.25},"geometry":{"type":"Polygon","coordinates":[[[69.24512,41.36675],[69.2511,41.36674],[69.25108,41.36223],[69.2451,41.36225],[69.24512,41.36675]]]}},{"type":"Feature","properties":{"population":1161.551,"density_per_km2":4646.2,"area_km2":0.25},"geometry":{"type":"Polygon","coordinates":[[[69.2511,41.36674],[69.25707,41.36672],[69.25706,41.36222],[69.25108,41.36223],[69.2511,41.36674]]]}},{"type":"Feature","properties":{"population":1748.625,"density_per_km2":6994.5,"area_km2":0.25},"geometry":{"type":"Polygon","coordinates":[[[69.25707,41.36672],[69.26305,41.36671],[69.26303,41.36221],[69.25706,41.36222],[69.25707,41.36672]]]}},{"type":"Feature","properties":{"population":2349.185,"density_per_km2":9396.74,"area_km2":0.25},"geometry":{"type":"Polygon","coordinates":[[[69.26305,41.36671],[69.26903,41.3667],[69.26901,41.36219],[69.26303,41.36221],[69.26305,41.36671]]]}},{"type":"Feature","properties":{"population":2200.966,"density_per_km2":8803.86,"area_km2":0.25},"geometry":{"type":"Polygon","coordinates":[[[69.26903,41.3667],[69.27501,41.36668],[69.27499,41.36218],[69.26901,41.36219],[69.26903,41.3667]]]}},{"type":"Feature","properties":{"population":2234.488,"density_per_km2":8937.95,"area_km2":0.25},"geometry":{"type":"Polygon","coordinates":[[[69.27501,41.36668],[69.28099,41.36667],[69.28097,41.36216],[69.27499,41.36218],[69.27501,41.36668]]]}},{"type":"Feature","properties":{"population":2349.501,"density_per_km2":9398.0,"area_km2":0.25},"geometry":{"type":"Polygon","coordinates":[[[69.28099,41.36667],[69.28697,41.36665],[69.28695,41.36215],[69.28097,41.36216],[69.28099,41.36667]]]}},{"type":"Feature","properties":{"population":2197.352,"density_per_km2":8789.41,"area_km2":0.25},"geometry":{"type":"Polygon","coordinates":[[[69.28697,41.36665],[69.29294,41.36664],[69.29292,41.36213],[69.28695,41.36215],[69.28697,41.36665]]]}},{"type":"Feature","properties":{"population":2200.752,"density_per_km2":8803.01,"area_km2":0.25},"geometry":{"type":"Polygon","coordinates":[[[69.29294,41.36664],[69.29892,41.36662],[69.2989,41.36212],[69.29292,41.36213],[69.29294,41.36664]]]}},{"type":"Feature","properties":{"population":1752.296,"density_per_km2":7009.18,"area_km2":0.25},"geometry":{"type":"Polygon","coordinates":[[[69.29892,41.36662],[69.3049,41.36661],[69.30488,41.3621],[69.2989,41.36212],[69.29892,41.36662]]]}},{"type":"Feature","properties":{"population":1773.608,"density_per_km2":7094.43,"area_km2":0.25},"geometry":{"type":"Polygon","coordinates":[[[69.3049,41.36661],[69.31088,41.36659],[69.31086,41.36209],[69.30488,41.3621],[69.3049,41.36661]]]}},{"type":"Feature","properties":{"population":1835.034,"density_per_km2":7340.14,"area_km2":0.25},"geometry":{"type":"Polygon","coordinates":[[[69.31088,41.36659],[69.31686,41.36657],[69.31684,41.36207],[69.31086,41.36209],[69.31088,41.36659]]]}},{"type":"Feature","properties":{"population":2942.752,"density_per_km2":11771.01,"area_km2":0.25},"geometry":{"type":"Polygon","coordinates":[[[69.31686,41.36657],[69.32284,41.36656],[69.32281,41.36205],[69.31684,41.36207],[69.31686,41.36657]]]}},{"type":"Feature","properties":{"population":3136.519,"density_per_km2":12546.07,"area_km2":0.25},"geometry":{"type":"Polygon","coordinates":[[[69.32284,41.36656],[69.32881,41.36654],[69.32879,41.36204],[69.32281,41.36205],[69.32284,41.36656]]]}},{"type":"Feature","properties":{"population":1358.565,"density_per_km2":9986.28,"area_km2":0.136043},"geometry":{"type":"Polygon","coordinates":[[[69.32879,41.36204],[69.32881,41.36654],[69.3291,41.36654],[69.33094,41.36514],[69.33477,41.36221],[69.33477,41.36202],[69.32879,41.36204]]]}},{"type":"Feature","properties":{"population":152.377,"density_per_km2":15559.44,"area_km2":0.009793},"geometry":{"type":"Polygon","coordinates":[[[69.3623,41.36194],[69.36273,41.3622],[69.36325,41.36238],[69.36375,41.3625],[69.36425,41.36256],[69.36466,41.36256],[69.36466,41.36193],[69.3623,41.36194]]]}},{"type":"Feature","properties":{"population":210.753,"density_per_km2":12789.5,"area_km2":0.016479},"geometry":{"type":"Polygon","coordinates":[[[69.36466,41.36256],[69.36479,41.36256],[69.36985,41.36195],[69.37011,41.36191],[69.36466,41.36193],[69.36466,41.36256]]]}},{"type":"Feature","properties":{"population":381.866,"density_per_km2":11679.67,"area_km2":0.032695},"geometry":{"type":"Polygon","coordinates":[[[69.37811,41.36189],[69.3798,41.36249],[69.3826,41.36341],[69.38259,41.36187],[69.37811,41.36189]]]}},{"type":"Feature","properties":{"population":1233.601,"density_per_km2":8430.9,"area_km2":0.146319},"geometry":{"type":"Polygon","coordinates":[[[69.38259,41.36187],[69.3826,41.36341],[69.38369,41.36377],[69.38603,41.36468],[69.38859,41.36557],[69.38857,41.36185],[69.38259,41.36187]]]}},{"type":"Feature","properties":{"population":1801.058,"density_per_km2":7987.35,"area_km2":0.225489},"geometry":{"type":"Polygon","coordinates":[[[69.38857,41.36185],[69.38859,41.36557],[69.38925,41.3658],[69.39099,41.36622],[69.39154,41.36625],[69.39213,41.36613],[69.39284,41.36591],[69.39372,41.36561],[69.39441,41.36543],[69.39457,41.36536],[69.39455,41.36183],[69.38857,41.36185]]]}},{"type":"Feature","properties":{"population":1751.25,"density_per_km2":9575.43,"area_km2":0.18289},"geometry":{"type":"Polygon","coordinates":[[[69.39455,41.36183],[69.39457,41.36536],[69.39482,41.36524],[69.39543,41.36486],[69.39589,41.36432],[69.39886,41.36599],[69.39977,41.3648],[69.40045,41.36506],[69.40054,41.36488],[69.40053,41.36181],[69.39455,41.36183]]]}},{"type":"Feature","properties":{"population":469.806,"density_per_km2":5630.07,"area_km2":0.083446},"geometry":{"type":"Polygon","coordinates":[[[69.40053,41.36181],[69.40054,41.36488],[69.4006,41.36476],[69.40101,41.3649],[69.40104,41.36481],[69.4016,41.36302],[69.4044,41.36383],[69.4046,41.36377],[69.40474,41.36363],[69.40543,41.36236],[69.40599,41.3619],[69.40619,41.36189],[69.4065,41.36186],[69.4065,41.36179],[69.40053,41.36181]]]}},{"type":"Feature","properties":{"population":147.728,"density_per_km2":9322.37,"area_km2":0.015847},"geometry":{"type":"Polygon","coordinates":[[[69.183,41.36686],[69.18501,41.36812],[69.18534,41.36832],[69.18533,41.36686],[69.183,41.36686]]]}},{"type":"Feature","properties":{"population":2437.092,"density_per_km2":13426.84,"area_km2":0.181509},"geometry":{"type":"Polygon","coordinates":[[[69.19131,41.36685],[69.18533,41.36686],[69.18534,41.36832],[69.1902,41.37136],[69.19132,41.37136],[69.19131,41.36685]]]}},{"type":"Feature","properties":{"population":3793.433,"density_per_km2":15173.73,"area_km2":0.25},"geometry":{"type":"Polygon","coordinates":[[[69.19132,41.37136],[69.1973,41.37135],[69.19729,41.36684],[69.19131,41.36685],[69.19132,41.37136]]]}},{"type":"Feature","properties":{"population":3709.954,"density_per_km2":14839.82,"area_km2":0.25},"geometry":{"type":"Polygon","coordinates":[[[69.1973,41.37135],[69.20328,41.37133],[69.20327,41.36683],[69.19729,41.36684],[69.1973,41.37135]]]}},{"type":"Feature","properties":{"population":4089.919,"density_per_km2":16359.68,"area_km2":0.25},"geometry":{"type":"Polygon","coordinates":[[[69.20328,41.37133],[69.20926,41.37132],[69.20925,41.36682],[69.20327,41.36683],[69.20328,41.37133]]]}},{"type":"Feature","properties":{"population":4122.407,"density_per_km2":16489.63,"area_km2":0.25},"geometry":{"type":"Polygon","coordinates":[[[69.20926,41.37132],[69.21524,41.37131],[69.21522,41.36681],[69.20925,41.36682],[69.20926,41.37132]]]}},{"type":"Feature","properties":{"population":3655.126,"density_per_km2":14620.51,"area_km2":0.25},"geometry":{"type":"Polygon","coordinates":[[[69.21524,41.37131],[69.22122,41.3713],[69.2212,41.3668],[69.21522,41.36681],[69.21524,41.37131]]]}},{"type":"Feature","properties":{"population":4336.699,"density_per_km2":17346.8,"area_km2":0.25},"geometry":{"type":"Polygon","coordinates":[[[69.22122,41.3713],[69.2272,41.37129],[69.22718,41.36679],[69.2212,41.3668],[69.22122,41.3713]]]}},{"type":"Feature","properties":{"population":3393.002,"density_per_km2":13572.01,"area_km2":0.25},"geometry":{"type":"Polygon","coordinates":[[[69.2272,41.37129],[69.23318,41.37128],[69.23316,41.36677],[69.22718,41.36679],[69.2272,41.37129]]]}},{"type":"Feature","properties":{"population":3451.821,"density_per_km2":13807.28,"area_km2":0.25},"geometry":{"type":"Polygon","coordinates":[[[69.23318,41.37128],[69.23915,41.37127],[69.23914,41.36676],[69.23316,41.36677],[69.23318,41.37128]]]}},{"type":"Feature","properties":{"population":2977.134,"density_per_km2":11908.53,"area_km2":0.25},"geometry":{"type":"Polygon","coordinates":[[[69.23915,41.37127],[69.24513,41.37125],[69.24512,41.36675],[69.23914,41.36676],[69.23915,41.37127]]]}},{"type":"Feature","properties":{"population":1244.871,"density_per_km2":4979.48,"area_km2":0.25},"geometry":{"type":"Polygon","coordinates":[[[69.24513,41.37125],[69.25111,41.37124],[69.2511,41.36674],[69.24512,41.36675],[69.24513,41.37125]]]}},{"type":"Feature","properties":{"population":1745.52,"density_per_km2":6982.08,"area_km2":0.25},"geometry":{"type":"Polygon","coordinates":[[[69.25111,41.37124],[69.25709,41.37123],[69.25707,41.36672],[69.2511,41.36674],[69.25111,41.37124]]]}},{"type":"Feature","properties":{"population":2056.811,"density_per_km2":8227.24,"area_km2":0.25},"geometry":{"type":"Polygon","coordinates":[[[69.25709,41.37123],[69.26307,41.37121],[69.26305,41.36671],[69.25707,41.36672],[69.25709,41.37123]]]}},{"type":"Feature","properties":{"population":2696.792,"density_per_km2":10787.17,"area_km2":0.25},"geometry":{"type":"Polygon","coordinates":[[[69.26307,41.37121],[69.26905,41.3712],[69.26903,41.3667],[69.26305,41.36671],[69.26307,41.37121]]]}},{"type":"Feature","properties":{"population":2783.24,"density_per_km2":11132.96,"area_km2":0.25},"geometry":{"type":"Polygon","coordinates":[[[69.26905,41.3712],[69.27503,41.37119],[69.27501,41.36668],[69.26903,41.3667],[69.26905,41.3712]]]}},{"type":"Feature","properties":{"population":2563.606,"density_per_km2":10254.42,"area_km2":0.25},"geometry":{"type":"Polygon","coordinates":[[[69.27503,41.37119],[69.28101,41.37117],[69.28099,41.36667],[69.27501,41.36668],[69.27503,41.37119]]]}},{"type":"Feature","properties":{"population":2340.204,"density_per_km2":9360.82,"area_km2":0.25},"geometry":{"type":"Polygon","coordinates":[[[69.28101,41.37117],[69.28699,41.37116],[69.28697,41.36665],[69.28099,41.36667],[69.28101,41.37117]]]}},{"type":"Feature","properties":{"population":2504.552,"density_per_km2":10018.21,"area_km2":0.25},"geometry":{"type":"Polygon","coordinates":[[[69.28699,41.37116],[69.29296,41.37114],[69.29294,41.36664],[69.28697,41.36665],[69.28699,41.37116]]]}},{"type":"Feature","properties":{"population":1946.975,"density_per_km2":7787.9,"area_km2":0.25},"geometry":{"type":"Polygon","coordinates":[[[69.29296,41.37114],[69.29894,41.37113],[69.29892,41.36662],[69.29294,41.36664],[69.29296,41.37114]]]}},{"type":"Feature","properties":{"population":1872.228,"density_per_km2":7488.91,"area_km2":0.25},"geometry":{"type":"Polygon","coordinates":[[[69.29894,41.37113],[69.30492,41.37111],[69.3049,41.36661],[69.29892,41.36662],[69.29894,41.37113]]]}},{"type":"Feature","properties":{"population":2126.744,"density_per_km2":8506.98,"area_km2":0.25},"geometry":{"type":"Polygon","coordinates":[[[69.30492,41.37111],[69.3109,41.37109],[69.31088,41.36659],[69.3049,41.36661],[69.30492,41.37111]]]}},{"type":"Feature","properties":{"population":2313.252,"density_per_km2":9253.01,"area_km2":0.25},"geometry":{"type":"Polygon","coordinates":[[[69.3109,41.37109],[69.31688,41.37108],[69.31686,41.36657],[69.31088,41.36659],[69.3109,41.37109]]]}},{"type":"Feature","properties":{"population":2317.042,"density_per_km2":9268.17,"area_km2":0.25},"geometry":{"type":"Polygon","coordinates":[[[69.31688,41.37108],[69.32286,41.37106],[69.32284,41.36656],[69.31686,41.36657],[69.31688,41.37108]]]}},{"type":"Feature","properties":{"population":1529.321,"density_per_km2":10713.15,"area_km2":0.142752},"geometry":{"type":"Polygon","coordinates":[[[69.32284,41.36656],[69.32286,41.37106],[69.32401,41.37106],[69.32415,41.37077],[69.32459,41.37014],[69.32506,41.36967],[69.32647,41.36856],[69.32881,41.36676],[69.32881,41.36654],[69.32284,41.36656]]]}},{"type":"Feature","properties":{"population":1845.747,"density_per_km2":12887.3,"area_km2":0.143222},"geometry":{"type":"Polygon","coordinates":[[[69.19132,41.37136],[69.19133,41.37206],[69.19732,41.3758],[69.1973,41.37135],[69.19132,41.37136]]]}},{"type":"Feature","properties":{"population":2952.357,"density_per_km2":11810.3,"area_km2":0.249982},"geometry":{"type":"Polygon","coordinates":[[[69.20328,41.37133],[69.1973,41.37135],[69.19732,41.3758],[69.1974,41.37585],[69.2033,41.37584],[69.20328,41.37133]]]}},{"type":"Feature","properties":{"population":2813.248,"density_per_km2":11252.99,"area_km2":0.25},"geometry":{"type":"Polygon","coordinates":[[[69.2033,41.37584],[69.20928,41.37583],[69.20926,41.37132],[69.20328,41.37133],[69.2033,41.37584]]]}},{"type":"Feature","properties":{"population":2721.419,"density_per_km2":10885.68,"area_km2":0.25},"geometry":{"type":"Polygon","coordinates":[[[69.20928,41.37583],[69.21525,41.37582],[69.21524,41.37131],[69.20926,41.37132],[69.20928,41.37583]]]}},{"type":"Feature","properties":{"population":2760.564,"density_per_km2":11042.25,"area_km2":0.25},"geometry":{"type":"Polygon","coordinates":[[[69.21525,41.37582],[69.22123,41.37581],[69.22122,41.3713],[69.21524,41.37131],[69.21525,41.37582]]]}},{"type":"Feature","properties":{"population":3203.066,"density_per_km2":12812.26,"area_km2":0.25},"geometry":{"type":"Polygon","coordinates":[[[69.22123,41.37581],[69.22721,41.37579],[69.2272,41.37129],[69.22122,41.3713],[69.22123,41.37581]]]}},{"type":"Feature","properties":{"population":2365.272,"density_per_km2":9461.09,"area_km2":0.25},"geometry":{"type":"Polygon","coordinates":[[[69.22721,41.37579],[69.23319,41.37578],[69.23318,41.37128],[69.2272,41.37129],[69.22721,41.37579]]]}},{"type":"Feature","properties":{"population":2226.144,"density_per_km2":8904.58,"area_km2":0.25},"geometry":{"type":"Polygon","coordinates":[[[69.23319,41.37578],[69.23917,41.37577],[69.23915,41.37127],[69.23318,41.37128],[69.23319,41.37578]]]}},{"type":"Feature","properties":{"population":2342.037,"density_per_km2":9368.15,"area_km2":0.25},"geometry":{"type":"Polygon","coordinates":[[[69.23917,41.37577],[69.24515,41.37576],[69.24513,41.37125],[69.23915,41.37127],[69.23917,41.37577]]]}},{"type":"Feature","properties":{"population":2030.884,"density_per_km2":8123.53,"area_km2":0.25},"geometry":{"type":"Polygon","coordinates":[[[69.24515,41.37576],[69.25113,41.37574],[69.25111,41.37124],[69.24513,41.37125],[69.24515,41.37576]]]}},{"type":"Feature","properties":{"population":2668.365,"density_per_km2":10673.46,"area_km2":0.25},"geometry":{"type":"Polygon","coordinates":[[[69.25113,41.37574],[69.25711,41.37573],[69.25709,41.37123],[69.25111,41.37124],[69.25113,41.37574]]]}},{"type":"Feature","properties":{"population":3093.197,"density_per_km2":12372.79,"area_km2":0.25},"geometry":{"type":"Polygon","coordinates":[[[69.25711,41.37573],[69.26309,41.37572],[69.26307,41.37121],[69.25709,41.37123],[69.25711,41.37573]]]}},{"type":"Feature","properties":{"population":2861.001,"density_per_km2":11444.0,"area_km2":0.25},"geometry":{"type":"Polygon","coordinates":[[[69.26309,41.37572],[69.26907,41.3757],[69.26905,41.3712],[69.26307,41.37121],[69.26309,41.37572]]]}},{"type":"Feature","properties":{"population":3327.173,"density_per_km2":13308.69,"area_km2":0.25},"geometry":{"type":"Polygon","coordinates":[[[69.26907,41.3757],[69.27505,41.37569],[69.27503,41.37119],[69.26905,41.3712],[69.26907,41.3757]]]}},{"type":"Feature","properties":{"population":3391.477,"density_per_km2":13565.91,"area_km2":0.25},"geometry":{"type":"Polygon","coordinates":[[[69.27505,41.37569],[69.28103,41.37567],[69.28101,41.37117],[69.27503,41.37119],[69.27505,41.37569]]]}},{"type":"Feature","properties":{"population":2647.212,"density_per_km2":10588.85,"area_km2":0.25},"geometry":{"type":"Polygon","coordinates":[[[69.28103,41.37567],[69.287,41.37566],[69.28699,41.37116],[69.28101,41.37117],[69.28103,41.37567]]]}},{"type":"Feature","properties":{"population":3022.112,"density_per_km2":12088.45,"area_km2":0.25},"geometry":{"type":"Polygon","coordinates":[[[69.287,41.37566],[69.29298,41.37565],[69.29296,41.37114],[69.28699,41.37116],[69.287,41.37566]]]}},{"type":"Feature","properties":{"population":2665.742,"density_per_km2":10662.97,"area_km2":0.25},"geometry":{"type":"Polygon","coordinates":[[[69.29298,41.37565],[69.29896,41.37563],[69.29894,41.37113],[69.29296,41.37114],[69.29298,41.37565]]]}},{"type":"Feature","properties":{"population":2404.665,"density_per_km2":9618.66,"area_km2":0.25},"geometry":{"type":"Polygon","coordinates":[[[69.29896,41.37563],[69.30494,41.37561],[69.30492,41.37111],[69.29894,41.37113],[69.29896,41.37563]]]}},{"type":"Feature","properties":{"population":2576.846,"density_per_km2":10307.38,"area_km2":0.25},"geometry":{"type":"Polygon","coordinates":[[[69.30494,41.37561],[69.31092,41.3756],[69.3109,41.37109],[69.30492,41.37111],[69.30494,41.37561]]]}},{"type":"Feature","properties":{"population":2519.164,"density_per_km2":10076.66,"area_km2":0.25},"geometry":{"type":"Polygon","coordinates":[[[69.31092,41.3756],[69.3169,41.37558],[69.31688,41.37108],[69.3109,41.37109],[69.31092,41.3756]]]}},{"type":"Feature","properties":{"population":2631.276,"density_per_km2":10898.35,"area_km2":0.241438},"geometry":{"type":"Polygon","coordinates":[[[69.31688,41.37108],[69.3169,41.37558],[69.32198,41.37557],[69.32287,41.37351],[69.32286,41.37106],[69.31688,41.37108]]]}},{"type":"Feature","properties":{"population":299.844,"density_per_km2":22861.69,"area_km2":0.013116},"geometry":{"type":"Polygon","coordinates":[[[69.32287,41.37351],[69.32291,41.37342],[69.32401,41.37106],[69.32286,41.37106],[69.32287,41.37351]]]}},{"type":"Feature","properties":{"population":1148.737,"density_per_km2":11344.69,"area_km2":0.101258},"geometry":{"type":"Polygon","coordinates":[[[69.1974,41.37585],[69.20331,41.37954],[69.2033,41.37584],[69.1974,41.37585]]]}},{"type":"Feature","properties":{"population":2949.504,"density_per_km2":12029.66,"area_km2":0.245186},"geometry":{"type":"Polygon","coordinates":[[[69.20928,41.37583],[69.2033,41.37584],[69.20331,41.37954],[69.2046,41.38034],[69.20929,41.38033],[69.20928,41.37583]]]}},{"type":"Feature","properties":{"population":2814.918,"density_per_km2":11259.67,"area_km2":0.25},"geometry":{"type":"Polygon","coordinates":[[[69.20929,41.38033],[69.21527,41.38032],[69.21525,41.37582],[69.20928,41.37583],[69.20929,41.38033]]]}},{"type":"Feature","properties":{"population":2807.723,"density_per_km2":11230.89,"area_km2":0.25},"geometry":{"type":"Polygon","coordinates":[[[69.21527,41.38032],[69.22125,41.38031],[69.22123,41.37581],[69.21525,41.37582],[69.21527,41.38032]]]}},{"type":"Feature","properties":{"population":2996.314,"density_per_km2":11985.26,"area_km2":0.25},"geometry":{"type":"Polygon","coordinates":[[[69.22125,41.38031],[69.22723,41.3803],[69.22721,41.37579],[69.22123,41.37581],[69.22125,41.38031]]]}},{"type":"Feature","properties":{"population":2268.646,"density_per_km2":9074.58,"area_km2":0.25},"geometry":{"type":"Polygon","coordinates":[[[69.22723,41.3803],[69.23321,41.38029],[69.23319,41.37578],[69.22721,41.37579],[69.22723,41.3803]]]}},{"type":"Feature","properties":{"population":2349.91,"density_per_km2":9399.64,"area_km2":0.25},"geometry":{"type":"Polygon","coordinates":[[[69.23321,41.38029],[69.23919,41.38027],[69.23917,41.37577],[69.23319,41.37578],[69.23321,41.38029]]]}},{"type":"Feature","properties":{"population":1841.494,"density_per_km2":7365.98,"area_km2":0.25},"geometry":{"type":"Polygon","coordinates":[[[69.23919,41.38027],[69.24517,41.38026],[69.24515,41.37576],[69.23917,41.37577],[69.23919,41.38027]]]}},{"type":"Feature","properties":{"population":1648.015,"density_per_km2":6592.06,"area_km2":0.25},"geometry":{"type":"Polygon","coordinates":[[[69.24517,41.38026],[69.25115,41.38025],[69.25113,41.37574],[69.24515,41.37576],[69.24517,41.38026]]]}},{"type":"Feature","properties":{"population":2304.831,"density_per_km2":9219.32,"area_km2":0.25},"geometry":{"type":"Polygon","coordinates":[[[69.25115,41.38025],[69.25713,41.38023],[69.25711,41.37573],[69.25113,41.37574],[69.25115,41.38025]]]}},{"type":"Feature","properties":{"population":2540.613,"density_per_km2":10162.45,"area_km2":0.25},"geometry":{"type":"Polygon","coordinates":[[[69.25713,41.38023],[69.26311,41.38022],[69.26309,41.37572],[69.25711,41.37573],[69.25713,41.38023]]]}},{"type":"Feature","properties":{"population":2481.037,"density_per_km2":9924.15,"area_km2":0.25},"geometry":{"type":"Polygon","coordinates":[[[69.26311,41.38022],[69.26909,41.38021],[69.26907,41.3757],[69.26309,41.37572],[69.26311,41.38022]]]}},{"type":"Feature","properties":{"population":2660.764,"density_per_km2":10643.06,"area_km2":0.25},"geometry":{"type":"Polygon","coordinates":[[[69.26909,41.38021],[69.27507,41.38019],[69.27505,41.37569],[69.26907,41.3757],[69.26909,41.38021]]]}},{"type":"Feature","properties":{"population":2532.926,"density_per_km2":10131.7,"area_km2":0.25},"geometry":{"type":"Polygon","coordinates":[[[69.27507,41.38019],[69.28105,41.38018],[69.28103,41.37567],[69.27505,41.37569],[69.27507,41.38019]]]}},{"type":"Feature","properties":{"population":2295.31,"density_per_km2":9181.24,"area_km2":0.25},"geometry":{"type":"Polygon","coordinates":[[[69.28105,41.38018],[69.28702,41.38016],[69.287,41.37566],[69.28103,41.37567],[69.28105,41.38018]]]}},{"type":"Feature","properties":{"population":2393.336,"density_per_km2":9573.34,"area_km2":0.25},"geometry":{"type":"Polygon","coordinates":[[[69.28702,41.38016],[69.293,41.38015],[69.29298,41.37565],[69.287,41.37566],[69.28702,41.38016]]]}},{"type":"Feature","properties":{"population":2067.124,"density_per_km2":8268.5,"area_km2":0.25},"geometry":{"type":"Polygon","coordinates":[[[69.293,41.38015],[69.29898,41.38013],[69.29896,41.37563],[69.29298,41.37565],[69.293,41.38015]]]}},{"type":"Feature","properties":{"population":1766.841,"density_per_km2":7067.37,"area_km2":0.25},"geometry":{"type":"Polygon","coordinates":[[[69.29898,41.38013],[69.30496,41.38012],[69.30494,41.37561],[69.29896,41.37563],[69.29898,41.38013]]]}},{"type":"Feature","properties":{"population":1733.18,"density_per_km2":6932.72,"area_km2":0.25},"geometry":{"type":"Polygon","coordinates":[[[69.30496,41.38012],[69.31094,41.3801],[69.31092,41.3756],[69.30494,41.37561],[69.30496,41.38012]]]}},{"type":"Feature","properties":{"population":1748.587,"density_per_km2":6994.35,"area_km2":0.25},"geometry":{"type":"Polygon","coordinates":[[[69.31094,41.3801],[69.31692,41.38009],[69.3169,41.37558],[69.31092,41.3756],[69.31094,41.3801]]]}},{"type":"Feature","properties":{"population":1588.049,"density_per_km2":9280.62,"area_km2":0.171114},"geometry":{"type":"Polygon","coordinates":[[[69.31692,41.38009],[69.32003,41.38008],[69.32198,41.37557],[69.3169,41.37558],[69.31692,41.38009]]]}},{"type":"Feature","properties":{"population":872.656,"density_per_km2":13620.29,"area_km2":0.06407},"geometry":{"type":"Polygon","coordinates":[[[69.2046,41.38034],[69.2093,41.38327],[69.20929,41.38033],[69.2046,41.38034]]]}},{"type":"Feature","properties":{"population":3332.742,"density_per_km2":14140.56,"area_km2":0.235687},"geometry":{"type":"Polygon","coordinates":[[[69.21527,41.38032],[69.20929,41.38033],[69.2093,41.38327],[69.21046,41.384],[69.21082,41.38483],[69.21528,41.38482],[69.21527,41.38032]]]}},{"type":"Feature","properties":{"population":3805.505,"density_per_km2":15222.02,"area_km2":0.25},"geometry":{"type":"Polygon","coordinates":[[[69.21528,41.38482],[69.22126,41.38481],[69.22125,41.38031],[69.21527,41.38032],[69.21528,41.38482]]]}},{"type":"Feature","properties":{"population":3060.959,"density_per_km2":12243.84,"area_km2":0.25},"geometry":{"type":"Polygon","coordinates":[[[69.22126,41.38481],[69.22724,41.3848],[69.22723,41.3803],[69.22125,41.38031],[69.22126,41.38481]]]}},{"type":"Feature","properties":{"population":2951.182,"density_per_km2":11804.73,"area_km2":0.25},"geometry":{"type":"Polygon","coordinates":[[[69.22724,41.3848],[69.23322,41.38479],[69.23321,41.38029],[69.22723,41.3803],[69.22724,41.3848]]]}},{"type":"Feature","properties":{"population":2611.477,"density_per_km2":10445.91,"area_km2":0.25},"geometry":{"type":"Polygon","coordinates":[[[69.23322,41.38479],[69.2392,41.38478],[69.23919,41.38027],[69.23321,41.38029],[69.23322,41.38479]]]}},{"type":"Feature","properties":{"population":1954.463,"density_per_km2":7817.85,"area_km2":0.25},"geometry":{"type":"Polygon","coordinates":[[[69.2392,41.38478],[69.24518,41.38476],[69.24517,41.38026],[69.23919,41.38027],[69.2392,41.38478]]]}},{"type":"Feature","properties":{"population":2296.634,"density_per_km2":9186.54,"area_km2":0.25},"geometry":{"type":"Polygon","coordinates":[[[69.24518,41.38476],[69.25116,41.38475],[69.25115,41.38025],[69.24517,41.38026],[69.24518,41.38476]]]}},{"type":"Feature","properties":{"population":2522.547,"density_per_km2":10090.19,"area_km2":0.25},"geometry":{"type":"Polygon","coordinates":[[[69.25116,41.38475],[69.25714,41.38474],[69.25713,41.38023],[69.25115,41.38025],[69.25116,41.38475]]]}},{"type":"Feature","properties":{"population":2585.448,"density_per_km2":10341.79,"area_km2":0.25},"geometry":{"type":"Polygon","coordinates":[[[69.25714,41.38474],[69.26312,41.38472],[69.26311,41.38022],[69.25713,41.38023],[69.25714,41.38474]]]}},{"type":"Feature","properties":{"population":2618.942,"density_per_km2":10475.77,"area_km2":0.25},"geometry":{"type":"Polygon","coordinates":[[[69.26312,41.38472],[69.2691,41.38471],[69.26909,41.38021],[69.26311,41.38022],[69.26312,41.38472]]]}},{"type":"Feature","properties":{"population":2561.801,"density_per_km2":10247.2,"area_km2":0.25},"geometry":{"type":"Polygon","coordinates":[[[69.2691,41.38471],[69.27508,41.3847],[69.27507,41.38019],[69.26909,41.38021],[69.2691,41.38471]]]}},{"type":"Feature","properties":{"population":2912.98,"density_per_km2":11651.92,"area_km2":0.25},"geometry":{"type":"Polygon","coordinates":[[[69.27508,41.3847],[69.28106,41.38468],[69.28105,41.38018],[69.27507,41.38019],[69.27508,41.3847]]]}},{"type":"Feature","properties":{"population":2275.756,"density_per_km2":10350.37,"area_km2":0.219872},"geometry":{"type":"Polygon","coordinates":[[[69.28105,41.38018],[69.28106,41.38468],[69.28214,41.38468],[69.28234,41.38459],[69.28354,41.3842],[69.28509,41.3838],[69.2866,41.38368],[69.28704,41.38367],[69.28702,41.38016],[69.28105,41.38018]]]}},{"type":"Feature","properties":{"population":2163.726,"density_per_km2":10925.3,"area_km2":0.198047},"geometry":{"type":"Polygon","coordinates":[[[69.28702,41.38016],[69.28704,41.38367],[69.28819,41.38364],[69.2899,41.38367],[69.29017,41.38379],[69.29057,41.38378],[69.29061,41.38378],[69.29108,41.38379],[69.29302,41.38381],[69.293,41.38015],[69.28702,41.38016]]]}},{"type":"Feature","properties":{"population":1944.241,"density_per_km2":9442.65,"area_km2":0.2059},"geometry":{"type":"Polygon","coordinates":[[[69.293,41.38015],[69.29302,41.38381],[69.29743,41.38387],[69.299,41.38391],[69.29898,41.38013],[69.293,41.38015]]]}},{"type":"Feature","properties":{"population":1822.807,"density_per_km2":8243.91,"area_km2":0.22111},"geometry":{"type":"Polygon","coordinates":[[[69.29898,41.38013],[69.299,41.38391],[69.30059,41.38395],[69.30183,41.38402],[69.30284,41.38415],[69.30498,41.3845],[69.30496,41.38012],[69.29898,41.38013]]]}},{"type":"Feature","properties":{"population":1900.931,"density_per_km2":7623.83,"area_km2":0.249341},"geometry":{"type":"Polygon","coordinates":[[[69.31094,41.3801],[69.30496,41.38012],[69.30498,41.3845],[69.30506,41.38451],[69.30622,41.38462],[69.31096,41.38461],[69.31094,41.3801]]]}},{"type":"Feature","properties":{"population":2163.953,"density_per_km2":8662.79,"area_km2":0.249799},"geometry":{"type":"Polygon","coordinates":[[[69.31094,41.3801],[69.31096,41.38461],[69.31662,41.38459],[69.31668,41.38457],[69.31694,41.38445],[69.31692,41.38009],[69.31094,41.3801]]]}},{"type":"Feature","properties":{"population":865.228,"density_per_km2":10545.45,"area_km2":0.082048},"geometry":{"type":"Polygon","coordinates":[[[69.31694,41.38445],[69.3173,41.38429],[69.3177,41.38406],[69.31793,41.38387],[69.31836,41.38351],[69.31896,41.38272],[69.31944,41.38143],[69.32003,41.38008],[69.31692,41.38009],[69.31694,41.38445]]]}},{"type":"Feature","properties":{"population":419.526,"density_per_km2":5010.22,"area_km2":0.083734},"geometry":{"type":"Polygon","coordinates":[[[69.21082,41.38483],[69.21133,41.386],[69.21127,41.38669],[69.21172,41.38697],[69.21371,41.38698],[69.21529,41.38729],[69.21528,41.38482],[69.21082,41.38483]]]}},{"type":"Feature","properties":{"population":2400.02,"density_per_km2":11205.83,"area_km2":0.214176},"geometry":{"type":"Polygon","coordinates":[[[69.22126,41.38481],[69.21528,41.38482],[69.21529,41.38729],[69.21574,41.38738],[69.21879,41.38932],[69.22128,41.38932],[69.22126,41.38481]]]}},{"type":"Feature","properties":{"population":2284.301,"density_per_km2":9137.2,"area_km2":0.25},"geometry":{"type":"Polygon","coordinates":[[[69.22128,41.38932],[69.22726,41.38931],[69.22724,41.3848],[69.22126,41.38481],[69.22128,41.38932]]]}},{"type":"Feature","properties":{"population":2247.207,"density_per_km2":8988.83,"area_km2":0.25},"geometry":{"type":"Polygon","coordinates":[[[69.22726,41.38931],[69.23324,41.38929],[69.23322,41.38479],[69.22724,41.3848],[69.22726,41.38931]]]}},{"type":"Feature","properties":{"population":1732.463,"density_per_km2":6929.85,"area_km2":0.25},"geometry":{"type":"Polygon","coordinates":[[[69.23324,41.38929],[69.23922,41.38928],[69.2392,41.38478],[69.23322,41.38479],[69.23324,41.38929]]]}},{"type":"Feature","properties":{"population":1661.485,"density_per_km2":6645.94,"area_km2":0.25},"geometry":{"type":"Polygon","coordinates":[[[69.23922,41.38928],[69.2452,41.38927],[69.24518,41.38476],[69.2392,41.38478],[69.23922,41.38928]]]}},{"type":"Feature","properties":{"population":1867.76,"density_per_km2":7471.04,"area_km2":0.25},"geometry":{"type":"Polygon","coordinates":[[[69.2452,41.38927],[69.25118,41.38926],[69.25116,41.38475],[69.24518,41.38476],[69.2452,41.38927]]]}},{"type":"Feature","properties":{"population":2038.727,"density_per_km2":8154.91,"area_km2":0.25},"geometry":{"type":"Polygon","coordinates":[[[69.25118,41.38926],[69.25716,41.38924],[69.25714,41.38474],[69.25116,41.38475],[69.25118,41.38926]]]}},{"type":"Feature","properties":{"population":1751.429,"density_per_km2":7005.72,"area_km2":0.25},"geometry":{"type":"Polygon","coordinates":[[[69.25716,41.38924],[69.26314,41.38923],[69.26312,41.38472],[69.25714,41.38474],[69.25716,41.38924]]]}},{"type":"Feature","properties":{"population":1936.67,"density_per_km2":7746.68,"area_km2":0.25},"geometry":{"type":"Polygon","coordinates":[[[69.26314,41.38923],[69.26912,41.38921],[69.2691,41.38471],[69.26312,41.38472],[69.26314,41.38923]]]}},{"type":"Feature","properties":{"population":2118.672,"density_per_km2":8482.16,"area_km2":0.24978},"geometry":{"type":"Polygon","coordinates":[[[69.2691,41.38471],[69.26912,41.38921],[69.27483,41.3892],[69.2751,41.38903],[69.27508,41.3847],[69.2691,41.38471]]]}},{"type":"Feature","properties":{"population":1256.884,"density_per_km2":9421.76,"area_km2":0.133402},"geometry":{"type":"Polygon","coordinates":[[[69.27508,41.3847],[69.2751,41.38903],[69.27739,41.38756],[69.27806,41.38711],[69.27954,41.38613],[69.28099,41.38521],[69.28107,41.38517],[69.28106,41.38468],[69.27508,41.3847]]]}},{"type":"Feature","properties":{"population":238.6,"density_per_km2":12895.2,"area_km2":0.018503},"geometry":{"type":"Polygon","coordinates":[[[69.21879,41.38932],[69.22128,41.39092],[69.22128,41.38932],[69.21879,41.38932]]]}},{"type":"Feature","properties":{"population":2129.515,"density_per_km2":11326.77,"area_km2":0.188007},"geometry":{"type":"Polygon","coordinates":[[[69.22726,41.38931],[69.22128,41.38932],[69.22128,41.39092],[69.22151,41.39106],[69.2225,41.39169],[69.22592,41.39381],[69.22728,41.39381],[69.22726,41.38931]]]}},{"type":"Feature","properties":{"population":2299.908,"density_per_km2":9199.63,"area_km2":0.25},"geometry":{"type":"Polygon","coordinates":[[[69.22728,41.39381],[69.23326,41.3938],[69.23324,41.38929],[69.22726,41.38931],[69.22728,41.39381]]]}},{"type":"Feature","properties":{"population":2008.761,"density_per_km2":8035.04,"area_km2":0.25},"geometry":{"type":"Polygon","coordinates":[[[69.23326,41.3938],[69.23924,41.39378],[69.23922,41.38928],[69.23324,41.38929],[69.23326,41.3938]]]}},{"type":"Feature","properties":{"population":1858.237,"density_per_km2":7432.95,"area_km2":0.25},"geometry":{"type":"Polygon","coordinates":[[[69.23924,41.39378],[69.24522,41.39377],[69.2452,41.38927],[69.23922,41.38928],[69.23924,41.39378]]]}},{"type":"Feature","properties":{"population":1977.925,"density_per_km2":7911.7,"area_km2":0.25},"geometry":{"type":"Polygon","coordinates":[[[69.24522,41.39377],[69.2512,41.39376],[69.25118,41.38926],[69.2452,41.38927],[69.24522,41.39377]]]}},{"type":"Feature","properties":{"population":2394.887,"density_per_km2":9579.55,"area_km2":0.25},"geometry":{"type":"Polygon","coordinates":[[[69.2512,41.39376],[69.25718,41.39375],[69.25716,41.38924],[69.25118,41.38926],[69.2512,41.39376]]]}},{"type":"Feature","properties":{"population":1856.766,"density_per_km2":7427.06,"area_km2":0.25},"geometry":{"type":"Polygon","coordinates":[[[69.25718,41.39375],[69.26316,41.39373],[69.26314,41.38923],[69.25716,41.38924],[69.25718,41.39375]]]}},{"type":"Feature","properties":{"population":1878.684,"density_per_km2":7685.84,"area_km2":0.244435},"geometry":{"type":"Polygon","coordinates":[[[69.26314,41.38923],[69.26316,41.39373],[69.26777,41.39372],[69.26914,41.39285],[69.26912,41.38921],[69.26314,41.38923]]]}},{"type":"Feature","properties":{"population":756.421,"density_per_km2":7866.47,"area_km2":0.096158},"geometry":{"type":"Polygon","coordinates":[[[69.26914,41.39285],[69.27483,41.3892],[69.26912,41.38921],[69.26914,41.39285]]]}},{"type":"Feature","properties":{"population":892.425,"density_per_km2":6120.33,"area_km2":0.145813},"geometry":{"type":"Polygon","coordinates":[[[69.22728,41.39381],[69.22728,41.39465],[69.22798,41.39509],[69.22936,41.39597],[69.23246,41.39769],[69.23327,41.39788],[69.23326,41.3938],[69.22728,41.39381]]]}},{"type":"Feature","properties":{"population":1719.462,"density_per_km2":6970.98,"area_km2":0.24666},"geometry":{"type":"Polygon","coordinates":[[[69.23924,41.39378],[69.23326,41.3938],[69.23327,41.39788],[69.23416,41.3981],[69.23505,41.3983],[69.23925,41.39829],[69.23924,41.39378]]]}},{"type":"Feature","properties":{"population":1625.753,"density_per_km2":6503.01,"area_km2":0.25},"geometry":{"type":"Polygon","coordinates":[[[69.23925,41.39829],[69.24524,41.39828],[69.24522,41.39377],[69.23924,41.39378],[69.23925,41.39829]]]}},{"type":"Feature","properties":{"population":1607.22,"density_per_km2":6475.51,"area_km2":0.2482},"geometry":{"type":"Polygon","coordinates":[[[69.24522,41.39377],[69.24524,41.39828],[69.24804,41.39827],[69.25122,41.39814],[69.2512,41.39376],[69.24522,41.39377]]]}},{"type":"Feature","properties":{"population":2082.335,"density_per_km2":8793.09,"area_km2":0.236815},"geometry":{"type":"Polygon","coordinates":[[[69.2512,41.39376],[69.25122,41.39814],[69.25627,41.39794],[69.2572,41.39789],[69.25718,41.39375],[69.2512,41.39376]]]}},{"type":"Feature","properties":{"population":1896.668,"density_per_km2":9358.52,"area_km2":0.202667},"geometry":{"type":"Polygon","coordinates":[[[69.25718,41.39375],[69.2572,41.39789],[69.25773,41.39786],[69.25917,41.39767],[69.26178,41.39713],[69.26317,41.39647],[69.26316,41.39373],[69.25718,41.39375]]]}},{"type":"Feature","properties":{"population":646.37,"density_per_km2":10535.31,"area_km2":0.061353},"geometry":{"type":"Polygon","coordinates":[[[69.26317,41.39647],[69.26397,41.39608],[69.26506,41.39545],[69.26777,41.39372],[69.26316,41.39373],[69.26317,41.39647]]]}},{"type":"Feature","properties":{"population":1271.345,"density_per_km2":16253.83,"area_km2":0.078218},"geometry":{"type":"Polygon","coordinates":[[[69.45461,41.40214],[69.4546,41.40113],[69.45307,41.40062],[69.45223,41.4003],[69.45124,41.40047],[69.45086,41.40047],[69.45015,41.40026],[69.45009,41.40136],[69.44895,41.40109],[69.44862,41.40176],[69.44863,41.40217],[69.45461,41.40214]]]}},{"type":"Feature","properties":{"population":421.774,"density_per_km2":14287.41,"area_km2":0.029521},"geometry":{"type":"Polygon","coordinates":[[[69.45924,41.40212],[69.45803,41.40138],[69.45721,41.40113],[69.45604,41.4016],[69.4546,41.40113],[69.45461,41.40214],[69.45924,41.40212]]]}},{"type":"Feature","properties":{"population":921.198,"density_per_km2":7657.06,"area_km2":0.120307},"geometry":{"type":"Polygon","coordinates":[[[69.44863,41.40217],[69.44835,41.40217],[69.44601,41.40385],[69.44592,41.40394],[69.44497,41.40541],[69.44474,41.4055],[69.44424,41.40606],[69.44368,41.40669],[69.44866,41.40667],[69.44863,41.40217]]]}},{"type":"Feature","properties":{"population":1873.12,"density_per_km2":7492.48,"area_km2":0.25},"geometry":{"type":"Polygon","coordinates":[[[69.44866,41.40667],[69.45464,41.40665],[69.45461,41.40214],[69.44863,41.40217],[69.44866,41.40667]]]}},{"type":"Feature","properties":{"population":1979.011,"density_per_km2":8063.68,"area_km2":0.245423},"geometry":{"type":"Polygon","coordinates":[[[69.45464,41.40665],[69.46062,41.40662],[69.46059,41.4028],[69.45965,41.40238],[69.45924,41.40212],[69.45461,41.40214],[69.45464,41.40665]]]}},{"type":"Feature","properties":{"population":1284.238,"density_per_km2":10193.22,"area_km2":0.125989},"geometry":{"type":"Polygon","coordinates":[[[69.4666,41.4066],[69.4666,41.40541],[69.46575,41.40509],[69.46385,41.4048],[69.46338,41.40459],[69.46163,41.40326],[69.46059,41.4028],[69.46062,41.40662],[69.4666,41.4066]]]}},{"type":"Feature","properties":{"population":182.78,"density_per_km2":11029.7,"area_km2":0.016572},"geometry":{"type":"Polygon","coordinates":[[[69.4695,41.40659],[69.46929,41.40645],[69.4666,41.40541],[69.4666,41.4066],[69.4695,41.40659]]]}},{"type":"Feature","properties":{"population":19.021,"density_per_km2":917.71,"area_km2":0.020726},"geometry":{"type":"Polygon","coordinates":[[[69.44269,41.4086],[69.44203,41.40945],[69.44142,41.41061],[69.44122,41.4112],[69.44271,41.4112],[69.44269,41.4086]]]}},{"type":"Feature","properties":{"population":231.066,"density_per_km2":981.81,"area_km2":0.235347},"geometry":{"type":"Polygon","coordinates":[[[69.44869,41.41117],[69.44866,41.40667],[69.44368,41.40669],[69.44355,41.40683],[69.44418,41.40717],[69.44363,41.40768],[69.44274,41.40853],[69.44269,41.4086],[69.44271,41.4112],[69.44869,41.41117]]]}},{"type":"Feature","properties":{"population":199.79,"density_per_km2":799.16,"area_km2":0.25},"geometry":{"type":"Polygon","coordinates":[[[69.44869,41.41117],[69.45467,41.41115],[69.45464,41.40665],[69.44866,41.40667],[69.44869,41.41117]]]}},{"type":"Feature","properties":{"population":816.157,"density_per_km2":3264.63,"area_km2":0.25},"geometry":{"type":"Polygon","coordinates":[[[69.45467,41.41115],[69.46065,41.41113],[69.46062,41.40662],[69.45464,41.40665],[69.45467,41.41115]]]}},{"type":"Feature","properties":{"population":1314.862,"density_per_km2":6069.22,"area_km2":0.216644},"geometry":{"type":"Polygon","coordinates":[[[69.46062,41.40662],[69.46065,41.41113],[69.46664,41.4111],[69.46663,41.41067],[69.46439,41.40935],[69.46641,41.4076],[69.46661,41.40769],[69.4666,41.4066],[69.46062,41.40662]]]}},{"type":"Feature","properties":{"population":56.369,"density_per_km2":3333.5,"area_km2":0.01691},"geometry":{"type":"MultiPolygon","coordinates":[[[[69.46737,41.4111],[69.46663,41.41067],[69.46664,41.4111],[69.46737,41.4111]]],[[[69.46661,41.40769],[69.46695,41.40784],[69.46783,41.40705],[69.46863,41.40705],[69.46882,41.40676],[69.46912,41.40668],[69.46945,41.40675],[69.46954,41.40662],[69.4695,41.40659],[69.4666,41.4066],[69.46661,41.40769]]]]}},{"type":"Feature","properties":{"population":35.993,"density_per_km2":491.31,"area_km2":0.073259},"geometry":{"type":"Polygon","coordinates":[[[69.44271,41.4112],[69.44122,41.4112],[69.44102,41.41183],[69.44089,41.41272],[69.44084,41.41303],[69.44093,41.41462],[69.4411,41.4154],[69.44121,41.41571],[69.44274,41.4157],[69.44271,41.4112]]]}},{"type":"Feature","properties":{"population":156.108,"density_per_km2":624.43,"area_km2":0.25},"geometry":{"type":"Polygon","coordinates":[[[69.44274,41.4157],[69.44872,41.41568],[69.44869,41.41117],[69.44271,41.4112],[69.44274,41.4157]]]}},{"type":"Feature","properties":{"population":905.166,"density_per_km2":3620.66,"area_km2":0.25},"geometry":{"type":"Polygon","coordinates":[[[69.44872,41.41568],[69.4547,41.41565],[69.45467,41.41115],[69.44869,41.41117],[69.44872,41.41568]]]}},{"type":"Feature","properties":{"population":408.9,"density_per_km2":1635.6,"area_km2":0.25},"geometry":{"type":"Polygon","coordinates":[[[69.4547,41.41565],[69.46069,41.41563],[69.46065,41.41113],[69.45467,41.41115],[69.4547,41.41565]]]}},{"type":"Feature","properties":{"population":277.395,"density_per_km2":1426.59,"area_km2":0.194446},"geometry":{"type":"Polygon","coordinates":[[[69.46065,41.41113],[69.46069,41.41563],[69.46448,41.41561],[69.46482,41.41406],[69.46453,41.4119],[69.46665,41.41322],[69.46664,41.4111],[69.46065,41.41113]]]}},{"type":"Feature","properties":{"population":383.118,"density_per_km2":6393.99,"area_km2":0.059918},"geometry":{"type":"Polygon","coordinates":[[[69.46665,41.41322],[69.46838,41.41429],[69.46932,41.41343],[69.46995,41.41261],[69.46737,41.4111],[69.46664,41.4111],[69.46665,41.41322]]]}},{"type":"Feature","properties":{"population":11.701,"density_per_km2":530.74,"area_km2":0.022047},"geometry":{"type":"Polygon","coordinates":[[[69.44121,41.41571],[69.4414,41.41621],[69.44186,41.41711],[69.4419,41.4173],[69.44229,41.41786],[69.44276,41.41836],[69.44274,41.4157],[69.44121,41.41571]]]}},{"type":"Feature","properties":{"population":0.812,"density_per_km2":3.47,"area_km2":0.233856},"geometry":{"type":"Polygon","coordinates":[[[69.44872,41.41568],[69.44274,41.4157],[69.44276,41.41836],[69.44362,41.41928],[69.44483,41.42018],[69.44485,41.4202],[69.44875,41.42018],[69.44872,41.41568]]]}},{"type":"Feature","properties":{"population":26.715,"density_per_km2":106.86,"area_km2":0.25},"geometry":{"type":"Polygon","coordinates":[[[69.44875,41.42018],[69.45473,41.42016],[69.4547,41.41565],[69.44872,41.41568],[69.44875,41.42018]]]}},{"type":"Feature","properties":{"population":48.221,"density_per_km2":192.9,"area_km2":0.249983},"geometry":{"type":"Polygon","coordinates":[[[69.4547,41.41565],[69.45473,41.42016],[69.46064,41.42013],[69.46072,41.42008],[69.46069,41.41563],[69.4547,41.41565]]]}},{"type":"Feature","properties":{"population":196.383,"density_per_km2":2111.66,"area_km2":0.092999},"geometry":{"type":"Polygon","coordinates":[[[69.46072,41.42008],[69.461,41.41989],[69.46198,41.41909],[69.46199,41.41898],[69.46295,41.41816],[69.4637,41.41702],[69.46446,41.41575],[69.46448,41.41561],[69.46069,41.41563],[69.46072,41.42008]]]}},{"type":"Feature","properties":{"population":8.421,"density_per_km2":227.01,"area_km2":0.037094},"geometry":{"type":"Polygon","coordinates":[[[69.44485,41.4202],[69.44589,41.42086],[69.44668,41.42122],[69.4471,41.42141],[69.44836,41.42186],[69.44876,41.42193],[69.44875,41.42018],[69.44485,41.4202]]]}},{"type":"Feature","properties":{"population":11.139,"density_per_km2":90.55,"area_km2":0.123017},"geometry":{"type":"Polygon","coordinates":[[[69.44875,41.42018],[69.44876,41.42193],[69.44903,41.42198],[69.44989,41.4224],[69.45027,41.42249],[69.45101,41.42239],[69.45241,41.4225],[69.45361,41.42248],[69.45475,41.42232],[69.45473,41.42016],[69.44875,41.42018]]]}},{"type":"Feature","properties":{"population":50.458,"density_per_km2":677.62,"area_km2":0.074464},"geometry":{"type":"Polygon","coordinates":[[[69.45475,41.42232],[69.45541,41.42223],[69.45761,41.42169],[69.45783,41.42162],[69.45822,41.4215],[69.45988,41.42064],[69.46064,41.42013],[69.45473,41.42016],[69.45475,41.42232]]]}}]}
